[pod/gateway-8689985fc9-2czzr/gateway] 2026-10-05T15:49:04.237+00:00 INFO  gateway.quiescing role=api pod=gateway-8689985fc9-2czzr activeRequests=0
[pod/gateway-8689985fc9-2czzr/gateway] 2026-10-05T15:49:04.457+00:00 WARN  http.request requestId=3107b576-6950-4d41-b559-cc492c5a0e3b role=api pod=gateway-8689985fc9-2czzr method=GET path=/readyz status=503 durationMs=0
[pod/gateway-8689985fc9-h82ls/gateway] 2026-10-05T15:49:04.216+00:00 INFO  gateway.quiescing role=api pod=gateway-8689985fc9-h82ls activeRequests=0
[pod/gateway-8689985fc9-h82ls/gateway] 2026-10-05T15:49:04.835+00:00 WARN  http.request requestId=af56984c-4d12-432e-9046-b2b37944703d role=api pod=gateway-8689985fc9-h82ls method=GET path=/readyz status=503 durationMs=0
[pod/gateway-8689985fc9-2czzr/gateway] 2026-10-05T15:49:05.459+00:00 WARN  http.request requestId=b389f028-3f26-468e-a4f6-51526e5ae330 role=api pod=gateway-8689985fc9-2czzr method=GET path=/readyz status=503 durationMs=1
[pod/gateway-8689985fc9-gpd27/gateway] 2026-10-05T15:49:05.608+00:00 INFO  http.request requestId=1c10a3c4-19dd-4d05-a016-d09885121807 role=api pod=gateway-8689985fc9-gpd27 method=POST path=/api/transcriptions status=200 durationMs=711
[pod/gateway-8689985fc9-t5bnw/gateway] 2026-10-05T15:49:05.635+00:00 INFO  http.request requestId=7016ab4b-9098-4da1-9a94-b5ebaba2246f role=api pod=gateway-8689985fc9-t5bnw method=POST path=/api/transcriptions status=200 durationMs=648
[pod/gateway-8689985fc9-2czzr/gateway] 2026-10-05T15:49:05.636+00:00 INFO  http.request requestId=df25df62-d866-4e38-a4d5-2597d07ea285 role=api pod=gateway-8689985fc9-2czzr method=POST path=/api/transcriptions status=200 durationMs=693
[pod/gateway-8689985fc9-t5bnw/gateway] 2026-10-05T15:49:05.687+00:00 INFO  http.request requestId=a8653d48-4408-48cb-a4c2-406ed35aeecd role=api pod=gateway-8689985fc9-t5bnw method=POST path=/api/transcriptions status=200 durationMs=686
[pod/gateway-8689985fc9-t5bnw/gateway] 2026-10-05T15:49:05.702+00:00 INFO  http.request requestId=5ef6646a-ad44-46c6-a402-caf6b4978a1c role=api pod=gateway-8689985fc9-t5bnw method=POST path=/api/transcriptions status=200 durationMs=829
[pod/gateway-8689985fc9-t5bnw/gateway] 2026-10-05T15:49:05.705+00:00 INFO  http.request requestId=4dd9e825-9b60-488b-9a37-73889eb29be6 role=api pod=gateway-8689985fc9-t5bnw method=POST path=/api/transcriptions status=200 durationMs=819
[pod/gateway-8689985fc9-t5bnw/gateway] 2026-10-05T15:49:05.724+00:00 INFO  http.request requestId=79101e99-f584-43c1-b6c7-b87cf32a616d role=api pod=gateway-8689985fc9-t5bnw method=POST path=/api/transcriptions status=200 durationMs=709
[pod/gateway-8689985fc9-t5bnw/gateway] 2026-10-05T15:49:05.737+00:00 INFO  http.request requestId=0ceee71a-fd05-4c12-92aa-7e9f475bbe14 role=api pod=gateway-8689985fc9-t5bnw method=POST path=/api/transcriptions status=200 durationMs=691
[pod/gateway-8689985fc9-gpd27/gateway] 2026-10-05T15:49:05.616+00:00 INFO  http.request requestId=f2583afb-1e04-411c-acf0-4a99720908ee role=api pod=gateway-8689985fc9-gpd27 method=POST path=/api/transcriptions status=200 durationMs=645
[pod/gateway-8689985fc9-gpd27/gateway] 2026-10-05T15:49:05.650+00:00 INFO  http.request requestId=69c2e03d-3605-4a26-a9f8-713661823a15 role=api pod=gateway-8689985fc9-gpd27 method=POST path=/api/transcriptions status=200 durationMs=692
[pod/gateway-8689985fc9-gpd27/gateway] 2026-10-05T15:49:05.698+00:00 INFO  http.request requestId=fa797d42-36e4-4ce0-89af-f2ea9785782e role=api pod=gateway-8689985fc9-gpd27 method=POST path=/api/transcriptions status=200 durationMs=865
[pod/gateway-8689985fc9-gpd27/gateway] 2026-10-05T15:49:05.745+00:00 INFO  http.request requestId=3c88f29d-f27f-4c75-82a6-8458a9391d7d role=api pod=gateway-8689985fc9-gpd27 method=POST path=/api/transcriptions status=200 durationMs=909
[pod/gateway-8689985fc9-gpd27/gateway] 2026-10-05T15:49:05.747+00:00 INFO  http.request requestId=75149f51-1d90-4603-bdea-b69f7ecd47b1 role=api pod=gateway-8689985fc9-gpd27 method=POST path=/api/transcriptions status=200 durationMs=908
[pod/gateway-8689985fc9-2czzr/gateway] 2026-10-05T15:49:05.681+00:00 INFO  http.request requestId=6107627e-6fb6-41a4-94a1-4095cc9b6f67 role=api pod=gateway-8689985fc9-2czzr method=POST path=/api/transcriptions status=200 durationMs=828
[pod/gateway-8689985fc9-2czzr/gateway] 2026-10-05T15:49:05.706+00:00 INFO  http.request requestId=80168caf-0733-47fb-98ee-9c8a314529f3 role=api pod=gateway-8689985fc9-2czzr method=POST path=/api/transcriptions status=200 durationMs=794
[pod/gateway-8689985fc9-gpd27/gateway] 2026-10-05T15:49:05.762+00:00 INFO  http.request requestId=85c2c950-2424-4b26-97f6-e47019c98d85 role=api pod=gateway-8689985fc9-gpd27 method=POST path=/api/transcriptions status=200 durationMs=655
[pod/gateway-8689985fc9-gpd27/gateway] 2026-10-05T15:49:05.798+00:00 INFO  http.request requestId=ccf84cac-1e90-4b94-8877-81bd3ca2396a role=api pod=gateway-8689985fc9-gpd27 method=POST path=/api/transcriptions status=200 durationMs=646
[pod/gateway-8689985fc9-gpd27/gateway] 2026-10-05T15:49:05.819+00:00 INFO  http.request requestId=a7ac4b54-4841-4c2f-a481-3de8295418ce role=api pod=gateway-8689985fc9-gpd27 method=POST path=/api/transcriptions status=200 durationMs=728
[pod/gateway-8689985fc9-h82ls/gateway] 2026-10-05T15:49:05.839+00:00 WARN  http.request requestId=07827758-ba56-4ac9-b75a-6c63f2b0a214 role=api pod=gateway-8689985fc9-h82ls method=GET path=/readyz status=503 durationMs=1
[pod/gateway-8689985fc9-2czzr/gateway] 2026-10-05T15:49:05.819+00:00 INFO  http.request requestId=817f785a-a4a7-4ac0-95da-f0a09168e3c2 role=api pod=gateway-8689985fc9-2czzr method=POST path=/api/transcriptions status=200 durationMs=891
[pod/gateway-8689985fc9-2czzr/gateway] 2026-10-05T15:49:05.832+00:00 INFO  http.request requestId=34f623b5-6879-4002-ab25-36fc6c3bb9d8 role=api pod=gateway-8689985fc9-2czzr method=POST path=/api/transcriptions status=200 durationMs=664
[pod/gateway-8689985fc9-gpd27/gateway] 2026-10-05T15:49:05.881+00:00 INFO  http.request requestId=c3e39e08-9e2f-4d40-b3b9-7089a1c30270 role=api pod=gateway-8689985fc9-gpd27 method=POST path=/api/transcriptions status=200 durationMs=850
[pod/gateway-8689985fc9-gpd27/gateway] 2026-10-05T15:49:05.883+00:00 INFO  http.request requestId=47dd906e-7a03-4d52-8092-a133cc346613 role=api pod=gateway-8689985fc9-gpd27 method=POST path=/api/transcriptions status=200 durationMs=687
[pod/gateway-8689985fc9-t5bnw/gateway] 2026-10-05T15:49:05.898+00:00 INFO  http.request requestId=65068088-154d-4131-af1b-60dcc10fde16 role=api pod=gateway-8689985fc9-t5bnw method=POST path=/api/transcriptions status=200 durationMs=656
[pod/gateway-8689985fc9-gpd27/gateway] 2026-10-05T15:49:05.914+00:00 INFO  http.request requestId=85f2b2f9-2d48-4d4d-a29e-85e4f19d577c role=api pod=gateway-8689985fc9-gpd27 method=POST path=/api/transcriptions status=200 durationMs=852
[pod/gateway-8689985fc9-t5bnw/gateway] 2026-10-05T15:49:05.920+00:00 INFO  http.request requestId=6a21566f-b09b-418e-8998-982452dd0419 role=api pod=gateway-8689985fc9-t5bnw method=POST path=/api/transcriptions status=200 durationMs=844
[pod/gateway-8689985fc9-2czzr/gateway] 2026-10-05T15:49:05.943+00:00 INFO  http.request requestId=ec67e108-b905-42b4-9177-d3f66888d892 role=api pod=gateway-8689985fc9-2czzr method=POST path=/api/transcriptions status=200 durationMs=821
[pod/gateway-8689985fc9-t5bnw/gateway] 2026-10-05T15:49:05.962+00:00 INFO  http.request requestId=c4ed174f-2819-488d-bf3f-28faaaa530f1 role=api pod=gateway-8689985fc9-t5bnw method=POST path=/api/transcriptions status=200 durationMs=616
[pod/gateway-8689985fc9-gpd27/gateway] 2026-10-05T15:49:05.976+00:00 INFO  http.request requestId=591ac195-5a6a-4bdf-8f84-1abc2362e1cf role=api pod=gateway-8689985fc9-gpd27 method=POST path=/api/transcriptions status=200 durationMs=660
[pod/gateway-8689985fc9-2czzr/gateway] 2026-10-05T15:49:06.011+00:00 INFO  http.request requestId=de05e37e-f1a8-4186-964c-877eb8dcfdb0 role=api pod=gateway-8689985fc9-2czzr method=POST path=/api/transcriptions status=200 durationMs=830
[pod/gateway-8689985fc9-gpd27/gateway] 2026-10-05T15:49:06.025+00:00 INFO  http.request requestId=ae9525a3-ecb1-4c03-9df2-5a39830739f2 role=api pod=gateway-8689985fc9-gpd27 method=POST path=/api/transcriptions status=200 durationMs=889
[pod/gateway-8689985fc9-gpd27/gateway] 2026-10-05T15:49:06.037+00:00 INFO  http.request requestId=a0155376-db47-4c27-859a-ce5c9c45e3df role=api pod=gateway-8689985fc9-gpd27 method=POST path=/api/transcriptions status=200 durationMs=705
[pod/gateway-8689985fc9-t5bnw/gateway] 2026-10-05T15:49:06.084+00:00 INFO  http.request requestId=d1f1220f-dbaa-416b-a388-5bc49f774950 role=api pod=gateway-8689985fc9-t5bnw method=POST path=/api/transcriptions status=200 durationMs=813
[pod/gateway-8689985fc9-2czzr/gateway] 2026-10-05T15:49:06.110+00:00 INFO  http.request requestId=2c8a137e-1189-47a5-88ef-53cd7bd2ec11 role=api pod=gateway-8689985fc9-2czzr method=POST path=/api/transcriptions status=200 durationMs=899
[pod/gateway-8689985fc9-gpd27/gateway] 2026-10-05T15:49:06.133+00:00 INFO  http.request requestId=c901fb4c-f16d-4fa0-8ed0-143d23525597 role=api pod=gateway-8689985fc9-gpd27 method=POST path=/api/translations status=200 durationMs=495
[pod/gateway-8689985fc9-t5bnw/gateway] 2026-10-05T15:49:06.134+00:00 INFO  http.request requestId=e637d5a1-6bf1-490c-9cf2-2736f283e901 role=api pod=gateway-8689985fc9-t5bnw method=POST path=/api/transcriptions status=200 durationMs=908
[pod/gateway-8689985fc9-t5bnw/gateway] 2026-10-05T15:49:06.156+00:00 INFO  http.request requestId=5e1020fd-bb37-4f3b-8e4d-3e887f1523ca role=api pod=gateway-8689985fc9-t5bnw method=POST path=/api/translations status=200 durationMs=494
[pod/gateway-8689985fc9-t5bnw/gateway] 2026-10-05T15:49:06.163+00:00 INFO  http.request requestId=4325807c-7403-4a44-9504-a4d393ad5e62 role=api pod=gateway-8689985fc9-t5bnw method=POST path=/api/transcriptions status=200 durationMs=908
[pod/gateway-8689985fc9-gpd27/gateway] 2026-10-05T15:49:06.148+00:00 INFO  http.request requestId=2c32a29c-8fe6-46c2-a89b-833a9653faa1 role=api pod=gateway-8689985fc9-gpd27 method=POST path=/api/transcriptions status=200 durationMs=862
[pod/gateway-8689985fc9-gpd27/gateway] 2026-10-05T15:49:06.169+00:00 INFO  http.request requestId=24315559-9aae-4d23-aace-574fc5ca7034 role=api pod=gateway-8689985fc9-gpd27 method=POST path=/api/translations status=200 durationMs=535
[pod/gateway-8689985fc9-gpd27/gateway] 2026-10-05T15:49:06.192+00:00 INFO  http.request requestId=43febf60-f3b7-4921-999c-c62d0cc9b8ef role=api pod=gateway-8689985fc9-gpd27 method=POST path=/api/transcriptions status=200 durationMs=830
[pod/gateway-8689985fc9-gpd27/gateway] 2026-10-05T15:49:06.204+00:00 INFO  http.request requestId=274b48a1-612c-4685-ab7d-74398a1838d4 role=api pod=gateway-8689985fc9-gpd27 method=POST path=/api/transcriptions status=200 durationMs=743
[pod/gateway-8689985fc9-t5bnw/gateway] 2026-10-05T15:49:06.210+00:00 INFO  http.request requestId=45c39774-8c79-45f3-81ab-7ae8002e054b role=api pod=gateway-8689985fc9-t5bnw method=POST path=/api/translations status=200 durationMs=462
[pod/gateway-8689985fc9-t5bnw/gateway] 2026-10-05T15:49:06.213+00:00 INFO  http.request requestId=3db877b3-14be-49ca-9e43-4922c1767c61 role=api pod=gateway-8689985fc9-t5bnw method=POST path=/api/transcriptions status=200 durationMs=913
[pod/gateway-8689985fc9-gpd27/gateway] 2026-10-05T15:49:06.230+00:00 INFO  http.request requestId=88bda268-08de-458e-a23c-bf2bc1d555d5 role=api pod=gateway-8689985fc9-gpd27 method=POST path=/api/translations status=200 durationMs=479
[pod/gateway-8689985fc9-t5bnw/gateway] 2026-10-05T15:49:06.238+00:00 INFO  http.request requestId=053b0359-e25e-420b-bf1b-308caee05a23 role=api pod=gateway-8689985fc9-t5bnw method=POST path=/api/translations status=200 durationMs=577
[pod/gateway-8689985fc9-t5bnw/gateway] 2026-10-05T15:49:06.250+00:00 INFO  http.request requestId=ad3150b2-ae1b-43b8-be8d-58777609f5b1 role=api pod=gateway-8689985fc9-t5bnw method=POST path=/api/translations status=200 durationMs=591
[pod/gateway-8689985fc9-t5bnw/gateway] 2026-10-05T15:49:06.262+00:00 INFO  http.request requestId=15effe78-d9da-475d-9b38-2c06d1301d6f role=api pod=gateway-8689985fc9-t5bnw method=POST path=/api/transcriptions status=200 durationMs=825
[pod/gateway-8689985fc9-t5bnw/gateway] 2026-10-05T15:49:06.283+00:00 INFO  http.request requestId=c1b7f3b5-248a-4d13-af47-d15eddee4b20 role=api pod=gateway-8689985fc9-t5bnw method=POST path=/api/translations status=200 durationMs=541
[pod/gateway-8689985fc9-gpd27/gateway] 2026-10-05T15:49:06.264+00:00 INFO  http.request requestId=3ca71633-009a-4c52-b4ee-e5338b0a8eb2 role=api pod=gateway-8689985fc9-gpd27 method=POST path=/api/transcriptions status=200 durationMs=796
[pod/gateway-8689985fc9-gpd27/gateway] 2026-10-05T15:49:06.265+00:00 INFO  http.request requestId=c3804f8b-d89b-41d6-8422-123d8fdeabd1 role=api pod=gateway-8689985fc9-gpd27 method=POST path=/api/translations status=200 durationMs=526
[pod/gateway-8689985fc9-gpd27/gateway] 2026-10-05T15:49:06.268+00:00 INFO  http.request requestId=e7d84f32-38aa-4e39-9b19-7f6440605294 role=api pod=gateway-8689985fc9-gpd27 method=POST path=/api/transcriptions status=200 durationMs=891
[pod/gateway-8689985fc9-gpd27/gateway] 2026-10-05T15:49:06.284+00:00 INFO  http.request requestId=40bb09fc-c7d1-4577-b5a7-d12a0ae8b705 role=api pod=gateway-8689985fc9-gpd27 method=POST path=/api/transcriptions status=200 durationMs=770
[pod/gateway-8689985fc9-gpd27/gateway] 2026-10-05T15:49:06.292+00:00 INFO  http.request requestId=800d974f-28a5-42f0-98fb-c916673b3c94 role=api pod=gateway-8689985fc9-gpd27 method=POST path=/api/transcriptions status=200 durationMs=663
[pod/gateway-8689985fc9-gpd27/gateway] 2026-10-05T15:49:06.294+00:00 INFO  http.request requestId=72fec654-bdec-4b65-8505-9e1640fc2266 role=api pod=gateway-8689985fc9-gpd27 method=POST path=/api/translations status=200 durationMs=472
[pod/gateway-8689985fc9-gpd27/gateway] 2026-10-05T15:49:06.297+00:00 INFO  http.request requestId=fe7f7fb5-415f-4267-bb67-a21980cfd3a0 role=api pod=gateway-8689985fc9-gpd27 method=POST path=/api/translations status=200 durationMs=463
[pod/gateway-8689985fc9-t5bnw/gateway] 2026-10-05T15:49:06.291+00:00 INFO  http.request requestId=46429002-4bb8-471a-836b-5d61cba5c674 role=api pod=gateway-8689985fc9-t5bnw method=POST path=/api/translations status=200 durationMs=552
[pod/gateway-8689985fc9-t5bnw/gateway] 2026-10-05T15:49:06.294+00:00 INFO  http.request requestId=5a8be4f4-b74d-472c-b24c-999ec3a500a0 role=api pod=gateway-8689985fc9-t5bnw method=POST path=/api/translations status=200 durationMs=584
[pod/gateway-8689985fc9-t5bnw/gateway] 2026-10-05T15:49:06.300+00:00 INFO  http.request requestId=7ef49a40-3e39-4b07-a0f2-7816bb2e051f role=api pod=gateway-8689985fc9-t5bnw method=POST path=/api/translations status=200 durationMs=559
[pod/gateway-8689985fc9-t5bnw/gateway] 2026-10-05T15:49:06.302+00:00 INFO  http.request requestId=713de14f-adf3-42c0-a319-b753e71f0eb3 role=api pod=gateway-8689985fc9-t5bnw method=POST path=/api/transcriptions status=200 durationMs=895
[pod/gateway-8689985fc9-t5bnw/gateway] 2026-10-05T15:49:06.311+00:00 INFO  http.request requestId=44ee34cd-e9e8-4a24-9e75-9f3bbe5c669f role=api pod=gateway-8689985fc9-t5bnw method=POST path=/api/translations status=200 durationMs=605
[pod/gateway-8689985fc9-gpd27/gateway] 2026-10-05T15:49:06.313+00:00 INFO  http.request requestId=ecf476b8-f37a-4528-9cea-7b941a66a9b8 role=api pod=gateway-8689985fc9-gpd27 method=POST path=/api/transcriptions status=200 durationMs=919
[pod/gateway-8689985fc9-gpd27/gateway] 2026-10-05T15:49:06.313+00:00 INFO  http.request requestId=84d0b25d-a40e-4308-8460-8d8671eab560 role=api pod=gateway-8689985fc9-gpd27 method=POST path=/api/transcriptions status=200 durationMs=892
[pod/gateway-8689985fc9-gpd27/gateway] 2026-10-05T15:49:06.341+00:00 INFO  http.request requestId=6b0d7ae5-055d-4497-8cd2-f927d5b346b6 role=api pod=gateway-8689985fc9-gpd27 method=POST path=/api/translations status=200 durationMs=443
[pod/gateway-8689985fc9-t5bnw/gateway] 2026-10-05T15:49:06.354+00:00 INFO  http.request requestId=fe6f0ec5-e526-42c3-b62a-70f10fd90af1 role=api pod=gateway-8689985fc9-t5bnw method=POST path=/api/translations status=200 durationMs=617
[pod/gateway-8689985fc9-t5bnw/gateway] 2026-10-05T15:49:06.362+00:00 INFO  http.request requestId=f9ede7bd-d53b-4a51-8fff-64fe1f73a72f role=api pod=gateway-8689985fc9-t5bnw method=POST path=/api/translations status=200 durationMs=562
[pod/gateway-8689985fc9-t5bnw/gateway] 2026-10-05T15:49:06.362+00:00 INFO  http.request requestId=0828e844-9de8-47be-86b0-d7b3da51361e role=api pod=gateway-8689985fc9-t5bnw method=POST path=/api/translations status=200 durationMs=587
[pod/gateway-8689985fc9-t5bnw/gateway] 2026-10-05T15:49:06.391+00:00 INFO  http.request requestId=1aed7384-3ead-47c1-bd5a-4cd12471fc71 role=api pod=gateway-8689985fc9-t5bnw method=POST path=/api/transcriptions status=200 durationMs=787
[pod/gateway-8689985fc9-t5bnw/gateway] 2026-10-05T15:49:06.399+00:00 INFO  http.request requestId=00c9fbbb-4b77-4b54-85df-28d5c51674ea role=api pod=gateway-8689985fc9-t5bnw method=POST path=/api/translations status=200 durationMs=655
[pod/gateway-8689985fc9-gpd27/gateway] 2026-10-05T15:49:06.360+00:00 INFO  http.request requestId=f13e77cd-c257-4f2a-9c98-924f676a8931 role=api pod=gateway-8689985fc9-gpd27 method=POST path=/api/transcriptions status=200 durationMs=723
[pod/gateway-8689985fc9-gpd27/gateway] 2026-10-05T15:49:06.375+00:00 INFO  http.request requestId=a30d9c6c-351d-46cb-9a48-c3090ee6f1d0 role=api pod=gateway-8689985fc9-gpd27 method=POST path=/api/transcriptions status=200 durationMs=752
[pod/gateway-8689985fc9-gpd27/gateway] 2026-10-05T15:49:06.411+00:00 INFO  http.request requestId=7db8a9ed-3b1e-4dd0-bfae-2702d6adc567 role=api pod=gateway-8689985fc9-gpd27 method=POST path=/api/transcriptions status=200 durationMs=781
[pod/gateway-8689985fc9-gpd27/gateway] 2026-10-05T15:49:06.412+00:00 INFO  http.request requestId=5d9cf204-f4a9-4259-a1e4-6ceff4a29315 role=api pod=gateway-8689985fc9-gpd27 method=POST path=/api/transcriptions status=200 durationMs=909
[pod/gateway-8689985fc9-gpd27/gateway] 2026-10-05T15:49:06.424+00:00 INFO  http.request requestId=6a44de0d-71a7-4c29-908a-6b59f5e49e3d role=api pod=gateway-8689985fc9-gpd27 method=POST path=/api/translations status=200 durationMs=478
[pod/gateway-8689985fc9-2czzr/gateway] 2026-10-05T15:49:06.459+00:00 WARN  http.request requestId=89c5d997-4f0e-4b4e-8bcb-ac3832f09d8b role=api pod=gateway-8689985fc9-2czzr method=GET path=/readyz status=503 durationMs=1
[pod/gateway-8689985fc9-t5bnw/gateway] 2026-10-05T15:49:06.425+00:00 INFO  http.request requestId=7a03875f-1d62-4c3f-a87c-ebc4040b201d role=api pod=gateway-8689985fc9-t5bnw method=POST path=/api/translations status=200 durationMs=604
[pod/gateway-8689985fc9-t5bnw/gateway] 2026-10-05T15:49:06.435+00:00 INFO  http.request requestId=82e38bb0-d4f6-48df-bc6e-4cefb8f034bd role=api pod=gateway-8689985fc9-t5bnw method=POST path=/api/translations status=200 durationMs=421
[pod/gateway-8689985fc9-t5bnw/gateway] 2026-10-05T15:49:06.457+00:00 INFO  http.request requestId=4511e729-6951-43bf-899c-9ecdf16db474 role=api pod=gateway-8689985fc9-t5bnw method=POST path=/api/transcriptions status=200 durationMs=660
[pod/gateway-8689985fc9-t5bnw/gateway] 2026-10-05T15:49:06.457+00:00 INFO  http.request requestId=07bae90c-16b7-4f98-8b35-981e40e06ebf role=api pod=gateway-8689985fc9-t5bnw method=POST path=/api/transcriptions status=200 durationMs=845
[pod/gateway-8689985fc9-gpd27/gateway] 2026-10-05T15:49:06.443+00:00 INFO  http.request requestId=09386fe7-eb95-4688-94ca-a4a24a9856fa role=api pod=gateway-8689985fc9-gpd27 method=POST path=/api/transcriptions status=200 durationMs=820
[pod/gateway-8689985fc9-gpd27/gateway] 2026-10-05T15:49:06.443+00:00 INFO  http.request requestId=e14ab8ee-b54d-41e7-91b0-e764bd850928 role=api pod=gateway-8689985fc9-gpd27 method=POST path=/api/translations status=200 durationMs=479
[pod/gateway-8689985fc9-gpd27/gateway] 2026-10-05T15:49:06.445+00:00 INFO  http.request requestId=1ccb8599-69fc-4ca3-b575-41b990a378c3 role=api pod=gateway-8689985fc9-gpd27 method=POST path=/api/translations status=200 durationMs=557
[pod/gateway-8689985fc9-gpd27/gateway] 2026-10-05T15:49:06.448+00:00 INFO  http.request requestId=0f08bbf0-dd71-45a5-bcac-96d477ac25a5 role=api pod=gateway-8689985fc9-gpd27 method=POST path=/api/transcriptions status=200 durationMs=663
[pod/gateway-8689985fc9-gpd27/gateway] 2026-10-05T15:49:06.465+00:00 INFO  http.request requestId=abe51f0c-1f5e-4e5f-a8d7-4c16e44f82c8 role=api pod=gateway-8689985fc9-gpd27 method=POST path=/api/transcriptions status=200 durationMs=937
[pod/gateway-8689985fc9-gpd27/gateway] 2026-10-05T15:49:06.480+00:00 INFO  http.request requestId=cdd3e02d-f835-4b04-8c58-882759a2fe24 role=api pod=gateway-8689985fc9-gpd27 method=POST path=/api/translations status=200 durationMs=555
[pod/gateway-8689985fc9-gpd27/gateway] 2026-10-05T15:49:06.494+00:00 INFO  http.request requestId=bfecfc79-5ad9-4a92-b1b6-42711164821c role=api pod=gateway-8689985fc9-gpd27 method=POST path=/api/transcriptions status=200 durationMs=1006
[pod/gateway-8689985fc9-gpd27/gateway] 2026-10-05T15:49:06.494+00:00 INFO  http.request requestId=d1572c43-846d-49cc-b439-2067df39999d role=api pod=gateway-8689985fc9-gpd27 method=POST path=/api/transcriptions status=200 durationMs=828
[pod/gateway-8689985fc9-gpd27/gateway] 2026-10-05T15:49:06.501+00:00 INFO  http.request requestId=141cf2b1-721c-40ef-8cd4-c46e490ded40 role=api pod=gateway-8689985fc9-gpd27 method=POST path=/api/translations status=200 durationMs=582
[pod/gateway-8689985fc9-t5bnw/gateway] 2026-10-05T15:49:06.467+00:00 INFO  http.request requestId=301cb8ca-9c07-44b4-a391-ad21c8544386 role=api pod=gateway-8689985fc9-t5bnw method=POST path=/api/translations status=200 durationMs=579
[pod/gateway-8689985fc9-t5bnw/gateway] 2026-10-05T15:49:06.470+00:00 INFO  http.request requestId=f3d171a0-14ee-4a49-83f0-60c4a2bf5e1b role=api pod=gateway-8689985fc9-t5bnw method=POST path=/api/translations status=200 durationMs=429
[pod/gateway-8689985fc9-t5bnw/gateway] 2026-10-05T15:49:06.520+00:00 INFO  http.request requestId=52a619fe-0667-45ed-aa06-56ef7193e37b role=api pod=gateway-8689985fc9-t5bnw method=POST path=/api/translations status=200 durationMs=541
[pod/gateway-8689985fc9-t5bnw/gateway] 2026-10-05T15:49:06.525+00:00 INFO  http.request requestId=31011149-0393-4c60-9324-3c0ee72e78e8 role=api pod=gateway-8689985fc9-t5bnw method=POST path=/api/transcriptions status=200 durationMs=699
[pod/gateway-8689985fc9-gpd27/gateway] 2026-10-05T15:49:06.569+00:00 INFO  http.request requestId=cc10b148-b38c-4c45-b24d-4da8cafea1a8 role=api pod=gateway-8689985fc9-gpd27 method=POST path=/api/transcriptions status=200 durationMs=905
[pod/gateway-8689985fc9-gpd27/gateway] 2026-10-05T15:49:06.570+00:00 INFO  http.request requestId=f9f5a8be-d644-45af-a4a0-3f9f24184d4a role=api pod=gateway-8689985fc9-gpd27 method=POST path=/api/transcriptions status=200 durationMs=870
[pod/gateway-8689985fc9-gpd27/gateway] 2026-10-05T15:49:06.578+00:00 INFO  http.request requestId=50d467b8-e3dd-47ad-b64a-34588d8fc4f9 role=api pod=gateway-8689985fc9-gpd27 method=POST path=/api/translations status=200 durationMs=550
[pod/gateway-8689985fc9-t5bnw/gateway] 2026-10-05T15:49:06.549+00:00 INFO  http.request requestId=53af0c3e-c8ce-427b-9365-73afbe2fbbc6 role=api pod=gateway-8689985fc9-t5bnw method=POST path=/api/transcriptions status=200 durationMs=843
[pod/gateway-8689985fc9-t5bnw/gateway] 2026-10-05T15:49:06.549+00:00 INFO  http.request requestId=68343748-6115-4583-870f-22ef9a0d54a1 role=api pod=gateway-8689985fc9-t5bnw method=POST path=/api/transcriptions status=200 durationMs=678
[pod/gateway-8689985fc9-t5bnw/gateway] 2026-10-05T15:49:06.552+00:00 INFO  http.request requestId=4c506668-bcdb-4a09-821f-a8722e2f3873 role=api pod=gateway-8689985fc9-t5bnw method=POST path=/api/transcriptions status=200 durationMs=648
[pod/gateway-8689985fc9-t5bnw/gateway] 2026-10-05T15:49:06.567+00:00 INFO  http.request requestId=003c31d0-cd16-43f0-9cc9-73ef288bae71 role=api pod=gateway-8689985fc9-t5bnw method=POST path=/api/translations status=200 durationMs=481
[pod/gateway-8689985fc9-t5bnw/gateway] 2026-10-05T15:49:06.571+00:00 INFO  http.request requestId=3bfc70db-b14c-47b5-a937-8978d6b2dfd2 role=api pod=gateway-8689985fc9-t5bnw method=POST path=/api/transcriptions status=200 durationMs=641
[pod/gateway-8689985fc9-t5bnw/gateway] 2026-10-05T15:49:06.572+00:00 INFO  http.request requestId=dd759029-d211-451f-af22-bd0928bcdfe9 role=api pod=gateway-8689985fc9-t5bnw method=POST path=/api/transcriptions status=200 durationMs=825
[pod/gateway-8689985fc9-gpd27/gateway] 2026-10-05T15:49:06.606+00:00 INFO  http.request requestId=12a8ae85-1069-4831-aab6-af80b7e517f5 role=api pod=gateway-8689985fc9-gpd27 method=POST path=/api/translations status=200 durationMs=472
[pod/gateway-8689985fc9-gpd27/gateway] 2026-10-05T15:49:06.642+00:00 INFO  http.request requestId=efc7459f-5403-4291-8b8e-6e588f8e5d07 role=api pod=gateway-8689985fc9-gpd27 method=POST path=/api/transcriptions status=200 durationMs=868
[pod/gateway-8689985fc9-gpd27/gateway] 2026-10-05T15:49:06.645+00:00 INFO  http.request requestId=786c68a6-36ca-4925-bd62-f5d630d29024 role=api pod=gateway-8689985fc9-gpd27 method=POST path=/api/transcriptions status=200 durationMs=835
[pod/gateway-8689985fc9-gpd27/gateway] 2026-10-05T15:49:06.660+00:00 INFO  http.request requestId=9c152f94-a6f0-4531-a4b2-a5def3d60649 role=api pod=gateway-8689985fc9-gpd27 method=POST path=/api/transcriptions status=200 durationMs=671
[pod/gateway-8689985fc9-gpd27/gateway] 2026-10-05T15:49:06.662+00:00 INFO  http.request requestId=81c1bb4f-ebdd-4c11-853b-1e73549017fd role=api pod=gateway-8689985fc9-gpd27 method=POST path=/api/transcriptions status=200 durationMs=931
[pod/gateway-8689985fc9-t5bnw/gateway] 2026-10-05T15:49:06.638+00:00 INFO  http.request requestId=d568f844-14ee-4fbc-a578-26490445cc5a role=api pod=gateway-8689985fc9-t5bnw method=POST path=/api/translations status=200 durationMs=443
[pod/gateway-8689985fc9-t5bnw/gateway] 2026-10-05T15:49:06.642+00:00 INFO  http.request requestId=d77b66ca-d006-44b5-9a27-da2009ace82a role=api pod=gateway-8689985fc9-t5bnw method=POST path=/api/translations status=200 durationMs=427
[pod/gateway-8689985fc9-t5bnw/gateway] 2026-10-05T15:49:06.651+00:00 INFO  http.request requestId=889350af-d3d9-4375-9eff-6aec357985bb role=api pod=gateway-8689985fc9-t5bnw method=POST path=/api/transcriptions status=200 durationMs=913
[pod/gateway-8689985fc9-t5bnw/gateway] 2026-10-05T15:49:06.660+00:00 INFO  http.request requestId=b73b101d-54ea-4565-a0cc-404f68c3a63a role=api pod=gateway-8689985fc9-t5bnw method=POST path=/api/translations status=200 durationMs=510
[pod/gateway-8689985fc9-t5bnw/gateway] 2026-10-05T15:49:06.673+00:00 INFO  http.request requestId=92d8b420-21a1-43be-be89-a48d6c764560 role=api pod=gateway-8689985fc9-t5bnw method=POST path=/api/transcriptions status=200 durationMs=832
[pod/gateway-8689985fc9-t5bnw/gateway] 2026-10-05T15:49:06.684+00:00 INFO  http.request requestId=50d11699-6a79-43f6-8764-7b4a65bd37b5 role=api pod=gateway-8689985fc9-t5bnw method=POST path=/api/translations status=200 durationMs=421
[pod/gateway-8689985fc9-gpd27/gateway] 2026-10-05T15:49:06.678+00:00 INFO  http.request requestId=073bfb8d-4cfd-4e82-af0d-43eaf1e7d387 role=api pod=gateway-8689985fc9-gpd27 method=POST path=/api/translations status=200 durationMs=565
[pod/gateway-8689985fc9-gpd27/gateway] 2026-10-05T15:49:06.683+00:00 INFO  http.request requestId=af251a76-1e24-4945-8e13-79be3dc7af29 role=api pod=gateway-8689985fc9-gpd27 method=POST path=/api/transcriptions status=200 durationMs=930
[pod/gateway-8689985fc9-gpd27/gateway] 2026-10-05T15:49:06.693+00:00 INFO  http.request requestId=5f7a8182-3990-4b37-b898-7ff447b4d4e7 role=api pod=gateway-8689985fc9-gpd27 method=POST path=/api/transcriptions status=200 durationMs=807
[pod/gateway-8689985fc9-gpd27/gateway] 2026-10-05T15:49:06.705+00:00 INFO  http.request requestId=137824b4-9246-44ae-b4aa-4af40d997cec role=api pod=gateway-8689985fc9-gpd27 method=POST path=/api/transcriptions status=200 durationMs=847
[pod/gateway-8689985fc9-gpd27/gateway] 2026-10-05T15:49:06.706+00:00 INFO  http.request requestId=097707f2-13e8-4450-8db5-011df6d24fc7 role=api pod=gateway-8689985fc9-gpd27 method=POST path=/api/translations status=200 durationMs=437
[pod/gateway-8689985fc9-t5bnw/gateway] 2026-10-05T15:49:06.742+00:00 INFO  http.request requestId=c299731b-044e-43ad-b217-948744d619ec role=api pod=gateway-8689985fc9-t5bnw method=POST path=/api/transcriptions status=200 durationMs=721
[pod/gateway-8689985fc9-gpd27/gateway] 2026-10-05T15:49:06.735+00:00 INFO  http.request requestId=922d8b87-d887-4369-8349-814771bfd8e9 role=api pod=gateway-8689985fc9-gpd27 method=POST path=/api/transcriptions status=200 durationMs=818
[pod/gateway-8689985fc9-t5bnw/gateway] 2026-10-05T15:49:06.748+00:00 INFO  http.request requestId=b7938aff-0c87-4711-9c31-3537d43f8c81 role=api pod=gateway-8689985fc9-t5bnw method=POST path=/api/transcriptions status=200 durationMs=802
[pod/gateway-8689985fc9-gpd27/gateway] 2026-10-05T15:49:06.766+00:00 INFO  http.request requestId=690ca8b1-c295-4f7e-a541-26960092e980 role=api pod=gateway-8689985fc9-gpd27 method=POST path=/api/translations status=200 durationMs=480
[pod/gateway-8689985fc9-t5bnw/gateway] 2026-10-05T15:49:06.777+00:00 INFO  http.request requestId=fa18416c-a655-4539-8452-dc2512dee6af role=api pod=gateway-8689985fc9-t5bnw method=POST path=/api/transcriptions status=200 durationMs=636
[pod/gateway-8689985fc9-t5bnw/gateway] 2026-10-05T15:49:06.777+00:00 INFO  http.request requestId=1396c362-fed8-4959-9efb-58ad636075c5 role=api pod=gateway-8689985fc9-t5bnw method=POST path=/api/translations status=200 durationMs=613
[pod/gateway-8689985fc9-t5bnw/gateway] 2026-10-05T15:49:06.784+00:00 INFO  http.request requestId=25dfe09b-b5b3-4798-a419-7a3226d7f724 role=api pod=gateway-8689985fc9-t5bnw method=POST path=/api/translations status=200 durationMs=480
[pod/gateway-8689985fc9-t5bnw/gateway] 2026-10-05T15:49:06.810+00:00 INFO  http.request requestId=7bd1fd8e-219f-43ee-b505-37c97a0b273d role=api pod=gateway-8689985fc9-t5bnw method=POST path=/api/translations status=200 durationMs=603
[pod/gateway-8689985fc9-gpd27/gateway] 2026-10-05T15:49:06.784+00:00 INFO  http.request requestId=efba3a92-9961-42c1-ba04-f23c8ccdd77a role=api pod=gateway-8689985fc9-gpd27 method=POST path=/api/transcriptions status=200 durationMs=659
[pod/gateway-8689985fc9-gpd27/gateway] 2026-10-05T15:49:06.789+00:00 INFO  http.request requestId=6a4cfc99-7855-4ed8-8ba6-8c5e4a3070f1 role=api pod=gateway-8689985fc9-gpd27 method=POST path=/api/transcriptions status=200 durationMs=828
[pod/gateway-8689985fc9-gpd27/gateway] 2026-10-05T15:49:06.791+00:00 INFO  http.request requestId=f0d12d40-0b7b-4309-b9ca-79a639bb8a41 role=api pod=gateway-8689985fc9-gpd27 method=POST path=/api/transcriptions status=200 durationMs=756
[pod/gateway-8689985fc9-gpd27/gateway] 2026-10-05T15:49:06.814+00:00 INFO  http.request requestId=43346d30-ba2c-43f8-b704-1188016f0313 role=api pod=gateway-8689985fc9-gpd27 method=POST path=/api/transcriptions status=200 durationMs=702
[pod/gateway-8689985fc9-gpd27/gateway] 2026-10-05T15:49:06.819+00:00 INFO  http.request requestId=aa703d93-7d50-4a0f-ac11-12029fed99b8 role=api pod=gateway-8689985fc9-gpd27 method=POST path=/api/translations status=200 durationMs=503
[pod/gateway-8689985fc9-h82ls/gateway] 2026-10-05T15:49:06.835+00:00 WARN  http.request requestId=de7e655c-1b17-4ab2-a3ec-ab6f0d8bcb8e role=api pod=gateway-8689985fc9-h82ls method=GET path=/readyz status=503 durationMs=0
[pod/gateway-8689985fc9-t5bnw/gateway] 2026-10-05T15:49:06.826+00:00 INFO  http.request requestId=eb7b3aac-0c34-436b-9931-70bf7bcb9225 role=api pod=gateway-8689985fc9-t5bnw method=POST path=/api/translations status=200 durationMs=511
[pod/gateway-8689985fc9-t5bnw/gateway] 2026-10-05T15:49:06.828+00:00 INFO  http.request requestId=4b6494d0-1b43-4a9e-bd76-a6a8112feda8 role=api pod=gateway-8689985fc9-t5bnw method=POST path=/api/translations status=200 durationMs=562
[pod/gateway-8689985fc9-t5bnw/gateway] 2026-10-05T15:49:06.838+00:00 INFO  http.request requestId=60058b56-87d5-4dd1-aaf8-205d2c511373 role=api pod=gateway-8689985fc9-t5bnw method=POST path=/api/translations status=200 durationMs=425
[pod/gateway-8689985fc9-t5bnw/gateway] 2026-10-05T15:49:06.854+00:00 INFO  http.request requestId=2657e0a9-ada3-4cf0-9e21-3e99d332751b role=api pod=gateway-8689985fc9-t5bnw method=POST path=/api/transcriptions status=200 durationMs=684
[pod/gateway-8689985fc9-t5bnw/gateway] 2026-10-05T15:49:06.865+00:00 INFO  http.request requestId=574a0460-cf9c-47fd-b1d4-61a644b9e534 role=api pod=gateway-8689985fc9-t5bnw method=POST path=/api/transcriptions status=200 durationMs=888
[pod/gateway-8689985fc9-gpd27/gateway] 2026-10-05T15:49:06.874+00:00 INFO  http.request requestId=2b64c76d-4e0b-4b70-8d6d-181a4d07fbc1 role=api pod=gateway-8689985fc9-gpd27 method=POST path=/api/translations status=200 durationMs=578
[pod/gateway-8689985fc9-t5bnw/gateway] 2026-10-05T15:49:06.879+00:00 INFO  http.request requestId=81b13be6-099c-48e8-a62a-ba21ae796745 role=api pod=gateway-8689985fc9-t5bnw method=POST path=/api/translations status=200 durationMs=504
[pod/gateway-8689985fc9-t5bnw/gateway] 2026-10-05T15:49:06.886+00:00 INFO  http.request requestId=b74cd1c2-ee1c-4b3f-b6e7-6a61e7d8e5cb role=api pod=gateway-8689985fc9-t5bnw method=POST path=/api/translations status=200 durationMs=524
[pod/gateway-8689985fc9-t5bnw/gateway] 2026-10-05T15:49:06.892+00:00 INFO  http.request requestId=ef591af6-b210-42a0-b7a2-da7b79584af8 role=api pod=gateway-8689985fc9-t5bnw method=POST path=/api/translations status=200 durationMs=432
[pod/gateway-8689985fc9-gpd27/gateway] 2026-10-05T15:49:06.885+00:00 INFO  http.request requestId=b057525b-39ba-492d-843d-4d84386855be role=api pod=gateway-8689985fc9-gpd27 method=POST path=/api/transcriptions status=200 durationMs=835
[pod/gateway-8689985fc9-gpd27/gateway] 2026-10-05T15:49:06.899+00:00 INFO  http.request requestId=2003fbe7-ebbb-41f8-acae-fbf2b01bdbbf role=api pod=gateway-8689985fc9-gpd27 method=POST path=/api/transcriptions status=200 durationMs=890
[pod/gateway-8689985fc9-gpd27/gateway] 2026-10-05T15:49:06.908+00:00 INFO  http.request requestId=85a210e0-5d7f-4c05-a06b-d5caf69166e1 role=api pod=gateway-8689985fc9-gpd27 method=POST path=/api/translations status=200 durationMs=495
[pod/gateway-8689985fc9-t5bnw/gateway] 2026-10-05T15:49:06.904+00:00 INFO  http.request requestId=e04b041e-0aaa-4215-ae76-fc9f7312754b role=api pod=gateway-8689985fc9-t5bnw method=POST path=/api/transcriptions status=200 durationMs=821
[pod/gateway-8689985fc9-gpd27/gateway] 2026-10-05T15:49:06.924+00:00 INFO  http.request requestId=8b6b0deb-6301-4f7b-af48-c6a58bac4452 role=api pod=gateway-8689985fc9-gpd27 method=POST path=/api/transcriptions status=200 durationMs=649
[pod/gateway-8689985fc9-gpd27/gateway] 2026-10-05T15:49:06.928+00:00 INFO  http.request requestId=df02f089-3f40-4b0f-90a1-2f04556a40ee role=api pod=gateway-8689985fc9-gpd27 method=POST path=/api/transcriptions status=200 durationMs=861
[pod/gateway-8689985fc9-t5bnw/gateway] 2026-10-05T15:49:06.934+00:00 INFO  http.request requestId=025c3a3e-dd5f-46d9-914e-be2f32f855be role=api pod=gateway-8689985fc9-t5bnw method=POST path=/api/transcriptions status=200 durationMs=838
[pod/gateway-8689985fc9-t5bnw/gateway] 2026-10-05T15:49:06.944+00:00 INFO  http.request requestId=a93c3926-b0d6-491e-8f04-5caa9682d42c role=api pod=gateway-8689985fc9-t5bnw method=POST path=/api/translations status=200 durationMs=493
[pod/gateway-8689985fc9-gpd27/gateway] 2026-10-05T15:49:06.947+00:00 INFO  http.request requestId=aed5b0e5-c3a8-4783-a14e-1cfc6818c82c role=api pod=gateway-8689985fc9-gpd27 method=POST path=/api/transcriptions status=200 durationMs=628
[pod/gateway-8689985fc9-gpd27/gateway] 2026-10-05T15:49:06.956+00:00 INFO  http.request requestId=8e33e221-1da2-475b-ac0e-9f7f24d8e303 role=api pod=gateway-8689985fc9-gpd27 method=POST path=/api/translations status=200 durationMs=460
[pod/gateway-8689985fc9-t5bnw/gateway] 2026-10-05T15:49:06.964+00:00 INFO  http.request requestId=9a0b2bc0-f29a-4120-8a6f-80d365ab18f9 role=api pod=gateway-8689985fc9-t5bnw method=POST path=/api/translations status=200 durationMs=572
[pod/gateway-8689985fc9-gpd27/gateway] 2026-10-05T15:49:06.967+00:00 INFO  http.request requestId=ed9d0039-f5cb-4e37-81a9-2fb851ddf6f4 role=api pod=gateway-8689985fc9-gpd27 method=POST path=/api/transcriptions status=200 durationMs=811
[pod/gateway-8689985fc9-gpd27/gateway] 2026-10-05T15:49:06.975+00:00 INFO  http.request requestId=a3bbd01a-719a-4164-832d-3da4de14c88d role=api pod=gateway-8689985fc9-gpd27 method=POST path=/api/translations status=200 durationMs=426
[pod/gateway-8689985fc9-gpd27/gateway] 2026-10-05T15:49:06.984+00:00 INFO  http.request requestId=976c5fec-64b7-41a1-a197-c3cd7a3c654b role=api pod=gateway-8689985fc9-gpd27 method=POST path=/api/translations status=200 durationMs=409
[pod/gateway-8689985fc9-t5bnw/gateway] 2026-10-05T15:49:06.998+00:00 INFO  http.request requestId=52698019-e96e-4606-a494-4b0b4e2b5465 role=api pod=gateway-8689985fc9-t5bnw method=POST path=/api/translations status=200 durationMs=449
[pod/gateway-8689985fc9-t5bnw/gateway] 2026-10-05T15:49:07.013+00:00 INFO  http.request requestId=440e23dc-b10a-4711-8f90-0755f3c595d3 role=api pod=gateway-8689985fc9-t5bnw method=POST path=/api/translations status=200 durationMs=553
[pod/gateway-8689985fc9-gpd27/gateway] 2026-10-05T15:49:07.004+00:00 INFO  http.request requestId=a7dde1b5-09f9-4cbc-90c1-55636c794ce9 role=api pod=gateway-8689985fc9-gpd27 method=POST path=/api/translations status=200 durationMs=478
[pod/gateway-8689985fc9-t5bnw/gateway] 2026-10-05T15:49:07.023+00:00 INFO  http.request requestId=2ddfb637-480b-4f07-9f3f-d9035730c334 role=api pod=gateway-8689985fc9-t5bnw method=POST path=/api/transcriptions status=200 durationMs=763
[pod/gateway-8689985fc9-t5bnw/gateway] 2026-10-05T15:49:07.032+00:00 INFO  http.request requestId=972e507d-0c10-4140-8f7e-ba71f7dd502e role=api pod=gateway-8689985fc9-t5bnw method=POST path=/api/translations status=200 durationMs=456
[pod/gateway-8689985fc9-t5bnw/gateway] 2026-10-05T15:49:07.042+00:00 INFO  http.request requestId=29e9a496-3b0f-4c0d-97f8-2589754b9ba5 role=api pod=gateway-8689985fc9-t5bnw method=POST path=/api/translations status=200 durationMs=575
[pod/gateway-8689985fc9-gpd27/gateway] 2026-10-05T15:49:07.026+00:00 INFO  http.request requestId=ea3cea9f-f60f-46dc-8b5e-f46061dfc33e role=api pod=gateway-8689985fc9-gpd27 method=POST path=/api/transcriptions status=200 durationMs=842
[pod/gateway-8689985fc9-gpd27/gateway] 2026-10-05T15:49:07.034+00:00 INFO  http.request requestId=d753eb26-2d74-4bde-be8d-47e63ceb7132 role=api pod=gateway-8689985fc9-gpd27 method=POST path=/api/transcriptions status=200 durationMs=804
[pod/gateway-8689985fc9-t5bnw/gateway] 2026-10-05T15:49:07.050+00:00 INFO  http.request requestId=78558199-a4c1-402a-9abb-6c954bfac50d role=api pod=gateway-8689985fc9-t5bnw method=POST path=/api/transcriptions status=200 durationMs=835
[pod/gateway-8689985fc9-t5bnw/gateway] 2026-10-05T15:49:07.063+00:00 INFO  http.request requestId=84700733-3a87-4422-97be-42e0ebf27115 role=api pod=gateway-8689985fc9-t5bnw method=POST path=/api/translations status=200 durationMs=511
[pod/gateway-8689985fc9-t5bnw/gateway] 2026-10-05T15:49:07.063+00:00 INFO  http.request requestId=4f678ab7-9338-420a-9f98-feb183b5e777 role=api pod=gateway-8689985fc9-t5bnw method=POST path=/api/transcriptions status=200 durationMs=768
[pod/gateway-8689985fc9-gpd27/gateway] 2026-10-05T15:49:07.057+00:00 INFO  http.request requestId=fc366e56-b0ba-4fff-bf95-e9ac7d468be0 role=api pod=gateway-8689985fc9-gpd27 method=POST path=/api/translations status=200 durationMs=484
[pod/gateway-8689985fc9-gpd27/gateway] 2026-10-05T15:49:07.059+00:00 INFO  http.request requestId=f5f254ec-4db5-40e6-83d8-fa025eabde4e role=api pod=gateway-8689985fc9-gpd27 method=POST path=/api/translations status=200 durationMs=605
[pod/gateway-8689985fc9-gpd27/gateway] 2026-10-05T15:49:07.067+00:00 INFO  http.request requestId=dc2fda41-aa75-4265-892c-9702e947b11c role=api pod=gateway-8689985fc9-gpd27 method=POST path=/api/translations status=200 durationMs=572
[pod/gateway-8689985fc9-gpd27/gateway] 2026-10-05T15:49:07.073+00:00 INFO  http.request requestId=642e45d2-68ff-4a2e-88f8-877a627f7a7a role=api pod=gateway-8689985fc9-gpd27 method=POST path=/api/transcriptions status=200 durationMs=873
[pod/gateway-8689985fc9-gpd27/gateway] 2026-10-05T15:49:07.073+00:00 INFO  http.request requestId=d5fe7220-fdfa-45ab-9606-cf0d8179b62c role=api pod=gateway-8689985fc9-gpd27 method=POST path=/api/transcriptions status=200 durationMs=828
[pod/gateway-8689985fc9-gpd27/gateway] 2026-10-05T15:49:07.078+00:00 INFO  http.request requestId=b88854e5-d8b7-4a2a-9d00-41304484f3fa role=api pod=gateway-8689985fc9-gpd27 method=POST path=/api/transcriptions status=200 durationMs=698
[pod/gateway-8689985fc9-gpd27/gateway] 2026-10-05T15:49:07.092+00:00 INFO  http.request requestId=75f670ef-426c-43e9-9709-1d20abcbe223 role=api pod=gateway-8689985fc9-gpd27 method=POST path=/api/translations status=200 durationMs=428
[pod/gateway-8689985fc9-gpd27/gateway] 2026-10-05T15:49:07.093+00:00 INFO  http.request requestId=90f7e1d7-56a9-4831-9e9e-8ef76d3262e3 role=api pod=gateway-8689985fc9-gpd27 method=POST path=/api/transcriptions status=200 durationMs=667
[pod/gateway-8689985fc9-t5bnw/gateway] 2026-10-05T15:49:07.077+00:00 INFO  http.request requestId=d99f6cfa-8c9c-4b0a-acbc-f2f62cbdcc3d role=api pod=gateway-8689985fc9-t5bnw method=POST path=/api/translations status=200 durationMs=433
[pod/gateway-8689985fc9-t5bnw/gateway] 2026-10-05T15:49:07.110+00:00 INFO  http.request requestId=539685f7-4828-44d6-bc2a-1fb09fce831b role=api pod=gateway-8689985fc9-t5bnw method=POST path=/api/translations status=200 durationMs=457
[pod/gateway-8689985fc9-t5bnw/gateway] 2026-10-05T15:49:07.116+00:00 INFO  http.request requestId=e560f0b1-8fe9-44c3-bf4d-0fe27dee819d role=api pod=gateway-8689985fc9-t5bnw method=POST path=/api/translations status=200 durationMs=453
[pod/gateway-8689985fc9-gpd27/gateway] 2026-10-05T15:49:07.124+00:00 INFO  http.request requestId=f2b85e2b-2359-4560-b945-3f0b74a45db2 role=api pod=gateway-8689985fc9-gpd27 method=POST path=/api/transcriptions status=200 durationMs=640
[pod/gateway-8689985fc9-gpd27/gateway] 2026-10-05T15:49:07.145+00:00 INFO  http.request requestId=c4ede370-3a6a-4910-b647-9f1b150f4947 role=api pod=gateway-8689985fc9-gpd27 method=POST path=/api/transcriptions status=200 durationMs=841
[pod/gateway-8689985fc9-t5bnw/gateway] 2026-10-05T15:49:07.134+00:00 INFO  http.request requestId=306e93c7-b43c-42f7-9fd5-c55693c1cd00 role=api pod=gateway-8689985fc9-t5bnw method=POST path=/api/translations status=200 durationMs=459
[pod/gateway-8689985fc9-gpd27/gateway] 2026-10-05T15:49:07.175+00:00 INFO  http.request requestId=b496cec4-be2b-4d0f-a498-023d0e774ad6 role=api pod=gateway-8689985fc9-gpd27 method=POST path=/api/transcriptions status=200 durationMs=823
[pod/gateway-8689985fc9-gpd27/gateway] 2026-10-05T15:49:07.177+00:00 INFO  http.request requestId=342b6429-7f2d-4437-a320-8be4d478ca15 role=api pod=gateway-8689985fc9-gpd27 method=POST path=/api/transcriptions status=200 durationMs=675
[pod/gateway-8689985fc9-t5bnw/gateway] 2026-10-05T15:49:07.177+00:00 INFO  http.request requestId=e27f1f4d-d244-417e-819e-51751ac80cab role=api pod=gateway-8689985fc9-t5bnw method=POST path=/api/translations status=200 durationMs=602
[pod/gateway-8689985fc9-t5bnw/gateway] 2026-10-05T15:49:07.201+00:00 INFO  http.request requestId=0e4088d6-f7c6-4eb1-adc0-24bc1df53793 role=api pod=gateway-8689985fc9-t5bnw method=POST path=/api/translations status=200 durationMs=416
[pod/gateway-8689985fc9-gpd27/gateway] 2026-10-05T15:49:07.212+00:00 INFO  http.request requestId=feeadd7d-03c2-4e66-ae87-608b5a42723a role=api pod=gateway-8689985fc9-gpd27 method=POST path=/api/transcriptions status=200 durationMs=741
[pod/gateway-8689985fc9-gpd27/gateway] 2026-10-05T15:49:07.219+00:00 INFO  http.request requestId=20d15f87-9ee4-40ec-9a56-4ad0945dfe02 role=api pod=gateway-8689985fc9-gpd27 method=POST path=/api/translations status=200 durationMs=526
[pod/gateway-8689985fc9-gpd27/gateway] 2026-10-05T15:49:07.228+00:00 INFO  http.request requestId=12738680-348d-4aef-a101-5ae86c7fa452 role=api pod=gateway-8689985fc9-gpd27 method=POST path=/api/transcriptions status=200 durationMs=894
[pod/gateway-8689985fc9-t5bnw/gateway] 2026-10-05T15:49:07.209+00:00 INFO  http.request requestId=a682f93f-a10a-473e-87bd-8c9cd8b31413 role=api pod=gateway-8689985fc9-t5bnw method=POST path=/api/transcriptions status=200 durationMs=679
[pod/gateway-8689985fc9-t5bnw/gateway] 2026-10-05T15:49:07.221+00:00 INFO  http.request requestId=b6a1cb64-7e4b-4827-951c-bffbecacdd86 role=api pod=gateway-8689985fc9-t5bnw method=POST path=/api/translations status=200 durationMs=477
[pod/gateway-8689985fc9-t5bnw/gateway] 2026-10-05T15:49:07.221+00:00 INFO  http.request requestId=5e7f5926-a02e-4601-a98b-172060412009 role=api pod=gateway-8689985fc9-t5bnw method=POST path=/api/translations status=200 durationMs=516
[pod/gateway-8689985fc9-t5bnw/gateway] 2026-10-05T15:49:07.226+00:00 INFO  http.request requestId=40e1d7a7-bd05-4364-ac78-d2f1c10b96c6 role=api pod=gateway-8689985fc9-t5bnw method=POST path=/api/transcriptions status=200 durationMs=829
[pod/gateway-8689985fc9-t5bnw/gateway] 2026-10-05T15:49:07.229+00:00 INFO  http.request requestId=187b8b14-2900-4be2-a723-d88077d92c29 role=api pod=gateway-8689985fc9-t5bnw method=POST path=/api/transcriptions status=200 durationMs=818
[pod/gateway-8689985fc9-gpd27/gateway] 2026-10-05T15:49:07.244+00:00 INFO  http.request requestId=b62cd2e5-c496-4c7f-b34a-da9c1b756463 role=api pod=gateway-8689985fc9-gpd27 method=POST path=/api/transcriptions status=200 durationMs=790
[pod/gateway-8689985fc9-gpd27/gateway] 2026-10-05T15:49:07.244+00:00 INFO  http.request requestId=65730670-17e2-4dfc-9b04-b38d23960604 role=api pod=gateway-8689985fc9-gpd27 method=POST path=/api/translations status=200 durationMs=595
[pod/gateway-8689985fc9-gpd27/gateway] 2026-10-05T15:49:07.249+00:00 INFO  http.request requestId=e5b2b6a4-46d9-41d2-a6e4-504675018b52 role=api pod=gateway-8689985fc9-gpd27 method=POST path=/api/translations status=200 durationMs=563
[pod/gateway-8689985fc9-gpd27/gateway] 2026-10-05T15:49:07.251+00:00 INFO  http.request requestId=77092ad4-3ee2-4b7e-90b5-75e66621e69b role=api pod=gateway-8689985fc9-gpd27 method=POST path=/api/transcriptions status=200 durationMs=883
[pod/gateway-8689985fc9-gpd27/gateway] 2026-10-05T15:49:07.259+00:00 INFO  http.request requestId=897b4f60-7aab-4b4b-ac5f-93f4460030c3 role=api pod=gateway-8689985fc9-gpd27 method=POST path=/api/transcriptions status=200 durationMs=624
[pod/gateway-8689985fc9-gpd27/gateway] 2026-10-05T15:49:07.271+00:00 INFO  http.request requestId=51bcf3de-9fcd-4489-a728-e1cc11a1b8b2 role=api pod=gateway-8689985fc9-gpd27 method=POST path=/api/translations status=200 durationMs=491
[pod/gateway-8689985fc9-gpd27/gateway] 2026-10-05T15:49:07.287+00:00 INFO  http.request requestId=2c7bffb7-5978-4411-836e-002a8a7ae583 role=api pod=gateway-8689985fc9-gpd27 method=POST path=/api/transcriptions status=200 durationMs=636
[pod/gateway-8689985fc9-t5bnw/gateway] 2026-10-05T15:49:07.242+00:00 INFO  http.request requestId=0b6137e2-7a26-435b-838a-de459bd1728b role=api pod=gateway-8689985fc9-t5bnw method=POST path=/api/translations status=200 durationMs=492
[pod/gateway-8689985fc9-t5bnw/gateway] 2026-10-05T15:49:07.328+00:00 INFO  http.request requestId=a1d57027-d46e-4f00-92f0-8146e9ed93ea role=api pod=gateway-8689985fc9-t5bnw method=POST path=/api/transcriptions status=200 durationMs=885
[pod/gateway-8689985fc9-t5bnw/gateway] 2026-10-05T15:49:07.329+00:00 INFO  http.request requestId=221cb4a0-d247-407f-abcc-c031487d5a9a role=api pod=gateway-8689985fc9-t5bnw method=POST path=/api/translations status=200 durationMs=590
[pod/gateway-8689985fc9-t5bnw/gateway] 2026-10-05T15:49:07.338+00:00 INFO  http.request requestId=af4672b2-f2f2-4fae-9d0e-6522c7ed03df role=api pod=gateway-8689985fc9-t5bnw method=POST path=/api/translations status=200 durationMs=473
[pod/gateway-8689985fc9-t5bnw/gateway] 2026-10-05T15:49:07.339+00:00 INFO  http.request requestId=239d8878-9edc-47a4-ba7d-125cef13245a role=api pod=gateway-8689985fc9-t5bnw method=POST path=/api/translations status=200 durationMs=482
[pod/gateway-8689985fc9-t5bnw/gateway] 2026-10-05T15:49:07.339+00:00 INFO  http.request requestId=d585fe1c-035f-451b-8da4-0a6f735851ca role=api pod=gateway-8689985fc9-t5bnw method=POST path=/api/transcriptions status=200 durationMs=825
[pod/gateway-8689985fc9-t5bnw/gateway] 2026-10-05T15:49:07.343+00:00 INFO  http.request requestId=56d1b7ed-31a6-489b-aee0-8d5317a45d9b role=api pod=gateway-8689985fc9-t5bnw method=POST path=/api/translations status=200 durationMs=528
[pod/gateway-8689985fc9-gpd27/gateway] 2026-10-05T15:49:07.339+00:00 INFO  http.request requestId=d19fdf79-8d91-4e20-bcae-8581e8d7b11c role=api pod=gateway-8689985fc9-gpd27 method=POST path=/api/transcriptions status=200 durationMs=629
[pod/gateway-8689985fc9-gpd27/gateway] 2026-10-05T15:49:07.345+00:00 INFO  http.request requestId=c8bdddd8-571b-4cfc-916c-3058d1a9c9e9 role=api pod=gateway-8689985fc9-gpd27 method=POST path=/api/transcriptions status=200 durationMs=680
[pod/gateway-8689985fc9-gpd27/gateway] 2026-10-05T15:49:07.351+00:00 INFO  http.request requestId=cf819f2a-5ee2-45a8-a5c7-e1dcad15edeb role=api pod=gateway-8689985fc9-gpd27 method=POST path=/api/translations status=200 durationMs=561
[pod/gateway-8689985fc9-gpd27/gateway] 2026-10-05T15:49:07.375+00:00 INFO  http.request requestId=dcd06f35-13c3-4ebf-846d-44d87a2804ab role=api pod=gateway-8689985fc9-gpd27 method=POST path=/api/transcriptions status=200 durationMs=635
[pod/gateway-8689985fc9-t5bnw/gateway] 2026-10-05T15:49:07.392+00:00 INFO  http.request requestId=de3d0c2f-9342-4b39-9b35-4d0f3b2955a1 role=api pod=gateway-8689985fc9-t5bnw method=POST path=/api/transcriptions status=200 durationMs=802
[pod/gateway-8689985fc9-t5bnw/gateway] 2026-10-05T15:49:07.395+00:00 INFO  http.request requestId=dba55422-da93-4c46-ac71-baff60be3661 role=api pod=gateway-8689985fc9-t5bnw method=POST path=/api/transcriptions status=200 durationMs=818
[pod/gateway-8689985fc9-gpd27/gateway] 2026-10-05T15:49:07.383+00:00 INFO  http.request requestId=59c5fd0c-b7fa-4ea8-9235-5d94ba0e1162 role=api pod=gateway-8689985fc9-gpd27 method=POST path=/api/transcriptions status=200 durationMs=776
[pod/gateway-8689985fc9-gpd27/gateway] 2026-10-05T15:49:07.401+00:00 INFO  http.request requestId=077f3158-8c4f-4e99-852c-c071a2966460 role=api pod=gateway-8689985fc9-gpd27 method=POST path=/api/transcriptions status=200 durationMs=782
[pod/gateway-8689985fc9-gpd27/gateway] 2026-10-05T15:49:07.402+00:00 INFO  http.request requestId=d7dbef4a-4f9a-440a-ac7e-2d675f7ccaa5 role=api pod=gateway-8689985fc9-gpd27 method=POST path=/api/transcriptions status=200 durationMs=633
[pod/gateway-8689985fc9-2czzr/gateway] 2026-10-05T15:49:07.457+00:00 WARN  http.request requestId=696dce64-9775-4910-8936-52844004a62f role=api pod=gateway-8689985fc9-2czzr method=GET path=/readyz status=503 durationMs=0
[pod/gateway-8689985fc9-t5bnw/gateway] 2026-10-05T15:49:07.405+00:00 INFO  http.request requestId=b935c708-7b76-45f5-baf9-774fd9750970 role=api pod=gateway-8689985fc9-t5bnw method=POST path=/api/translations status=200 durationMs=613
[pod/gateway-8689985fc9-t5bnw/gateway] 2026-10-05T15:49:07.424+00:00 INFO  http.request requestId=22c88311-a30f-456f-b51e-11f12b29eaf5 role=api pod=gateway-8689985fc9-t5bnw method=POST path=/api/transcriptions status=200 durationMs=863
[pod/gateway-8689985fc9-t5bnw/gateway] 2026-10-05T15:49:07.441+00:00 INFO  http.request requestId=3593d075-749c-4390-881a-d604b34dfbe3 role=api pod=gateway-8689985fc9-t5bnw method=POST path=/api/translations status=200 durationMs=535
[pod/gateway-8689985fc9-t5bnw/gateway] 2026-10-05T15:49:07.446+00:00 INFO  http.request requestId=8fa59cb8-3112-4db5-9f29-17e6b32f49f3 role=api pod=gateway-8689985fc9-t5bnw method=POST path=/api/translations status=200 durationMs=547
[pod/gateway-8689985fc9-t5bnw/gateway] 2026-10-05T15:49:07.457+00:00 INFO  http.request requestId=9d50f100-48bb-4709-bb4c-eb1db17a18ca role=api pod=gateway-8689985fc9-t5bnw method=POST path=/api/translations status=200 durationMs=509
[pod/gateway-8689985fc9-gpd27/gateway] 2026-10-05T15:49:07.422+00:00 INFO  http.request requestId=e3864de9-da21-4945-a277-b1da8ba33535 role=api pod=gateway-8689985fc9-gpd27 method=POST path=/api/translations status=200 durationMs=487
[pod/gateway-8689985fc9-gpd27/gateway] 2026-10-05T15:49:07.435+00:00 INFO  http.request requestId=4d8051de-6a52-4701-a93d-586fad9eb360 role=api pod=gateway-8689985fc9-gpd27 method=POST path=/api/translations status=200 durationMs=506
[pod/gateway-8689985fc9-gpd27/gateway] 2026-10-05T15:49:07.440+00:00 INFO  http.request requestId=98bb0c95-73c8-400d-afaa-29e3bcb2e077 role=api pod=gateway-8689985fc9-gpd27 method=POST path=/api/transcriptions status=200 durationMs=894
[pod/gateway-8689985fc9-gpd27/gateway] 2026-10-05T15:49:07.448+00:00 INFO  http.request requestId=316d4117-756c-4fdc-87d9-20337fd78a30 role=api pod=gateway-8689985fc9-gpd27 method=POST path=/api/transcriptions status=200 durationMs=620
[pod/gateway-8689985fc9-gpd27/gateway] 2026-10-05T15:49:07.454+00:00 INFO  http.request requestId=57f6bf72-ea23-4ccf-96b4-6f1e298f4a34 role=api pod=gateway-8689985fc9-gpd27 method=POST path=/api/transcriptions status=200 durationMs=759
[pod/gateway-8689985fc9-gpd27/gateway] 2026-10-05T15:49:07.467+00:00 INFO  http.request requestId=cbefdc6b-29cc-4531-832a-9816d77593c8 role=api pod=gateway-8689985fc9-gpd27 method=POST path=/api/translations status=200 durationMs=430
[pod/gateway-8689985fc9-gpd27/gateway] 2026-10-05T15:49:07.477+00:00 INFO  http.request requestId=9eb87d3f-3b57-4f32-b8b3-3acbb70778d3 role=api pod=gateway-8689985fc9-gpd27 method=POST path=/api/transcriptions status=200 durationMs=751
[pod/gateway-8689985fc9-gpd27/gateway] 2026-10-05T15:49:07.484+00:00 INFO  http.request requestId=f6437d41-2d88-4475-9462-4035d152f2a8 role=api pod=gateway-8689985fc9-gpd27 method=POST path=/api/translations status=200 durationMs=598
[pod/gateway-8689985fc9-t5bnw/gateway] 2026-10-05T15:49:07.520+00:00 INFO  http.request requestId=8bf35eeb-fbb6-4a8a-8f60-5c37f0c3fed1 role=api pod=gateway-8689985fc9-t5bnw method=POST path=/api/transcriptions status=200 durationMs=766
[pod/gateway-8689985fc9-gpd27/gateway] 2026-10-05T15:49:07.505+00:00 INFO  http.request requestId=44f3912a-08d6-492b-a93a-5eb16648a925 role=api pod=gateway-8689985fc9-gpd27 method=POST path=/api/translations status=200 durationMs=426
[pod/gateway-8689985fc9-gpd27/gateway] 2026-10-05T15:49:07.521+00:00 INFO  http.request requestId=4f1b5c14-5e2b-4477-9240-6f120efd2b24 role=api pod=gateway-8689985fc9-gpd27 method=POST path=/api/translations status=200 durationMs=595
[pod/gateway-8689985fc9-gpd27/gateway] 2026-10-05T15:49:07.521+00:00 INFO  http.request requestId=7c1e2ba0-127e-498e-9f0b-ca4296e1d55e role=api pod=gateway-8689985fc9-gpd27 method=POST path=/api/translations status=200 durationMs=447
[pod/gateway-8689985fc9-gpd27/gateway] 2026-10-05T15:49:07.544+00:00 INFO  http.request requestId=89d14dd0-5feb-4faa-bb94-9543e4844307 role=api pod=gateway-8689985fc9-gpd27 method=POST path=/api/transcriptions status=200 durationMs=655
[pod/gateway-8689985fc9-t5bnw/gateway] 2026-10-05T15:49:07.544+00:00 INFO  http.request requestId=a939bb7f-2d29-4d3f-b626-972400249803 role=api pod=gateway-8689985fc9-t5bnw method=POST path=/api/transcriptions status=200 durationMs=685
[pod/gateway-8689985fc9-t5bnw/gateway] 2026-10-05T15:49:07.545+00:00 INFO  http.request requestId=5a3a5986-00a5-4ef4-8571-94e402f3b099 role=api pod=gateway-8689985fc9-t5bnw method=POST path=/api/transcriptions status=200 durationMs=639
[pod/gateway-8689985fc9-t5bnw/gateway] 2026-10-05T15:49:07.546+00:00 INFO  http.request requestId=296c5066-8517-4163-aff1-805ecee68eb4 role=api pod=gateway-8689985fc9-t5bnw method=POST path=/api/translations status=200 durationMs=579
[pod/gateway-8689985fc9-t5bnw/gateway] 2026-10-05T15:49:07.558+00:00 INFO  http.request requestId=1ac74fa2-dafe-4f85-ba18-291534c6afa0 role=api pod=gateway-8689985fc9-t5bnw method=POST path=/api/transcriptions status=200 durationMs=622
[pod/gateway-8689985fc9-t5bnw/gateway] 2026-10-05T15:49:07.564+00:00 INFO  http.request requestId=ba7e64d9-9873-4094-bb00-13e71b6770a5 role=api pod=gateway-8689985fc9-t5bnw method=POST path=/api/transcriptions status=200 durationMs=780
[pod/gateway-8689985fc9-t5bnw/gateway] 2026-10-05T15:49:07.564+00:00 INFO  http.request requestId=e67ecccc-b946-4f96-ab36-1ddbded9c7d5 role=api pod=gateway-8689985fc9-t5bnw method=POST path=/api/transcriptions status=200 durationMs=719
[pod/gateway-8689985fc9-gpd27/gateway] 2026-10-05T15:49:07.571+00:00 INFO  http.request requestId=055140a9-d13e-49a8-a3c8-8c5b0c5a5a7b role=api pod=gateway-8689985fc9-gpd27 method=POST path=/api/translations status=200 durationMs=543
[pod/gateway-8689985fc9-gpd27/gateway] 2026-10-05T15:49:07.584+00:00 INFO  http.request requestId=90181473-e472-48b4-acc2-93663b99e987 role=api pod=gateway-8689985fc9-gpd27 method=POST path=/api/transcriptions status=200 durationMs=618
[pod/gateway-8689985fc9-t5bnw/gateway] 2026-10-05T15:49:07.584+00:00 INFO  http.request requestId=a039d9a3-000d-4792-9579-6bd08e0ec500 role=api pod=gateway-8689985fc9-t5bnw method=POST path=/api/transcriptions status=200 durationMs=903
[pod/gateway-8689985fc9-t5bnw/gateway] 2026-10-05T15:49:07.591+00:00 INFO  http.request requestId=bed391d4-3bad-4185-9683-df383b3ff4cf role=api pod=gateway-8689985fc9-t5bnw method=POST path=/api/translations status=200 durationMs=567
[pod/gateway-8689985fc9-t5bnw/gateway] 2026-10-05T15:49:07.617+00:00 INFO  http.request requestId=81454a2a-7c0d-4165-8829-e06b24af8658 role=api pod=gateway-8689985fc9-t5bnw method=POST path=/api/translations status=200 durationMs=490
[pod/gateway-8689985fc9-gpd27/gateway] 2026-10-05T15:49:07.602+00:00 INFO  http.request requestId=f3d12bb5-988e-4b43-9ac5-6313be7dbf55 role=api pod=gateway-8689985fc9-gpd27 method=POST path=/api/translations status=200 durationMs=456
[pod/gateway-8689985fc9-gpd27/gateway] 2026-10-05T15:49:07.607+00:00 INFO  http.request requestId=da2ae6b7-b6a1-4c83-9286-6df9cf5bc066 role=api pod=gateway-8689985fc9-gpd27 method=POST path=/api/translations status=200 durationMs=531
[pod/gateway-8689985fc9-gpd27/gateway] 2026-10-05T15:49:07.619+00:00 INFO  http.request requestId=4c16e28b-a1ae-4f9f-93ba-9d9b4058246b role=api pod=gateway-8689985fc9-gpd27 method=POST path=/api/translations status=200 durationMs=525
[pod/gateway-8689985fc9-gpd27/gateway] 2026-10-05T15:49:07.619+00:00 INFO  http.request requestId=021f4f19-131e-4f8f-80e4-099a9495347c role=api pod=gateway-8689985fc9-gpd27 method=POST path=/api/transcriptions status=200 durationMs=698
[pod/gateway-8689985fc9-gpd27/gateway] 2026-10-05T15:49:07.630+00:00 INFO  http.request requestId=574ce19f-8f38-4b96-8163-a78e4776824c role=api pod=gateway-8689985fc9-gpd27 method=POST path=/api/translations status=200 durationMs=566
[pod/gateway-8689985fc9-t5bnw/gateway] 2026-10-05T15:49:07.644+00:00 INFO  http.request requestId=d9c239ed-f584-4e05-98ef-40cdf3172511 role=api pod=gateway-8689985fc9-t5bnw method=POST path=/api/translations status=200 durationMs=593
[pod/gateway-8689985fc9-t5bnw/gateway] 2026-10-05T15:49:07.660+00:00 INFO  http.request requestId=33736308-2b29-4e93-8809-925c6c684c7f role=api pod=gateway-8689985fc9-t5bnw method=POST path=/api/transcriptions status=200 durationMs=785
[pod/gateway-8689985fc9-t5bnw/gateway] 2026-10-05T15:49:07.677+00:00 INFO  http.request requestId=a5549dd3-67e1-4b82-8495-4d42ad631b83 role=api pod=gateway-8689985fc9-t5bnw method=POST path=/api/translations status=200 durationMs=501
[pod/gateway-8689985fc9-gpd27/gateway] 2026-10-05T15:49:07.697+00:00 INFO  http.request requestId=9aa362a5-48ea-4140-afa1-14ce545319f1 role=api pod=gateway-8689985fc9-gpd27 method=POST path=/api/translations status=200 durationMs=437
[pod/gateway-8689985fc9-gpd27/gateway] 2026-10-05T15:49:07.711+00:00 INFO  http.request requestId=ce60b8e5-b25b-4033-858d-712536dcc5e2 role=api pod=gateway-8689985fc9-gpd27 method=POST path=/api/transcriptions status=200 durationMs=895
[pod/gateway-8689985fc9-gpd27/gateway] 2026-10-05T15:49:07.713+00:00 INFO  http.request requestId=7f83ca56-89f1-454f-994b-88430e09c462 role=api pod=gateway-8689985fc9-gpd27 method=POST path=/api/transcriptions status=200 durationMs=912
[pod/gateway-8689985fc9-t5bnw/gateway] 2026-10-05T15:49:07.707+00:00 INFO  http.request requestId=771c3fba-d74a-4e9d-b690-a75eff6a4b8d role=api pod=gateway-8689985fc9-t5bnw method=POST path=/api/translations status=200 durationMs=496
[pod/gateway-8689985fc9-t5bnw/gateway] 2026-10-05T15:49:07.713+00:00 INFO  http.request requestId=f46c8ce4-2092-46a4-8f80-f0daa85765f8 role=api pod=gateway-8689985fc9-t5bnw method=POST path=/api/translations status=200 durationMs=467
[pod/gateway-8689985fc9-gpd27/gateway] 2026-10-05T15:49:07.727+00:00 INFO  http.request requestId=9c366016-bd73-4fcf-a3a5-0d008f223a7e role=api pod=gateway-8689985fc9-gpd27 method=POST path=/api/translations status=200 durationMs=496
[pod/gateway-8689985fc9-gpd27/gateway] 2026-10-05T15:49:07.733+00:00 INFO  http.request requestId=376950f4-513c-4111-a94a-ab8990e147f2 role=api pod=gateway-8689985fc9-gpd27 method=POST path=/api/translations status=200 durationMs=554
[pod/gateway-8689985fc9-t5bnw/gateway] 2026-10-05T15:49:07.739+00:00 INFO  http.request requestId=c992ac37-b608-4c15-9358-55acfeff78a0 role=api pod=gateway-8689985fc9-t5bnw method=POST path=/api/translations status=200 durationMs=510
[pod/gateway-8689985fc9-t5bnw/gateway] 2026-10-05T15:49:07.764+00:00 INFO  http.request requestId=de08e872-c893-4f4e-b1e0-f9428a92e9cd role=api pod=gateway-8689985fc9-t5bnw method=POST path=/api/translations status=200 durationMs=510
[pod/gateway-8689985fc9-gpd27/gateway] 2026-10-05T15:49:07.761+00:00 INFO  http.request requestId=bfea2fa2-06c8-4e69-8705-ec19381bb4be role=api pod=gateway-8689985fc9-gpd27 method=POST path=/api/translations status=200 durationMs=432
[pod/gateway-8689985fc9-gpd27/gateway] 2026-10-05T15:49:07.761+00:00 INFO  http.request requestId=2e3f6b87-ff86-4063-b105-d0596930b989 role=api pod=gateway-8689985fc9-gpd27 method=POST path=/api/transcriptions status=200 durationMs=782
[pod/gateway-8689985fc9-t5bnw/gateway] 2026-10-05T15:49:07.791+00:00 INFO  http.request requestId=4fbc8adc-04fa-4226-9b76-6dfe29a0a62d role=api pod=gateway-8689985fc9-t5bnw method=POST path=/api/translations status=200 durationMs=449
[pod/gateway-8689985fc9-t5bnw/gateway] 2026-10-05T15:49:07.792+00:00 INFO  http.request requestId=b2bbd15c-dac1-46b4-aa40-5035cf379f76 role=api pod=gateway-8689985fc9-t5bnw method=POST path=/api/translations status=200 durationMs=449
[pod/gateway-8689985fc9-t5bnw/gateway] 2026-10-05T15:49:07.799+00:00 INFO  http.request requestId=ad3c7c5f-cc6b-4d93-be2b-913006510923 role=api pod=gateway-8689985fc9-t5bnw method=POST path=/api/translations status=200 durationMs=585
[pod/gateway-8689985fc9-t5bnw/gateway] 2026-10-05T15:49:07.803+00:00 INFO  http.request requestId=390046fa-0a77-4c45-a991-bd903c1517f7 role=api pod=gateway-8689985fc9-t5bnw method=POST path=/api/translations status=200 durationMs=516
[pod/gateway-8689985fc9-h82ls/gateway] 2026-10-05T15:49:07.835+00:00 WARN  http.request requestId=5d99a77c-04d0-410f-af7e-89f21e0ebaf7 role=api pod=gateway-8689985fc9-h82ls method=GET path=/readyz status=503 durationMs=0
[pod/gateway-8689985fc9-t5bnw/gateway] 2026-10-05T15:49:07.822+00:00 INFO  http.request requestId=5188a07d-71bc-4da9-b93a-870e90c91f0d role=api pod=gateway-8689985fc9-t5bnw method=POST path=/api/transcriptions status=200 durationMs=767
[pod/gateway-8689985fc9-t5bnw/gateway] 2026-10-05T15:49:07.833+00:00 INFO  http.request requestId=e1c37218-b07c-4b5b-9a48-18ee9caf2a4a role=api pod=gateway-8689985fc9-t5bnw method=POST path=/api/transcriptions status=200 durationMs=823
[pod/gateway-8689985fc9-gpd27/gateway] 2026-10-05T15:49:07.819+00:00 INFO  http.request requestId=f1a65624-6e1c-411f-8f4c-6566e60cb3d4 role=api pod=gateway-8689985fc9-gpd27 method=POST path=/api/translations status=200 durationMs=591
[pod/gateway-8689985fc9-gpd27/gateway] 2026-10-05T15:49:07.828+00:00 INFO  http.request requestId=82f0bc2e-602c-4cec-a606-ae2de359c86b role=api pod=gateway-8689985fc9-gpd27 method=POST path=/api/transcriptions status=200 durationMs=652
[pod/gateway-8689985fc9-gpd27/gateway] 2026-10-05T15:49:07.832+00:00 INFO  http.request requestId=c0250a02-82c3-45d4-8864-2d4d122b9216 role=api pod=gateway-8689985fc9-gpd27 method=POST path=/api/transcriptions status=200 durationMs=880
[pod/gateway-8689985fc9-gpd27/gateway] 2026-10-05T15:49:07.847+00:00 INFO  http.request requestId=4d9688ad-ea4c-442e-8dfc-e4c8fd9a41cf role=api pod=gateway-8689985fc9-gpd27 method=POST path=/api/translations status=200 durationMs=499
[pod/gateway-8689985fc9-gpd27/gateway] 2026-10-05T15:49:07.857+00:00 INFO  http.request requestId=b230526e-fe1c-4da9-8e5c-aedcaa5673f1 role=api pod=gateway-8689985fc9-gpd27 method=POST path=/api/translations status=200 durationMs=453
[pod/gateway-8689985fc9-gpd27/gateway] 2026-10-05T15:49:07.864+00:00 INFO  http.request requestId=ccb5387b-6983-4ca5-bfd4-3810002793e2 role=api pod=gateway-8689985fc9-gpd27 method=POST path=/api/transcriptions status=200 durationMs=869
[pod/gateway-8689985fc9-gpd27/gateway] 2026-10-05T15:49:07.869+00:00 INFO  http.request requestId=4f447638-9fc3-4b75-84c6-46f9d0fa5cd9 role=api pod=gateway-8689985fc9-gpd27 method=POST path=/api/transcriptions status=200 durationMs=737
[pod/gateway-8689985fc9-t5bnw/gateway] 2026-10-05T15:49:07.877+00:00 INFO  http.request requestId=5361918b-12d1-4dea-81d4-73ccdab5dcb9 role=api pod=gateway-8689985fc9-t5bnw method=POST path=/api/translations status=200 durationMs=428
[pod/gateway-8689985fc9-t5bnw/gateway] 2026-10-05T15:49:07.884+00:00 INFO  http.request requestId=b7930f83-6eb5-48c0-ad1b-9ee62a858d58 role=api pod=gateway-8689985fc9-t5bnw method=POST path=/api/transcriptions status=200 durationMs=813
[pod/gateway-8689985fc9-gpd27/gateway] 2026-10-05T15:49:07.886+00:00 INFO  http.request requestId=ade1aff3-7ca5-44b6-b023-3c5943322a54 role=api pod=gateway-8689985fc9-gpd27 method=POST path=/api/transcriptions status=200 durationMs=726
[pod/gateway-8689985fc9-gpd27/gateway] 2026-10-05T15:49:07.891+00:00 INFO  http.request requestId=3bf34a59-b2e4-4e7a-ad86-08ba7a78c956 role=api pod=gateway-8689985fc9-gpd27 method=POST path=/api/transcriptions status=200 durationMs=777
[pod/gateway-8689985fc9-gpd27/gateway] 2026-10-05T15:49:07.900+00:00 INFO  http.request requestId=8eed2c09-7fe2-486e-b8b5-e95e28634604 role=api pod=gateway-8689985fc9-gpd27 method=POST path=/api/transcriptions status=200 durationMs=859
[pod/gateway-8689985fc9-gpd27/gateway] 2026-10-05T15:49:07.900+00:00 INFO  http.request requestId=98148f20-8741-47d0-b76e-cffabf720173 role=api pod=gateway-8689985fc9-gpd27 method=POST path=/api/translations status=200 durationMs=445
[pod/gateway-8689985fc9-gpd27/gateway] 2026-10-05T15:49:07.906+00:00 INFO  http.request requestId=aed5a15a-3ea0-479d-913e-cd14d12f0e06 role=api pod=gateway-8689985fc9-gpd27 method=POST path=/api/translations status=200 durationMs=481
[pod/gateway-8689985fc9-t5bnw/gateway] 2026-10-05T15:49:07.902+00:00 INFO  http.request requestId=db2b3995-4d64-4b74-bb7e-2f0bcc7e4c11 role=api pod=gateway-8689985fc9-t5bnw method=POST path=/api/transcriptions status=200 durationMs=757
[pod/gateway-8689985fc9-t5bnw/gateway] 2026-10-05T15:49:07.913+00:00 INFO  http.request requestId=cdbaf1e1-a1c0-459d-86c1-08144d9b0e27 role=api pod=gateway-8689985fc9-t5bnw method=POST path=/api/transcriptions status=200 durationMs=889
[pod/gateway-8689985fc9-t5bnw/gateway] 2026-10-05T15:49:07.921+00:00 INFO  http.request requestId=3bbb726d-e271-435b-817b-bf8fedeed8c5 role=api pod=gateway-8689985fc9-t5bnw method=POST path=/api/transcriptions status=200 durationMs=686
[pod/gateway-8689985fc9-t5bnw/gateway] 2026-10-05T15:49:07.924+00:00 INFO  http.request requestId=1aee6182-2e29-4842-9a67-8608a65cb5fc role=api pod=gateway-8689985fc9-t5bnw method=POST path=/api/transcriptions status=200 durationMs=717
[pod/gateway-8689985fc9-t5bnw/gateway] 2026-10-05T15:49:07.948+00:00 INFO  http.request requestId=54ce308a-16f8-487e-b687-105550d9d388 role=api pod=gateway-8689985fc9-t5bnw method=POST path=/api/translations status=200 durationMs=572
[pod/gateway-8689985fc9-gpd27/gateway] 2026-10-05T15:49:07.957+00:00 INFO  http.request requestId=b7872b8b-3170-480d-a2bf-818a4bb5144e role=api pod=gateway-8689985fc9-gpd27 method=POST path=/api/transcriptions status=200 durationMs=857
[pod/gateway-8689985fc9-gpd27/gateway] 2026-10-05T15:49:07.970+00:00 INFO  http.request requestId=3872688d-8491-4e99-ac82-4d49cdded91c role=api pod=gateway-8689985fc9-gpd27 method=POST path=/api/translations status=200 durationMs=577
[pod/gateway-8689985fc9-gpd27/gateway] 2026-10-05T15:49:07.978+00:00 INFO  http.request requestId=cd5e912d-0fc8-4caa-bfd8-8698d9db85d6 role=api pod=gateway-8689985fc9-gpd27 method=POST path=/api/translations status=200 durationMs=594
[pod/gateway-8689985fc9-t5bnw/gateway] 2026-10-05T15:49:07.971+00:00 INFO  http.request requestId=9f646a4c-feaa-4e5e-a2f6-410c0e1e6ede role=api pod=gateway-8689985fc9-t5bnw method=POST path=/api/transcriptions status=200 durationMs=886
[pod/gateway-8689985fc9-t5bnw/gateway] 2026-10-05T15:49:07.975+00:00 INFO  http.request requestId=076ca635-bf0a-4c50-8569-4f7e39ab1bdc role=api pod=gateway-8689985fc9-t5bnw method=POST path=/api/translations status=200 durationMs=579
[pod/gateway-8689985fc9-gpd27/gateway] 2026-10-05T15:49:08.003+00:00 INFO  http.request requestId=4882bae9-6dbb-4df0-ae84-423826aba82d role=api pod=gateway-8689985fc9-gpd27 method=POST path=/api/transcriptions status=200 durationMs=812
[pod/gateway-8689985fc9-t5bnw/gateway] 2026-10-05T15:49:08.008+00:00 INFO  http.request requestId=e86f9d8b-6c7b-481c-94ca-a9708abaeb8b role=api pod=gateway-8689985fc9-t5bnw method=POST path=/api/translations status=200 durationMs=606
[pod/gateway-8689985fc9-t5bnw/gateway] 2026-10-05T15:49:08.019+00:00 INFO  http.request requestId=5ae707f8-6bd2-4bfa-a4cd-68ecc6f9881c role=api pod=gateway-8689985fc9-t5bnw method=POST path=/api/translations status=200 durationMs=540
[pod/gateway-8689985fc9-t5bnw/gateway] 2026-10-05T15:49:08.027+00:00 INFO  http.request requestId=65f65a23-f84d-429a-b970-7a69ed0ca217 role=api pod=gateway-8689985fc9-t5bnw method=POST path=/api/translations status=200 durationMs=444
[pod/gateway-8689985fc9-gpd27/gateway] 2026-10-05T15:49:08.048+00:00 INFO  http.request requestId=b456b685-7e42-4977-8248-2b291edf882b role=api pod=gateway-8689985fc9-gpd27 method=POST path=/api/translations status=200 durationMs=605
[pod/gateway-8689985fc9-gpd27/gateway] 2026-10-05T15:49:08.058+00:00 INFO  http.request requestId=47720b99-95ff-4550-a10f-eeac3c90a974 role=api pod=gateway-8689985fc9-gpd27 method=POST path=/api/transcriptions status=200 durationMs=779
[pod/gateway-8689985fc9-gpd27/gateway] 2026-10-05T15:49:08.066+00:00 INFO  http.request requestId=12e44fd5-a1e8-4418-a81e-09971ec3d58b role=api pod=gateway-8689985fc9-gpd27 method=POST path=/api/transcriptions status=200 durationMs=681
[pod/gateway-8689985fc9-gpd27/gateway] 2026-10-05T15:49:08.070+00:00 INFO  http.request requestId=6f5d91f2-2181-4832-bfc5-42abe55c2996 role=api pod=gateway-8689985fc9-gpd27 method=POST path=/api/transcriptions status=200 durationMs=819
[pod/gateway-8689985fc9-gpd27/gateway] 2026-10-05T15:49:08.073+00:00 INFO  http.request requestId=49f3c844-aff9-44f0-8971-ec34839fb13a role=api pod=gateway-8689985fc9-gpd27 method=POST path=/api/translations status=200 durationMs=528
[pod/gateway-8689985fc9-t5bnw/gateway] 2026-10-05T15:49:08.097+00:00 INFO  http.request requestId=71c60550-7ae2-4e83-b561-efff923e5601 role=api pod=gateway-8689985fc9-t5bnw method=POST path=/api/translations status=200 durationMs=537
[pod/gateway-8689985fc9-gpd27/gateway] 2026-10-05T15:49:08.090+00:00 INFO  http.request requestId=d5a9b637-782a-411f-ab5c-eb0e87c5449d role=api pod=gateway-8689985fc9-gpd27 method=POST path=/api/transcriptions status=200 durationMs=871
[pod/gateway-8689985fc9-gpd27/gateway] 2026-10-05T15:49:08.096+00:00 INFO  http.request requestId=0780c39b-b824-44dc-8465-70f407321a02 role=api pod=gateway-8689985fc9-gpd27 method=POST path=/api/translations status=200 durationMs=511
[pod/gateway-8689985fc9-gpd27/gateway] 2026-10-05T15:49:08.098+00:00 INFO  http.request requestId=93aace37-29c1-4521-9962-44997b7d05d1 role=api pod=gateway-8689985fc9-gpd27 method=POST path=/api/translations status=200 durationMs=577
[pod/gateway-8689985fc9-gpd27/gateway] 2026-10-05T15:49:08.101+00:00 INFO  http.request requestId=05ab1222-9501-44c3-a295-3d44a87db1f1 role=api pod=gateway-8689985fc9-gpd27 method=POST path=/api/translations status=200 durationMs=534
[pod/gateway-8689985fc9-gpd27/gateway] 2026-10-05T15:49:08.102+00:00 INFO  http.request requestId=85f56314-12f8-4b93-914a-da4bbe116a8d role=api pod=gateway-8689985fc9-gpd27 method=POST path=/api/transcriptions status=200 durationMs=837
[pod/gateway-8689985fc9-t5bnw/gateway] 2026-10-05T15:49:08.111+00:00 INFO  http.request requestId=2092308a-ed83-4b03-b692-14c18644c3f3 role=api pod=gateway-8689985fc9-t5bnw method=POST path=/api/transcriptions status=200 durationMs=767
[pod/gateway-8689985fc9-gpd27/gateway] 2026-10-05T15:49:08.125+00:00 INFO  http.request requestId=1b935e82-2db1-47cd-89d9-9d1f41b9e81f role=api pod=gateway-8689985fc9-gpd27 method=POST path=/api/translations status=200 durationMs=558
[pod/gateway-8689985fc9-gpd27/gateway] 2026-10-05T15:49:08.127+00:00 INFO  http.request requestId=d0c79b41-0c41-46b7-8f5f-d406f22f5b6b role=api pod=gateway-8689985fc9-gpd27 method=POST path=/api/transcriptions status=200 durationMs=771
[pod/gateway-8689985fc9-gpd27/gateway] 2026-10-05T15:49:08.145+00:00 INFO  http.request requestId=b4dd1588-0eea-490b-bd64-9724b3db798d role=api pod=gateway-8689985fc9-gpd27 method=POST path=/api/translations status=200 durationMs=601
[pod/gateway-8689985fc9-t5bnw/gateway] 2026-10-05T15:49:08.127+00:00 INFO  http.request requestId=dd1cf7bf-fbe4-4f11-b955-78c339061e2e role=api pod=gateway-8689985fc9-t5bnw method=POST path=/api/translations status=200 durationMs=581
[pod/gateway-8689985fc9-t5bnw/gateway] 2026-10-05T15:49:08.127+00:00 INFO  http.request requestId=ceecdd6e-1ae6-45ef-b06a-13269b618806 role=api pod=gateway-8689985fc9-t5bnw method=POST path=/api/transcriptions status=200 durationMs=726
[pod/gateway-8689985fc9-t5bnw/gateway] 2026-10-05T15:49:08.138+00:00 INFO  http.request requestId=3e673c00-8146-401f-bd19-97a725190bc2 role=api pod=gateway-8689985fc9-t5bnw method=POST path=/api/transcriptions status=200 durationMs=693
[pod/gateway-8689985fc9-t5bnw/gateway] 2026-10-05T15:49:08.142+00:00 INFO  http.request requestId=77b72a69-12a4-4391-9d8d-a4b80e1ae328 role=api pod=gateway-8689985fc9-t5bnw method=POST path=/api/translations status=200 durationMs=522
[pod/gateway-8689985fc9-gpd27/gateway] 2026-10-05T15:49:08.155+00:00 INFO  http.request requestId=dfd92ba4-d346-47b0-b74f-e07dd02dbbf8 role=api pod=gateway-8689985fc9-gpd27 method=POST path=/api/translations status=200 durationMs=440
[pod/gateway-8689985fc9-gpd27/gateway] 2026-10-05T15:49:08.186+00:00 INFO  http.request requestId=7de71587-88f2-4a5d-8206-06bd3ae21b03 role=api pod=gateway-8689985fc9-gpd27 method=POST path=/api/transcriptions status=200 durationMs=891
[pod/gateway-8689985fc9-gpd27/gateway] 2026-10-05T15:49:08.195+00:00 INFO  http.request requestId=f8ccaa91-f806-45ab-8110-1be9151e1f23 role=api pod=gateway-8689985fc9-gpd27 method=POST path=/api/translations status=200 durationMs=431
[pod/gateway-8689985fc9-t5bnw/gateway] 2026-10-05T15:49:08.186+00:00 INFO  http.request requestId=cba04484-287d-4337-8b38-01677d5b6d76 role=api pod=gateway-8689985fc9-t5bnw method=POST path=/api/transcriptions status=200 durationMs=860
[pod/gateway-8689985fc9-gpd27/gateway] 2026-10-05T15:49:08.202+00:00 INFO  http.request requestId=950a84fc-5fe0-4954-8a43-f3becf135323 role=api pod=gateway-8689985fc9-gpd27 method=POST path=/api/transcriptions status=200 durationMs=830
[pod/gateway-8689985fc9-t5bnw/gateway] 2026-10-05T15:49:08.207+00:00 INFO  http.request requestId=3c867403-56dd-4541-a6fc-e8eb094981ac role=api pod=gateway-8689985fc9-t5bnw method=POST path=/api/transcriptions status=200 durationMs=897
[pod/gateway-8689985fc9-t5bnw/gateway] 2026-10-05T15:49:08.208+00:00 INFO  http.request requestId=242e3f00-a247-455c-8c1b-26df3eb8b8e3 role=api pod=gateway-8689985fc9-t5bnw method=POST path=/api/transcriptions status=200 durationMs=672
[pod/gateway-8689985fc9-t5bnw/gateway] 2026-10-05T15:49:08.214+00:00 INFO  http.request requestId=93c62dc6-d045-4e23-9dea-df28ff12f387 role=api pod=gateway-8689985fc9-t5bnw method=POST path=/api/transcriptions status=200 durationMs=649
[pod/gateway-8689985fc9-t5bnw/gateway] 2026-10-05T15:49:08.232+00:00 INFO  http.request requestId=c2db5912-b95c-4398-8f2a-0a5f38db8208 role=api pod=gateway-8689985fc9-t5bnw method=POST path=/api/transcriptions status=200 durationMs=683
[pod/gateway-8689985fc9-t5bnw/gateway] 2026-10-05T15:49:08.240+00:00 INFO  http.request requestId=90df7239-fe24-4e01-b363-50cd0e94703a role=api pod=gateway-8689985fc9-t5bnw method=POST path=/api/transcriptions status=200 durationMs=824
[pod/gateway-8689985fc9-gpd27/gateway] 2026-10-05T15:49:08.268+00:00 INFO  http.request requestId=0488da2d-f7e7-4073-8283-72b6ad44c627 role=api pod=gateway-8689985fc9-gpd27 method=POST path=/api/translations status=200 durationMs=606
[pod/gateway-8689985fc9-t5bnw/gateway] 2026-10-05T15:49:08.257+00:00 INFO  http.request requestId=1aa6b25a-b6d5-42e3-beaf-c43e7d83e94d role=api pod=gateway-8689985fc9-t5bnw method=POST path=/api/translations status=200 durationMs=423
[pod/gateway-8689985fc9-t5bnw/gateway] 2026-10-05T15:49:08.268+00:00 INFO  http.request requestId=af53d1ff-ff2d-4544-958f-27a6e28a0d94 role=api pod=gateway-8689985fc9-t5bnw method=POST path=/api/transcriptions status=200 durationMs=688
[pod/gateway-8689985fc9-gpd27/gateway] 2026-10-05T15:49:08.279+00:00 INFO  http.request requestId=322f3a68-e3e6-48d7-8db1-192152a7425c role=api pod=gateway-8689985fc9-gpd27 method=POST path=/api/transcriptions status=200 durationMs=819
[pod/gateway-8689985fc9-gpd27/gateway] 2026-10-05T15:49:08.293+00:00 INFO  http.request requestId=63c8bce9-9e73-4117-a7f5-83cd7e5134db role=api pod=gateway-8689985fc9-gpd27 method=POST path=/api/transcriptions status=200 durationMs=774
[pod/gateway-8689985fc9-t5bnw/gateway] 2026-10-05T15:49:08.285+00:00 INFO  http.request requestId=40427042-cefd-47ce-9742-86364fc221f6 role=api pod=gateway-8689985fc9-t5bnw method=POST path=/api/translations status=200 durationMs=449
[pod/gateway-8689985fc9-t5bnw/gateway] 2026-10-05T15:49:08.303+00:00 INFO  http.request requestId=37595f3d-2ce3-4a59-82ac-851051ee3f8b role=api pod=gateway-8689985fc9-t5bnw method=POST path=/api/transcriptions status=200 durationMs=648
[pod/gateway-8689985fc9-gpd27/gateway] 2026-10-05T15:49:08.314+00:00 INFO  http.request requestId=585122be-829d-4843-81d0-f6443d514c58 role=api pod=gateway-8689985fc9-gpd27 method=POST path=/api/translations status=200 durationMs=422
[pod/gateway-8689985fc9-gpd27/gateway] 2026-10-05T15:49:08.319+00:00 INFO  http.request requestId=8ae2a4e1-7cfe-4135-9047-b2199850f083 role=api pod=gateway-8689985fc9-gpd27 method=POST path=/api/translations status=200 durationMs=606
[pod/gateway-8689985fc9-gpd27/gateway] 2026-10-05T15:49:08.321+00:00 INFO  http.request requestId=43b46614-b09b-4efe-8743-b5766a0f9fbc role=api pod=gateway-8689985fc9-gpd27 method=POST path=/api/transcriptions status=200 durationMs=846
[pod/gateway-8689985fc9-gpd27/gateway] 2026-10-05T15:49:08.328+00:00 INFO  http.request requestId=fe76c17e-7f46-4dfc-9211-825a88df5ba2 role=api pod=gateway-8689985fc9-gpd27 method=POST path=/api/transcriptions status=200 durationMs=702
[pod/gateway-8689985fc9-t5bnw/gateway] 2026-10-05T15:49:08.319+00:00 INFO  http.request requestId=c54ea69e-9ffa-4e13-8d62-56f8cacc5806 role=api pod=gateway-8689985fc9-t5bnw method=POST path=/api/transcriptions status=200 durationMs=889
[pod/gateway-8689985fc9-gpd27/gateway] 2026-10-05T15:49:08.371+00:00 INFO  http.request requestId=c52cf8ec-f8b2-4e02-a206-f5c0bf753f61 role=api pod=gateway-8689985fc9-gpd27 method=POST path=/api/translations status=200 durationMs=547
[pod/gateway-8689985fc9-gpd27/gateway] 2026-10-05T15:49:08.375+00:00 INFO  http.request requestId=e5213604-fdde-463c-82ad-666cf950ab15 role=api pod=gateway-8689985fc9-gpd27 method=POST path=/api/transcriptions status=200 durationMs=672
[pod/gateway-8689985fc9-gpd27/gateway] 2026-10-05T15:49:08.383+00:00 INFO  http.request requestId=4e563471-b338-4c74-aa8f-5e92f094d2bf role=api pod=gateway-8689985fc9-gpd27 method=POST path=/api/transcriptions status=200 durationMs=893
[pod/gateway-8689985fc9-t5bnw/gateway] 2026-10-05T15:49:08.378+00:00 INFO  http.request requestId=383f4a86-f675-4ac8-a696-91ef9a57ae95 role=api pod=gateway-8689985fc9-t5bnw method=POST path=/api/transcriptions status=200 durationMs=708
[pod/gateway-8689985fc9-t5bnw/gateway] 2026-10-05T15:49:08.387+00:00 INFO  http.request requestId=d1120abf-4df4-4efe-835a-db97ac0ac273 role=api pod=gateway-8689985fc9-t5bnw method=POST path=/api/translations status=200 durationMs=416
[pod/gateway-8689985fc9-t5bnw/gateway] 2026-10-05T15:49:08.393+00:00 INFO  http.request requestId=d00f1654-92ce-4f17-af9a-aaea31d0ab19 role=api pod=gateway-8689985fc9-t5bnw method=POST path=/api/translations status=200 durationMs=507
[pod/gateway-8689985fc9-gpd27/gateway] 2026-10-05T15:49:08.397+00:00 INFO  http.request requestId=0f7bb067-baa6-4ca8-a30b-aa4972d4e40b role=api pod=gateway-8689985fc9-gpd27 method=POST path=/api/transcriptions status=200 durationMs=890
[pod/gateway-8689985fc9-gpd27/gateway] 2026-10-05T15:49:08.407+00:00 INFO  http.request requestId=e6b211d8-6d26-4125-87d2-7784ce24245d role=api pod=gateway-8689985fc9-gpd27 method=POST path=/api/translations status=200 durationMs=506
[pod/gateway-8689985fc9-gpd27/gateway] 2026-10-05T15:49:08.408+00:00 INFO  http.request requestId=50664daf-a503-4a59-826f-4f8607c01e33 role=api pod=gateway-8689985fc9-gpd27 method=POST path=/api/transcriptions status=200 durationMs=768
[pod/gateway-8689985fc9-gpd27/gateway] 2026-10-05T15:49:08.414+00:00 INFO  http.request requestId=da73eff8-a6f5-447b-a891-97a3e79a1a7c role=api pod=gateway-8689985fc9-gpd27 method=POST path=/api/translations status=200 durationMs=576
[pod/gateway-8689985fc9-gpd27/gateway] 2026-10-05T15:49:08.417+00:00 INFO  http.request requestId=142d5e78-657a-45ca-82e6-f46df2f032d7 role=api pod=gateway-8689985fc9-gpd27 method=POST path=/api/translations status=200 durationMs=552
[pod/gateway-8689985fc9-gpd27/gateway] 2026-10-05T15:49:08.432+00:00 INFO  http.request requestId=5628d229-d861-4070-bd0b-4200fbb2bdc1 role=api pod=gateway-8689985fc9-gpd27 method=POST path=/api/translations status=200 durationMs=562
[pod/gateway-8689985fc9-t5bnw/gateway] 2026-10-05T15:49:08.422+00:00 INFO  http.request requestId=304a32e9-f5a0-4509-8296-07ff01b61c5d role=api pod=gateway-8689985fc9-t5bnw method=POST path=/api/translations status=200 durationMs=536
[pod/gateway-8689985fc9-2czzr/gateway] 2026-10-05T15:49:08.458+00:00 WARN  http.request requestId=7dcfe23a-f1d2-445a-a48d-0ee5ea45464d role=api pod=gateway-8689985fc9-2czzr method=GET path=/readyz status=503 durationMs=0
[pod/gateway-8689985fc9-gpd27/gateway] 2026-10-05T15:49:08.443+00:00 INFO  http.request requestId=1d30eb3d-62ae-42d3-8dfe-a436914424f5 role=api pod=gateway-8689985fc9-gpd27 method=POST path=/api/transcriptions status=200 durationMs=668
[pod/gateway-8689985fc9-gpd27/gateway] 2026-10-05T15:49:08.446+00:00 INFO  http.request requestId=ed7e8e1e-efc9-4ed8-b72b-9ae5d1d8ae0b role=api pod=gateway-8689985fc9-gpd27 method=POST path=/api/translations status=200 durationMs=533
[pod/gateway-8689985fc9-gpd27/gateway] 2026-10-05T15:49:08.455+00:00 INFO  http.request requestId=bbe7ace9-3c4f-4331-824a-a3e2b8300f90 role=api pod=gateway-8689985fc9-gpd27 method=POST path=/api/transcriptions status=200 durationMs=845
[pod/gateway-8689985fc9-gpd27/gateway] 2026-10-05T15:49:08.472+00:00 INFO  http.request requestId=92325b75-89bd-4658-9f43-a58e1f726235 role=api pod=gateway-8689985fc9-gpd27 method=POST path=/api/translations status=200 durationMs=569
[pod/gateway-8689985fc9-gpd27/gateway] 2026-10-05T15:49:08.473+00:00 INFO  http.request requestId=26f09bf7-aecc-425b-80b6-ed61501c5e74 role=api pod=gateway-8689985fc9-gpd27 method=POST path=/api/translations status=200 durationMs=468
[pod/gateway-8689985fc9-t5bnw/gateway] 2026-10-05T15:49:08.459+00:00 INFO  http.request requestId=09b449ac-7c21-4ee7-91a8-bb7f59b6d3f0 role=api pod=gateway-8689985fc9-t5bnw method=POST path=/api/translations status=200 durationMs=501
[pod/gateway-8689985fc9-t5bnw/gateway] 2026-10-05T15:49:08.478+00:00 INFO  http.request requestId=0c9cce6c-4b27-44d4-affb-54c0d916211f role=api pod=gateway-8689985fc9-t5bnw method=POST path=/api/translations status=200 durationMs=552
[pod/gateway-8689985fc9-t5bnw/gateway] 2026-10-05T15:49:08.494+00:00 INFO  http.request requestId=a8867335-681c-4868-97d4-d95e0fde108d role=api pod=gateway-8689985fc9-t5bnw method=POST path=/api/transcriptions status=200 durationMs=899
[pod/gateway-8689985fc9-gpd27/gateway] 2026-10-05T15:49:08.512+00:00 INFO  http.request requestId=493bab48-cd70-4ee8-93b0-30172197e5a2 role=api pod=gateway-8689985fc9-gpd27 method=POST path=/api/transcriptions status=200 durationMs=796
[pod/gateway-8689985fc9-gpd27/gateway] 2026-10-05T15:49:08.513+00:00 INFO  http.request requestId=73df9f0f-2865-4d44-9d33-e459460c042b role=api pod=gateway-8689985fc9-gpd27 method=POST path=/api/transcriptions status=200 durationMs=648
[pod/gateway-8689985fc9-t5bnw/gateway] 2026-10-05T15:49:08.504+00:00 INFO  http.request requestId=6bfb10a2-17d4-403c-8a31-21d00fc01de6 role=api pod=gateway-8689985fc9-t5bnw method=POST path=/api/translations status=200 durationMs=581
[pod/gateway-8689985fc9-gpd27/gateway] 2026-10-05T15:49:08.532+00:00 INFO  http.request requestId=e743801e-cbe0-4c3c-b3e4-84dba1e6dab7 role=api pod=gateway-8689985fc9-gpd27 method=POST path=/api/translations status=200 durationMs=461
[pod/gateway-8689985fc9-gpd27/gateway] 2026-10-05T15:49:08.558+00:00 INFO  http.request requestId=bb915646-dd7b-4012-847b-3b437f9d50ab role=api pod=gateway-8689985fc9-gpd27 method=POST path=/api/transcriptions status=200 durationMs=721
[pod/gateway-8689985fc9-t5bnw/gateway] 2026-10-05T15:49:08.535+00:00 INFO  http.request requestId=b34a87f8-3703-45ac-a291-a9e586776cf0 role=api pod=gateway-8689985fc9-t5bnw method=POST path=/api/transcriptions status=200 durationMs=731
[pod/gateway-8689985fc9-t5bnw/gateway] 2026-10-05T15:49:08.545+00:00 INFO  http.request requestId=d0ddab4e-2e6e-415c-880a-42c13e19940f role=api pod=gateway-8689985fc9-t5bnw method=POST path=/api/transcriptions status=200 durationMs=813
[pod/gateway-8689985fc9-gpd27/gateway] 2026-10-05T15:49:08.563+00:00 INFO  http.request requestId=f123feb3-ff0d-4cb5-8c14-8b7fd28705c0 role=api pod=gateway-8689985fc9-gpd27 method=POST path=/api/transcriptions status=200 durationMs=653
[pod/gateway-8689985fc9-gpd27/gateway] 2026-10-05T15:49:08.572+00:00 INFO  http.request requestId=b525b510-f419-420b-87a5-0ef4cfd95338 role=api pod=gateway-8689985fc9-gpd27 method=POST path=/api/transcriptions status=200 durationMs=825
[pod/gateway-8689985fc9-gpd27/gateway] 2026-10-05T15:49:08.597+00:00 INFO  http.request requestId=bcd341ca-3e20-4a2e-a943-06f700f96927 role=api pod=gateway-8689985fc9-gpd27 method=POST path=/api/translations status=200 durationMs=538
[pod/gateway-8689985fc9-t5bnw/gateway] 2026-10-05T15:49:08.580+00:00 INFO  http.request requestId=b16dff2e-b3aa-4d4f-b412-7a75e34d5075 role=api pod=gateway-8689985fc9-t5bnw method=POST path=/api/transcriptions status=200 durationMs=624
[pod/gateway-8689985fc9-t5bnw/gateway] 2026-10-05T15:49:08.581+00:00 INFO  http.request requestId=c29c1608-964c-43cb-8f7f-faac35fd8a3f role=api pod=gateway-8689985fc9-t5bnw method=POST path=/api/transcriptions status=200 durationMs=895
[pod/gateway-8689985fc9-t5bnw/gateway] 2026-10-05T15:49:08.594+00:00 INFO  http.request requestId=6177e5c5-4f9c-42af-bed3-c48ca4c69695 role=api pod=gateway-8689985fc9-t5bnw method=POST path=/api/transcriptions status=200 durationMs=743
[pod/gateway-8689985fc9-t5bnw/gateway] 2026-10-05T15:49:08.596+00:00 INFO  http.request requestId=21268fb2-ad4f-4f1d-b9a9-4f58d84a3ec5 role=api pod=gateway-8689985fc9-t5bnw method=POST path=/api/translations status=200 durationMs=529
[pod/gateway-8689985fc9-gpd27/gateway] 2026-10-05T15:49:08.616+00:00 INFO  http.request requestId=df2bda05-6111-415a-9a1a-d3ccd9d312ac role=api pod=gateway-8689985fc9-gpd27 method=POST path=/api/translations status=200 durationMs=413
[pod/gateway-8689985fc9-gpd27/gateway] 2026-10-05T15:49:08.618+00:00 INFO  http.request requestId=b6253a57-89ef-4e8f-9a02-36ab6c56bad9 role=api pod=gateway-8689985fc9-gpd27 method=POST path=/api/translations status=200 durationMs=515
[pod/gateway-8689985fc9-gpd27/gateway] 2026-10-05T15:49:08.640+00:00 INFO  http.request requestId=b1613b80-0aaa-42eb-ae11-e7894d9441f9 role=api pod=gateway-8689985fc9-gpd27 method=POST path=/api/translations status=200 durationMs=431
[pod/gateway-8689985fc9-t5bnw/gateway] 2026-10-05T15:49:08.618+00:00 INFO  http.request requestId=64f7a8de-ebdc-43db-9e4c-612543dd6310 role=api pod=gateway-8689985fc9-t5bnw method=POST path=/api/transcriptions status=200 durationMs=858
[pod/gateway-8689985fc9-t5bnw/gateway] 2026-10-05T15:49:08.628+00:00 INFO  http.request requestId=46a05bfb-3596-4363-b9fe-7525773746bf role=api pod=gateway-8689985fc9-t5bnw method=POST path=/api/translations status=200 durationMs=489
[pod/gateway-8689985fc9-gpd27/gateway] 2026-10-05T15:49:08.650+00:00 INFO  http.request requestId=8bd09e35-d20a-4dba-b0dd-db5cbb034a4b role=api pod=gateway-8689985fc9-gpd27 method=POST path=/api/transcriptions status=200 durationMs=755
[pod/gateway-8689985fc9-gpd27/gateway] 2026-10-05T15:49:08.652+00:00 INFO  http.request requestId=97bafd36-941b-448f-92f3-cd1947defcd7 role=api pod=gateway-8689985fc9-gpd27 method=POST path=/api/translations status=200 durationMs=465
[pod/gateway-8689985fc9-gpd27/gateway] 2026-10-05T15:49:08.670+00:00 INFO  http.request requestId=00094f67-de4e-4b5c-a367-cccb5b238040 role=api pod=gateway-8689985fc9-gpd27 method=POST path=/api/translations status=200 durationMs=578
[pod/gateway-8689985fc9-gpd27/gateway] 2026-10-05T15:49:08.698+00:00 INFO  http.request requestId=79edad5f-9b1f-47df-ac96-8f93a1784826 role=api pod=gateway-8689985fc9-gpd27 method=POST path=/api/transcriptions status=200 durationMs=729
[pod/gateway-8689985fc9-gpd27/gateway] 2026-10-05T15:49:08.700+00:00 INFO  http.request requestId=5c28c472-2561-4ea4-91c4-51c06f291cd9 role=api pod=gateway-8689985fc9-gpd27 method=POST path=/api/transcriptions status=200 durationMs=625
[pod/gateway-8689985fc9-gpd27/gateway] 2026-10-05T15:49:08.701+00:00 INFO  http.request requestId=ff1aebe2-944b-4ed3-a37e-bd0b071591f9 role=api pod=gateway-8689985fc9-gpd27 method=POST path=/api/translations status=200 durationMs=571
[pod/gateway-8689985fc9-t5bnw/gateway] 2026-10-05T15:49:08.695+00:00 INFO  http.request requestId=4bccf556-3657-48fb-b69d-457985f2054d role=api pod=gateway-8689985fc9-t5bnw method=POST path=/api/translations status=200 durationMs=582
[pod/gateway-8689985fc9-t5bnw/gateway] 2026-10-05T15:49:08.701+00:00 INFO  http.request requestId=5b4f40a8-eca7-4c11-a348-506e5db804c3 role=api pod=gateway-8689985fc9-t5bnw method=POST path=/api/transcriptions status=200 durationMs=762
[pod/gateway-8689985fc9-t5bnw/gateway] 2026-10-05T15:49:08.710+00:00 INFO  http.request requestId=7a91047d-66e1-4839-a337-cd4334fc95b1 role=api pod=gateway-8689985fc9-t5bnw method=POST path=/api/translations status=200 durationMs=581
[pod/gateway-8689985fc9-t5bnw/gateway] 2026-10-05T15:49:08.712+00:00 INFO  http.request requestId=5143084a-3d17-4816-bfc5-9f6913f83829 role=api pod=gateway-8689985fc9-t5bnw method=POST path=/api/translations status=200 durationMs=471
[pod/gateway-8689985fc9-gpd27/gateway] 2026-10-05T15:49:08.708+00:00 INFO  http.request requestId=3d1f0561-8e38-42a1-ad97-e2342f126a91 role=api pod=gateway-8689985fc9-gpd27 method=POST path=/api/transcriptions status=200 durationMs=693
[pod/gateway-8689985fc9-gpd27/gateway] 2026-10-05T15:49:08.714+00:00 INFO  http.request requestId=3b91f9de-db88-42f6-9868-41a7be5cc500 role=api pod=gateway-8689985fc9-gpd27 method=POST path=/api/transcriptions status=200 durationMs=835
[pod/gateway-8689985fc9-gpd27/gateway] 2026-10-05T15:49:08.743+00:00 INFO  http.request requestId=5ec71e04-13a6-434b-aeda-fe37cc346192 role=api pod=gateway-8689985fc9-gpd27 method=POST path=/api/translations status=200 durationMs=555
[pod/gateway-8689985fc9-gpd27/gateway] 2026-10-05T15:49:08.749+00:00 INFO  http.request requestId=fa6667f1-38d9-45f0-9b22-60a3c7cc1bb2 role=api pod=gateway-8689985fc9-gpd27 method=POST path=/api/translations status=200 durationMs=444
[pod/gateway-8689985fc9-t5bnw/gateway] 2026-10-05T15:49:08.732+00:00 INFO  http.request requestId=10f75fbd-076b-4f0f-85a0-6820287dd0fd role=api pod=gateway-8689985fc9-t5bnw method=POST path=/api/transcriptions status=200 durationMs=912
[pod/gateway-8689985fc9-t5bnw/gateway] 2026-10-05T15:49:08.760+00:00 INFO  http.request requestId=041198e9-181f-4c31-b0d3-0b62922e93cc role=api pod=gateway-8689985fc9-t5bnw method=POST path=/api/translations status=200 durationMs=466
[pod/gateway-8689985fc9-gpd27/gateway] 2026-10-05T15:49:08.770+00:00 INFO  http.request requestId=2335eef4-39a5-426a-ad36-c1d7c2fc4864 role=api pod=gateway-8689985fc9-gpd27 method=POST path=/api/translations status=200 durationMs=440
[pod/gateway-8689985fc9-gpd27/gateway] 2026-10-05T15:49:08.774+00:00 INFO  http.request requestId=14e6af79-d3ed-41c9-9ab8-d5cceb4b3901 role=api pod=gateway-8689985fc9-gpd27 method=POST path=/api/translations status=200 durationMs=566
[pod/gateway-8689985fc9-t5bnw/gateway] 2026-10-05T15:49:08.766+00:00 INFO  http.request requestId=204d7d54-8602-4b7c-aecc-13d491414d1d role=api pod=gateway-8689985fc9-t5bnw method=POST path=/api/translations status=200 durationMs=534
[pod/gateway-8689985fc9-t5bnw/gateway] 2026-10-05T15:49:08.767+00:00 INFO  http.request requestId=a6c3cba7-6fa7-452b-a973-279e69b80313 role=api pod=gateway-8689985fc9-t5bnw method=POST path=/api/translations status=200 durationMs=498
[pod/gateway-8689985fc9-t5bnw/gateway] 2026-10-05T15:49:08.776+00:00 INFO  http.request requestId=db952c08-8c6c-4669-b742-01eb3a102177 role=api pod=gateway-8689985fc9-t5bnw method=POST path=/api/transcriptions status=200 durationMs=850
[pod/gateway-8689985fc9-gpd27/gateway] 2026-10-05T15:49:08.818+00:00 INFO  http.request requestId=2c463353-fb1b-4950-90af-41fb9308d7b1 role=api pod=gateway-8689985fc9-gpd27 method=POST path=/api/translations status=200 durationMs=605
[pod/gateway-8689985fc9-t5bnw/gateway] 2026-10-05T15:49:08.819+00:00 INFO  http.request requestId=ea0ea475-ad44-4805-8279-6f3cecc5193c role=api pod=gateway-8689985fc9-t5bnw method=POST path=/api/translations status=200 durationMs=497
[pod/gateway-8689985fc9-t5bnw/gateway] 2026-10-05T15:49:08.819+00:00 INFO  http.request requestId=1a08134d-8c14-44b5-8842-50c50debd42a role=api pod=gateway-8689985fc9-t5bnw method=POST path=/api/translations status=200 durationMs=499
[pod/gateway-8689985fc9-h82ls/gateway] 2026-10-05T15:49:08.834+00:00 WARN  http.request requestId=a7006984-ba29-4ff1-b714-be2cb81ac460 role=api pod=gateway-8689985fc9-h82ls method=GET path=/readyz status=503 durationMs=0
[pod/gateway-8689985fc9-gpd27/gateway] 2026-10-05T15:49:08.843+00:00 INFO  http.request requestId=86c22901-e0d5-4a73-919a-dee3f06a648f role=api pod=gateway-8689985fc9-gpd27 method=POST path=/api/transcriptions status=200 durationMs=782
[pod/gateway-8689985fc9-gpd27/gateway] 2026-10-05T15:49:08.854+00:00 INFO  http.request requestId=08ee72d2-be34-4637-a69f-79f58e5c514c role=api pod=gateway-8689985fc9-gpd27 method=POST path=/api/translations status=200 durationMs=573
[pod/gateway-8689985fc9-gpd27/gateway] 2026-10-05T15:49:08.863+00:00 INFO  http.request requestId=e723875b-9708-4001-b5a8-bc8814ea6e20 role=api pod=gateway-8689985fc9-gpd27 method=POST path=/api/transcriptions status=200 durationMs=727
[pod/gateway-8689985fc9-gpd27/gateway] 2026-10-05T15:49:08.879+00:00 INFO  http.request requestId=90e1ce11-1092-4484-9269-14503e880e87 role=api pod=gateway-8689985fc9-gpd27 method=POST path=/api/translations status=200 durationMs=422
[pod/gateway-8689985fc9-gpd27/gateway] 2026-10-05T15:49:08.881+00:00 INFO  http.request requestId=20f6bfaf-d2d1-4833-a873-09706c608bc0 role=api pod=gateway-8689985fc9-gpd27 method=POST path=/api/transcriptions status=200 durationMs=792
[pod/gateway-8689985fc9-t5bnw/gateway] 2026-10-05T15:49:08.877+00:00 INFO  http.request requestId=8e4e777c-250a-4cbb-af93-f136c335acda role=api pod=gateway-8689985fc9-t5bnw method=POST path=/api/transcriptions status=200 durationMs=892
[pod/gateway-8689985fc9-t5bnw/gateway] 2026-10-05T15:49:08.889+00:00 INFO  http.request requestId=5c119107-c674-45f4-a3ce-d8c61e22978e role=api pod=gateway-8689985fc9-t5bnw method=POST path=/api/transcriptions status=200 durationMs=889
[pod/gateway-8689985fc9-t5bnw/gateway] 2026-10-05T15:49:08.896+00:00 INFO  http.request requestId=f33d5df4-a9e6-44af-89f0-5e30530a9062 role=api pod=gateway-8689985fc9-t5bnw method=POST path=/api/translations status=200 durationMs=521
[pod/gateway-8689985fc9-t5bnw/gateway] 2026-10-05T15:49:08.897+00:00 INFO  http.request requestId=2ead8baf-98a0-4e0f-bcc0-0da8ee330fe3 role=api pod=gateway-8689985fc9-t5bnw method=POST path=/api/transcriptions status=200 durationMs=852
[pod/gateway-8689985fc9-t5bnw/gateway] 2026-10-05T15:49:08.906+00:00 INFO  http.request requestId=d33af209-b7a5-4b4f-b414-37478ad4faaf role=api pod=gateway-8689985fc9-t5bnw method=POST path=/api/transcriptions status=200 durationMs=756
[pod/gateway-8689985fc9-t5bnw/gateway] 2026-10-05T15:49:08.907+00:00 INFO  http.request requestId=121e47df-4815-4d13-92c0-1c40b998c7a0 role=api pod=gateway-8689985fc9-t5bnw method=POST path=/api/translations status=200 durationMs=507
[pod/gateway-8689985fc9-t5bnw/gateway] 2026-10-05T15:49:08.914+00:00 INFO  http.request requestId=471259c2-b0d7-4212-b8a3-cebfb7fb1659 role=api pod=gateway-8689985fc9-t5bnw method=POST path=/api/transcriptions status=200 durationMs=704
[pod/gateway-8689985fc9-t5bnw/gateway] 2026-10-05T15:49:08.920+00:00 INFO  http.request requestId=3c591b19-33b1-4460-a9cd-6d30d640fa5b role=api pod=gateway-8689985fc9-t5bnw method=POST path=/api/transcriptions status=200 durationMs=798
[pod/gateway-8689985fc9-t5bnw/gateway] 2026-10-05T15:49:08.932+00:00 INFO  http.request requestId=1f30f1df-510c-4207-b7da-458ccd58f551 role=api pod=gateway-8689985fc9-t5bnw method=POST path=/api/transcriptions status=200 durationMs=901
[pod/gateway-8689985fc9-gpd27/gateway] 2026-10-05T15:49:08.932+00:00 INFO  http.request requestId=a139b6da-bde2-46a7-a80b-c23e0d4b6139 role=api pod=gateway-8689985fc9-gpd27 method=POST path=/api/translations status=200 durationMs=488
[pod/gateway-8689985fc9-gpd27/gateway] 2026-10-05T15:49:08.941+00:00 INFO  http.request requestId=e4b895ed-a881-41cc-9534-1eadacc311d6 role=api pod=gateway-8689985fc9-gpd27 method=POST path=/api/transcriptions status=200 durationMs=836
[pod/gateway-8689985fc9-gpd27/gateway] 2026-10-05T15:49:08.942+00:00 INFO  http.request requestId=4027b3ce-5030-4c44-8a89-22cd02c75013 role=api pod=gateway-8689985fc9-gpd27 method=POST path=/api/transcriptions status=200 durationMs=747
[pod/gateway-8689985fc9-gpd27/gateway] 2026-10-05T15:49:08.951+00:00 INFO  http.request requestId=028c8fea-fb14-45e7-95f5-daececba6f99 role=api pod=gateway-8689985fc9-gpd27 method=POST path=/api/translations status=200 durationMs=541
[pod/gateway-8689985fc9-gpd27/gateway] 2026-10-05T15:49:08.962+00:00 INFO  http.request requestId=cc187db0-cc2f-455f-a27f-573f8cf55dec role=api pod=gateway-8689985fc9-gpd27 method=POST path=/api/translations status=200 durationMs=583
[pod/gateway-8689985fc9-gpd27/gateway] 2026-10-05T15:49:08.968+00:00 INFO  http.request requestId=f8ad9dd7-95de-46f7-8f24-0fb961440122 role=api pod=gateway-8689985fc9-gpd27 method=POST path=/api/transcriptions status=200 durationMs=789
[pod/gateway-8689985fc9-gpd27/gateway] 2026-10-05T15:49:08.976+00:00 INFO  http.request requestId=cdbccf52-ec7e-48c8-9a7c-56aa7530f1e1 role=api pod=gateway-8689985fc9-gpd27 method=POST path=/api/translations status=200 durationMs=480
[pod/gateway-8689985fc9-t5bnw/gateway] 2026-10-05T15:49:08.953+00:00 INFO  http.request requestId=37eff1f9-3539-4709-ba6f-79111b9b060d role=api pod=gateway-8689985fc9-t5bnw method=POST path=/api/transcriptions status=200 durationMs=789
[pod/gateway-8689985fc9-t5bnw/gateway] 2026-10-05T15:49:08.956+00:00 INFO  http.request requestId=1f065341-26b4-4824-90f0-8c543e11eff2 role=api pod=gateway-8689985fc9-t5bnw method=POST path=/api/translations status=200 durationMs=572
[pod/gateway-8689985fc9-t5bnw/gateway] 2026-10-05T15:49:08.963+00:00 INFO  http.request requestId=f44f4334-d50a-4184-87e3-a1ed65cd945b role=api pod=gateway-8689985fc9-t5bnw method=POST path=/api/transcriptions status=200 durationMs=722
[pod/gateway-8689985fc9-gpd27/gateway] 2026-10-05T15:49:09.016+00:00 INFO  http.request requestId=36ed5c1e-a892-4f7b-8526-393b3b44982f role=api pod=gateway-8689985fc9-gpd27 method=POST path=/api/transcriptions status=200 durationMs=669
[pod/gateway-8689985fc9-gpd27/gateway] 2026-10-05T15:49:09.044+00:00 INFO  http.request requestId=fb59efc3-b021-4cd1-8f90-c8876d1c3199 role=api pod=gateway-8689985fc9-gpd27 method=POST path=/api/translations status=200 durationMs=485
[pod/gateway-8689985fc9-t5bnw/gateway] 2026-10-05T15:49:09.032+00:00 INFO  http.request requestId=ea144e38-0375-4d0c-9a65-31431ba953a3 role=api pod=gateway-8689985fc9-t5bnw method=POST path=/api/translations status=200 durationMs=519
[pod/gateway-8689985fc9-t5bnw/gateway] 2026-10-05T15:49:09.047+00:00 INFO  http.request requestId=f1608ffb-9e64-4309-83ff-097632e75eef role=api pod=gateway-8689985fc9-t5bnw method=POST path=/api/transcriptions status=200 durationMs=792
[pod/gateway-8689985fc9-t5bnw/gateway] 2026-10-05T15:49:09.068+00:00 INFO  http.request requestId=6726a026-0013-4683-8b1f-44f682bff593 role=api pod=gateway-8689985fc9-t5bnw method=POST path=/api/transcriptions status=200 durationMs=844
[pod/gateway-8689985fc9-gpd27/gateway] 2026-10-05T15:49:09.058+00:00 INFO  http.request requestId=0e564d26-3902-4d77-9aa8-42b8b630b79a role=api pod=gateway-8689985fc9-gpd27 method=POST path=/api/translations status=200 durationMs=522
[pod/gateway-8689985fc9-gpd27/gateway] 2026-10-05T15:49:09.073+00:00 INFO  http.request requestId=8b22859c-53f6-455f-85e7-1ff3ebd6657b role=api pod=gateway-8689985fc9-gpd27 method=POST path=/api/translations status=200 durationMs=526
[pod/gateway-8689985fc9-t5bnw/gateway] 2026-10-05T15:49:09.082+00:00 INFO  http.request requestId=dcd3badb-676d-4362-8e9d-03c9095e4479 role=api pod=gateway-8689985fc9-t5bnw method=POST path=/api/translations status=200 durationMs=488
[pod/gateway-8689985fc9-t5bnw/gateway] 2026-10-05T15:49:09.087+00:00 INFO  http.request requestId=f8da77ef-3286-465c-b1aa-e03169b746b9 role=api pod=gateway-8689985fc9-t5bnw method=POST path=/api/transcriptions status=200 durationMs=817
[pod/gateway-8689985fc9-gpd27/gateway] 2026-10-05T15:49:09.085+00:00 INFO  http.request requestId=00c7da23-e298-450a-b81a-5406537a745e role=api pod=gateway-8689985fc9-gpd27 method=POST path=/api/transcriptions status=200 durationMs=665
[pod/gateway-8689985fc9-gpd27/gateway] 2026-10-05T15:49:09.089+00:00 INFO  http.request requestId=01481fae-d7b1-4c87-baca-401fc64c944c role=api pod=gateway-8689985fc9-gpd27 method=POST path=/api/translations status=200 durationMs=508
[pod/gateway-8689985fc9-gpd27/gateway] 2026-10-05T15:49:09.113+00:00 INFO  http.request requestId=3ca42193-2969-48db-a695-21bb11b12210 role=api pod=gateway-8689985fc9-gpd27 method=POST path=/api/transcriptions status=200 durationMs=648
[pod/gateway-8689985fc9-gpd27/gateway] 2026-10-05T15:49:09.114+00:00 INFO  http.request requestId=1e654219-235c-4c54-a928-cbcad533d781 role=api pod=gateway-8689985fc9-gpd27 method=POST path=/api/translations status=200 durationMs=599
[pod/gateway-8689985fc9-t5bnw/gateway] 2026-10-05T15:49:09.146+00:00 INFO  http.request requestId=658ea21b-9735-45ba-950f-b49e5a3ea149 role=api pod=gateway-8689985fc9-t5bnw method=POST path=/api/translations status=200 durationMs=572
[pod/gateway-8689985fc9-t5bnw/gateway] 2026-10-05T15:49:09.158+00:00 INFO  http.request requestId=1876fc77-6dac-4cb5-90a8-2381e0072dc6 role=api pod=gateway-8689985fc9-t5bnw method=POST path=/api/translations status=200 durationMs=455
[pod/gateway-8689985fc9-gpd27/gateway] 2026-10-05T15:49:09.148+00:00 INFO  http.request requestId=ffe088fc-e96b-4f99-9b97-09d307857743 role=api pod=gateway-8689985fc9-gpd27 method=POST path=/api/transcriptions status=200 durationMs=817
[pod/gateway-8689985fc9-gpd27/gateway] 2026-10-05T15:49:09.149+00:00 INFO  http.request requestId=7acc5132-9799-4807-b811-0f9ff8ab84ff role=api pod=gateway-8689985fc9-gpd27 method=POST path=/api/transcriptions status=200 durationMs=834
[pod/gateway-8689985fc9-gpd27/gateway] 2026-10-05T15:49:09.149+00:00 INFO  http.request requestId=ce020192-1fb5-4ed4-be28-d1991b791a73 role=api pod=gateway-8689985fc9-gpd27 method=POST path=/api/transcriptions status=200 durationMs=654
[pod/gateway-8689985fc9-gpd27/gateway] 2026-10-05T15:49:09.151+00:00 INFO  http.request requestId=536593b1-1bc0-4762-8979-c20363e30660 role=api pod=gateway-8689985fc9-gpd27 method=POST path=/api/transcriptions status=200 durationMs=702
[pod/gateway-8689985fc9-gpd27/gateway] 2026-10-05T15:49:09.163+00:00 INFO  http.request requestId=00d12a60-a3cd-42f6-9609-9f43d78eb133 role=api pod=gateway-8689985fc9-gpd27 method=POST path=/api/transcriptions status=200 durationMs=878
[pod/gateway-8689985fc9-gpd27/gateway] 2026-10-05T15:49:09.167+00:00 INFO  http.request requestId=2840533d-35cf-4ec9-ab8d-34c5908665b5 role=api pod=gateway-8689985fc9-gpd27 method=POST path=/api/transcriptions status=200 durationMs=641
[pod/gateway-8689985fc9-gpd27/gateway] 2026-10-05T15:49:09.190+00:00 INFO  http.request requestId=f77945c1-5e16-4e44-8039-a205d01b6764 role=api pod=gateway-8689985fc9-gpd27 method=POST path=/api/translations status=200 durationMs=571
[pod/gateway-8689985fc9-gpd27/gateway] 2026-10-05T15:49:09.195+00:00 INFO  http.request requestId=f4ca50d3-a035-4e59-9939-ea004c35dcbd role=api pod=gateway-8689985fc9-gpd27 method=POST path=/api/transcriptions status=200 durationMs=896
[pod/gateway-8689985fc9-t5bnw/gateway] 2026-10-05T15:49:09.181+00:00 INFO  http.request requestId=d34cb134-1064-480b-9117-ee3b0cf34ccb role=api pod=gateway-8689985fc9-t5bnw method=POST path=/api/transcriptions status=200 durationMs=701
[pod/gateway-8689985fc9-t5bnw/gateway] 2026-10-05T15:49:09.186+00:00 INFO  http.request requestId=77b06fb3-6250-40fc-9bf9-260cdb3efe7e role=api pod=gateway-8689985fc9-t5bnw method=POST path=/api/translations status=200 durationMs=603
[pod/gateway-8689985fc9-gpd27/gateway] 2026-10-05T15:49:09.208+00:00 INFO  http.request requestId=a8803239-1dce-4797-8f74-0a9104105c97 role=api pod=gateway-8689985fc9-gpd27 method=POST path=/api/translations status=200 durationMs=492
[pod/gateway-8689985fc9-gpd27/gateway] 2026-10-05T15:49:09.214+00:00 INFO  http.request requestId=364f42fb-3b1b-4588-91ee-30d561038cc3 role=api pod=gateway-8689985fc9-gpd27 method=POST path=/api/translations status=200 durationMs=511
[pod/gateway-8689985fc9-gpd27/gateway] 2026-10-05T15:49:09.231+00:00 INFO  http.request requestId=3bf2317d-757e-4051-8188-7c889c27b018 role=api pod=gateway-8689985fc9-gpd27 method=POST path=/api/transcriptions status=200 durationMs=826
[pod/gateway-8689985fc9-t5bnw/gateway] 2026-10-05T15:49:09.209+00:00 INFO  http.request requestId=a2625d95-5a9c-4b62-a84b-153c1a20db58 role=api pod=gateway-8689985fc9-t5bnw method=POST path=/api/transcriptions status=200 durationMs=624
[pod/gateway-8689985fc9-t5bnw/gateway] 2026-10-05T15:49:09.231+00:00 INFO  http.request requestId=c072c53c-8179-4791-abd1-870e33529798 role=api pod=gateway-8689985fc9-t5bnw method=POST path=/api/transcriptions status=200 durationMs=796
[pod/gateway-8689985fc9-gpd27/gateway] 2026-10-05T15:49:09.231+00:00 INFO  http.request requestId=673214bb-2543-47f6-bdda-636dd5600a9f role=api pod=gateway-8689985fc9-gpd27 method=POST path=/api/translations status=200 durationMs=580
[pod/gateway-8689985fc9-gpd27/gateway] 2026-10-05T15:49:09.241+00:00 INFO  http.request requestId=c9a49034-5a45-472e-8824-172a3dc777e6 role=api pod=gateway-8689985fc9-gpd27 method=POST path=/api/translations status=200 durationMs=530
[pod/gateway-8689985fc9-gpd27/gateway] 2026-10-05T15:49:09.242+00:00 INFO  http.request requestId=2a4f85dd-e703-4aaf-bf91-62f60ca6ffcb role=api pod=gateway-8689985fc9-gpd27 method=POST path=/api/transcriptions status=200 durationMs=852
[pod/gateway-8689985fc9-gpd27/gateway] 2026-10-05T15:49:09.246+00:00 INFO  http.request requestId=7605fabd-cc98-4aec-ba37-194e93123101 role=api pod=gateway-8689985fc9-gpd27 method=POST path=/api/transcriptions status=200 durationMs=871
[pod/gateway-8689985fc9-gpd27/gateway] 2026-10-05T15:49:09.265+00:00 INFO  http.request requestId=8c2e6c64-c067-48b1-9c64-10de7753ff1f role=api pod=gateway-8689985fc9-gpd27 method=POST path=/api/translations status=200 durationMs=487
[pod/gateway-8689985fc9-t5bnw/gateway] 2026-10-05T15:49:09.255+00:00 INFO  http.request requestId=7028c598-6568-4201-9cc6-6815454fa398 role=api pod=gateway-8689985fc9-t5bnw method=POST path=/api/transcriptions status=200 durationMs=895
[pod/gateway-8689985fc9-t5bnw/gateway] 2026-10-05T15:49:09.257+00:00 INFO  http.request requestId=fecc375f-f706-40a4-8f75-53474ca3ce46 role=api pod=gateway-8689985fc9-t5bnw method=POST path=/api/translations status=200 durationMs=555
[pod/gateway-8689985fc9-t5bnw/gateway] 2026-10-05T15:49:09.270+00:00 INFO  http.request requestId=3f4346f2-9e52-4f9d-a04f-cc4107d3ee2c role=api pod=gateway-8689985fc9-t5bnw method=POST path=/api/transcriptions status=200 durationMs=731
[pod/gateway-8689985fc9-t5bnw/gateway] 2026-10-05T15:49:09.277+00:00 INFO  http.request requestId=c6703102-2ec2-48a4-80c0-fbfce6721428 role=api pod=gateway-8689985fc9-t5bnw method=POST path=/api/transcriptions status=200 durationMs=678
[pod/gateway-8689985fc9-t5bnw/gateway] 2026-10-05T15:49:09.294+00:00 INFO  http.request requestId=9b777104-1bfb-4c53-8616-f6e9e7b2065f role=api pod=gateway-8689985fc9-t5bnw method=POST path=/api/transcriptions status=200 durationMs=662
[pod/gateway-8689985fc9-t5bnw/gateway] 2026-10-05T15:49:09.298+00:00 INFO  http.request requestId=07a585a4-3fb0-4e0d-b4d7-c116e76b0e5c role=api pod=gateway-8689985fc9-t5bnw method=POST path=/api/transcriptions status=200 durationMs=788
[pod/gateway-8689985fc9-gpd27/gateway] 2026-10-05T15:49:09.311+00:00 INFO  http.request requestId=314b9924-7097-4063-a9fc-96926b68b7ba role=api pod=gateway-8689985fc9-gpd27 method=POST path=/api/translations status=200 durationMs=448
[pod/gateway-8689985fc9-t5bnw/gateway] 2026-10-05T15:49:09.329+00:00 INFO  http.request requestId=60668398-5c05-45cb-a7fc-f648bd875dab role=api pod=gateway-8689985fc9-t5bnw method=POST path=/api/transcriptions status=200 durationMs=774
[pod/gateway-8689985fc9-t5bnw/gateway] 2026-10-05T15:49:09.331+00:00 INFO  http.request requestId=0c5e7306-7a88-495b-8650-054de414273a role=api pod=gateway-8689985fc9-t5bnw method=POST path=/api/translations status=200 durationMs=598
[pod/gateway-8689985fc9-t5bnw/gateway] 2026-10-05T15:49:09.345+00:00 INFO  http.request requestId=e6156a27-2abc-4e3a-b21c-b57b79843c04 role=api pod=gateway-8689985fc9-t5bnw method=POST path=/api/translations status=200 durationMs=447
[pod/gateway-8689985fc9-t5bnw/gateway] 2026-10-05T15:49:09.357+00:00 INFO  http.request requestId=1fab575c-90da-4254-a3ca-3ac65100ae55 role=api pod=gateway-8689985fc9-t5bnw method=POST path=/api/translations status=200 durationMs=474
[pod/gateway-8689985fc9-t5bnw/gateway] 2026-10-05T15:49:09.371+00:00 INFO  http.request requestId=2f191e7b-5c32-4fee-9642-9642bbac9bc2 role=api pod=gateway-8689985fc9-t5bnw method=POST path=/api/translations status=200 durationMs=456
[pod/gateway-8689985fc9-t5bnw/gateway] 2026-10-05T15:49:09.378+00:00 INFO  http.request requestId=bc9a9b92-cd15-4b96-8b8d-db90de49568b role=api pod=gateway-8689985fc9-t5bnw method=POST path=/api/transcriptions status=200 durationMs=733
[pod/gateway-8689985fc9-gpd27/gateway] 2026-10-05T15:49:09.365+00:00 INFO  http.request requestId=61ade57b-c432-4ccc-9005-0bb2955904e0 role=api pod=gateway-8689985fc9-gpd27 method=POST path=/api/translations status=200 durationMs=487
[pod/gateway-8689985fc9-t5bnw/gateway] 2026-10-05T15:49:09.404+00:00 INFO  http.request requestId=c30361fc-5fd1-4235-94f0-1b153ee895e7 role=api pod=gateway-8689985fc9-t5bnw method=POST path=/api/transcriptions status=200 durationMs=670
[pod/gateway-8689985fc9-gpd27/gateway] 2026-10-05T15:49:09.398+00:00 INFO  http.request requestId=63211861-23c5-45f1-8c2e-4eba4f630a90 role=api pod=gateway-8689985fc9-gpd27 method=POST path=/api/transcriptions status=200 durationMs=708
[pod/gateway-8689985fc9-gpd27/gateway] 2026-10-05T15:49:09.415+00:00 INFO  http.request requestId=c3eeff42-79a7-4505-8a53-d49c937aa0f3 role=api pod=gateway-8689985fc9-gpd27 method=POST path=/api/transcriptions status=200 durationMs=755
[pod/gateway-8689985fc9-2czzr/gateway] 2026-10-05T15:49:09.458+00:00 WARN  http.request requestId=e6ff9338-4c05-451d-a297-10e6c5a0a6d4 role=api pod=gateway-8689985fc9-2czzr method=GET path=/readyz status=503 durationMs=0
[pod/gateway-8689985fc9-t5bnw/gateway] 2026-10-05T15:49:09.447+00:00 INFO  http.request requestId=6feb581b-f703-4949-b5f2-9a067e6a5067 role=api pod=gateway-8689985fc9-t5bnw method=POST path=/api/translations status=200 durationMs=540
[pod/gateway-8689985fc9-t5bnw/gateway] 2026-10-05T15:49:09.448+00:00 INFO  http.request requestId=e21a2b10-3217-48f2-a834-1990622b28b5 role=api pod=gateway-8689985fc9-t5bnw method=POST path=/api/transcriptions status=200 durationMs=608
[pod/gateway-8689985fc9-t5bnw/gateway] 2026-10-05T15:49:09.460+00:00 INFO  http.request requestId=04cd3d51-fbb9-4e51-b465-99fa995dd719 role=api pod=gateway-8689985fc9-t5bnw method=POST path=/api/translations status=200 durationMs=496
[pod/gateway-8689985fc9-gpd27/gateway] 2026-10-05T15:49:09.437+00:00 INFO  http.request requestId=0d3f8a42-967f-4fe9-907a-5313bf3a2466 role=api pod=gateway-8689985fc9-gpd27 method=POST path=/api/translations status=200 durationMs=419
[pod/gateway-8689985fc9-gpd27/gateway] 2026-10-05T15:49:09.438+00:00 INFO  http.request requestId=90b1cdfa-3353-40d0-83f0-1fdf3756a40e role=api pod=gateway-8689985fc9-gpd27 method=POST path=/api/transcriptions status=200 durationMs=718
[pod/gateway-8689985fc9-gpd27/gateway] 2026-10-05T15:49:09.438+00:00 INFO  http.request requestId=9ea046db-7e91-48b5-bdd8-96d8edd97f6f role=api pod=gateway-8689985fc9-gpd27 method=POST path=/api/translations status=200 durationMs=548
[pod/gateway-8689985fc9-gpd27/gateway] 2026-10-05T15:49:09.447+00:00 INFO  http.request requestId=c15d8b30-d3ee-47db-8a76-69876a875af9 role=api pod=gateway-8689985fc9-gpd27 method=POST path=/api/translations status=200 durationMs=603
[pod/gateway-8689985fc9-gpd27/gateway] 2026-10-05T15:49:09.448+00:00 INFO  http.request requestId=b9a542c1-2338-43ac-ba88-f72703bbd32b role=api pod=gateway-8689985fc9-gpd27 method=POST path=/api/transcriptions status=200 durationMs=772
[pod/gateway-8689985fc9-gpd27/gateway] 2026-10-05T15:49:09.461+00:00 INFO  http.request requestId=4fc83e1e-caf6-47cd-9165-bbe43476507d role=api pod=gateway-8689985fc9-gpd27 method=POST path=/api/transcriptions status=200 durationMs=754
[pod/gateway-8689985fc9-gpd27/gateway] 2026-10-05T15:49:09.461+00:00 INFO  http.request requestId=ba7b0196-7c5c-4eb2-875a-68b1a2c07505 role=api pod=gateway-8689985fc9-gpd27 method=POST path=/api/translations status=200 durationMs=507
[pod/gateway-8689985fc9-gpd27/gateway] 2026-10-05T15:49:09.468+00:00 INFO  http.request requestId=0ba2b697-f78c-4e9d-806c-18315060848b role=api pod=gateway-8689985fc9-gpd27 method=POST path=/api/transcriptions status=200 durationMs=898
[pod/gateway-8689985fc9-gpd27/gateway] 2026-10-05T15:49:09.491+00:00 INFO  http.request requestId=999e4bf8-c11f-4139-ad89-b9aa82a3702d role=api pod=gateway-8689985fc9-gpd27 method=POST path=/api/translations status=200 durationMs=549
[pod/gateway-8689985fc9-gpd27/gateway] 2026-10-05T15:49:09.500+00:00 INFO  http.request requestId=05425b5a-baa4-4a47-8ae6-d2b63ea6ba92 role=api pod=gateway-8689985fc9-gpd27 method=POST path=/api/transcriptions status=200 durationMs=884
[pod/gateway-8689985fc9-t5bnw/gateway] 2026-10-05T15:49:09.500+00:00 INFO  http.request requestId=9f3d8660-f31e-4bb7-a631-a873071041d4 role=api pod=gateway-8689985fc9-t5bnw method=POST path=/api/transcriptions status=200 durationMs=706
[pod/gateway-8689985fc9-t5bnw/gateway] 2026-10-05T15:49:09.505+00:00 INFO  http.request requestId=8631f2c7-2787-4895-835b-e3e0bcb1fb3c role=api pod=gateway-8689985fc9-t5bnw method=POST path=/api/translations status=200 durationMs=563
[pod/gateway-8689985fc9-t5bnw/gateway] 2026-10-05T15:49:09.512+00:00 INFO  http.request requestId=f6ad825a-ddad-4692-9a17-ef6b1b990ac6 role=api pod=gateway-8689985fc9-t5bnw method=POST path=/api/translations status=200 durationMs=591
[pod/gateway-8689985fc9-t5bnw/gateway] 2026-10-05T15:49:09.513+00:00 INFO  http.request requestId=4ed0fca5-0fb7-45e5-8820-18d065751b69 role=api pod=gateway-8689985fc9-t5bnw method=POST path=/api/transcriptions status=200 durationMs=733
[pod/gateway-8689985fc9-t5bnw/gateway] 2026-10-05T15:49:09.527+00:00 INFO  http.request requestId=64916bb2-07ac-4829-a757-70e2d73dd543 role=api pod=gateway-8689985fc9-t5bnw method=POST path=/api/translations status=200 durationMs=594
[pod/gateway-8689985fc9-gpd27/gateway] 2026-10-05T15:49:09.514+00:00 INFO  http.request requestId=f46c914a-edec-4026-a278-b2758ba26b80 role=api pod=gateway-8689985fc9-gpd27 method=POST path=/api/translations status=200 durationMs=544
[pod/gateway-8689985fc9-gpd27/gateway] 2026-10-05T15:49:09.538+00:00 INFO  http.request requestId=33254454-17a8-440b-a3b3-08bd7a51bf7f role=api pod=gateway-8689985fc9-gpd27 method=POST path=/api/translations status=200 durationMs=468
[pod/gateway-8689985fc9-t5bnw/gateway] 2026-10-05T15:49:09.561+00:00 INFO  http.request requestId=4528c6cc-f003-440a-bac1-dccad23af2e6 role=api pod=gateway-8689985fc9-t5bnw method=POST path=/api/transcriptions status=200 durationMs=806
[pod/gateway-8689985fc9-t5bnw/gateway] 2026-10-05T15:49:09.584+00:00 INFO  http.request requestId=4714e0b7-a097-4c89-bddc-51af3481f78e role=api pod=gateway-8689985fc9-t5bnw method=POST path=/api/transcriptions status=200 durationMs=668
[pod/gateway-8689985fc9-t5bnw/gateway] 2026-10-05T15:49:09.592+00:00 INFO  http.request requestId=31ec97fb-e9a6-4322-bf53-8fa74d227142 role=api pod=gateway-8689985fc9-t5bnw method=POST path=/api/transcriptions status=200 durationMs=618
[pod/gateway-8689985fc9-t5bnw/gateway] 2026-10-05T15:49:09.593+00:00 INFO  http.request requestId=16b84f8a-dc84-44dc-bd73-9e9856180f11 role=api pod=gateway-8689985fc9-t5bnw method=POST path=/api/transcriptions status=200 durationMs=663
[pod/gateway-8689985fc9-t5bnw/gateway] 2026-10-05T15:49:09.600+00:00 INFO  http.request requestId=a7eb0dc5-bbdf-4aee-81fd-436ad33ee789 role=api pod=gateway-8689985fc9-t5bnw method=POST path=/api/transcriptions status=200 durationMs=833
[pod/gateway-8689985fc9-t5bnw/gateway] 2026-10-05T15:49:09.600+00:00 INFO  http.request requestId=2a9b0e9b-f485-4d8b-bc99-87b42ffddd85 role=api pod=gateway-8689985fc9-t5bnw method=POST path=/api/translations status=200 durationMs=485
[pod/gateway-8689985fc9-t5bnw/gateway] 2026-10-05T15:49:09.642+00:00 INFO  http.request requestId=80442f0f-ebc9-40de-ba30-0f90ac351785 role=api pod=gateway-8689985fc9-t5bnw method=POST path=/api/translations status=200 durationMs=460
[pod/gateway-8689985fc9-gpd27/gateway] 2026-10-05T15:49:09.579+00:00 INFO  http.request requestId=cc611772-13fe-40d4-aee3-8fe85c767691 role=api pod=gateway-8689985fc9-gpd27 method=POST path=/api/transcriptions status=200 durationMs=710
[pod/gateway-8689985fc9-gpd27/gateway] 2026-10-05T15:49:09.587+00:00 INFO  http.request requestId=a6390ada-19b7-4bc0-ac9c-a8a16270781c role=api pod=gateway-8689985fc9-gpd27 method=POST path=/api/translations status=200 durationMs=437
[pod/gateway-8689985fc9-gpd27/gateway] 2026-10-05T15:49:09.593+00:00 INFO  http.request requestId=2668d74c-be4a-43f8-b8df-d23e7865e927 role=api pod=gateway-8689985fc9-gpd27 method=POST path=/api/transcriptions status=200 durationMs=708
[pod/gateway-8689985fc9-gpd27/gateway] 2026-10-05T15:49:09.604+00:00 INFO  http.request requestId=88ff68c9-dcc5-4ae3-b7bc-401ae2ee5775 role=api pod=gateway-8689985fc9-gpd27 method=POST path=/api/translations status=200 durationMs=517
[pod/gateway-8689985fc9-gpd27/gateway] 2026-10-05T15:49:09.613+00:00 INFO  http.request requestId=0870d626-c553-4603-a047-70b43ff3bc25 role=api pod=gateway-8689985fc9-gpd27 method=POST path=/api/translations status=200 durationMs=463
[pod/gateway-8689985fc9-gpd27/gateway] 2026-10-05T15:49:09.614+00:00 INFO  http.request requestId=6efe389a-408e-48cf-8728-951ef91c8b7b role=api pod=gateway-8689985fc9-gpd27 method=POST path=/api/translations status=200 durationMs=566
[pod/gateway-8689985fc9-gpd27/gateway] 2026-10-05T15:49:09.616+00:00 INFO  http.request requestId=2db4a632-716a-4da2-b7b9-df7b07a6eddb role=api pod=gateway-8689985fc9-gpd27 method=POST path=/api/translations status=200 durationMs=457
[pod/gateway-8689985fc9-gpd27/gateway] 2026-10-05T15:49:09.619+00:00 INFO  http.request requestId=0fb3ca4b-3a2e-47a0-a5f7-10ad0be66a93 role=api pod=gateway-8689985fc9-gpd27 method=POST path=/api/translations status=200 durationMs=409
[pod/gateway-8689985fc9-gpd27/gateway] 2026-10-05T15:49:09.623+00:00 INFO  http.request requestId=dbf3b79b-86fd-43c3-ae52-2b82175bc98c role=api pod=gateway-8689985fc9-gpd27 method=POST path=/api/translations status=200 durationMs=534
[pod/gateway-8689985fc9-gpd27/gateway] 2026-10-05T15:49:09.635+00:00 INFO  http.request requestId=fd29a385-3177-40a2-8963-7553e2734f85 role=api pod=gateway-8689985fc9-gpd27 method=POST path=/api/transcriptions status=200 durationMs=781
[pod/gateway-8689985fc9-t5bnw/gateway] 2026-10-05T15:49:09.668+00:00 INFO  http.request requestId=78a58ac7-9b54-46f2-af1d-c4d859fe8d7b role=api pod=gateway-8689985fc9-t5bnw method=POST path=/api/transcriptions status=200 durationMs=843
[pod/gateway-8689985fc9-gpd27/gateway] 2026-10-05T15:49:09.655+00:00 INFO  http.request requestId=c9a5058d-864a-4393-bfa7-aeece8e4817b role=api pod=gateway-8689985fc9-gpd27 method=POST path=/api/transcriptions status=200 durationMs=665
[pod/gateway-8689985fc9-gpd27/gateway] 2026-10-05T15:49:09.677+00:00 INFO  http.request requestId=aa968255-41bc-46e0-94ea-bb9c729363bb role=api pod=gateway-8689985fc9-gpd27 method=POST path=/api/translations status=200 durationMs=513
[pod/gateway-8689985fc9-t5bnw/gateway] 2026-10-05T15:49:09.681+00:00 INFO  http.request requestId=335f4449-bd0e-4b4c-9423-3aaa413795a1 role=api pod=gateway-8689985fc9-t5bnw method=POST path=/api/translations status=200 durationMs=439
[pod/gateway-8689985fc9-t5bnw/gateway] 2026-10-05T15:49:09.698+00:00 INFO  http.request requestId=4c6735df-e751-4443-b610-c72a31b045ef role=api pod=gateway-8689985fc9-t5bnw method=POST path=/api/translations status=200 durationMs=467
[pod/gateway-8689985fc9-gpd27/gateway] 2026-10-05T15:49:09.688+00:00 INFO  http.request requestId=c7a91b37-b81b-4cc7-8b2e-c42ac0c6ab34 role=api pod=gateway-8689985fc9-gpd27 method=POST path=/api/translations status=200 durationMs=432
[pod/gateway-8689985fc9-t5bnw/gateway] 2026-10-05T15:49:09.721+00:00 INFO  http.request requestId=d078f364-da0a-4d20-87c3-f64c94fef2cb role=api pod=gateway-8689985fc9-t5bnw method=POST path=/api/translations status=200 durationMs=572
[pod/gateway-8689985fc9-t5bnw/gateway] 2026-10-05T15:49:09.730+00:00 INFO  http.request requestId=4276fc3f-c7bf-45b7-af9c-8bd45ada7601 role=api pod=gateway-8689985fc9-t5bnw method=POST path=/api/transcriptions status=200 durationMs=696
[pod/gateway-8689985fc9-gpd27/gateway] 2026-10-05T15:49:09.716+00:00 INFO  http.request requestId=058b7518-0d33-455d-a323-92577bbfce6d role=api pod=gateway-8689985fc9-gpd27 method=POST path=/api/transcriptions status=200 durationMs=905
[pod/gateway-8689985fc9-gpd27/gateway] 2026-10-05T15:49:09.737+00:00 INFO  http.request requestId=dcf5eb39-576f-4663-8740-f6106da0d68e role=api pod=gateway-8689985fc9-gpd27 method=POST path=/api/translations status=200 durationMs=465
[pod/gateway-8689985fc9-t5bnw/gateway] 2026-10-05T15:49:09.744+00:00 INFO  http.request requestId=bb0d5f55-acc5-46b0-bbd7-876c6f60e91b role=api pod=gateway-8689985fc9-t5bnw method=POST path=/api/transcriptions status=200 durationMs=844
[pod/gateway-8689985fc9-t5bnw/gateway] 2026-10-05T15:49:09.748+00:00 INFO  http.request requestId=18d3dd82-e362-44f7-8ed7-b534db733bbe role=api pod=gateway-8689985fc9-t5bnw method=POST path=/api/transcriptions status=200 durationMs=788
[pod/gateway-8689985fc9-t5bnw/gateway] 2026-10-05T15:49:09.750+00:00 INFO  http.request requestId=55286e39-bdd4-4dae-bb2e-c6c042f727c0 role=api pod=gateway-8689985fc9-t5bnw method=POST path=/api/transcriptions status=200 durationMs=656
[pod/gateway-8689985fc9-t5bnw/gateway] 2026-10-05T15:49:09.755+00:00 INFO  http.request requestId=bff721e2-c941-4378-ac04-407500e0a113 role=api pod=gateway-8689985fc9-t5bnw method=POST path=/api/transcriptions status=200 durationMs=706
[pod/gateway-8689985fc9-gpd27/gateway] 2026-10-05T15:49:09.760+00:00 INFO  http.request requestId=dbb00b5c-8878-453d-88cd-a8b84f3ce6d2 role=api pod=gateway-8689985fc9-gpd27 method=POST path=/api/translations status=200 durationMs=593
[pod/gateway-8689985fc9-t5bnw/gateway] 2026-10-05T15:49:09.780+00:00 INFO  http.request requestId=ac92e755-2840-456b-a011-c8703b2e5033 role=api pod=gateway-8689985fc9-t5bnw method=POST path=/api/translations status=200 durationMs=485
[pod/gateway-8689985fc9-gpd27/gateway] 2026-10-05T15:49:09.775+00:00 INFO  http.request requestId=8f4db84f-0da9-48e1-b5df-47b40dc1fe21 role=api pod=gateway-8689985fc9-gpd27 method=POST path=/api/translations status=200 durationMs=527
[pod/gateway-8689985fc9-gpd27/gateway] 2026-10-05T15:49:09.781+00:00 INFO  http.request requestId=957db73b-7ed0-4217-a5dd-ee159c2a5d23 role=api pod=gateway-8689985fc9-gpd27 method=POST path=/api/transcriptions status=200 durationMs=656
[pod/gateway-8689985fc9-gpd27/gateway] 2026-10-05T15:49:09.785+00:00 INFO  http.request requestId=e9f75bb7-f606-4c40-af91-1f077da35dad role=api pod=gateway-8689985fc9-gpd27 method=POST path=/api/translations status=200 durationMs=507
[pod/gateway-8689985fc9-gpd27/gateway] 2026-10-05T15:49:09.790+00:00 INFO  http.request requestId=cf53f2dc-4663-4ff1-b769-58c4287441c2 role=api pod=gateway-8689985fc9-gpd27 method=POST path=/api/translations status=200 durationMs=594
[pod/gateway-8689985fc9-gpd27/gateway] 2026-10-05T15:49:09.791+00:00 INFO  http.request requestId=cc057998-a4c3-4c97-a6c3-92ecf92f096a role=api pod=gateway-8689985fc9-gpd27 method=POST path=/api/translations status=200 durationMs=559
[pod/gateway-8689985fc9-h82ls/gateway] 2026-10-05T15:49:09.836+00:00 WARN  http.request requestId=e07ce0f4-7ace-4f29-9434-f5e5834516f6 role=api pod=gateway-8689985fc9-h82ls method=GET path=/readyz status=503 durationMs=1
[pod/gateway-8689985fc9-gpd27/gateway] 2026-10-05T15:49:09.820+00:00 INFO  http.request requestId=04791569-bb58-42d2-be4c-6ebc6676bd06 role=api pod=gateway-8689985fc9-gpd27 method=POST path=/api/translations status=200 durationMs=415
[pod/gateway-8689985fc9-gpd27/gateway] 2026-10-05T15:49:09.843+00:00 INFO  http.request requestId=fae73a71-4828-4d66-b890-293a5e207edc role=api pod=gateway-8689985fc9-gpd27 method=POST path=/api/transcriptions status=200 durationMs=897
[pod/gateway-8689985fc9-t5bnw/gateway] 2026-10-05T15:49:09.842+00:00 INFO  http.request requestId=bf361243-b1ba-4a9d-b04f-9305f3d5a55b role=api pod=gateway-8689985fc9-t5bnw method=POST path=/api/translations status=200 durationMs=511
[pod/gateway-8689985fc9-t5bnw/gateway] 2026-10-05T15:49:09.861+00:00 INFO  http.request requestId=37b1f4e4-ded9-4e3e-a71e-692582018ea2 role=api pod=gateway-8689985fc9-t5bnw method=POST path=/api/translations status=200 durationMs=561
[pod/gateway-8689985fc9-gpd27/gateway] 2026-10-05T15:49:09.880+00:00 INFO  http.request requestId=5346b630-1a7d-464b-8c93-5b1570e1c176 role=api pod=gateway-8689985fc9-gpd27 method=POST path=/api/translations status=200 durationMs=431
[pod/gateway-8689985fc9-gpd27/gateway] 2026-10-05T15:49:09.880+00:00 INFO  http.request requestId=8bbcd02c-5970-4635-b7bc-8d50335247ad role=api pod=gateway-8689985fc9-gpd27 method=POST path=/api/transcriptions status=200 durationMs=816
[pod/gateway-8689985fc9-t5bnw/gateway] 2026-10-05T15:49:09.903+00:00 INFO  http.request requestId=7e1c0628-4679-47e6-af2f-b434eaa8e575 role=api pod=gateway-8689985fc9-t5bnw method=POST path=/api/translations status=200 durationMs=487
[pod/gateway-8689985fc9-gpd27/gateway] 2026-10-05T15:49:09.890+00:00 INFO  http.request requestId=a13da657-39d8-4802-b5f3-c930b5876a18 role=api pod=gateway-8689985fc9-gpd27 method=POST path=/api/translations status=200 durationMs=492
[pod/gateway-8689985fc9-gpd27/gateway] 2026-10-05T15:49:09.891+00:00 INFO  http.request requestId=d21f801c-ed6d-4cac-9a0e-9aa4d273c65b role=api pod=gateway-8689985fc9-gpd27 method=POST path=/api/transcriptions status=200 durationMs=886
[pod/gateway-8689985fc9-gpd27/gateway] 2026-10-05T15:49:09.898+00:00 INFO  http.request requestId=9f323195-e0e7-4fc1-8b83-a9a610c9d6ca role=api pod=gateway-8689985fc9-gpd27 method=POST path=/api/transcriptions status=200 durationMs=739
[pod/gateway-8689985fc9-gpd27/gateway] 2026-10-05T15:49:09.903+00:00 INFO  http.request requestId=2006d699-5ec1-4485-8f18-f9577fc6a974 role=api pod=gateway-8689985fc9-gpd27 method=POST path=/api/translations status=200 durationMs=453
[pod/gateway-8689985fc9-gpd27/gateway] 2026-10-05T15:49:09.915+00:00 INFO  http.request requestId=0eb367d0-7999-4467-a542-e61df288bfda role=api pod=gateway-8689985fc9-gpd27 method=POST path=/api/transcriptions status=200 durationMs=893
[pod/gateway-8689985fc9-gpd27/gateway] 2026-10-05T15:49:09.916+00:00 INFO  http.request requestId=e855443a-c6c0-4627-a9c6-4d3fe8e1fcc8 role=api pod=gateway-8689985fc9-gpd27 method=POST path=/api/transcriptions status=200 durationMs=776
[pod/gateway-8689985fc9-t5bnw/gateway] 2026-10-05T15:49:09.927+00:00 INFO  http.request requestId=7deb8358-80c5-4208-beba-ecffd9c9a8f6 role=api pod=gateway-8689985fc9-t5bnw method=POST path=/api/translations status=200 durationMs=465
[pod/gateway-8689985fc9-gpd27/gateway] 2026-10-05T15:49:09.929+00:00 INFO  http.request requestId=6c9d7d2d-5f67-4a5a-b8bc-b320fcc9a627 role=api pod=gateway-8689985fc9-gpd27 method=POST path=/api/transcriptions status=200 durationMs=818
[pod/gateway-8689985fc9-gpd27/gateway] 2026-10-05T15:49:09.956+00:00 INFO  http.request requestId=02afb2cd-562d-4dfa-a60d-ee2001130d41 role=api pod=gateway-8689985fc9-gpd27 method=POST path=/api/translations status=200 durationMs=517
[pod/gateway-8689985fc9-t5bnw/gateway] 2026-10-05T15:49:09.955+00:00 INFO  http.request requestId=1de8c1c1-f938-4129-83b3-e790161d957a role=api pod=gateway-8689985fc9-t5bnw method=POST path=/api/translations status=200 durationMs=452
[pod/gateway-8689985fc9-t5bnw/gateway] 2026-10-05T15:49:09.968+00:00 INFO  http.request requestId=9d1d2919-f260-491c-9e8f-58b9e9e8e8d5 role=api pod=gateway-8689985fc9-t5bnw method=POST path=/api/translations status=200 durationMs=590
[pod/gateway-8689985fc9-t5bnw/gateway] 2026-10-05T15:49:09.975+00:00 INFO  http.request requestId=9bbad944-0585-45b7-ab69-91534cdd5856 role=api pod=gateway-8689985fc9-t5bnw method=POST path=/api/transcriptions status=200 durationMs=761
[pod/gateway-8689985fc9-t5bnw/gateway] 2026-10-05T15:49:09.975+00:00 INFO  http.request requestId=159ad8ae-643a-4104-a5ec-fbb92373fdd1 role=api pod=gateway-8689985fc9-t5bnw method=POST path=/api/transcriptions status=200 durationMs=895
[pod/gateway-8689985fc9-t5bnw/gateway] 2026-10-05T15:49:09.982+00:00 INFO  http.request requestId=c9ce7b87-882d-4ccb-a0b2-516df1731fff role=api pod=gateway-8689985fc9-t5bnw method=POST path=/api/translations status=200 durationMs=469
[pod/gateway-8689985fc9-t5bnw/gateway] 2026-10-05T15:49:10.000+00:00 INFO  http.request requestId=dfb60554-d08e-4e12-82cb-c453d3e45a0d role=api pod=gateway-8689985fc9-t5bnw method=POST path=/api/translations status=200 durationMs=421
[pod/gateway-8689985fc9-t5bnw/gateway] 2026-10-05T15:49:10.005+00:00 INFO  http.request requestId=73a23406-5348-40cf-bce9-fc95a9bfbe19 role=api pod=gateway-8689985fc9-t5bnw method=POST path=/api/transcriptions status=200 durationMs=745
[pod/gateway-8689985fc9-gpd27/gateway] 2026-10-05T15:49:10.033+00:00 INFO  http.request requestId=ea47e310-0a35-478b-a59b-a3807a3e183a role=api pod=gateway-8689985fc9-gpd27 method=POST path=/api/transcriptions status=200 durationMs=863
[pod/gateway-8689985fc9-t5bnw/gateway] 2026-10-05T15:49:10.015+00:00 INFO  http.request requestId=46a9d89a-e7ad-4f24-8c4a-246b1310c8f7 role=api pod=gateway-8689985fc9-t5bnw method=POST path=/api/transcriptions status=200 durationMs=666
[pod/gateway-8689985fc9-t5bnw/gateway] 2026-10-05T15:49:10.021+00:00 INFO  http.request requestId=740d5bbe-df4f-4f1a-8f68-ec72fef44f9b role=api pod=gateway-8689985fc9-t5bnw method=POST path=/api/translations status=200 durationMs=459
[pod/gateway-8689985fc9-gpd27/gateway] 2026-10-05T15:49:10.048+00:00 INFO  http.request requestId=35da30b4-f1a0-424f-acf5-817391debab0 role=api pod=gateway-8689985fc9-gpd27 method=POST path=/api/translations status=200 durationMs=579
[pod/gateway-8689985fc9-gpd27/gateway] 2026-10-05T15:49:10.049+00:00 INFO  http.request requestId=bc646816-1c9f-43ae-931d-a517b1e6f0a0 role=api pod=gateway-8689985fc9-gpd27 method=POST path=/api/translations status=200 durationMs=453
[pod/gateway-8689985fc9-t5bnw/gateway] 2026-10-05T15:49:10.066+00:00 INFO  http.request requestId=251751e4-fbea-4cb4-92b6-04c2e6406dc1 role=api pod=gateway-8689985fc9-t5bnw method=POST path=/api/transcriptions status=200 durationMs=881
[pod/gateway-8689985fc9-gpd27/gateway] 2026-10-05T15:49:10.055+00:00 INFO  http.request requestId=f61676fc-1389-4909-adf7-68d14675f0e9 role=api pod=gateway-8689985fc9-gpd27 method=POST path=/api/transcriptions status=200 durationMs=855
[pod/gateway-8689985fc9-gpd27/gateway] 2026-10-05T15:49:10.058+00:00 INFO  http.request requestId=7b0d2037-f0b1-4bc9-842e-52959fc2f3d1 role=api pod=gateway-8689985fc9-gpd27 method=POST path=/api/transcriptions status=200 durationMs=828
[pod/gateway-8689985fc9-gpd27/gateway] 2026-10-05T15:49:10.064+00:00 INFO  http.request requestId=80b14f52-6452-4bec-ae5e-8ca1be351673 role=api pod=gateway-8689985fc9-gpd27 method=POST path=/api/translations status=200 durationMs=463
[pod/gateway-8689985fc9-gpd27/gateway] 2026-10-05T15:49:10.075+00:00 INFO  http.request requestId=80dcbec7-637b-404f-be07-86429d2b4b1b role=api pod=gateway-8689985fc9-gpd27 method=POST path=/api/translations status=200 durationMs=491
[pod/gateway-8689985fc9-gpd27/gateway] 2026-10-05T15:49:10.082+00:00 INFO  http.request requestId=1b324987-b23e-4c30-b3c2-0a4936bcec94 role=api pod=gateway-8689985fc9-gpd27 method=POST path=/api/translations status=200 durationMs=446
[pod/gateway-8689985fc9-gpd27/gateway] 2026-10-05T15:49:10.083+00:00 INFO  http.request requestId=ac8449e0-0a87-4961-a776-3f3389a8b325 role=api pod=gateway-8689985fc9-gpd27 method=POST path=/api/transcriptions status=200 durationMs=658
[pod/gateway-8689985fc9-gpd27/gateway] 2026-10-05T15:49:10.090+00:00 INFO  http.request requestId=fc08c88f-c1d0-4644-9762-d3e9129ee1de role=api pod=gateway-8689985fc9-gpd27 method=POST path=/api/transcriptions status=200 durationMs=770
[pod/gateway-8689985fc9-gpd27/gateway] 2026-10-05T15:49:10.101+00:00 INFO  http.request requestId=33bc22b2-7450-4c33-b009-6a11e8ffc08c role=api pod=gateway-8689985fc9-gpd27 method=POST path=/api/translations status=200 durationMs=445
[pod/gateway-8689985fc9-gpd27/gateway] 2026-10-05T15:49:10.114+00:00 INFO  http.request requestId=f9351c8b-7349-4c0e-b485-abf853b659b9 role=api pod=gateway-8689985fc9-gpd27 method=POST path=/api/translations status=200 durationMs=612
[pod/gateway-8689985fc9-t5bnw/gateway] 2026-10-05T15:49:10.118+00:00 INFO  http.request requestId=4a9110d1-6319-4ad9-800b-9a6bc6a7312c role=api pod=gateway-8689985fc9-t5bnw method=POST path=/api/transcriptions status=200 durationMs=828
[pod/gateway-8689985fc9-gpd27/gateway] 2026-10-05T15:49:10.117+00:00 INFO  http.request requestId=02eb7dc3-c5de-4f27-a434-0537c36dd737 role=api pod=gateway-8689985fc9-gpd27 method=POST path=/api/transcriptions status=200 durationMs=647
[pod/gateway-8689985fc9-gpd27/gateway] 2026-10-05T15:49:10.141+00:00 INFO  http.request requestId=72484b13-f5df-4a11-9db0-9e7338f29133 role=api pod=gateway-8689985fc9-gpd27 method=POST path=/api/transcriptions status=200 durationMs=641
[pod/gateway-8689985fc9-t5bnw/gateway] 2026-10-05T15:49:10.132+00:00 INFO  http.request requestId=83e4d029-e7df-40ad-a876-a83d87992259 role=api pod=gateway-8689985fc9-t5bnw method=POST path=/api/translations status=200 durationMs=537
[pod/gateway-8689985fc9-t5bnw/gateway] 2026-10-05T15:49:10.152+00:00 INFO  http.request requestId=565aa6bd-7d7a-49be-ae00-4ea94fe9e92c role=api pod=gateway-8689985fc9-t5bnw method=POST path=/api/transcriptions status=200 durationMs=842
[pod/gateway-8689985fc9-t5bnw/gateway] 2026-10-05T15:49:10.155+00:00 INFO  http.request requestId=6866e8e6-eb93-4ed5-81c6-2bb7a9d23730 role=api pod=gateway-8689985fc9-t5bnw method=POST path=/api/transcriptions status=200 durationMs=698
[pod/gateway-8689985fc9-t5bnw/gateway] 2026-10-05T15:49:10.156+00:00 INFO  http.request requestId=37dc005f-4142-4e9e-a858-a553d05bc277 role=api pod=gateway-8689985fc9-t5bnw method=POST path=/api/transcriptions status=200 durationMs=881
[pod/gateway-8689985fc9-gpd27/gateway] 2026-10-05T15:49:10.145+00:00 INFO  http.request requestId=26867d3c-f5fe-4a24-85d2-cd264c6f54a3 role=api pod=gateway-8689985fc9-gpd27 method=POST path=/api/transcriptions status=200 durationMs=616
[pod/gateway-8689985fc9-gpd27/gateway] 2026-10-05T15:49:10.148+00:00 INFO  http.request requestId=b5ce47d6-fe6d-4e96-9c20-48af559d0cf4 role=api pod=gateway-8689985fc9-gpd27 method=POST path=/api/transcriptions status=200 durationMs=903
[pod/gateway-8689985fc9-t5bnw/gateway] 2026-10-05T15:49:10.183+00:00 INFO  http.request requestId=7886ba71-52b1-49f4-af0d-7f708439bf14 role=api pod=gateway-8689985fc9-t5bnw method=POST path=/api/translations status=200 durationMs=588
[pod/gateway-8689985fc9-t5bnw/gateway] 2026-10-05T15:49:10.184+00:00 INFO  http.request requestId=cba538d8-23fb-42b2-962d-64ee5d10f870 role=api pod=gateway-8689985fc9-t5bnw method=POST path=/api/translations status=200 durationMs=435
[pod/gateway-8689985fc9-t5bnw/gateway] 2026-10-05T15:49:10.184+00:00 INFO  http.request requestId=4528083e-ae10-4e24-be45-bc2b250cfa28 role=api pod=gateway-8689985fc9-t5bnw method=POST path=/api/transcriptions status=200 durationMs=849
[pod/gateway-8689985fc9-t5bnw/gateway] 2026-10-05T15:49:10.186+00:00 INFO  http.request requestId=ee18b6bc-4b4f-418c-8dcd-9263c17b940b role=api pod=gateway-8689985fc9-t5bnw method=POST path=/api/transcriptions status=200 durationMs=822
[pod/gateway-8689985fc9-t5bnw/gateway] 2026-10-05T15:49:10.191+00:00 INFO  http.request requestId=2b8a3f03-8081-45fb-a73a-f371cbf49b31 role=api pod=gateway-8689985fc9-t5bnw method=POST path=/api/translations status=200 durationMs=434
[pod/gateway-8689985fc9-gpd27/gateway] 2026-10-05T15:49:10.194+00:00 INFO  http.request requestId=1f7d7867-82ca-4490-8f38-185deb07994a role=api pod=gateway-8689985fc9-gpd27 method=POST path=/api/transcriptions status=200 durationMs=709
[pod/gateway-8689985fc9-t5bnw/gateway] 2026-10-05T15:49:10.214+00:00 INFO  http.request requestId=ef95d36c-c7ac-402a-8235-260556764df9 role=api pod=gateway-8689985fc9-t5bnw method=POST path=/api/transcriptions status=200 durationMs=834
[pod/gateway-8689985fc9-gpd27/gateway] 2026-10-05T15:49:10.200+00:00 INFO  http.request requestId=48c7afb5-5b14-4fb0-812a-2d81630bc712 role=api pod=gateway-8689985fc9-gpd27 method=POST path=/api/translations status=200 durationMs=531
[pod/gateway-8689985fc9-gpd27/gateway] 2026-10-05T15:49:10.211+00:00 INFO  http.request requestId=06667bb3-b2ab-4190-8623-86d0a5ec2463 role=api pod=gateway-8689985fc9-gpd27 method=POST path=/api/translations status=200 durationMs=429
[pod/gateway-8689985fc9-t5bnw/gateway] 2026-10-05T15:49:10.230+00:00 INFO  http.request requestId=9c301a07-a82d-4a29-b5f3-2e51e41ae1ff role=api pod=gateway-8689985fc9-t5bnw method=POST path=/api/transcriptions status=200 durationMs=669
[pod/gateway-8689985fc9-t5bnw/gateway] 2026-10-05T15:49:10.256+00:00 INFO  http.request requestId=e5e56bf9-9fc1-4645-a56f-31b5dfddb1b1 role=api pod=gateway-8689985fc9-t5bnw method=POST path=/api/translations status=200 durationMs=505
[pod/gateway-8689985fc9-t5bnw/gateway] 2026-10-05T15:49:10.267+00:00 INFO  http.request requestId=f53af064-f8b5-4f74-8ce8-a0a72a6ab470 role=api pod=gateway-8689985fc9-t5bnw method=POST path=/api/transcriptions status=200 durationMs=751
[pod/gateway-8689985fc9-t5bnw/gateway] 2026-10-05T15:49:10.273+00:00 INFO  http.request requestId=8d3b6483-ee78-45df-985f-a9633072619c role=api pod=gateway-8689985fc9-t5bnw method=POST path=/api/transcriptions status=200 durationMs=668
[pod/gateway-8689985fc9-t5bnw/gateway] 2026-10-05T15:49:10.283+00:00 INFO  http.request requestId=b2c167fc-97d9-44b2-acc3-8968b0b247ab role=api pod=gateway-8689985fc9-t5bnw method=POST path=/api/transcriptions status=200 durationMs=873
[pod/gateway-8689985fc9-gpd27/gateway] 2026-10-05T15:49:10.257+00:00 INFO  http.request requestId=4b56b2c8-5d01-425e-83f0-40f4114e1e39 role=api pod=gateway-8689985fc9-gpd27 method=POST path=/api/transcriptions status=200 durationMs=622
[pod/gateway-8689985fc9-gpd27/gateway] 2026-10-05T15:49:10.283+00:00 INFO  http.request requestId=c63f6a48-3377-4d15-b388-62f091478506 role=api pod=gateway-8689985fc9-gpd27 method=POST path=/api/transcriptions status=200 durationMs=738
[pod/gateway-8689985fc9-gpd27/gateway] 2026-10-05T15:49:10.289+00:00 INFO  http.request requestId=6ef91823-bce7-42cc-8523-113b0fad2938 role=api pod=gateway-8689985fc9-gpd27 method=POST path=/api/transcriptions status=200 durationMs=698
[pod/gateway-8689985fc9-t5bnw/gateway] 2026-10-05T15:49:10.295+00:00 INFO  http.request requestId=ffa9a7a2-7432-4b2b-a0c6-a895018c7dd2 role=api pod=gateway-8689985fc9-t5bnw method=POST path=/api/transcriptions status=200 durationMs=900
[pod/gateway-8689985fc9-t5bnw/gateway] 2026-10-05T15:49:10.317+00:00 INFO  http.request requestId=22d53812-08c0-46c5-a07a-f99c79e5f7dd role=api pod=gateway-8689985fc9-t5bnw method=POST path=/api/translations status=200 durationMs=586
[pod/gateway-8689985fc9-gpd27/gateway] 2026-10-05T15:49:10.309+00:00 INFO  http.request requestId=0a5cb0bc-6aa0-4e4b-804f-7a0628cd592f role=api pod=gateway-8689985fc9-gpd27 method=POST path=/api/translations status=200 durationMs=564
[pod/gateway-8689985fc9-gpd27/gateway] 2026-10-05T15:49:10.321+00:00 INFO  http.request requestId=a37c0bc5-e746-4af2-b981-ebabcd2cd693 role=api pod=gateway-8689985fc9-gpd27 method=POST path=/api/translations status=200 durationMs=605
[pod/gateway-8689985fc9-gpd27/gateway] 2026-10-05T15:49:10.338+00:00 INFO  http.request requestId=da0d7146-bf75-4038-bc48-066f8398ab92 role=api pod=gateway-8689985fc9-gpd27 method=POST path=/api/translations status=200 durationMs=457
[pod/gateway-8689985fc9-gpd27/gateway] 2026-10-05T15:49:10.344+00:00 INFO  http.request requestId=d4e5c83e-2090-4806-876c-1f9d019884f4 role=api pod=gateway-8689985fc9-gpd27 method=POST path=/api/transcriptions status=200 durationMs=903
[pod/gateway-8689985fc9-t5bnw/gateway] 2026-10-05T15:49:10.327+00:00 INFO  http.request requestId=5a88a446-0e16-453a-b9de-0ac8c5955533 role=api pod=gateway-8689985fc9-t5bnw method=POST path=/api/transcriptions status=200 durationMs=678
[pod/gateway-8689985fc9-gpd27/gateway] 2026-10-05T15:49:10.358+00:00 INFO  http.request requestId=1ebb4f6d-3577-4d1f-b813-fffbc1170572 role=api pod=gateway-8689985fc9-gpd27 method=POST path=/api/transcriptions status=200 durationMs=739
[pod/gateway-8689985fc9-gpd27/gateway] 2026-10-05T15:49:10.360+00:00 INFO  http.request requestId=6b39af80-01a5-4930-b2c9-656e07309ed5 role=api pod=gateway-8689985fc9-gpd27 method=POST path=/api/translations status=200 durationMs=460
[pod/gateway-8689985fc9-t5bnw/gateway] 2026-10-05T15:49:10.390+00:00 INFO  http.request requestId=93a8825c-768e-4ced-974a-b767285ea90f role=api pod=gateway-8689985fc9-t5bnw method=POST path=/api/translations status=200 durationMs=498
[pod/gateway-8689985fc9-gpd27/gateway] 2026-10-05T15:49:10.381+00:00 INFO  http.request requestId=c6da6796-441f-4783-872b-19a3757849cc role=api pod=gateway-8689985fc9-gpd27 method=POST path=/api/translations status=200 durationMs=535
[pod/gateway-8689985fc9-gpd27/gateway] 2026-10-05T15:49:10.394+00:00 INFO  http.request requestId=cdb98776-c601-46df-957c-34e13c999831 role=api pod=gateway-8689985fc9-gpd27 method=POST path=/api/translations status=200 durationMs=477
[pod/gateway-8689985fc9-t5bnw/gateway] 2026-10-05T15:49:10.417+00:00 INFO  http.request requestId=ff75f639-8615-4ad4-b74f-4594d2785a1c role=api pod=gateway-8689985fc9-t5bnw method=POST path=/api/transcriptions status=200 durationMs=840
[pod/gateway-8689985fc9-2czzr/gateway] 2026-10-05T15:49:10.458+00:00 WARN  http.request requestId=84aae039-ac1d-4a4f-8bbb-4068f86e56c5 role=api pod=gateway-8689985fc9-2czzr method=GET path=/readyz status=503 durationMs=0
[pod/gateway-8689985fc9-gpd27/gateway] 2026-10-05T15:49:10.440+00:00 INFO  http.request requestId=0f6abe43-c7b3-49be-861b-1bb67b8251da role=api pod=gateway-8689985fc9-gpd27 method=POST path=/api/translations status=200 durationMs=524
[pod/gateway-8689985fc9-gpd27/gateway] 2026-10-05T15:49:10.441+00:00 INFO  http.request requestId=71a8fb93-7bbc-4875-a013-508dcdcbbace role=api pod=gateway-8689985fc9-gpd27 method=POST path=/api/transcriptions status=200 durationMs=716
[pod/gateway-8689985fc9-gpd27/gateway] 2026-10-05T15:49:10.444+00:00 INFO  http.request requestId=72883b35-ec0a-43ea-aeb1-1a6879c2de6b role=api pod=gateway-8689985fc9-gpd27 method=POST path=/api/transcriptions status=200 durationMs=659
[pod/gateway-8689985fc9-gpd27/gateway] 2026-10-05T15:49:10.452+00:00 INFO  http.request requestId=41a43a64-f2e3-41ac-aa35-016d08166209 role=api pod=gateway-8689985fc9-gpd27 method=POST path=/api/transcriptions status=200 durationMs=788
[pod/gateway-8689985fc9-gpd27/gateway] 2026-10-05T15:49:10.462+00:00 INFO  http.request requestId=de3f1d5d-0229-4f65-ae35-d37d2cbe4bb0 role=api pod=gateway-8689985fc9-gpd27 method=POST path=/api/transcriptions status=200 durationMs=661
[pod/gateway-8689985fc9-gpd27/gateway] 2026-10-05T15:49:10.479+00:00 INFO  http.request requestId=2390c6d7-c5c6-4524-9a45-94dad666df3c role=api pod=gateway-8689985fc9-gpd27 method=POST path=/api/translations status=200 durationMs=413
[pod/gateway-8689985fc9-gpd27/gateway] 2026-10-05T15:49:10.486+00:00 INFO  http.request requestId=52263c7b-be9b-43f5-8418-260f6c2aed56 role=api pod=gateway-8689985fc9-gpd27 method=POST path=/api/translations status=200 durationMs=469
[pod/gateway-8689985fc9-t5bnw/gateway] 2026-10-05T15:49:10.444+00:00 INFO  http.request requestId=201634ba-a7ca-4770-b6b2-bd5ee0df3480 role=api pod=gateway-8689985fc9-t5bnw method=POST path=/api/translations status=200 durationMs=467
[pod/gateway-8689985fc9-t5bnw/gateway] 2026-10-05T15:49:10.471+00:00 INFO  http.request requestId=43834764-a449-420d-946c-213c82fa564f role=api pod=gateway-8689985fc9-t5bnw method=POST path=/api/translations status=200 durationMs=415
[pod/gateway-8689985fc9-gpd27/gateway] 2026-10-05T15:49:10.504+00:00 INFO  http.request requestId=82ed6828-b97b-4ba9-bd06-5358c7b25a66 role=api pod=gateway-8689985fc9-gpd27 method=POST path=/api/transcriptions status=200 durationMs=644
[pod/gateway-8689985fc9-gpd27/gateway] 2026-10-05T15:49:10.516+00:00 INFO  http.request requestId=7f246d21-934a-4ee5-ba9f-4f08d6b43a12 role=api pod=gateway-8689985fc9-gpd27 method=POST path=/api/transcriptions status=200 durationMs=687
[pod/gateway-8689985fc9-t5bnw/gateway] 2026-10-05T15:49:10.504+00:00 INFO  http.request requestId=71f99c58-4ec4-4913-a243-3a91eca1eaa5 role=api pod=gateway-8689985fc9-t5bnw method=POST path=/api/transcriptions status=200 durationMs=825
[pod/gateway-8689985fc9-t5bnw/gateway] 2026-10-05T15:49:10.515+00:00 INFO  http.request requestId=071bbb60-0ca2-482f-8040-908dc051c272 role=api pod=gateway-8689985fc9-t5bnw method=POST path=/api/translations status=200 durationMs=540
[pod/gateway-8689985fc9-t5bnw/gateway] 2026-10-05T15:49:10.516+00:00 INFO  http.request requestId=abfa673f-8d76-404c-98ed-150856cd198a role=api pod=gateway-8689985fc9-t5bnw method=POST path=/api/transcriptions status=200 durationMs=821
[pod/gateway-8689985fc9-t5bnw/gateway] 2026-10-05T15:49:10.518+00:00 INFO  http.request requestId=b18f03b4-565c-49ac-92d5-ed80fbb6d2e2 role=api pod=gateway-8689985fc9-t5bnw method=POST path=/api/translations status=200 durationMs=588
[pod/gateway-8689985fc9-t5bnw/gateway] 2026-10-05T15:49:10.545+00:00 INFO  http.request requestId=894ddd55-610b-42a8-bb1c-d3b99b31acf4 role=api pod=gateway-8689985fc9-t5bnw method=POST path=/api/translations status=200 durationMs=539
[pod/gateway-8689985fc9-gpd27/gateway] 2026-10-05T15:49:10.562+00:00 INFO  http.request requestId=c2f615f8-51fa-4dea-b1c6-9fd4a4a68156 role=api pod=gateway-8689985fc9-gpd27 method=POST path=/api/translations status=200 durationMs=478
[pod/gateway-8689985fc9-gpd27/gateway] 2026-10-05T15:49:10.564+00:00 INFO  http.request requestId=8b2ab204-0fa2-4ec6-83cb-e1250590301c role=api pod=gateway-8689985fc9-gpd27 method=POST path=/api/translations status=200 durationMs=445
[pod/gateway-8689985fc9-t5bnw/gateway] 2026-10-05T15:49:10.565+00:00 INFO  http.request requestId=766229fc-3896-454e-90cc-387244bdae55 role=api pod=gateway-8689985fc9-t5bnw method=POST path=/api/transcriptions status=200 durationMs=750
[pod/gateway-8689985fc9-gpd27/gateway] 2026-10-05T15:49:10.574+00:00 INFO  http.request requestId=93140f28-6820-4ad5-9304-80d5f2a546b4 role=api pod=gateway-8689985fc9-gpd27 method=POST path=/api/transcriptions status=200 durationMs=864
[pod/gateway-8689985fc9-t5bnw/gateway] 2026-10-05T15:49:10.593+00:00 INFO  http.request requestId=438c8c22-39e3-45cc-86d4-aa672b09f19b role=api pod=gateway-8689985fc9-t5bnw method=POST path=/api/translations status=200 durationMs=436
[pod/gateway-8689985fc9-gpd27/gateway] 2026-10-05T15:49:10.605+00:00 INFO  http.request requestId=79f6c649-a84c-45ee-8c00-a8abfd4e8451 role=api pod=gateway-8689985fc9-gpd27 method=POST path=/api/transcriptions status=200 durationMs=835
[pod/gateway-8689985fc9-gpd27/gateway] 2026-10-05T15:49:10.611+00:00 INFO  http.request requestId=fc2b90b5-f62b-46cf-85ed-d54acd536370 role=api pod=gateway-8689985fc9-gpd27 method=POST path=/api/transcriptions status=200 durationMs=765
[pod/gateway-8689985fc9-t5bnw/gateway] 2026-10-05T15:49:10.631+00:00 INFO  http.request requestId=b498c602-74af-4e55-8d8f-33eb49abc73e role=api pod=gateway-8689985fc9-t5bnw method=POST path=/api/transcriptions status=200 durationMs=874
[pod/gateway-8689985fc9-t5bnw/gateway] 2026-10-05T15:49:10.633+00:00 INFO  http.request requestId=bd7f3a93-0f89-4034-b071-239a33cf1e3b role=api pod=gateway-8689985fc9-t5bnw method=POST path=/api/translations status=200 durationMs=446
[pod/gateway-8689985fc9-t5bnw/gateway] 2026-10-05T15:49:10.636+00:00 INFO  http.request requestId=e61cf1b8-506b-4da8-8d0a-a10ef944fbdf role=api pod=gateway-8689985fc9-t5bnw method=POST path=/api/transcriptions status=200 durationMs=656
[pod/gateway-8689985fc9-t5bnw/gateway] 2026-10-05T15:49:10.637+00:00 INFO  http.request requestId=29d963ce-cb27-4e18-a67b-d628a2264f5e role=api pod=gateway-8689985fc9-t5bnw method=POST path=/api/transcriptions status=200 durationMs=897
[pod/gateway-8689985fc9-t5bnw/gateway] 2026-10-05T15:49:10.637+00:00 INFO  http.request requestId=d09f037e-9d58-4bfa-a673-e0788dbf3a09 role=api pod=gateway-8689985fc9-t5bnw method=POST path=/api/translations status=200 durationMs=603
[pod/gateway-8689985fc9-gpd27/gateway] 2026-10-05T15:49:10.619+00:00 INFO  http.request requestId=cea3cfe9-37e6-42d1-878f-01cd133b0b80 role=api pod=gateway-8689985fc9-gpd27 method=POST path=/api/translations status=200 durationMs=472
[pod/gateway-8689985fc9-gpd27/gateway] 2026-10-05T15:49:10.620+00:00 INFO  http.request requestId=292ce4e9-ad45-4647-9aa1-5efe50459d64 role=api pod=gateway-8689985fc9-gpd27 method=POST path=/api/transcriptions status=200 durationMs=715
[pod/gateway-8689985fc9-gpd27/gateway] 2026-10-05T15:49:10.624+00:00 INFO  http.request requestId=55240dd2-bc22-4cfb-8e03-0d01814cd61e role=api pod=gateway-8689985fc9-gpd27 method=POST path=/api/translations status=200 durationMs=564
[pod/gateway-8689985fc9-gpd27/gateway] 2026-10-05T15:49:10.661+00:00 INFO  http.request requestId=aaf32a0b-a3d3-4dd6-a61a-6f52b494494f role=api pod=gateway-8689985fc9-gpd27 method=POST path=/api/transcriptions status=200 durationMs=741
[pod/gateway-8689985fc9-gpd27/gateway] 2026-10-05T15:49:10.662+00:00 INFO  http.request requestId=a9c14ab2-a133-423d-8826-c41e1b8f519f role=api pod=gateway-8689985fc9-gpd27 method=POST path=/api/translations status=200 durationMs=432
[pod/gateway-8689985fc9-t5bnw/gateway] 2026-10-05T15:49:10.659+00:00 INFO  http.request requestId=efb06800-1626-4388-a963-79667fa1f855 role=api pod=gateway-8689985fc9-t5bnw method=POST path=/api/translations status=200 durationMs=474
[pod/gateway-8689985fc9-t5bnw/gateway] 2026-10-05T15:49:10.664+00:00 INFO  http.request requestId=59e131c6-c392-482a-8d6c-32e5d95f0dd9 role=api pod=gateway-8689985fc9-t5bnw method=POST path=/api/translations status=200 durationMs=523
[pod/gateway-8689985fc9-gpd27/gateway] 2026-10-05T15:49:10.679+00:00 INFO  http.request requestId=caccc795-b39d-40a2-879d-7bf484a4f434 role=api pod=gateway-8689985fc9-gpd27 method=POST path=/api/transcriptions status=200 durationMs=788
[pod/gateway-8689985fc9-gpd27/gateway] 2026-10-05T15:49:10.695+00:00 INFO  http.request requestId=f63e3aab-e794-44e4-8b11-038128faea14 role=api pod=gateway-8689985fc9-gpd27 method=POST path=/api/translations status=200 durationMs=577
[pod/gateway-8689985fc9-gpd27/gateway] 2026-10-05T15:49:10.696+00:00 INFO  http.request requestId=6636a520-91a2-430b-8f3a-708be1bd1891 role=api pod=gateway-8689985fc9-gpd27 method=POST path=/api/translations status=200 durationMs=606
[pod/gateway-8689985fc9-gpd27/gateway] 2026-10-05T15:49:10.696+00:00 INFO  http.request requestId=bb091233-6002-41e6-abd1-ad4d364be31a role=api pod=gateway-8689985fc9-gpd27 method=POST path=/api/transcriptions status=200 durationMs=762
[pod/gateway-8689985fc9-gpd27/gateway] 2026-10-05T15:49:10.704+00:00 INFO  http.request requestId=497267de-6bf7-486e-be9a-58191199b32a role=api pod=gateway-8689985fc9-gpd27 method=POST path=/api/translations status=200 durationMs=555
[pod/gateway-8689985fc9-gpd27/gateway] 2026-10-05T15:49:10.711+00:00 INFO  http.request requestId=8f3cdc34-db23-48cb-b107-a6260ea50f0b role=api pod=gateway-8689985fc9-gpd27 method=POST path=/api/translations status=200 durationMs=418
[pod/gateway-8689985fc9-gpd27/gateway] 2026-10-05T15:49:10.712+00:00 INFO  http.request requestId=9fc7d2dd-6088-4507-88b8-c28156767df5 role=api pod=gateway-8689985fc9-gpd27 method=POST path=/api/translations status=200 durationMs=559
[pod/gateway-8689985fc9-t5bnw/gateway] 2026-10-05T15:49:10.672+00:00 INFO  http.request requestId=37667095-f8d2-4911-9df0-e1990ab9ef7a role=api pod=gateway-8689985fc9-t5bnw method=POST path=/api/transcriptions status=200 durationMs=796
[pod/gateway-8689985fc9-gpd27/gateway] 2026-10-05T15:49:10.737+00:00 INFO  http.request requestId=2feff42c-b962-4866-a7c7-ff7f3345fbbb role=api pod=gateway-8689985fc9-gpd27 method=POST path=/api/translations status=200 durationMs=469
[pod/gateway-8689985fc9-t5bnw/gateway] 2026-10-05T15:49:10.733+00:00 INFO  http.request requestId=df8e7103-4fbe-41f1-9e63-4df1a8785c9f role=api pod=gateway-8689985fc9-t5bnw method=POST path=/api/translations status=200 durationMs=576
[pod/gateway-8689985fc9-t5bnw/gateway] 2026-10-05T15:49:10.735+00:00 INFO  http.request requestId=0f6f028b-1bc0-4177-83b8-61a15b16d291 role=api pod=gateway-8689985fc9-t5bnw method=POST path=/api/translations status=200 durationMs=474
[pod/gateway-8689985fc9-t5bnw/gateway] 2026-10-05T15:49:10.761+00:00 INFO  http.request requestId=cf2394b8-4825-4ba6-a940-25d218d18873 role=api pod=gateway-8689985fc9-t5bnw method=POST path=/api/transcriptions status=200 durationMs=736
[pod/gateway-8689985fc9-gpd27/gateway] 2026-10-05T15:49:10.755+00:00 INFO  http.request requestId=856e3152-6108-499c-b6fd-8d10034e6cb2 role=api pod=gateway-8689985fc9-gpd27 method=POST path=/api/translations status=200 durationMs=471
[pod/gateway-8689985fc9-gpd27/gateway] 2026-10-05T15:49:10.764+00:00 INFO  http.request requestId=6cc37c80-05c2-4b75-ad5e-e7651c90f160 role=api pod=gateway-8689985fc9-gpd27 method=POST path=/api/translations status=200 durationMs=549
[pod/gateway-8689985fc9-t5bnw/gateway] 2026-10-05T15:49:10.769+00:00 INFO  http.request requestId=0a301019-6c01-471d-901c-4e9f86b1c981 role=api pod=gateway-8689985fc9-t5bnw method=POST path=/api/translations status=200 durationMs=424
[pod/gateway-8689985fc9-t5bnw/gateway] 2026-10-05T15:49:10.782+00:00 INFO  http.request requestId=f03e69a1-7a0c-4144-8fb1-e828a51c4995 role=api pod=gateway-8689985fc9-t5bnw method=POST path=/api/translations status=200 durationMs=587
[pod/gateway-8689985fc9-t5bnw/gateway] 2026-10-05T15:49:10.785+00:00 INFO  http.request requestId=f3743497-1546-4e84-bfa6-33fb9f5c8864 role=api pod=gateway-8689985fc9-t5bnw method=POST path=/api/translations status=200 durationMs=499
[pod/gateway-8689985fc9-gpd27/gateway] 2026-10-05T15:49:10.782+00:00 INFO  http.request requestId=214a65b3-fb45-4b6d-8c66-527922e538ef role=api pod=gateway-8689985fc9-gpd27 method=POST path=/api/transcriptions status=200 durationMs=698
[pod/gateway-8689985fc9-gpd27/gateway] 2026-10-05T15:49:10.790+00:00 INFO  http.request requestId=f460a8d6-8944-4b5d-a418-0bdd779350c4 role=api pod=gateway-8689985fc9-gpd27 method=POST path=/api/transcriptions status=200 durationMs=735
[pod/gateway-8689985fc9-h82ls/gateway] 2026-10-05T15:49:10.835+00:00 WARN  http.request requestId=6132e43f-1a77-4d2f-a208-ce4c81ab7324 role=api pod=gateway-8689985fc9-h82ls method=GET path=/readyz status=503 durationMs=0
[pod/gateway-8689985fc9-t5bnw/gateway] 2026-10-05T15:49:10.846+00:00 INFO  http.request requestId=96fea0e8-3efc-4ef6-a3dc-5a070d48af5c role=api pod=gateway-8689985fc9-t5bnw method=POST path=/api/translations status=200 durationMs=487
[pod/gateway-8689985fc9-gpd27/gateway] 2026-10-05T15:49:10.855+00:00 INFO  http.request requestId=4da3548e-5f4f-47d5-b6a0-1c54a03babff role=api pod=gateway-8689985fc9-gpd27 method=POST path=/api/transcriptions status=200 durationMs=905
[pod/gateway-8689985fc9-t5bnw/gateway] 2026-10-05T15:49:10.865+00:00 INFO  http.request requestId=e8e12eb6-2d27-4bfc-a203-a078610726ec role=api pod=gateway-8689985fc9-t5bnw method=POST path=/api/translations status=200 durationMs=448
[pod/gateway-8689985fc9-t5bnw/gateway] 2026-10-05T15:49:10.865+00:00 INFO  http.request requestId=13942090-953a-421a-8c97-644b9bf443e3 role=api pod=gateway-8689985fc9-t5bnw method=POST path=/api/transcriptions status=200 durationMs=856
[pod/gateway-8689985fc9-t5bnw/gateway] 2026-10-05T15:49:10.865+00:00 INFO  http.request requestId=06f6fb03-09f9-478a-8145-dbc18e4f1950 role=api pod=gateway-8689985fc9-t5bnw method=POST path=/api/translations status=200 durationMs=570
[pod/gateway-8689985fc9-t5bnw/gateway] 2026-10-05T15:49:10.879+00:00 INFO  http.request requestId=60fe9694-d93d-4f95-9e00-d843d06bf81e role=api pod=gateway-8689985fc9-t5bnw method=POST path=/api/transcriptions status=200 durationMs=883
[pod/gateway-8689985fc9-t5bnw/gateway] 2026-10-05T15:49:10.880+00:00 INFO  http.request requestId=27237ab4-7178-4aee-b317-13378bf8b639 role=api pod=gateway-8689985fc9-t5bnw method=POST path=/api/transcriptions status=200 durationMs=810
[pod/gateway-8689985fc9-t5bnw/gateway] 2026-10-05T15:49:10.882+00:00 INFO  http.request requestId=137dc545-dc2d-41e7-aab8-697e1dc826ed role=api pod=gateway-8689985fc9-t5bnw method=POST path=/api/translations status=200 durationMs=554
[pod/gateway-8689985fc9-t5bnw/gateway] 2026-10-05T15:49:10.885+00:00 INFO  http.request requestId=38ea025d-0938-4cb7-b084-060044c2d63f role=api pod=gateway-8689985fc9-t5bnw method=POST path=/api/translations status=200 durationMs=611
[pod/gateway-8689985fc9-gpd27/gateway] 2026-10-05T15:49:10.874+00:00 INFO  http.request requestId=66e481eb-1538-464b-941f-6d153df86116 role=api pod=gateway-8689985fc9-gpd27 method=POST path=/api/transcriptions status=200 durationMs=909
[pod/gateway-8689985fc9-gpd27/gateway] 2026-10-05T15:49:10.879+00:00 INFO  http.request requestId=45efe9fb-19b9-4703-b65d-e17bc8fc10c2 role=api pod=gateway-8689985fc9-gpd27 method=POST path=/api/transcriptions status=200 durationMs=838
[pod/gateway-8689985fc9-gpd27/gateway] 2026-10-05T15:49:10.903+00:00 INFO  http.request requestId=525dd72c-654c-4517-8dee-f4048a5cc660 role=api pod=gateway-8689985fc9-gpd27 method=POST path=/api/transcriptions status=200 durationMs=637
[pod/gateway-8689985fc9-t5bnw/gateway] 2026-10-05T15:49:10.912+00:00 INFO  http.request requestId=9520d0a2-192a-4b29-a049-4d63bde57152 role=api pod=gateway-8689985fc9-t5bnw method=POST path=/api/transcriptions status=200 durationMs=692
[pod/gateway-8689985fc9-t5bnw/gateway] 2026-10-05T15:49:10.922+00:00 INFO  http.request requestId=92e512fa-3f07-48a5-b30e-f4d59d5cf088 role=api pod=gateway-8689985fc9-t5bnw method=POST path=/api/transcriptions status=200 durationMs=746
[pod/gateway-8689985fc9-t5bnw/gateway] 2026-10-05T15:49:10.926+00:00 INFO  http.request requestId=ed5e161a-5ae3-4568-b760-d99209d743b1 role=api pod=gateway-8689985fc9-t5bnw method=POST path=/api/translations status=200 durationMs=463
[pod/gateway-8689985fc9-gpd27/gateway] 2026-10-05T15:49:10.915+00:00 INFO  http.request requestId=a27338b5-85c5-466a-a53c-4ddd066816f2 role=api pod=gateway-8689985fc9-gpd27 method=POST path=/api/transcriptions status=200 durationMs=815
[pod/gateway-8689985fc9-gpd27/gateway] 2026-10-05T15:49:10.920+00:00 INFO  http.request requestId=de39e38c-bd81-403a-8493-c8854c7a1863 role=api pod=gateway-8689985fc9-gpd27 method=POST path=/api/translations status=200 durationMs=466
[pod/gateway-8689985fc9-gpd27/gateway] 2026-10-05T15:49:10.933+00:00 INFO  http.request requestId=a07d7820-c492-43f0-b1bb-0ba350504c02 role=api pod=gateway-8689985fc9-gpd27 method=POST path=/api/transcriptions status=200 durationMs=817
[pod/gateway-8689985fc9-t5bnw/gateway] 2026-10-05T15:49:10.950+00:00 INFO  http.request requestId=eb4b9e9b-50ae-461b-bf5f-50beb392938b role=api pod=gateway-8689985fc9-t5bnw method=POST path=/api/transcriptions status=200 durationMs=715
[pod/gateway-8689985fc9-gpd27/gateway] 2026-10-05T15:49:10.957+00:00 INFO  http.request requestId=f16adcef-318a-42f0-9df6-24189434e725 role=api pod=gateway-8689985fc9-gpd27 method=POST path=/api/transcriptions status=200 durationMs=617
[pod/gateway-8689985fc9-gpd27/gateway] 2026-10-05T15:49:10.986+00:00 INFO  http.request requestId=6a0536cf-5380-44de-a66a-36a45196c195 role=api pod=gateway-8689985fc9-gpd27 method=POST path=/api/transcriptions status=200 durationMs=782
[pod/gateway-8689985fc9-t5bnw/gateway] 2026-10-05T15:49:10.976+00:00 INFO  http.request requestId=9173a639-72bb-46e0-9808-0da1c5e21477 role=api pod=gateway-8689985fc9-t5bnw method=POST path=/api/translations status=200 durationMs=469
[pod/gateway-8689985fc9-t5bnw/gateway] 2026-10-05T15:49:10.988+00:00 INFO  http.request requestId=eee3c957-9400-4480-8669-3f530f5d518e role=api pod=gateway-8689985fc9-t5bnw method=POST path=/api/translations status=200 durationMs=543
[pod/gateway-8689985fc9-t5bnw/gateway] 2026-10-05T15:49:10.993+00:00 INFO  http.request requestId=5afeafe6-0aba-4a63-bf92-34172aba449a role=api pod=gateway-8689985fc9-t5bnw method=POST path=/api/transcriptions status=200 durationMs=863
[pod/gateway-8689985fc9-t5bnw/gateway] 2026-10-05T15:49:10.993+00:00 INFO  http.request requestId=48773f07-cd6b-4e05-8e63-e20a98ec2827 role=api pod=gateway-8689985fc9-t5bnw method=POST path=/api/transcriptions status=200 durationMs=833
[pod/gateway-8689985fc9-gpd27/gateway] 2026-10-05T15:49:11.012+00:00 INFO  http.request requestId=a77b25b9-ae64-40e3-af84-ce197b54dda9 role=api pod=gateway-8689985fc9-gpd27 method=POST path=/api/translations status=200 durationMs=570
[pod/gateway-8689985fc9-t5bnw/gateway] 2026-10-05T15:49:11.018+00:00 INFO  http.request requestId=a53beb91-d42c-44a8-9d99-0829bb7abc0b role=api pod=gateway-8689985fc9-t5bnw method=POST path=/api/transcriptions status=200 durationMs=768
[pod/gateway-8689985fc9-t5bnw/gateway] 2026-10-05T15:49:11.027+00:00 INFO  http.request requestId=35b8e15f-cf28-4d88-bdd2-32ff53251973 role=api pod=gateway-8689985fc9-t5bnw method=POST path=/api/translations status=200 durationMs=509
[pod/gateway-8689985fc9-t5bnw/gateway] 2026-10-05T15:49:11.035+00:00 INFO  http.request requestId=20884cb8-127e-474c-9827-a30674c2ba99 role=api pod=gateway-8689985fc9-t5bnw method=POST path=/api/translations status=200 durationMs=517
[pod/gateway-8689985fc9-gpd27/gateway] 2026-10-05T15:49:11.021+00:00 INFO  http.request requestId=ccefae85-e194-4740-bdf8-454110062801 role=api pod=gateway-8689985fc9-gpd27 method=POST path=/api/transcriptions status=200 durationMs=877
[pod/gateway-8689985fc9-gpd27/gateway] 2026-10-05T15:49:11.027+00:00 INFO  http.request requestId=d4ea1b2a-7270-41ac-8611-44a4a151fec2 role=api pod=gateway-8689985fc9-gpd27 method=POST path=/api/transcriptions status=200 durationMs=612
[pod/gateway-8689985fc9-t5bnw/gateway] 2026-10-05T15:49:11.047+00:00 INFO  http.request requestId=d92ffee3-0952-4c8c-be07-33a5d0ccf538 role=api pod=gateway-8689985fc9-t5bnw method=POST path=/api/transcriptions status=200 durationMs=767
[pod/gateway-8689985fc9-t5bnw/gateway] 2026-10-05T15:49:11.056+00:00 INFO  http.request requestId=765472e4-cfbe-48c6-bd9d-ec1486540e8f role=api pod=gateway-8689985fc9-t5bnw method=POST path=/api/transcriptions status=200 durationMs=865
[pod/gateway-8689985fc9-t5bnw/gateway] 2026-10-05T15:49:11.062+00:00 INFO  http.request requestId=e08f7e78-35c6-45b2-92db-45912f5d8db7 role=api pod=gateway-8689985fc9-t5bnw method=POST path=/api/translations status=200 durationMs=450
[pod/gateway-8689985fc9-gpd27/gateway] 2026-10-05T15:49:11.051+00:00 INFO  http.request requestId=18d2e033-faf8-40f8-b6b0-6e910481000b role=api pod=gateway-8689985fc9-gpd27 method=POST path=/api/transcriptions status=200 durationMs=726
[pod/gateway-8689985fc9-gpd27/gateway] 2026-10-05T15:49:11.056+00:00 INFO  http.request requestId=b17a9e01-8c4c-466a-b471-e5fd1f7bec51 role=api pod=gateway-8689985fc9-gpd27 method=POST path=/api/transcriptions status=200 durationMs=761
[pod/gateway-8689985fc9-gpd27/gateway] 2026-10-05T15:49:11.064+00:00 INFO  http.request requestId=4e995e8c-277e-4310-9b15-346e494bacd3 role=api pod=gateway-8689985fc9-gpd27 method=POST path=/api/transcriptions status=200 durationMs=710
[pod/gateway-8689985fc9-gpd27/gateway] 2026-10-05T15:49:11.070+00:00 INFO  http.request requestId=29a7b1ba-8b33-4a8d-ab8e-0344ebfd1f88 role=api pod=gateway-8689985fc9-gpd27 method=POST path=/api/translations status=200 durationMs=439
[pod/gateway-8689985fc9-gpd27/gateway] 2026-10-05T15:49:11.073+00:00 INFO  http.request requestId=72b40c5a-bae3-4e15-a3bd-881b03d94846 role=api pod=gateway-8689985fc9-gpd27 method=POST path=/api/translations status=200 durationMs=568
[pod/gateway-8689985fc9-t5bnw/gateway] 2026-10-05T15:49:11.118+00:00 INFO  http.request requestId=6fac61a5-900c-45f6-b989-e0ebc9414894 role=api pod=gateway-8689985fc9-t5bnw method=POST path=/api/translations status=200 durationMs=456
[pod/gateway-8689985fc9-gpd27/gateway] 2026-10-05T15:49:11.100+00:00 INFO  http.request requestId=d8d6b06c-544f-480c-8790-db792b440caf role=api pod=gateway-8689985fc9-gpd27 method=POST path=/api/transcriptions status=200 durationMs=639
[pod/gateway-8689985fc9-gpd27/gateway] 2026-10-05T15:49:11.112+00:00 INFO  http.request requestId=2dc05ce2-0099-4ac8-affd-bff70127c919 role=api pod=gateway-8689985fc9-gpd27 method=POST path=/api/translations status=200 durationMs=546
[pod/gateway-8689985fc9-t5bnw/gateway] 2026-10-05T15:49:11.118+00:00 INFO  http.request requestId=9109e88b-f0fb-416a-a9cc-083bb15cc631 role=api pod=gateway-8689985fc9-t5bnw method=POST path=/api/translations status=200 durationMs=544
[pod/gateway-8689985fc9-t5bnw/gateway] 2026-10-05T15:49:11.135+00:00 INFO  http.request requestId=fcae40d1-a2d2-48c0-a023-783c9d1aa39c role=api pod=gateway-8689985fc9-t5bnw method=POST path=/api/translations status=200 durationMs=497
[pod/gateway-8689985fc9-gpd27/gateway] 2026-10-05T15:49:11.127+00:00 INFO  http.request requestId=6ca4c977-8ddb-4351-9811-3a89ce92fa42 role=api pod=gateway-8689985fc9-gpd27 method=POST path=/api/transcriptions status=200 durationMs=818
[pod/gateway-8689985fc9-gpd27/gateway] 2026-10-05T15:49:11.166+00:00 INFO  http.request requestId=41e1ed68-880d-4f8f-838a-ae16689eeb30 role=api pod=gateway-8689985fc9-gpd27 method=POST path=/api/translations status=200 durationMs=545
[pod/gateway-8689985fc9-gpd27/gateway] 2026-10-05T15:49:11.170+00:00 INFO  http.request requestId=6ed6f8db-7d4c-4b5b-9346-f7ee302a55d3 role=api pod=gateway-8689985fc9-gpd27 method=POST path=/api/transcriptions status=200 durationMs=784
[pod/gateway-8689985fc9-gpd27/gateway] 2026-10-05T15:49:11.186+00:00 INFO  http.request requestId=3e3e3bc2-57ae-4829-8271-e37d2f6cfdde role=api pod=gateway-8689985fc9-gpd27 method=POST path=/api/transcriptions status=200 durationMs=680
[pod/gateway-8689985fc9-gpd27/gateway] 2026-10-05T15:49:11.197+00:00 INFO  http.request requestId=b7d51ef5-9921-4409-bec0-3b2c1dc77861 role=api pod=gateway-8689985fc9-gpd27 method=POST path=/api/translations status=200 durationMs=524
[pod/gateway-8689985fc9-gpd27/gateway] 2026-10-05T15:49:11.207+00:00 INFO  http.request requestId=7a17b98c-92ce-406f-af0e-3254ed07ec68 role=api pod=gateway-8689985fc9-gpd27 method=POST path=/api/transcriptions status=200 durationMs=836
[pod/gateway-8689985fc9-t5bnw/gateway] 2026-10-05T15:49:11.213+00:00 INFO  http.request requestId=9807655d-0f53-4815-a8fa-25ce8f838bba role=api pod=gateway-8689985fc9-t5bnw method=POST path=/api/translations status=200 durationMs=608
[pod/gateway-8689985fc9-gpd27/gateway] 2026-10-05T15:49:11.223+00:00 INFO  http.request requestId=7e5c0b6f-dcf8-4080-9707-c926cd3644c0 role=api pod=gateway-8689985fc9-gpd27 method=POST path=/api/translations status=200 durationMs=525
[pod/gateway-8689985fc9-t5bnw/gateway] 2026-10-05T15:49:11.219+00:00 INFO  http.request requestId=12e6e8ff-1e77-464a-adc9-efb0fad00ae5 role=api pod=gateway-8689985fc9-t5bnw method=POST path=/api/translations status=200 durationMs=539
[pod/gateway-8689985fc9-t5bnw/gateway] 2026-10-05T15:49:11.222+00:00 INFO  http.request requestId=f7f15324-19d9-47a7-80e8-83f5904ca3e2 role=api pod=gateway-8689985fc9-t5bnw method=POST path=/api/translations status=200 durationMs=432
[pod/gateway-8689985fc9-t5bnw/gateway] 2026-10-05T15:49:11.224+00:00 INFO  http.request requestId=d1f9960d-8ae0-4c0e-b06f-5cf340d214b7 role=api pod=gateway-8689985fc9-t5bnw method=POST path=/api/transcriptions status=200 durationMs=675
[pod/gateway-8689985fc9-t5bnw/gateway] 2026-10-05T15:49:11.241+00:00 INFO  http.request requestId=b5eb6dff-6a23-42b6-b039-c18c7670bcb0 role=api pod=gateway-8689985fc9-t5bnw method=POST path=/api/translations status=200 durationMs=604
[pod/gateway-8689985fc9-gpd27/gateway] 2026-10-05T15:49:11.251+00:00 INFO  http.request requestId=1ecf5a34-62b4-4696-8a74-e8a32d8ef248 role=api pod=gateway-8689985fc9-gpd27 method=POST path=/api/transcriptions status=200 durationMs=759
[pod/gateway-8689985fc9-gpd27/gateway] 2026-10-05T15:49:11.252+00:00 INFO  http.request requestId=4b0174fc-3e53-4ad8-8756-f3536ccfa1a5 role=api pod=gateway-8689985fc9-gpd27 method=POST path=/api/transcriptions status=200 durationMs=853
[pod/gateway-8689985fc9-gpd27/gateway] 2026-10-05T15:49:11.292+00:00 INFO  http.request requestId=737adc83-bd11-402e-9185-f2998ffe73b6 role=api pod=gateway-8689985fc9-gpd27 method=POST path=/api/transcriptions status=200 durationMs=847
[pod/gateway-8689985fc9-gpd27/gateway] 2026-10-05T15:49:11.294+00:00 INFO  http.request requestId=8ae14929-eb03-4bdc-b517-adaf9d3c0517 role=api pod=gateway-8689985fc9-gpd27 method=POST path=/api/transcriptions status=200 durationMs=819
[pod/gateway-8689985fc9-t5bnw/gateway] 2026-10-05T15:49:11.298+00:00 INFO  http.request requestId=9fc05ac4-d292-49ca-8828-f95db1493bf1 role=api pod=gateway-8689985fc9-t5bnw method=POST path=/api/transcriptions status=200 durationMs=865
[pod/gateway-8689985fc9-t5bnw/gateway] 2026-10-05T15:49:11.300+00:00 INFO  http.request requestId=59eecd28-2b26-4422-b0ea-3aeec342c01b role=api pod=gateway-8689985fc9-t5bnw method=POST path=/api/translations status=200 durationMs=425
[pod/gateway-8689985fc9-gpd27/gateway] 2026-10-05T15:49:11.309+00:00 INFO  http.request requestId=af1c9c15-9b50-4d30-b76a-fda62d3a6a67 role=api pod=gateway-8689985fc9-gpd27 method=POST path=/api/transcriptions status=200 durationMs=744
[pod/gateway-8689985fc9-gpd27/gateway] 2026-10-05T15:49:11.321+00:00 INFO  http.request requestId=30d9e3c8-95d6-4c28-8dbb-212f9011b902 role=api pod=gateway-8689985fc9-gpd27 method=POST path=/api/transcriptions status=200 durationMs=697
[pod/gateway-8689985fc9-gpd27/gateway] 2026-10-05T15:49:11.326+00:00 INFO  http.request requestId=9d070678-71ec-40a6-a790-e4babce01010 role=api pod=gateway-8689985fc9-gpd27 method=POST path=/api/translations status=200 durationMs=447
[pod/gateway-8689985fc9-t5bnw/gateway] 2026-10-05T15:49:11.326+00:00 INFO  http.request requestId=cfcdb9c8-000b-4782-92da-74be4a61f388 role=api pod=gateway-8689985fc9-t5bnw method=POST path=/api/transcriptions status=200 durationMs=731
[pod/gateway-8689985fc9-t5bnw/gateway] 2026-10-05T15:49:11.332+00:00 INFO  http.request requestId=d6407907-1601-44b9-9cc8-e051a60fafae role=api pod=gateway-8689985fc9-t5bnw method=POST path=/api/transcriptions status=200 durationMs=812
[pod/gateway-8689985fc9-gpd27/gateway] 2026-10-05T15:49:11.344+00:00 INFO  http.request requestId=5b5babd6-b62c-45fc-ace0-5c6fc3f33c91 role=api pod=gateway-8689985fc9-gpd27 method=POST path=/api/translations status=200 durationMs=463
[pod/gateway-8689985fc9-gpd27/gateway] 2026-10-05T15:49:11.349+00:00 INFO  http.request requestId=b2bb39de-3d73-4782-af02-dbf519eadb6c role=api pod=gateway-8689985fc9-gpd27 method=POST path=/api/translations status=200 durationMs=587
[pod/gateway-8689985fc9-t5bnw/gateway] 2026-10-05T15:49:11.343+00:00 INFO  http.request requestId=294ee8dc-0a9c-436d-9399-53fdc2279252 role=api pod=gateway-8689985fc9-t5bnw method=POST path=/api/translations status=200 durationMs=487
[pod/gateway-8689985fc9-t5bnw/gateway] 2026-10-05T15:49:11.356+00:00 INFO  http.request requestId=425d8c6f-d9e7-458d-8a25-0833c83b7444 role=api pod=gateway-8689985fc9-t5bnw method=POST path=/api/translations status=200 durationMs=423
[pod/gateway-8689985fc9-gpd27/gateway] 2026-10-05T15:49:11.369+00:00 INFO  http.request requestId=bb67a660-3d7c-4a2c-a75f-f8b90f29672d role=api pod=gateway-8689985fc9-gpd27 method=POST path=/api/transcriptions status=200 durationMs=683
[pod/gateway-8689985fc9-gpd27/gateway] 2026-10-05T15:49:11.378+00:00 INFO  http.request requestId=d8065825-a0e5-476d-a144-469231bdb1de role=api pod=gateway-8689985fc9-gpd27 method=POST path=/api/transcriptions status=200 durationMs=768
[pod/gateway-8689985fc9-gpd27/gateway] 2026-10-05T15:49:11.384+00:00 INFO  http.request requestId=c07f4103-9ee7-4847-aa11-96a61fd0aa78 role=api pod=gateway-8689985fc9-gpd27 method=POST path=/api/translations status=200 durationMs=601
[pod/gateway-8689985fc9-t5bnw/gateway] 2026-10-05T15:49:11.378+00:00 INFO  http.request requestId=02ee6a4f-1428-438c-957b-73551d50bce0 role=api pod=gateway-8689985fc9-t5bnw method=POST path=/api/transcriptions status=200 durationMs=708
[pod/gateway-8689985fc9-t5bnw/gateway] 2026-10-05T15:49:11.388+00:00 INFO  http.request requestId=296070da-9e8e-429c-b2a0-e911353ce71a role=api pod=gateway-8689985fc9-t5bnw method=POST path=/api/transcriptions status=200 durationMs=748
[pod/gateway-8689985fc9-t5bnw/gateway] 2026-10-05T15:49:11.388+00:00 INFO  http.request requestId=517283ea-6e7f-49ff-9436-392d9007f5da role=api pod=gateway-8689985fc9-t5bnw method=POST path=/api/translations status=200 durationMs=484
[pod/gateway-8689985fc9-gpd27/gateway] 2026-10-05T15:49:11.395+00:00 INFO  http.request requestId=abb2329f-4178-43ee-b8a2-52d1fe9298e3 role=api pod=gateway-8689985fc9-gpd27 method=POST path=/api/transcriptions status=200 durationMs=860
[pod/gateway-8689985fc9-gpd27/gateway] 2026-10-05T15:49:11.398+00:00 INFO  http.request requestId=d15b0828-6ab0-47ab-b386-c1742e4239a8 role=api pod=gateway-8689985fc9-gpd27 method=POST path=/api/transcriptions status=200 durationMs=818
[pod/gateway-8689985fc9-gpd27/gateway] 2026-10-05T15:49:11.405+00:00 INFO  http.request requestId=15c01b49-49f2-4316-9b66-4fea9b235f96 role=api pod=gateway-8689985fc9-gpd27 method=POST path=/api/translations status=200 durationMs=535
[pod/gateway-8689985fc9-gpd27/gateway] 2026-10-05T15:49:11.410+00:00 INFO  http.request requestId=b76d8706-abdd-4fb3-b300-0bb49ec5cd32 role=api pod=gateway-8689985fc9-gpd27 method=POST path=/api/transcriptions status=200 durationMs=679
[pod/gateway-8689985fc9-gpd27/gateway] 2026-10-05T15:49:11.415+00:00 INFO  http.request requestId=84691b3a-872c-4360-b9ae-81de73884828 role=api pod=gateway-8689985fc9-gpd27 method=POST path=/api/translations status=200 durationMs=492
[pod/gateway-8689985fc9-gpd27/gateway] 2026-10-05T15:49:11.422+00:00 INFO  http.request requestId=98edc4cf-bcfc-456f-9472-1579866fb105 role=api pod=gateway-8689985fc9-gpd27 method=POST path=/api/transcriptions status=200 durationMs=632
[pod/gateway-8689985fc9-t5bnw/gateway] 2026-10-05T15:49:11.403+00:00 INFO  http.request requestId=330a92d3-eee3-4e3a-a91c-ec132689c70a role=api pod=gateway-8689985fc9-t5bnw method=POST path=/api/transcriptions status=200 durationMs=628
[pod/gateway-8689985fc9-t5bnw/gateway] 2026-10-05T15:49:11.411+00:00 INFO  http.request requestId=3dcb5d0f-0736-481d-bd10-b8502aedbb78 role=api pod=gateway-8689985fc9-t5bnw method=POST path=/api/translations status=200 durationMs=451
[pod/gateway-8689985fc9-t5bnw/gateway] 2026-10-05T15:49:11.429+00:00 INFO  http.request requestId=3572ec47-035e-4b8c-8791-775c32b932cf role=api pod=gateway-8689985fc9-t5bnw method=POST path=/api/transcriptions status=200 durationMs=773
[pod/gateway-8689985fc9-gpd27/gateway] 2026-10-05T15:49:11.430+00:00 INFO  http.request requestId=cefa7f7f-827f-4c88-ac3b-fa45e5c9a400 role=api pod=gateway-8689985fc9-gpd27 method=POST path=/api/translations status=200 durationMs=548
[pod/gateway-8689985fc9-gpd27/gateway] 2026-10-05T15:49:11.437+00:00 INFO  http.request requestId=22ec8387-9ba8-44c8-95f5-f021e331fdee role=api pod=gateway-8689985fc9-gpd27 method=POST path=/api/transcriptions status=200 durationMs=738
[pod/gateway-8689985fc9-gpd27/gateway] 2026-10-05T15:49:11.442+00:00 INFO  http.request requestId=46c62d29-829c-4d4d-8564-f8dfa929e7df role=api pod=gateway-8689985fc9-gpd27 method=POST path=/api/translations status=200 durationMs=455
[pod/gateway-8689985fc9-2czzr/gateway] 2026-10-05T15:49:11.457+00:00 WARN  http.request requestId=5109d123-3d44-4914-9f68-db6c7a2689aa role=api pod=gateway-8689985fc9-2czzr method=GET path=/readyz status=503 durationMs=0
[pod/gateway-8689985fc9-gpd27/gateway] 2026-10-05T15:49:11.473+00:00 INFO  http.request requestId=2b7cda81-49c9-40ea-a871-4df011373cc1 role=api pod=gateway-8689985fc9-gpd27 method=POST path=/api/translations status=200 durationMs=480
[pod/gateway-8689985fc9-t5bnw/gateway] 2026-10-05T15:49:11.467+00:00 INFO  http.request requestId=6a1dd98b-5ce0-470d-b852-b21d00a1c767 role=api pod=gateway-8689985fc9-t5bnw method=POST path=/api/translations status=200 durationMs=554
[pod/gateway-8689985fc9-gpd27/gateway] 2026-10-05T15:49:11.484+00:00 INFO  http.request requestId=6a7516c4-35fb-4a59-8ab3-d756291c08c9 role=api pod=gateway-8689985fc9-gpd27 method=POST path=/api/translations status=200 durationMs=457
[pod/gateway-8689985fc9-gpd27/gateway] 2026-10-05T15:49:11.484+00:00 INFO  http.request requestId=792f46fe-9a05-4683-ace6-56ec3bd4d130 role=api pod=gateway-8689985fc9-gpd27 method=POST path=/api/translations status=200 durationMs=428
[pod/gateway-8689985fc9-gpd27/gateway] 2026-10-05T15:49:11.500+00:00 INFO  http.request requestId=eb567da9-d15a-4d35-8377-b06a75093a2a role=api pod=gateway-8689985fc9-gpd27 method=POST path=/api/translations status=200 durationMs=549
[pod/gateway-8689985fc9-t5bnw/gateway] 2026-10-05T15:49:11.483+00:00 INFO  http.request requestId=d7bdb7e0-18b8-42bc-a2bd-bfa97327d462 role=api pod=gateway-8689985fc9-t5bnw method=POST path=/api/translations status=200 durationMs=567
[pod/gateway-8689985fc9-t5bnw/gateway] 2026-10-05T15:49:11.485+00:00 INFO  http.request requestId=21b43b90-33e4-457d-a49f-3b3862ec78bc role=api pod=gateway-8689985fc9-t5bnw method=POST path=/api/translations status=200 durationMs=487
[pod/gateway-8689985fc9-gpd27/gateway] 2026-10-05T15:49:11.508+00:00 INFO  http.request requestId=0c24ff6b-3e04-4add-98ab-45d68349d310 role=api pod=gateway-8689985fc9-gpd27 method=POST path=/api/translations status=200 durationMs=488
[pod/gateway-8689985fc9-gpd27/gateway] 2026-10-05T15:49:11.567+00:00 INFO  http.request requestId=a84cf54b-e6e6-47d0-8a4c-7feeda4f7f71 role=api pod=gateway-8689985fc9-gpd27 method=POST path=/api/transcriptions status=200 durationMs=642
[pod/gateway-8689985fc9-gpd27/gateway] 2026-10-05T15:49:11.574+00:00 INFO  http.request requestId=c025fd6f-1a81-4d58-bbe2-40b6e2fcb357 role=api pod=gateway-8689985fc9-gpd27 method=POST path=/api/translations status=200 durationMs=3011
[pod/gateway-8689985fc9-gpd27/gateway] 2026-10-05T15:49:11.601+00:00 INFO  http.request requestId=05289580-c885-4042-906d-21d69f1de75f role=api pod=gateway-8689985fc9-gpd27 method=POST path=/api/translations status=200 durationMs=553
[pod/gateway-8689985fc9-gpd27/gateway] 2026-10-05T15:49:11.605+00:00 INFO  http.request requestId=98f7a7ab-663d-4ab5-83f7-63e1a963f472 role=api pod=gateway-8689985fc9-gpd27 method=POST path=/api/transcriptions status=200 durationMs=694
[pod/gateway-8689985fc9-gpd27/gateway] 2026-10-05T15:49:11.617+00:00 INFO  http.request requestId=72eb53fa-51ce-43e2-a9af-ac3790d9c179 role=api pod=gateway-8689985fc9-gpd27 method=POST path=/api/transcriptions status=200 durationMs=903
[pod/gateway-8689985fc9-t5bnw/gateway] 2026-10-05T15:49:11.566+00:00 INFO  http.request requestId=0375d8d3-4117-42a0-905c-a70f97ea50d5 role=api pod=gateway-8689985fc9-t5bnw method=POST path=/api/transcriptions status=200 durationMs=716
[pod/gateway-8689985fc9-t5bnw/gateway] 2026-10-05T15:49:11.594+00:00 INFO  http.request requestId=bba22b0a-e7bc-435a-a226-cd66bfcb0f6f role=api pod=gateway-8689985fc9-t5bnw method=POST path=/api/transcriptions status=200 durationMs=835
[pod/gateway-8689985fc9-t5bnw/gateway] 2026-10-05T15:49:11.603+00:00 INFO  http.request requestId=951381ba-35a7-4e71-b62b-46bb31650715 role=api pod=gateway-8689985fc9-t5bnw method=POST path=/api/transcriptions status=200 durationMs=784
[pod/gateway-8689985fc9-t5bnw/gateway] 2026-10-05T15:49:11.608+00:00 INFO  http.request requestId=e2206b4b-c258-41d8-9b6e-166b8e7c6797 role=api pod=gateway-8689985fc9-t5bnw method=POST path=/api/translations status=200 durationMs=586
[pod/gateway-8689985fc9-t5bnw/gateway] 2026-10-05T15:49:11.609+00:00 INFO  http.request requestId=885ea502-a91f-45df-9041-aacc1b5d8861 role=api pod=gateway-8689985fc9-t5bnw method=POST path=/api/translations status=200 durationMs=555
[pod/gateway-8689985fc9-t5bnw/gateway] 2026-10-05T15:49:11.609+00:00 INFO  http.request requestId=4c715c79-8e92-4eb4-9cbe-805a49ed03aa role=api pod=gateway-8689985fc9-t5bnw method=POST path=/api/transcriptions status=200 durationMs=864
[pod/gateway-8689985fc9-t5bnw/gateway] 2026-10-05T15:49:11.615+00:00 INFO  http.request requestId=5e584a02-3500-42a7-b658-8051a5883d48 role=api pod=gateway-8689985fc9-t5bnw method=POST path=/api/transcriptions status=200 durationMs=629
[pod/gateway-8689985fc9-t5bnw/gateway] 2026-10-05T15:49:11.625+00:00 INFO  http.request requestId=e7d51483-6a81-4690-b459-c7d0bf22cef9 role=api pod=gateway-8689985fc9-t5bnw method=POST path=/api/transcriptions status=200 durationMs=730
[pod/gateway-8689985fc9-gpd27/gateway] 2026-10-05T15:49:11.637+00:00 INFO  http.request requestId=9ee7fe48-4fc4-4a30-907e-6dea17db2550 role=api pod=gateway-8689985fc9-gpd27 method=POST path=/api/translations status=200 durationMs=572
[pod/gateway-8689985fc9-t5bnw/gateway] 2026-10-05T15:49:11.632+00:00 INFO  http.request requestId=1654cec5-8df5-4ad8-81d3-0a2234194b07 role=api pod=gateway-8689985fc9-t5bnw method=POST path=/api/translations status=200 durationMs=575
[pod/gateway-8689985fc9-t5bnw/gateway] 2026-10-05T15:49:11.637+00:00 INFO  http.request requestId=9b3cdff0-dc25-43d1-b19f-790b120ea066 role=api pod=gateway-8689985fc9-t5bnw method=POST path=/api/transcriptions status=200 durationMs=683
[pod/gateway-8689985fc9-gpd27/gateway] 2026-10-05T15:49:11.670+00:00 INFO  http.request requestId=9fafbbba-3c73-477c-9772-4a2d20fea6c0 role=api pod=gateway-8689985fc9-gpd27 method=POST path=/api/translations status=200 durationMs=417
[pod/gateway-8689985fc9-gpd27/gateway] 2026-10-05T15:49:11.673+00:00 INFO  http.request requestId=5ba76e20-7ff3-4e5a-b247-392396c771ef role=api pod=gateway-8689985fc9-gpd27 method=POST path=/api/translations status=200 durationMs=572
[pod/gateway-8689985fc9-gpd27/gateway] 2026-10-05T15:49:11.673+00:00 INFO  http.request requestId=de7b4e7f-66ba-48a3-81fb-fc495279aa3a role=api pod=gateway-8689985fc9-gpd27 method=POST path=/api/translations status=200 durationMs=502
[pod/gateway-8689985fc9-t5bnw/gateway] 2026-10-05T15:49:11.658+00:00 INFO  http.request requestId=1c5df491-cf47-4e9b-b2ae-0311d4e77c10 role=api pod=gateway-8689985fc9-t5bnw method=POST path=/api/transcriptions status=200 durationMs=824
[pod/gateway-8689985fc9-t5bnw/gateway] 2026-10-05T15:49:11.660+00:00 INFO  http.request requestId=cfc0e5a3-a59c-4f7b-ad80-c4b6fc1136ac role=api pod=gateway-8689985fc9-t5bnw method=POST path=/api/transcriptions status=200 durationMs=778
[pod/gateway-8689985fc9-t5bnw/gateway] 2026-10-05T15:49:11.667+00:00 INFO  http.request requestId=88ffedfd-c5d1-4061-a3f8-dc168e23ba9e role=api pod=gateway-8689985fc9-t5bnw method=POST path=/api/translations status=200 durationMs=480
[pod/gateway-8689985fc9-gpd27/gateway] 2026-10-05T15:49:11.682+00:00 INFO  http.request requestId=8ce03cdd-65ea-4d64-8c45-e6b3bbd99b94 role=api pod=gateway-8689985fc9-gpd27 method=POST path=/api/transcriptions status=200 durationMs=742
[pod/gateway-8689985fc9-gpd27/gateway] 2026-10-05T15:49:11.696+00:00 INFO  http.request requestId=e5664df9-fee1-4b32-bcb5-b971fe086eea role=api pod=gateway-8689985fc9-gpd27 method=POST path=/api/transcriptions status=200 durationMs=890
[pod/gateway-8689985fc9-gpd27/gateway] 2026-10-05T15:49:11.700+00:00 INFO  http.request requestId=2a615944-196c-4811-bc1b-efb227c4ad06 role=api pod=gateway-8689985fc9-gpd27 method=POST path=/api/translations status=200 durationMs=492
[pod/gateway-8689985fc9-gpd27/gateway] 2026-10-05T15:49:11.702+00:00 INFO  http.request requestId=87b0d104-e63e-47de-869c-07467e60cf4b role=api pod=gateway-8689985fc9-gpd27 method=POST path=/api/transcriptions status=200 durationMs=732
[pod/gateway-8689985fc9-t5bnw/gateway] 2026-10-05T15:49:11.735+00:00 INFO  http.request requestId=d25b9310-7c3d-4d72-9c1d-02db006b33f3 role=api pod=gateway-8689985fc9-t5bnw method=POST path=/api/translations status=200 durationMs=606
[pod/gateway-8689985fc9-gpd27/gateway] 2026-10-05T15:49:11.746+00:00 INFO  http.request requestId=12864788-6d0b-4d9e-9159-3defcd2bf935 role=api pod=gateway-8689985fc9-gpd27 method=POST path=/api/transcriptions status=200 durationMs=672
[pod/gateway-8689985fc9-gpd27/gateway] 2026-10-05T15:49:11.749+00:00 INFO  http.request requestId=f2ee1bb0-f41d-49e5-8188-fc9dc34c3822 role=api pod=gateway-8689985fc9-gpd27 method=POST path=/api/transcriptions status=200 durationMs=884
[pod/gateway-8689985fc9-t5bnw/gateway] 2026-10-05T15:49:11.807+00:00 INFO  http.request requestId=53ae84e9-814f-49d9-9998-562ff5ac78c2 role=api pod=gateway-8689985fc9-t5bnw method=POST path=/api/transcriptions status=200 durationMs=657
[pod/gateway-8689985fc9-t5bnw/gateway] 2026-10-05T15:49:11.807+00:00 INFO  http.request requestId=6ac56946-3b97-48de-b380-4c2059be5046 role=api pod=gateway-8689985fc9-t5bnw method=POST path=/api/translations status=200 durationMs=438
[pod/gateway-8689985fc9-t5bnw/gateway] 2026-10-05T15:49:11.808+00:00 INFO  http.request requestId=85adf839-1639-415f-a9c5-412aef3db20b role=api pod=gateway-8689985fc9-t5bnw method=POST path=/api/transcriptions status=200 durationMs=763
[pod/gateway-8689985fc9-gpd27/gateway] 2026-10-05T15:49:11.764+00:00 INFO  http.request requestId=dd56b68a-46bd-422d-99d6-88e007da59fc role=api pod=gateway-8689985fc9-gpd27 method=POST path=/api/translations status=200 durationMs=539
[pod/gateway-8689985fc9-h82ls/gateway] 2026-10-05T15:49:11.842+00:00 WARN  http.request requestId=410a06f1-cfd1-4b62-8bb0-ef835e94a9b1 role=api pod=gateway-8689985fc9-h82ls method=GET path=/readyz status=503 durationMs=0
[pod/gateway-8689985fc9-t5bnw/gateway] 2026-10-05T15:49:11.829+00:00 INFO  http.request requestId=5ad1aeab-9c2c-476e-bf18-d16411db754d role=api pod=gateway-8689985fc9-t5bnw method=POST path=/api/transcriptions status=200 durationMs=827
[pod/gateway-8689985fc9-t5bnw/gateway] 2026-10-05T15:49:11.848+00:00 INFO  http.request requestId=a92bc276-2497-4f52-bd6c-8aac2f773f1d role=api pod=gateway-8689985fc9-t5bnw method=POST path=/api/translations status=200 durationMs=524
[pod/gateway-8689985fc9-t5bnw/gateway] 2026-10-05T15:49:11.849+00:00 INFO  http.request requestId=a000f8c7-f0aa-43d9-912d-e02f3380ed7a role=api pod=gateway-8689985fc9-t5bnw method=POST path=/api/translations status=200 durationMs=597
[pod/gateway-8689985fc9-t5bnw/gateway] 2026-10-05T15:49:11.853+00:00 INFO  http.request requestId=3d9535bd-281f-4d88-bf65-090b701bdc80 role=api pod=gateway-8689985fc9-t5bnw method=POST path=/api/transcriptions status=200 durationMs=838
[pod/gateway-8689985fc9-gpd27/gateway] 2026-10-05T15:49:11.828+00:00 INFO  http.request requestId=4d2ff221-9523-4ab1-98f4-4472a21611a1 role=api pod=gateway-8689985fc9-gpd27 method=POST path=/api/transcriptions status=200 durationMs=633
[pod/gateway-8689985fc9-gpd27/gateway] 2026-10-05T15:49:11.828+00:00 INFO  http.request requestId=744a8548-7d60-4b91-9b0e-10dc8d30e203 role=api pod=gateway-8689985fc9-gpd27 method=POST path=/api/translations status=200 durationMs=534
[pod/gateway-8689985fc9-gpd27/gateway] 2026-10-05T15:49:11.844+00:00 INFO  http.request requestId=413be3e5-46b7-4576-86a0-4af7c777b63c role=api pod=gateway-8689985fc9-gpd27 method=POST path=/api/translations status=200 durationMs=516
[pod/gateway-8689985fc9-gpd27/gateway] 2026-10-05T15:49:11.850+00:00 INFO  http.request requestId=1b3ddd50-08d3-43e7-995a-db861c437743 role=api pod=gateway-8689985fc9-gpd27 method=POST path=/api/translations status=200 durationMs=516
[pod/gateway-8689985fc9-gpd27/gateway] 2026-10-05T15:49:11.861+00:00 INFO  http.request requestId=2fb4c492-1683-44b6-bffb-713efefb06f8 role=api pod=gateway-8689985fc9-gpd27 method=POST path=/api/translations status=200 durationMs=462
[pod/gateway-8689985fc9-t5bnw/gateway] 2026-10-05T15:49:11.871+00:00 INFO  http.request requestId=029fd505-f654-42a2-a707-5a2d22e50e50 role=api pod=gateway-8689985fc9-t5bnw method=POST path=/api/translations status=200 durationMs=561
[pod/gateway-8689985fc9-t5bnw/gateway] 2026-10-05T15:49:11.882+00:00 INFO  http.request requestId=32cd7b85-f117-4b14-92f3-76796546ec9b role=api pod=gateway-8689985fc9-t5bnw method=POST path=/api/translations status=200 durationMs=588
[pod/gateway-8689985fc9-t5bnw/gateway] 2026-10-05T15:49:11.882+00:00 INFO  http.request requestId=c948a7f9-a7a2-4403-b41c-2f1714ea17f9 role=api pod=gateway-8689985fc9-t5bnw method=POST path=/api/translations status=200 durationMs=486
[pod/gateway-8689985fc9-t5bnw/gateway] 2026-10-05T15:49:11.890+00:00 INFO  http.request requestId=1bd21950-edab-4de5-939c-b66148d90ad6 role=api pod=gateway-8689985fc9-t5bnw method=POST path=/api/translations status=200 durationMs=501
[pod/gateway-8689985fc9-t5bnw/gateway] 2026-10-05T15:49:11.914+00:00 INFO  http.request requestId=3c8724df-8da5-4929-9bd8-5653d34e91f9 role=api pod=gateway-8689985fc9-t5bnw method=POST path=/api/transcriptions status=200 durationMs=749
[pod/gateway-8689985fc9-gpd27/gateway] 2026-10-05T15:49:11.898+00:00 INFO  http.request requestId=ec34d391-940b-4493-b007-17112ca19b4f role=api pod=gateway-8689985fc9-gpd27 method=POST path=/api/transcriptions status=200 durationMs=793
[pod/gateway-8689985fc9-gpd27/gateway] 2026-10-05T15:49:11.901+00:00 INFO  http.request requestId=6c8f7d44-b70e-4dd0-a929-190f13eb0fa6 role=api pod=gateway-8689985fc9-gpd27 method=POST path=/api/transcriptions status=200 durationMs=811
[pod/gateway-8689985fc9-gpd27/gateway] 2026-10-05T15:49:11.909+00:00 INFO  http.request requestId=c47b3a5a-f64c-4de7-93c9-ff419b56e1d6 role=api pod=gateway-8689985fc9-gpd27 method=POST path=/api/translations status=200 durationMs=498
[pod/gateway-8689985fc9-gpd27/gateway] 2026-10-05T15:49:11.909+00:00 INFO  http.request requestId=bfc858eb-6b74-4778-ba40-ca294e2d053a role=api pod=gateway-8689985fc9-gpd27 method=POST path=/api/translations status=200 durationMs=609
[pod/gateway-8689985fc9-gpd27/gateway] 2026-10-05T15:49:11.913+00:00 INFO  http.request requestId=f5d0a2ea-73c9-4ee9-a9c9-95b810a5e191 role=api pod=gateway-8689985fc9-gpd27 method=POST path=/api/translations status=200 durationMs=534
[pod/gateway-8689985fc9-gpd27/gateway] 2026-10-05T15:49:11.932+00:00 INFO  http.request requestId=59d96953-3fb7-4924-986a-719e0cc2d0a8 role=api pod=gateway-8689985fc9-gpd27 method=POST path=/api/translations status=200 durationMs=553
[pod/gateway-8689985fc9-t5bnw/gateway] 2026-10-05T15:49:11.922+00:00 INFO  http.request requestId=56465753-ed2c-4735-84c5-9217ad5148be role=api pod=gateway-8689985fc9-t5bnw method=POST path=/api/transcriptions status=200 durationMs=893
[pod/gateway-8689985fc9-t5bnw/gateway] 2026-10-05T15:49:11.923+00:00 INFO  http.request requestId=aa566b5d-a227-4fd1-a420-a169d0c62f4e role=api pod=gateway-8689985fc9-t5bnw method=POST path=/api/transcriptions status=200 durationMs=682
[pod/gateway-8689985fc9-gpd27/gateway] 2026-10-05T15:49:11.934+00:00 INFO  http.request requestId=63131216-4cb6-4cd7-87f4-0604047a9893 role=api pod=gateway-8689985fc9-gpd27 method=POST path=/api/transcriptions status=200 durationMs=753
[pod/gateway-8689985fc9-gpd27/gateway] 2026-10-05T15:49:11.940+00:00 INFO  http.request requestId=a729e92e-3aed-4611-b3f2-447b1a2df29d role=api pod=gateway-8689985fc9-gpd27 method=POST path=/api/transcriptions status=200 durationMs=670
[pod/gateway-8689985fc9-t5bnw/gateway] 2026-10-05T15:49:11.957+00:00 INFO  http.request requestId=1ce2a024-2129-49d4-8ecc-3efcb4701db4 role=api pod=gateway-8689985fc9-t5bnw method=POST path=/api/translations status=200 durationMs=518
[pod/gateway-8689985fc9-gpd27/gateway] 2026-10-05T15:49:11.946+00:00 INFO  http.request requestId=324639a0-e321-430e-a0c6-08f36641e1b8 role=api pod=gateway-8689985fc9-gpd27 method=POST path=/api/transcriptions status=200 durationMs=826
[pod/gateway-8689985fc9-gpd27/gateway] 2026-10-05T15:49:11.949+00:00 INFO  http.request requestId=6874b98f-1f3c-45a1-8ec3-7663d1025361 role=api pod=gateway-8689985fc9-gpd27 method=POST path=/api/transcriptions status=200 durationMs=890
[pod/gateway-8689985fc9-gpd27/gateway] 2026-10-05T15:49:11.956+00:00 INFO  http.request requestId=fcf3d94c-243a-4e60-bbd8-d5ec2629688d role=api pod=gateway-8689985fc9-gpd27 method=POST path=/api/translations status=200 durationMs=527
[pod/gateway-8689985fc9-t5bnw/gateway] 2026-10-05T15:49:11.977+00:00 INFO  http.request requestId=5694043f-89a5-4207-b4b2-e8b63abc63e1 role=api pod=gateway-8689985fc9-t5bnw method=POST path=/api/transcriptions status=200 durationMs=722
[pod/gateway-8689985fc9-gpd27/gateway] 2026-10-05T15:49:11.976+00:00 INFO  http.request requestId=ba8539ca-5220-4459-908d-f9573103afe1 role=api pod=gateway-8689985fc9-gpd27 method=POST path=/api/translations status=200 durationMs=572
[pod/gateway-8689985fc9-gpd27/gateway] 2026-10-05T15:49:11.991+00:00 INFO  http.request requestId=cdf8e9c4-ad4e-4968-ac64-4e7c127ea7a2 role=api pod=gateway-8689985fc9-gpd27 method=POST path=/api/transcriptions status=200 durationMs=856
[pod/gateway-8689985fc9-t5bnw/gateway] 2026-10-05T15:49:12.012+00:00 INFO  http.request requestId=0e660b47-2e3d-4199-8102-79e86ecfcb47 role=api pod=gateway-8689985fc9-t5bnw method=POST path=/api/transcriptions status=200 durationMs=727
[pod/gateway-8689985fc9-gpd27/gateway] 2026-10-05T15:49:12.027+00:00 INFO  http.request requestId=5773c528-77ab-42fa-810f-54d808498560 role=api pod=gateway-8689985fc9-gpd27 method=POST path=/api/translations status=200 durationMs=602
[pod/gateway-8689985fc9-gpd27/gateway] 2026-10-05T15:49:12.030+00:00 INFO  http.request requestId=5623c111-8d20-4d1c-82c7-f3b89851ca61 role=api pod=gateway-8689985fc9-gpd27 method=POST path=/api/translations status=200 durationMs=420
[pod/gateway-8689985fc9-t5bnw/gateway] 2026-10-05T15:49:12.041+00:00 INFO  http.request requestId=b064aac3-c3a3-41c2-acf4-4887b98ef816 role=api pod=gateway-8689985fc9-t5bnw method=POST path=/api/transcriptions status=200 durationMs=816
[pod/gateway-8689985fc9-gpd27/gateway] 2026-10-05T15:49:12.058+00:00 INFO  http.request requestId=b3b463fe-616a-428d-a498-98b69b8bdef5 role=api pod=gateway-8689985fc9-gpd27 method=POST path=/api/transcriptions status=200 durationMs=639
[pod/gateway-8689985fc9-gpd27/gateway] 2026-10-05T15:49:12.067+00:00 INFO  http.request requestId=a95ae622-d6ed-470c-b504-2a57ed7b5323 role=api pod=gateway-8689985fc9-gpd27 method=POST path=/api/transcriptions status=200 durationMs=752
[pod/gateway-8689985fc9-gpd27/gateway] 2026-10-05T15:49:12.102+00:00 INFO  http.request requestId=c48efb6e-6f46-4c96-acb0-ce5fa6f69c05 role=api pod=gateway-8689985fc9-gpd27 method=POST path=/api/transcriptions status=200 durationMs=892
[pod/gateway-8689985fc9-gpd27/gateway] 2026-10-05T15:49:12.105+00:00 INFO  http.request requestId=91c01770-4524-4868-9732-9b3ce929cebc role=api pod=gateway-8689985fc9-gpd27 method=POST path=/api/translations status=200 durationMs=479
[pod/gateway-8689985fc9-gpd27/gateway] 2026-10-05T15:49:12.108+00:00 INFO  http.request requestId=d62775c2-b5a3-4f1e-8cb1-71de0f76f79b role=api pod=gateway-8689985fc9-gpd27 method=POST path=/api/translations status=200 durationMs=541
[pod/gateway-8689985fc9-t5bnw/gateway] 2026-10-05T15:49:12.119+00:00 INFO  http.request requestId=259868c1-3023-4b3b-9173-fe81d9d2d787 role=api pod=gateway-8689985fc9-t5bnw method=POST path=/api/translations status=200 durationMs=551
[pod/gateway-8689985fc9-gpd27/gateway] 2026-10-05T15:49:12.137+00:00 INFO  http.request requestId=d2d3c210-24f8-4a54-a4c4-b90e50f53264 role=api pod=gateway-8689985fc9-gpd27 method=POST path=/api/transcriptions status=200 durationMs=761
[pod/gateway-8689985fc9-t5bnw/gateway] 2026-10-05T15:49:12.121+00:00 INFO  http.request requestId=1fcd4aee-1572-4d05-b756-1fa18bd145d2 role=api pod=gateway-8689985fc9-t5bnw method=POST path=/api/transcriptions status=200 durationMs=715
[pod/gateway-8689985fc9-t5bnw/gateway] 2026-10-05T15:49:12.126+00:00 INFO  http.request requestId=ab65bcfe-8e84-4beb-b44f-a41e1754033a role=api pod=gateway-8689985fc9-t5bnw method=POST path=/api/translations status=200 durationMs=510
[pod/gateway-8689985fc9-t5bnw/gateway] 2026-10-05T15:49:12.127+00:00 INFO  http.request requestId=6253f318-832a-4d11-a4ad-0c608007a15b role=api pod=gateway-8689985fc9-t5bnw method=POST path=/api/translations status=200 durationMs=467
[pod/gateway-8689985fc9-t5bnw/gateway] 2026-10-05T15:49:12.131+00:00 INFO  http.request requestId=e72ef466-c400-461f-994b-f674c642b1f6 role=api pod=gateway-8689985fc9-t5bnw method=POST path=/api/translations status=200 durationMs=536
[pod/gateway-8689985fc9-t5bnw/gateway] 2026-10-05T15:49:12.137+00:00 INFO  http.request requestId=ccce5745-1425-44e9-9813-aac47ba7edeb role=api pod=gateway-8689985fc9-t5bnw method=POST path=/api/transcriptions status=200 durationMs=627
[pod/gateway-8689985fc9-t5bnw/gateway] 2026-10-05T15:49:12.143+00:00 INFO  http.request requestId=bcdc831c-31a9-450a-954c-5e6c4bf3b06d role=api pod=gateway-8689985fc9-t5bnw method=POST path=/api/transcriptions status=200 durationMs=799
[pod/gateway-8689985fc9-t5bnw/gateway] 2026-10-05T15:49:12.145+00:00 INFO  http.request requestId=ffc3bb44-ecdb-4677-bcfa-a08ccb4521cb role=api pod=gateway-8689985fc9-t5bnw method=POST path=/api/translations status=200 durationMs=507
[pod/gateway-8689985fc9-gpd27/gateway] 2026-10-05T15:49:12.147+00:00 INFO  http.request requestId=ae119482-6c8e-4422-8b69-ee3777751a2c role=api pod=gateway-8689985fc9-gpd27 method=POST path=/api/transcriptions status=200 durationMs=697
[pod/gateway-8689985fc9-gpd27/gateway] 2026-10-05T15:49:12.156+00:00 INFO  http.request requestId=495a7cce-914f-4a9c-bce5-52c27eb7c0e7 role=api pod=gateway-8689985fc9-gpd27 method=POST path=/api/transcriptions status=200 durationMs=720
[pod/gateway-8689985fc9-t5bnw/gateway] 2026-10-05T15:49:12.161+00:00 INFO  http.request requestId=c6bafdf0-f02b-4b56-9fc6-cce894a1bc57 role=api pod=gateway-8689985fc9-t5bnw method=POST path=/api/translations status=200 durationMs=554
[pod/gateway-8689985fc9-gpd27/gateway] 2026-10-05T15:49:12.175+00:00 INFO  http.request requestId=03c6e03c-0edb-4449-933e-4f68e7ac7843 role=api pod=gateway-8689985fc9-gpd27 method=POST path=/api/transcriptions status=200 durationMs=695
[pod/gateway-8689985fc9-gpd27/gateway] 2026-10-05T15:49:12.189+00:00 INFO  http.request requestId=268e872e-1c98-429e-9f60-c3e6e1bb517b role=api pod=gateway-8689985fc9-gpd27 method=POST path=/api/transcriptions status=200 durationMs=724
[pod/gateway-8689985fc9-t5bnw/gateway] 2026-10-05T15:49:12.188+00:00 INFO  http.request requestId=935f63ca-bd3a-4625-ac25-330f9c17cb5d role=api pod=gateway-8689985fc9-t5bnw method=POST path=/api/transcriptions status=200 durationMs=692
[pod/gateway-8689985fc9-t5bnw/gateway] 2026-10-05T15:49:12.191+00:00 INFO  http.request requestId=aef51dc7-499b-426f-aa1c-93a1ec1f9b49 role=api pod=gateway-8689985fc9-t5bnw method=POST path=/api/transcriptions status=200 durationMs=802
[pod/gateway-8689985fc9-t5bnw/gateway] 2026-10-05T15:49:12.197+00:00 INFO  http.request requestId=0d8df81e-4f4c-4106-931e-e967732159ff role=api pod=gateway-8689985fc9-t5bnw method=POST path=/api/transcriptions status=200 durationMs=868
[pod/gateway-8689985fc9-gpd27/gateway] 2026-10-05T15:49:12.192+00:00 INFO  http.request requestId=9029cd7f-34c3-4a76-9a69-6e9290896dc6 role=api pod=gateway-8689985fc9-gpd27 method=POST path=/api/transcriptions status=200 durationMs=668
[pod/gateway-8689985fc9-gpd27/gateway] 2026-10-05T15:49:12.227+00:00 INFO  http.request requestId=843f4f31-16fe-4c29-9964-39c0bab7f50b role=api pod=gateway-8689985fc9-gpd27 method=POST path=/api/transcriptions status=200 durationMs=867
[pod/gateway-8689985fc9-t5bnw/gateway] 2026-10-05T15:49:12.209+00:00 INFO  http.request requestId=aac4efb3-c986-4334-90af-b03e5c228b7d role=api pod=gateway-8689985fc9-t5bnw method=POST path=/api/translations status=200 durationMs=591
[pod/gateway-8689985fc9-t5bnw/gateway] 2026-10-05T15:49:12.210+00:00 INFO  http.request requestId=459048b4-0436-4857-a931-dddf9e9ad272 role=api pod=gateway-8689985fc9-t5bnw method=POST path=/api/transcriptions status=200 durationMs=911
[pod/gateway-8689985fc9-gpd27/gateway] 2026-10-05T15:49:12.227+00:00 INFO  http.request requestId=1d0a6e3f-6ca0-43c6-85cc-d995d26668d2 role=api pod=gateway-8689985fc9-gpd27 method=POST path=/api/translations status=200 durationMs=524
[pod/gateway-8689985fc9-gpd27/gateway] 2026-10-05T15:49:12.241+00:00 INFO  http.request requestId=47c16f83-6e44-4193-a6fb-7886e07598ef role=api pod=gateway-8689985fc9-gpd27 method=POST path=/api/translations status=200 durationMs=582
[pod/gateway-8689985fc9-gpd27/gateway] 2026-10-05T15:49:12.245+00:00 INFO  http.request requestId=46e1d529-0539-4aac-8f11-b6ee1d0cfd91 role=api pod=gateway-8689985fc9-gpd27 method=POST path=/api/transcriptions status=200 durationMs=674
[pod/gateway-8689985fc9-t5bnw/gateway] 2026-10-05T15:49:12.250+00:00 INFO  http.request requestId=cfd6bd47-feb1-4bde-89ea-4778b41e43fd role=api pod=gateway-8689985fc9-t5bnw method=POST path=/api/translations status=200 durationMs=568
[pod/gateway-8689985fc9-t5bnw/gateway] 2026-10-05T15:49:12.254+00:00 INFO  http.request requestId=a6ffbacf-c9f5-4f1c-bf11-2a1a87dbe960 role=api pod=gateway-8689985fc9-t5bnw method=POST path=/api/translations status=200 durationMs=425
[pod/gateway-8689985fc9-gpd27/gateway] 2026-10-05T15:49:12.257+00:00 INFO  http.request requestId=66409150-4897-42ce-a57e-a41e6ac5be6d role=api pod=gateway-8689985fc9-gpd27 method=POST path=/api/translations status=200 durationMs=560
[pod/gateway-8689985fc9-gpd27/gateway] 2026-10-05T15:49:12.264+00:00 INFO  http.request requestId=521e7085-15d0-4507-812d-0c51f83d8965 role=api pod=gateway-8689985fc9-gpd27 method=POST path=/api/translations status=200 durationMs=432
[pod/gateway-8689985fc9-t5bnw/gateway] 2026-10-05T15:49:12.282+00:00 INFO  http.request requestId=be6ceb02-8de2-4cec-863f-fcc302922528 role=api pod=gateway-8689985fc9-t5bnw method=POST path=/api/transcriptions status=200 durationMs=637
[pod/gateway-8689985fc9-gpd27/gateway] 2026-10-05T15:49:12.279+00:00 INFO  http.request requestId=df150955-35e8-4d35-aab7-54781c1428d5 role=api pod=gateway-8689985fc9-gpd27 method=POST path=/api/translations status=200 durationMs=425
[pod/gateway-8689985fc9-gpd27/gateway] 2026-10-05T15:49:12.286+00:00 INFO  http.request requestId=b3cc97d4-ccf5-4495-9078-d05c9d147498 role=api pod=gateway-8689985fc9-gpd27 method=POST path=/api/translations status=200 durationMs=477
[pod/gateway-8689985fc9-t5bnw/gateway] 2026-10-05T15:49:12.298+00:00 INFO  http.request requestId=aff7d373-cc40-4d42-9e28-cf678a638d63 role=api pod=gateway-8689985fc9-t5bnw method=POST path=/api/translations status=200 durationMs=551
[pod/gateway-8689985fc9-gpd27/gateway] 2026-10-05T15:49:12.320+00:00 INFO  http.request requestId=212b1bbf-501c-4ead-96e3-474c2ce4fb6a role=api pod=gateway-8689985fc9-gpd27 method=POST path=/api/transcriptions status=200 durationMs=780
[pod/gateway-8689985fc9-gpd27/gateway] 2026-10-05T15:49:12.320+00:00 INFO  http.request requestId=793c3026-a06a-4042-93d6-366b78768e9a role=api pod=gateway-8689985fc9-gpd27 method=POST path=/api/transcriptions status=200 durationMs=631
[pod/gateway-8689985fc9-t5bnw/gateway] 2026-10-05T15:49:12.319+00:00 INFO  http.request requestId=5d8af7a4-076e-4f39-b8d0-8800cb477510 role=api pod=gateway-8689985fc9-t5bnw method=POST path=/api/transcriptions status=200 durationMs=764
[pod/gateway-8689985fc9-gpd27/gateway] 2026-10-05T15:49:12.340+00:00 INFO  http.request requestId=b7b930ac-2417-45c3-85f7-4c6f9182d438 role=api pod=gateway-8689985fc9-gpd27 method=POST path=/api/translations status=200 durationMs=590
[pod/gateway-8689985fc9-gpd27/gateway] 2026-10-05T15:49:12.364+00:00 INFO  http.request requestId=7e69a0d9-7a85-4cb5-b472-be6a7173c996 role=api pod=gateway-8689985fc9-gpd27 method=POST path=/api/transcriptions status=200 durationMs=689
[pod/gateway-8689985fc9-gpd27/gateway] 2026-10-05T15:49:12.372+00:00 INFO  http.request requestId=6daa59ec-acc9-43b5-816b-0214e2b176fa role=api pod=gateway-8689985fc9-gpd27 method=POST path=/api/translations status=200 durationMs=457
[pod/gateway-8689985fc9-gpd27/gateway] 2026-10-05T15:49:12.382+00:00 INFO  http.request requestId=d5539980-8856-4939-a7be-93389e4dff0c role=api pod=gateway-8689985fc9-gpd27 method=POST path=/api/translations status=200 durationMs=432
[pod/gateway-8689985fc9-gpd27/gateway] 2026-10-05T15:49:12.392+00:00 INFO  http.request requestId=1dedf08f-b430-4fbf-86f0-9ce15b97dbc3 role=api pod=gateway-8689985fc9-gpd27 method=POST path=/api/translations status=200 durationMs=457
[pod/gateway-8689985fc9-gpd27/gateway] 2026-10-05T15:49:12.412+00:00 INFO  http.request requestId=a885be6e-16c1-4e36-b884-62b78959eb53 role=api pod=gateway-8689985fc9-gpd27 method=POST path=/api/transcriptions status=200 durationMs=677
[pod/gateway-8689985fc9-t5bnw/gateway] 2026-10-05T15:49:12.421+00:00 INFO  http.request requestId=ebab5182-675d-4b82-aea1-44fa789e5dd8 role=api pod=gateway-8689985fc9-t5bnw method=POST path=/api/translations status=200 durationMs=611
[pod/gateway-8689985fc9-2czzr/gateway] 2026-10-05T15:49:12.458+00:00 WARN  http.request requestId=316ab6a8-c48a-4983-9527-ac7da0c69167 role=api pod=gateway-8689985fc9-2czzr method=GET path=/readyz status=503 durationMs=0
[pod/gateway-8689985fc9-t5bnw/gateway] 2026-10-05T15:49:12.430+00:00 INFO  http.request requestId=e2cdb1c4-51a7-4126-b20b-2677b3951e77 role=api pod=gateway-8689985fc9-t5bnw method=POST path=/api/transcriptions status=200 durationMs=815
[pod/gateway-8689985fc9-t5bnw/gateway] 2026-10-05T15:49:12.437+00:00 INFO  http.request requestId=a4afa76d-dc46-4316-aff9-5c01e98b3fc4 role=api pod=gateway-8689985fc9-t5bnw method=POST path=/api/translations status=200 durationMs=514
[pod/gateway-8689985fc9-t5bnw/gateway] 2026-10-05T15:49:12.445+00:00 INFO  http.request requestId=d6636e93-fe9e-4526-8200-4442baec8d7f role=api pod=gateway-8689985fc9-t5bnw method=POST path=/api/translations status=200 durationMs=504
[pod/gateway-8689985fc9-t5bnw/gateway] 2026-10-05T15:49:12.449+00:00 INFO  http.request requestId=a2d829e3-ab2e-47d8-aa57-62b6b193188b role=api pod=gateway-8689985fc9-t5bnw method=POST path=/api/translations status=200 durationMs=502
[pod/gateway-8689985fc9-t5bnw/gateway] 2026-10-05T15:49:12.453+00:00 INFO  http.request requestId=43dfbbf4-ed0f-4963-840c-6c106828d651 role=api pod=gateway-8689985fc9-t5bnw method=POST path=/api/transcriptions status=200 durationMs=852
[pod/gateway-8689985fc9-t5bnw/gateway] 2026-10-05T15:49:12.462+00:00 INFO  http.request requestId=e9c27214-1927-45de-a7a5-f4132220ca50 role=api pod=gateway-8689985fc9-t5bnw method=POST path=/api/transcriptions status=200 durationMs=681
[pod/gateway-8689985fc9-gpd27/gateway] 2026-10-05T15:49:12.444+00:00 INFO  http.request requestId=b683a310-222b-43d5-8195-f12760087b5f role=api pod=gateway-8689985fc9-gpd27 method=POST path=/api/transcriptions status=200 durationMs=859
[pod/gateway-8689985fc9-gpd27/gateway] 2026-10-05T15:49:12.449+00:00 INFO  http.request requestId=445ec36d-5632-4b23-a160-b5d8b62eb6f6 role=api pod=gateway-8689985fc9-gpd27 method=POST path=/api/translations status=200 durationMs=408
[pod/gateway-8689985fc9-gpd27/gateway] 2026-10-05T15:49:12.477+00:00 INFO  http.request requestId=021c6160-22fa-46c5-8127-35b7d0b6a356 role=api pod=gateway-8689985fc9-gpd27 method=POST path=/api/translations status=200 durationMs=575
[pod/gateway-8689985fc9-gpd27/gateway] 2026-10-05T15:49:12.479+00:00 INFO  http.request requestId=8913c2e0-8bcf-45b2-be51-52262220dd4d role=api pod=gateway-8689985fc9-gpd27 method=POST path=/api/transcriptions status=200 durationMs=773
[pod/gateway-8689985fc9-gpd27/gateway] 2026-10-05T15:49:12.488+00:00 INFO  http.request requestId=5b696feb-dd7d-4ea7-82df-d6901a0dcbaa role=api pod=gateway-8689985fc9-gpd27 method=POST path=/api/transcriptions status=200 durationMs=768
[pod/gateway-8689985fc9-t5bnw/gateway] 2026-10-05T15:49:12.468+00:00 INFO  http.request requestId=0c0fa31d-a4d8-4307-bad6-4e7755a628e7 role=api pod=gateway-8689985fc9-t5bnw method=POST path=/api/translations status=200 durationMs=544
[pod/gateway-8689985fc9-t5bnw/gateway] 2026-10-05T15:49:12.478+00:00 INFO  http.request requestId=05dc1f82-f090-4f3b-bba1-da88a8a7c6d1 role=api pod=gateway-8689985fc9-t5bnw method=POST path=/api/transcriptions status=200 durationMs=818
[pod/gateway-8689985fc9-t5bnw/gateway] 2026-10-05T15:49:12.492+00:00 INFO  http.request requestId=ccc52c60-f7a8-4d91-84c3-5b4bdcecf3d4 role=api pod=gateway-8689985fc9-t5bnw method=POST path=/api/transcriptions status=200 durationMs=863
[pod/gateway-8689985fc9-t5bnw/gateway] 2026-10-05T15:49:12.497+00:00 INFO  http.request requestId=599bec0a-b1e1-40b6-81eb-74f7983f2af4 role=api pod=gateway-8689985fc9-t5bnw method=POST path=/api/translations status=200 durationMs=598
[pod/gateway-8689985fc9-t5bnw/gateway] 2026-10-05T15:49:12.508+00:00 INFO  http.request requestId=94c67045-6387-44fd-ba08-f6d423dc884b role=api pod=gateway-8689985fc9-t5bnw method=POST path=/api/transcriptions status=200 durationMs=651
[pod/gateway-8689985fc9-gpd27/gateway] 2026-10-05T15:49:12.518+00:00 INFO  http.request requestId=555576e1-b937-4fa5-83bf-3f54168099f6 role=api pod=gateway-8689985fc9-gpd27 method=POST path=/api/transcriptions status=200 durationMs=751
[pod/gateway-8689985fc9-gpd27/gateway] 2026-10-05T15:49:12.545+00:00 INFO  http.request requestId=ec7f3d2f-ca13-4ff4-abe3-dce0fcb0f055 role=api pod=gateway-8689985fc9-gpd27 method=POST path=/api/transcriptions status=200 durationMs=672
[pod/gateway-8689985fc9-t5bnw/gateway] 2026-10-05T15:49:12.548+00:00 INFO  http.request requestId=50f93b6f-0e69-49dd-8965-9fc9178efbdd role=api pod=gateway-8689985fc9-t5bnw method=POST path=/api/translations status=200 durationMs=555
[pod/gateway-8689985fc9-gpd27/gateway] 2026-10-05T15:49:12.564+00:00 INFO  http.request requestId=248f3b4f-aee4-414a-8641-52238150bd38 role=api pod=gateway-8689985fc9-gpd27 method=POST path=/api/translations status=200 durationMs=551
[pod/gateway-8689985fc9-t5bnw/gateway] 2026-10-05T15:49:12.591+00:00 INFO  http.request requestId=141e1fa8-6664-48b1-a7f5-daedfdaebefb role=api pod=gateway-8689985fc9-t5bnw method=POST path=/api/translations status=200 durationMs=488
[pod/gateway-8689985fc9-gpd27/gateway] 2026-10-05T15:49:12.574+00:00 INFO  http.request requestId=2828b0e0-2bc1-46e1-8b9a-47d8dcee0bb3 role=api pod=gateway-8689985fc9-gpd27 method=POST path=/api/translations status=200 durationMs=417
[pod/gateway-8689985fc9-gpd27/gateway] 2026-10-05T15:49:12.584+00:00 INFO  http.request requestId=478adf53-0d8a-4d7b-8854-166e23e64578 role=api pod=gateway-8689985fc9-gpd27 method=POST path=/api/transcriptions status=200 durationMs=790
[pod/gateway-8689985fc9-gpd27/gateway] 2026-10-05T15:49:12.585+00:00 INFO  http.request requestId=45701b62-b65a-493d-878e-11f823405a8f role=api pod=gateway-8689985fc9-gpd27 method=POST path=/api/translations status=200 durationMs=607
[pod/gateway-8689985fc9-gpd27/gateway] 2026-10-05T15:49:12.599+00:00 INFO  http.request requestId=30f37155-a02c-4ae2-a8cb-8cc056e3175f role=api pod=gateway-8689985fc9-gpd27 method=POST path=/api/translations status=200 durationMs=528
[pod/gateway-8689985fc9-gpd27/gateway] 2026-10-05T15:49:12.603+00:00 INFO  http.request requestId=d096d99c-1e57-4e2d-a147-1e8e9f74b868 role=api pod=gateway-8689985fc9-gpd27 method=POST path=/api/transcriptions status=200 durationMs=659
[pod/gateway-8689985fc9-t5bnw/gateway] 2026-10-05T15:49:12.594+00:00 INFO  http.request requestId=7603a031-245d-42b3-8d05-936a99e523e6 role=api pod=gateway-8689985fc9-t5bnw method=POST path=/api/translations status=200 durationMs=456
[pod/gateway-8689985fc9-t5bnw/gateway] 2026-10-05T15:49:12.594+00:00 INFO  http.request requestId=087986fc-ec8d-461c-853f-dfd6793b8693 role=api pod=gateway-8689985fc9-t5bnw method=POST path=/api/transcriptions status=200 durationMs=709
[pod/gateway-8689985fc9-t5bnw/gateway] 2026-10-05T15:49:12.606+00:00 INFO  http.request requestId=bab4b89c-f1ae-4056-ba9f-ea4d70221ee1 role=api pod=gateway-8689985fc9-t5bnw method=POST path=/api/translations status=200 durationMs=412
[pod/gateway-8689985fc9-gpd27/gateway] 2026-10-05T15:49:12.627+00:00 INFO  http.request requestId=50e26adb-0902-4060-81cb-215bcdcf011b role=api pod=gateway-8689985fc9-gpd27 method=POST path=/api/translations status=200 durationMs=436
[pod/gateway-8689985fc9-gpd27/gateway] 2026-10-05T15:49:12.627+00:00 INFO  http.request requestId=4ff5a1c3-18f9-445a-9667-3b9f3bc409ed role=api pod=gateway-8689985fc9-gpd27 method=POST path=/api/translations status=200 durationMs=506
[pod/gateway-8689985fc9-gpd27/gateway] 2026-10-05T15:49:12.628+00:00 INFO  http.request requestId=758a2b47-1e49-41ba-9cd9-0a74cbc2f3d1 role=api pod=gateway-8689985fc9-gpd27 method=POST path=/api/transcriptions status=200 durationMs=877
[pod/gateway-8689985fc9-gpd27/gateway] 2026-10-05T15:49:12.640+00:00 INFO  http.request requestId=f6932212-7d63-4621-934c-cf0439c88c31 role=api pod=gateway-8689985fc9-gpd27 method=POST path=/api/translations status=200 durationMs=450
[pod/gateway-8689985fc9-gpd27/gateway] 2026-10-05T15:49:12.645+00:00 INFO  http.request requestId=d57adb53-60ee-41e7-a45a-18b68824ed66 role=api pod=gateway-8689985fc9-gpd27 method=POST path=/api/translations status=200 durationMs=448
[pod/gateway-8689985fc9-gpd27/gateway] 2026-10-05T15:49:12.654+00:00 INFO  http.request requestId=b1018237-71ff-4408-879e-457c7f03e21e role=api pod=gateway-8689985fc9-gpd27 method=POST path=/api/translations status=200 durationMs=595
[pod/gateway-8689985fc9-t5bnw/gateway] 2026-10-05T15:49:12.665+00:00 INFO  http.request requestId=3b2609ad-e13e-44ed-8662-59cfa7a1645f role=api pod=gateway-8689985fc9-t5bnw method=POST path=/api/transcriptions status=200 durationMs=690
[pod/gateway-8689985fc9-t5bnw/gateway] 2026-10-05T15:49:12.670+00:00 INFO  http.request requestId=e46b6c39-140a-4a2f-95d0-b446c36ef873 role=api pod=gateway-8689985fc9-t5bnw method=POST path=/api/translations status=200 durationMs=493
[pod/gateway-8689985fc9-t5bnw/gateway] 2026-10-05T15:49:12.676+00:00 INFO  http.request requestId=ee12f43d-dac2-4aa6-a304-406b47ea2e81 role=api pod=gateway-8689985fc9-t5bnw method=POST path=/api/translations status=200 durationMs=532
[pod/gateway-8689985fc9-gpd27/gateway] 2026-10-05T15:49:12.689+00:00 INFO  http.request requestId=64c15d34-49f9-4996-8f2e-ddf3ec73c9e6 role=api pod=gateway-8689985fc9-gpd27 method=POST path=/api/transcriptions status=200 durationMs=775
[pod/gateway-8689985fc9-gpd27/gateway] 2026-10-05T15:49:12.693+00:00 INFO  http.request requestId=729fd64f-0f4d-47b1-bd14-da40f402b1f3 role=api pod=gateway-8689985fc9-gpd27 method=POST path=/api/translations status=200 durationMs=555
[pod/gateway-8689985fc9-t5bnw/gateway] 2026-10-05T15:49:12.690+00:00 INFO  http.request requestId=abfc6d5f-e6c4-433d-9005-e4b23d8c5cf3 role=api pod=gateway-8689985fc9-t5bnw method=POST path=/api/transcriptions status=200 durationMs=880
[pod/gateway-8689985fc9-t5bnw/gateway] 2026-10-05T15:49:12.704+00:00 INFO  http.request requestId=7b32292d-b159-4948-86be-f5327b9725cb role=api pod=gateway-8689985fc9-t5bnw method=POST path=/api/transcriptions status=200 durationMs=880
[pod/gateway-8689985fc9-gpd27/gateway] 2026-10-05T15:49:12.713+00:00 INFO  http.request requestId=586036d7-a219-484b-8d50-d989889f148d role=api pod=gateway-8689985fc9-gpd27 method=POST path=/api/transcriptions status=200 durationMs=678
[pod/gateway-8689985fc9-t5bnw/gateway] 2026-10-05T15:49:12.735+00:00 INFO  http.request requestId=f6adae04-717a-4f7f-82a7-096fc94ea2fa role=api pod=gateway-8689985fc9-t5bnw method=POST path=/api/translations status=200 durationMs=585
[pod/gateway-8689985fc9-t5bnw/gateway] 2026-10-05T15:49:12.735+00:00 INFO  http.request requestId=9a0815f6-66c7-42c8-ba0b-e4562355b17a role=api pod=gateway-8689985fc9-t5bnw method=POST path=/api/translations status=200 durationMs=415
[pod/gateway-8689985fc9-t5bnw/gateway] 2026-10-05T15:49:12.736+00:00 INFO  http.request requestId=2458304f-c320-4ede-a465-d6d2fd949607 role=api pod=gateway-8689985fc9-t5bnw method=POST path=/api/translations status=200 durationMs=508
[pod/gateway-8689985fc9-t5bnw/gateway] 2026-10-05T15:49:12.737+00:00 INFO  http.request requestId=cbd001de-3940-4700-ae8d-42a446abe979 role=api pod=gateway-8689985fc9-t5bnw method=POST path=/api/transcriptions status=200 durationMs=896
[pod/gateway-8689985fc9-t5bnw/gateway] 2026-10-05T15:49:12.745+00:00 INFO  http.request requestId=0b7f2d2c-220f-4ec1-a24b-ae860eb78c72 role=api pod=gateway-8689985fc9-t5bnw method=POST path=/api/translations status=200 durationMs=534
[pod/gateway-8689985fc9-t5bnw/gateway] 2026-10-05T15:49:12.772+00:00 INFO  http.request requestId=1de2427d-e09b-41b1-bbdd-1ee9b511c7cc role=api pod=gateway-8689985fc9-t5bnw method=POST path=/api/transcriptions status=200 durationMs=646
[pod/gateway-8689985fc9-gpd27/gateway] 2026-10-05T15:49:12.757+00:00 INFO  http.request requestId=06662c76-d094-41e9-a29b-42cd7282f7c9 role=api pod=gateway-8689985fc9-gpd27 method=POST path=/api/transcriptions status=200 durationMs=692
[pod/gateway-8689985fc9-gpd27/gateway] 2026-10-05T15:49:12.768+00:00 INFO  http.request requestId=fa8534cd-3191-4579-a84d-930cbc0ba21a role=api pod=gateway-8689985fc9-gpd27 method=POST path=/api/transcriptions status=200 durationMs=808
[pod/gateway-8689985fc9-t5bnw/gateway] 2026-10-05T15:49:12.780+00:00 INFO  http.request requestId=42c2e750-7a76-44f0-9ca7-329515e995cb role=api pod=gateway-8689985fc9-t5bnw method=POST path=/api/translations status=200 durationMs=415
[pod/gateway-8689985fc9-t5bnw/gateway] 2026-10-05T15:49:12.787+00:00 INFO  http.request requestId=e102997a-783e-4a05-a335-1e5810547670 role=api pod=gateway-8689985fc9-t5bnw method=POST path=/api/transcriptions status=200 durationMs=857
[pod/gateway-8689985fc9-t5bnw/gateway] 2026-10-05T15:49:12.793+00:00 INFO  http.request requestId=226ecd4a-c07a-4b44-a456-c77837bd6705 role=api pod=gateway-8689985fc9-t5bnw method=POST path=/api/translations status=200 durationMs=603
[pod/gateway-8689985fc9-gpd27/gateway] 2026-10-05T15:49:12.784+00:00 INFO  http.request requestId=74ec4f4b-c2d2-4689-9f56-f385086c8bb2 role=api pod=gateway-8689985fc9-gpd27 method=POST path=/api/transcriptions status=200 durationMs=793
[pod/gateway-8689985fc9-t5bnw/gateway] 2026-10-05T15:49:12.816+00:00 INFO  http.request requestId=b3c8b995-c6e6-4efa-a5f2-5dd8ca1a552c role=api pod=gateway-8689985fc9-t5bnw method=POST path=/api/transcriptions status=200 durationMs=721
[pod/gateway-8689985fc9-gpd27/gateway] 2026-10-05T15:49:12.801+00:00 INFO  http.request requestId=ba3286cb-d7a7-4b79-b515-5b5994818305 role=api pod=gateway-8689985fc9-gpd27 method=POST path=/api/translations status=200 durationMs=556
[pod/gateway-8689985fc9-gpd27/gateway] 2026-10-05T15:49:12.802+00:00 INFO  http.request requestId=75163c4a-0c7f-414c-b748-12e3238a15d2 role=api pod=gateway-8689985fc9-gpd27 method=POST path=/api/transcriptions status=200 durationMs=903
[pod/gateway-8689985fc9-gpd27/gateway] 2026-10-05T15:49:12.808+00:00 INFO  http.request requestId=566023c7-79ee-4eb3-a0f0-f64bd1eab79a role=api pod=gateway-8689985fc9-gpd27 method=POST path=/api/transcriptions status=200 durationMs=787
[pod/gateway-8689985fc9-gpd27/gateway] 2026-10-05T15:49:12.821+00:00 INFO  http.request requestId=e40c2ab8-8712-4ffd-8512-28afa124586f role=api pod=gateway-8689985fc9-gpd27 method=POST path=/api/translations status=200 durationMs=500
[pod/gateway-8689985fc9-h82ls/gateway] 2026-10-05T15:49:12.834+00:00 WARN  http.request requestId=fa5c4798-a7d1-4c15-b25d-f6ecb53015df role=api pod=gateway-8689985fc9-h82ls method=GET path=/readyz status=503 durationMs=0
[pod/gateway-8689985fc9-gpd27/gateway] 2026-10-05T15:49:12.845+00:00 INFO  http.request requestId=5857ccad-dbc1-4ade-bae7-52b81cd0c72a role=api pod=gateway-8689985fc9-gpd27 method=POST path=/api/translations status=200 durationMs=562
[pod/gateway-8689985fc9-gpd27/gateway] 2026-10-05T15:49:12.868+00:00 INFO  http.request requestId=51489e74-c6cb-42f6-b41c-e98348c97513 role=api pod=gateway-8689985fc9-gpd27 method=POST path=/api/transcriptions status=200 durationMs=698
[pod/gateway-8689985fc9-gpd27/gateway] 2026-10-05T15:49:12.876+00:00 INFO  http.request requestId=75c89f2b-87a9-44f1-bc8f-75c3ac50da00 role=api pod=gateway-8689985fc9-gpd27 method=POST path=/api/transcriptions status=200 durationMs=632
[pod/gateway-8689985fc9-gpd27/gateway] 2026-10-05T15:49:12.879+00:00 INFO  http.request requestId=6c74b236-43d8-4c54-bf4e-03bc98df80ba role=api pod=gateway-8689985fc9-gpd27 method=POST path=/api/translations status=200 durationMs=449
[pod/gateway-8689985fc9-gpd27/gateway] 2026-10-05T15:49:12.885+00:00 INFO  http.request requestId=1caa4dcd-7299-44ee-94e8-a8e16720ebfd role=api pod=gateway-8689985fc9-gpd27 method=POST path=/api/transcriptions status=200 durationMs=775
[pod/gateway-8689985fc9-gpd27/gateway] 2026-10-05T15:49:12.891+00:00 INFO  http.request requestId=39ff451f-4d02-418d-a8a8-7a920e1a9c27 role=api pod=gateway-8689985fc9-gpd27 method=POST path=/api/transcriptions status=200 durationMs=886
[pod/gateway-8689985fc9-gpd27/gateway] 2026-10-05T15:49:12.903+00:00 INFO  http.request requestId=f5dd9aee-98dd-4485-99d5-b29be656cbb9 role=api pod=gateway-8689985fc9-gpd27 method=POST path=/api/transcriptions status=200 durationMs=823
[pod/gateway-8689985fc9-t5bnw/gateway] 2026-10-05T15:49:12.915+00:00 INFO  http.request requestId=0465bf5a-44fc-4b7e-a25b-74269e00e969 role=api pod=gateway-8689985fc9-t5bnw method=POST path=/api/transcriptions status=200 durationMs=716
[pod/gateway-8689985fc9-gpd27/gateway] 2026-10-05T15:49:12.914+00:00 INFO  http.request requestId=00bb437b-80bf-4481-b0a6-8166c5342c89 role=api pod=gateway-8689985fc9-gpd27 method=POST path=/api/transcriptions status=200 durationMs=730
[pod/gateway-8689985fc9-gpd27/gateway] 2026-10-05T15:49:12.919+00:00 INFO  http.request requestId=59fc6d48-8f9d-43f4-86c5-5e820ddd746b role=api pod=gateway-8689985fc9-gpd27 method=POST path=/api/translations status=200 durationMs=599
[pod/gateway-8689985fc9-t5bnw/gateway] 2026-10-05T15:49:12.935+00:00 INFO  http.request requestId=1ecfdb26-79fb-4cca-a0d2-dda8ae559d85 role=api pod=gateway-8689985fc9-t5bnw method=POST path=/api/translations status=200 durationMs=489
[pod/gateway-8689985fc9-gpd27/gateway] 2026-10-05T15:49:12.940+00:00 INFO  http.request requestId=41aae849-cbe7-46f8-a8ab-e1c42be48a89 role=api pod=gateway-8689985fc9-gpd27 method=POST path=/api/translations status=200 durationMs=487
[pod/gateway-8689985fc9-gpd27/gateway] 2026-10-05T15:49:12.946+00:00 INFO  http.request requestId=7ab9eaee-189f-4d9e-8977-43b33e049b80 role=api pod=gateway-8689985fc9-gpd27 method=POST path=/api/translations status=200 durationMs=483
[pod/gateway-8689985fc9-t5bnw/gateway] 2026-10-05T15:49:12.953+00:00 INFO  http.request requestId=b332d4d8-f8f4-4e49-bc09-4b45283f9696 role=api pod=gateway-8689985fc9-t5bnw method=POST path=/api/transcriptions status=200 durationMs=901
[pod/gateway-8689985fc9-t5bnw/gateway] 2026-10-05T15:49:12.976+00:00 INFO  http.request requestId=c0b47e1f-a116-4a48-ba06-425dbccab663 role=api pod=gateway-8689985fc9-t5bnw method=POST path=/api/translations status=200 durationMs=486
[pod/gateway-8689985fc9-gpd27/gateway] 2026-10-05T15:49:12.968+00:00 INFO  http.request requestId=b1574b80-b3dc-4b55-919e-e5bf8667ba5b role=api pod=gateway-8689985fc9-gpd27 method=POST path=/api/translations status=200 durationMs=490
[pod/gateway-8689985fc9-gpd27/gateway] 2026-10-05T15:49:12.975+00:00 INFO  http.request requestId=22f483e4-d699-4d45-8195-0639f57f2a31 role=api pod=gateway-8689985fc9-gpd27 method=POST path=/api/transcriptions status=200 durationMs=625
[pod/gateway-8689985fc9-t5bnw/gateway] 2026-10-05T15:49:12.976+00:00 INFO  http.request requestId=6ce14fe3-cb53-4c42-ba11-c0d0bc3bf0dd role=api pod=gateway-8689985fc9-t5bnw method=POST path=/api/translations status=200 durationMs=458
[pod/gateway-8689985fc9-t5bnw/gateway] 2026-10-05T15:49:12.977+00:00 INFO  http.request requestId=e90000f3-1a79-4689-9c78-4d8577e8ee21 role=api pod=gateway-8689985fc9-t5bnw method=POST path=/api/transcriptions status=200 durationMs=761
[pod/gateway-8689985fc9-t5bnw/gateway] 2026-10-05T15:49:12.999+00:00 INFO  http.request requestId=88e51f0e-9aa9-42ff-b6c5-169a57f8634b role=api pod=gateway-8689985fc9-t5bnw method=POST path=/api/translations status=200 durationMs=519
[pod/gateway-8689985fc9-gpd27/gateway] 2026-10-05T15:49:12.996+00:00 INFO  http.request requestId=e0a7b363-8126-460d-9fdd-1f4b61545c0b role=api pod=gateway-8689985fc9-gpd27 method=POST path=/api/translations status=200 durationMs=583
[pod/gateway-8689985fc9-gpd27/gateway] 2026-10-05T15:49:13.000+00:00 INFO  http.request requestId=ea3894b2-c7c0-495a-aeed-118d901e807c role=api pod=gateway-8689985fc9-gpd27 method=POST path=/api/transcriptions status=200 durationMs=696
[pod/gateway-8689985fc9-gpd27/gateway] 2026-10-05T15:49:13.014+00:00 INFO  http.request requestId=13f90c20-043d-4d43-a58d-8b0203e73d1f role=api pod=gateway-8689985fc9-gpd27 method=POST path=/api/transcriptions status=200 durationMs=620
[pod/gateway-8689985fc9-gpd27/gateway] 2026-10-05T15:49:13.029+00:00 INFO  http.request requestId=35bc3f9c-25b6-45e2-a830-cc1713f4bc35 role=api pod=gateway-8689985fc9-gpd27 method=POST path=/api/transcriptions status=200 durationMs=694
[pod/gateway-8689985fc9-gpd27/gateway] 2026-10-05T15:49:13.035+00:00 INFO  http.request requestId=b33b3041-81e2-4f0e-bfa9-c7ad409fc38e role=api pod=gateway-8689985fc9-gpd27 method=POST path=/api/translations status=200 durationMs=542
[pod/gateway-8689985fc9-gpd27/gateway] 2026-10-05T15:49:13.045+00:00 INFO  http.request requestId=fab7afe4-45a8-48c0-993d-513f878d6a8b role=api pod=gateway-8689985fc9-gpd27 method=POST path=/api/transcriptions status=200 durationMs=816
[pod/gateway-8689985fc9-t5bnw/gateway] 2026-10-05T15:49:13.016+00:00 INFO  http.request requestId=bee8448d-6d5b-481e-9c2e-fdc9b82a6b75 role=api pod=gateway-8689985fc9-t5bnw method=POST path=/api/transcriptions status=200 durationMs=861
[pod/gateway-8689985fc9-t5bnw/gateway] 2026-10-05T15:49:13.037+00:00 INFO  http.request requestId=de82a6ac-c259-40b5-aac8-86a28a4773e9 role=api pod=gateway-8689985fc9-t5bnw method=POST path=/api/transcriptions status=200 durationMs=898
[pod/gateway-8689985fc9-t5bnw/gateway] 2026-10-05T15:49:13.039+00:00 INFO  http.request requestId=83fc6f46-0e9a-40b5-a40d-b3afd2872aa2 role=api pod=gateway-8689985fc9-t5bnw method=POST path=/api/translations status=200 durationMs=434
[pod/gateway-8689985fc9-t5bnw/gateway] 2026-10-05T15:49:13.066+00:00 INFO  http.request requestId=41a4b29b-f4fd-4dbe-94ba-a27631027c35 role=api pod=gateway-8689985fc9-t5bnw method=POST path=/api/transcriptions status=200 durationMs=806
[pod/gateway-8689985fc9-t5bnw/gateway] 2026-10-05T15:49:13.077+00:00 INFO  http.request requestId=7a28aa50-88f5-4095-9d91-91d51fe7460d role=api pod=gateway-8689985fc9-t5bnw method=POST path=/api/translations status=200 durationMs=568
[pod/gateway-8689985fc9-t5bnw/gateway] 2026-10-05T15:49:13.079+00:00 INFO  http.request requestId=140cd04c-ccba-4041-ad71-d9507dde4448 role=api pod=gateway-8689985fc9-t5bnw method=POST path=/api/transcriptions status=200 durationMs=654
[pod/gateway-8689985fc9-gpd27/gateway] 2026-10-05T15:49:13.099+00:00 INFO  http.request requestId=5cf7c0c6-7839-4c6c-b03b-1da1ae106f01 role=api pod=gateway-8689985fc9-gpd27 method=POST path=/api/transcriptions status=200 durationMs=824
[pod/gateway-8689985fc9-t5bnw/gateway] 2026-10-05T15:49:13.095+00:00 INFO  http.request requestId=7c39b772-0642-4900-aa88-ffebe54c2a7b role=api pod=gateway-8689985fc9-t5bnw method=POST path=/api/translations status=200 durationMs=510
[pod/gateway-8689985fc9-t5bnw/gateway] 2026-10-05T15:49:13.123+00:00 INFO  http.request requestId=6c642398-f7d4-4460-84dd-15ecc38b4d3c role=api pod=gateway-8689985fc9-t5bnw method=POST path=/api/translations status=200 durationMs=576
[pod/gateway-8689985fc9-gpd27/gateway] 2026-10-05T15:49:13.146+00:00 INFO  http.request requestId=36f6c60e-4242-4eee-94b0-56c6c936d5f6 role=api pod=gateway-8689985fc9-gpd27 method=POST path=/api/translations status=200 durationMs=480
[pod/gateway-8689985fc9-t5bnw/gateway] 2026-10-05T15:49:13.155+00:00 INFO  http.request requestId=ad519a52-aa99-41aa-96d8-78f24a318609 role=api pod=gateway-8689985fc9-t5bnw method=POST path=/api/translations status=200 durationMs=465
[pod/gateway-8689985fc9-t5bnw/gateway] 2026-10-05T15:49:13.162+00:00 INFO  http.request requestId=c3090e7b-d39c-43ab-914d-ddf20c047484 role=api pod=gateway-8689985fc9-t5bnw method=POST path=/api/translations status=200 durationMs=448
[pod/gateway-8689985fc9-gpd27/gateway] 2026-10-05T15:49:13.166+00:00 INFO  http.request requestId=03ad030f-83de-4f1b-9c11-4d08dccb947b role=api pod=gateway-8689985fc9-gpd27 method=POST path=/api/translations status=200 durationMs=475
[pod/gateway-8689985fc9-gpd27/gateway] 2026-10-05T15:49:13.173+00:00 INFO  http.request requestId=3824d87c-722a-4ccc-81f1-cffd8611c85c role=api pod=gateway-8689985fc9-gpd27 method=POST path=/api/translations status=200 durationMs=545
[pod/gateway-8689985fc9-gpd27/gateway] 2026-10-05T15:49:13.187+00:00 INFO  http.request requestId=41c0b2d0-4994-41a8-88ba-3869d3224c92 role=api pod=gateway-8689985fc9-gpd27 method=POST path=/api/translations status=200 durationMs=590
[pod/gateway-8689985fc9-gpd27/gateway] 2026-10-05T15:49:13.188+00:00 INFO  http.request requestId=ca6b4c68-c5cf-4cba-b9e3-4151a48d5b24 role=api pod=gateway-8689985fc9-gpd27 method=POST path=/api/transcriptions status=200 durationMs=703
[pod/gateway-8689985fc9-gpd27/gateway] 2026-10-05T15:49:13.193+00:00 INFO  http.request requestId=0e69e011-db4f-4690-8e56-d69c7b00df88 role=api pod=gateway-8689985fc9-gpd27 method=POST path=/api/translations status=200 durationMs=436
[pod/gateway-8689985fc9-gpd27/gateway] 2026-10-05T15:49:13.207+00:00 INFO  http.request requestId=ca7c5e0f-b347-479e-a725-f9eae0ea6488 role=api pod=gateway-8689985fc9-gpd27 method=POST path=/api/translations status=200 durationMs=419
[pod/gateway-8689985fc9-t5bnw/gateway] 2026-10-05T15:49:13.207+00:00 INFO  http.request requestId=ddcc68b8-d413-4bf1-bab0-125837923372 role=api pod=gateway-8689985fc9-t5bnw method=POST path=/api/transcriptions status=200 durationMs=886
[pod/gateway-8689985fc9-t5bnw/gateway] 2026-10-05T15:49:13.231+00:00 INFO  http.request requestId=0b945905-436e-4b79-af1d-ba4969325d66 role=api pod=gateway-8689985fc9-t5bnw method=POST path=/api/translations status=200 durationMs=428
[pod/gateway-8689985fc9-gpd27/gateway] 2026-10-05T15:49:13.257+00:00 INFO  http.request requestId=6b84cba8-1297-471d-9514-3c1b09a5b7a5 role=api pod=gateway-8689985fc9-gpd27 method=POST path=/api/transcriptions status=200 durationMs=893
[pod/gateway-8689985fc9-t5bnw/gateway] 2026-10-05T15:49:13.243+00:00 INFO  http.request requestId=a2e5fddc-06ee-4352-a3b7-4d8702bb4886 role=api pod=gateway-8689985fc9-t5bnw method=POST path=/api/translations status=200 durationMs=505
[pod/gateway-8689985fc9-t5bnw/gateway] 2026-10-05T15:49:13.255+00:00 INFO  http.request requestId=fac9956d-0244-46d8-9bf6-ee0f06132611 role=api pod=gateway-8689985fc9-t5bnw method=POST path=/api/translations status=200 durationMs=470
[pod/gateway-8689985fc9-t5bnw/gateway] 2026-10-05T15:49:13.256+00:00 INFO  http.request requestId=baf25c64-dd71-4597-a1ad-5ffa345003b6 role=api pod=gateway-8689985fc9-t5bnw method=POST path=/api/transcriptions status=200 durationMs=757
[pod/gateway-8689985fc9-t5bnw/gateway] 2026-10-05T15:49:13.277+00:00 INFO  http.request requestId=77dbbe84-df87-4fc5-bc80-a03ee1ad3b5c role=api pod=gateway-8689985fc9-t5bnw method=POST path=/api/transcriptions status=200 durationMs=763
[pod/gateway-8689985fc9-t5bnw/gateway] 2026-10-05T15:49:13.279+00:00 INFO  http.request requestId=5671e33e-ab9d-49d5-84e7-148947f2e714 role=api pod=gateway-8689985fc9-t5bnw method=POST path=/api/translations status=200 durationMs=462
[pod/gateway-8689985fc9-t5bnw/gateway] 2026-10-05T15:49:13.289+00:00 INFO  http.request requestId=670eede1-8ce7-4c57-962d-3e699a73071f role=api pod=gateway-8689985fc9-t5bnw method=POST path=/api/transcriptions status=200 durationMs=831
[pod/gateway-8689985fc9-gpd27/gateway] 2026-10-05T15:49:13.264+00:00 INFO  http.request requestId=2147eabf-f26e-41db-bdab-4c977e6ad739 role=api pod=gateway-8689985fc9-gpd27 method=POST path=/api/translations status=200 durationMs=557
[pod/gateway-8689985fc9-gpd27/gateway] 2026-10-05T15:49:13.270+00:00 INFO  http.request requestId=182b13cd-0ffb-422b-8c28-4798fbf73a27 role=api pod=gateway-8689985fc9-gpd27 method=POST path=/api/translations status=200 durationMs=502
[pod/gateway-8689985fc9-gpd27/gateway] 2026-10-05T15:49:13.276+00:00 INFO  http.request requestId=a6ca001a-a4b5-43d6-b7ce-32eb2ba617f4 role=api pod=gateway-8689985fc9-gpd27 method=POST path=/api/transcriptions status=200 durationMs=715
[pod/gateway-8689985fc9-gpd27/gateway] 2026-10-05T15:49:13.277+00:00 INFO  http.request requestId=30a78fb2-8598-4bcc-b7f7-13d781cd1ed4 role=api pod=gateway-8689985fc9-gpd27 method=POST path=/api/transcriptions status=200 durationMs=896
[pod/gateway-8689985fc9-t5bnw/gateway] 2026-10-05T15:49:13.307+00:00 INFO  http.request requestId=d085056b-10f3-455b-b642-bb6bf15dbd48 role=api pod=gateway-8689985fc9-t5bnw method=POST path=/api/transcriptions status=200 durationMs=868
[pod/gateway-8689985fc9-t5bnw/gateway] 2026-10-05T15:49:13.308+00:00 INFO  http.request requestId=2801ec2d-1df0-4bb3-8989-15c494932093 role=api pod=gateway-8689985fc9-t5bnw method=POST path=/api/transcriptions status=200 durationMs=838
[pod/gateway-8689985fc9-gpd27/gateway] 2026-10-05T15:49:13.304+00:00 INFO  http.request requestId=cab404ee-965e-4ef7-aeed-5dde1f940fcf role=api pod=gateway-8689985fc9-gpd27 method=POST path=/api/transcriptions status=200 durationMs=894
[pod/gateway-8689985fc9-gpd27/gateway] 2026-10-05T15:49:13.319+00:00 INFO  http.request requestId=7b2ce7b4-6709-4b92-9f24-65db7507e4e3 role=api pod=gateway-8689985fc9-gpd27 method=POST path=/api/transcriptions status=200 durationMs=789
[pod/gateway-8689985fc9-gpd27/gateway] 2026-10-05T15:49:13.331+00:00 INFO  http.request requestId=a72e7ce4-07c3-40a5-9bb3-5a13138fed9b role=api pod=gateway-8689985fc9-gpd27 method=POST path=/api/translations status=200 durationMs=462
[pod/gateway-8689985fc9-gpd27/gateway] 2026-10-05T15:49:13.351+00:00 INFO  http.request requestId=e1ceef7f-7f34-405d-8337-7dd18f959811 role=api pod=gateway-8689985fc9-gpd27 method=POST path=/api/translations status=200 durationMs=465
[pod/gateway-8689985fc9-t5bnw/gateway] 2026-10-05T15:49:13.352+00:00 INFO  http.request requestId=b935fab5-2357-45ce-8e56-01cd98fb8a05 role=api pod=gateway-8689985fc9-t5bnw method=POST path=/api/transcriptions status=200 durationMs=641
[pod/gateway-8689985fc9-t5bnw/gateway] 2026-10-05T15:49:13.362+00:00 INFO  http.request requestId=ac4f0768-30e8-4d7c-91fd-8596d7e79e7a role=api pod=gateway-8689985fc9-t5bnw method=POST path=/api/transcriptions status=200 durationMs=663
[pod/gateway-8689985fc9-gpd27/gateway] 2026-10-05T15:49:13.382+00:00 INFO  http.request requestId=4ffde657-350f-4fe8-88de-b72523a08622 role=api pod=gateway-8689985fc9-gpd27 method=POST path=/api/translations status=200 durationMs=608
[pod/gateway-8689985fc9-t5bnw/gateway] 2026-10-05T15:49:13.380+00:00 INFO  http.request requestId=b864eb71-6161-4dd7-961e-b1901d8aae60 role=api pod=gateway-8689985fc9-t5bnw method=POST path=/api/transcriptions status=200 durationMs=625
[pod/gateway-8689985fc9-gpd27/gateway] 2026-10-05T15:49:13.396+00:00 INFO  http.request requestId=d2bdb42f-ff89-4884-be91-cb5a6f9411e7 role=api pod=gateway-8689985fc9-gpd27 method=POST path=/api/transcriptions status=200 durationMs=821
[pod/gateway-8689985fc9-t5bnw/gateway] 2026-10-05T15:49:13.402+00:00 INFO  http.request requestId=c860a136-e17c-4b52-ac83-5ed27d73936e role=api pod=gateway-8689985fc9-t5bnw method=POST path=/api/transcriptions status=200 durationMs=857
[pod/gateway-8689985fc9-t5bnw/gateway] 2026-10-05T15:49:13.420+00:00 INFO  http.request requestId=4b8ab533-feaf-4aae-904e-7b07c27bc71d role=api pod=gateway-8689985fc9-t5bnw method=POST path=/api/translations status=200 durationMs=444
[pod/gateway-8689985fc9-gpd27/gateway] 2026-10-05T15:49:13.412+00:00 INFO  http.request requestId=64204b4f-9ff5-44c8-ba40-55c3184a8ada role=api pod=gateway-8689985fc9-gpd27 method=POST path=/api/translations status=200 durationMs=434
[pod/gateway-8689985fc9-gpd27/gateway] 2026-10-05T15:49:13.413+00:00 INFO  http.request requestId=9492bac1-a3da-47f0-b918-e930430fadf3 role=api pod=gateway-8689985fc9-gpd27 method=POST path=/api/translations status=200 durationMs=605
[pod/gateway-8689985fc9-gpd27/gateway] 2026-10-05T15:49:13.413+00:00 INFO  http.request requestId=43d84b54-80b0-4306-8735-ff5e18a9d322 role=api pod=gateway-8689985fc9-gpd27 method=POST path=/api/translations status=200 durationMs=522
[pod/gateway-8689985fc9-gpd27/gateway] 2026-10-05T15:49:13.414+00:00 INFO  http.request requestId=1756f025-cf73-4768-a8f7-58d81543219c role=api pod=gateway-8689985fc9-gpd27 method=POST path=/api/transcriptions status=200 durationMs=644
[pod/gateway-8689985fc9-gpd27/gateway] 2026-10-05T15:49:13.414+00:00 INFO  http.request requestId=8676d811-5c45-4f8b-984a-34176195f6c4 role=api pod=gateway-8689985fc9-gpd27 method=POST path=/api/transcriptions status=200 durationMs=780
[pod/gateway-8689985fc9-gpd27/gateway] 2026-10-05T15:49:13.425+00:00 INFO  http.request requestId=6877cfc5-d90a-45b4-b1dc-cda6772a1658 role=api pod=gateway-8689985fc9-gpd27 method=POST path=/api/transcriptions status=200 durationMs=640
[pod/gateway-8689985fc9-t5bnw/gateway] 2026-10-05T15:49:13.449+00:00 INFO  http.request requestId=2606ce58-dcb5-4116-99b7-8fd331e769bd role=api pod=gateway-8689985fc9-t5bnw method=POST path=/api/translations status=200 durationMs=534
[pod/gateway-8689985fc9-gpd27/gateway] 2026-10-05T15:49:13.442+00:00 INFO  http.request requestId=c85617c6-032d-4525-bae2-b3efbc1af85a role=api pod=gateway-8689985fc9-gpd27 method=POST path=/api/translations status=200 durationMs=525
[pod/gateway-8689985fc9-2czzr/gateway] 2026-10-05T15:49:13.458+00:00 WARN  http.request requestId=f68955ad-4355-4c6e-b533-40a420dc35ef role=api pod=gateway-8689985fc9-2czzr method=GET path=/readyz status=503 durationMs=1
[pod/gateway-8689985fc9-gpd27/gateway] 2026-10-05T15:49:13.478+00:00 INFO  http.request requestId=d36ef922-065d-4c62-8ef0-9abb0a79fe9a role=api pod=gateway-8689985fc9-gpd27 method=POST path=/api/transcriptions status=200 durationMs=887
[pod/gateway-8689985fc9-gpd27/gateway] 2026-10-05T15:49:13.496+00:00 INFO  http.request requestId=c63f493d-684b-4456-99cc-d37f70d9df20 role=api pod=gateway-8689985fc9-gpd27 method=POST path=/api/transcriptions status=200 durationMs=847
[pod/gateway-8689985fc9-t5bnw/gateway] 2026-10-05T15:49:13.454+00:00 INFO  http.request requestId=395c1847-3281-49c8-9f07-7f5b794ee575 role=api pod=gateway-8689985fc9-t5bnw method=POST path=/api/transcriptions status=200 durationMs=834
[pod/gateway-8689985fc9-t5bnw/gateway] 2026-10-05T15:49:13.474+00:00 INFO  http.request requestId=bf513f3c-364a-4156-8d0e-3dc16c509877 role=api pod=gateway-8689985fc9-t5bnw method=POST path=/api/translations status=200 durationMs=457
[pod/gateway-8689985fc9-t5bnw/gateway] 2026-10-05T15:49:13.483+00:00 INFO  http.request requestId=45a2a5b1-11f3-47ca-9585-9faf63beceea role=api pod=gateway-8689985fc9-t5bnw method=POST path=/api/translations status=200 durationMs=453
[pod/gateway-8689985fc9-t5bnw/gateway] 2026-10-05T15:49:13.483+00:00 INFO  http.request requestId=6e12d801-0af0-401f-b24d-1ec4d17b40df role=api pod=gateway-8689985fc9-t5bnw method=POST path=/api/translations status=200 durationMs=607
[pod/gateway-8689985fc9-t5bnw/gateway] 2026-10-05T15:49:13.489+00:00 INFO  http.request requestId=2ade3d54-417f-437f-bf17-b9c61abccd05 role=api pod=gateway-8689985fc9-t5bnw method=POST path=/api/transcriptions status=200 durationMs=644
[pod/gateway-8689985fc9-t5bnw/gateway] 2026-10-05T15:49:13.501+00:00 INFO  http.request requestId=ef67c3de-8e28-41d1-8b91-e5cc4776d4ea role=api pod=gateway-8689985fc9-t5bnw method=POST path=/api/transcriptions status=200 durationMs=895
[pod/gateway-8689985fc9-t5bnw/gateway] 2026-10-05T15:49:13.504+00:00 INFO  http.request requestId=c4f0877e-26dd-46df-9ad1-841be9762a8a role=api pod=gateway-8689985fc9-t5bnw method=POST path=/api/transcriptions status=200 durationMs=824
[pod/gateway-8689985fc9-t5bnw/gateway] 2026-10-05T15:49:13.510+00:00 INFO  http.request requestId=11555481-4b87-4f99-9ee0-2bbffd0a2e8f role=api pod=gateway-8689985fc9-t5bnw method=POST path=/api/translations status=200 durationMs=464
[pod/gateway-8689985fc9-t5bnw/gateway] 2026-10-05T15:49:13.513+00:00 INFO  http.request requestId=d6240193-c1e0-4a1f-b9c9-3e2c06885cf4 role=api pod=gateway-8689985fc9-t5bnw method=POST path=/api/translations status=200 durationMs=433
[pod/gateway-8689985fc9-gpd27/gateway] 2026-10-05T15:49:13.512+00:00 INFO  http.request requestId=12738e68-6103-4ed8-8688-b654c48bcb13 role=api pod=gateway-8689985fc9-gpd27 method=POST path=/api/translations status=200 durationMs=558
[pod/gateway-8689985fc9-gpd27/gateway] 2026-10-05T15:49:13.513+00:00 INFO  http.request requestId=3f7b43ce-6fc3-4d49-92aa-02bd97a9fc4a role=api pod=gateway-8689985fc9-gpd27 method=POST path=/api/translations status=200 durationMs=608
[pod/gateway-8689985fc9-t5bnw/gateway] 2026-10-05T15:49:13.523+00:00 INFO  http.request requestId=25e2c308-adcc-48f4-8e28-fa8d731eb6f2 role=api pod=gateway-8689985fc9-t5bnw method=POST path=/api/transcriptions status=200 durationMs=724
[pod/gateway-8689985fc9-gpd27/gateway] 2026-10-05T15:49:13.555+00:00 INFO  http.request requestId=551677ac-32ce-41d5-8f5d-68e55f3284ed role=api pod=gateway-8689985fc9-gpd27 method=POST path=/api/translations status=200 durationMs=515
[pod/gateway-8689985fc9-gpd27/gateway] 2026-10-05T15:49:13.571+00:00 INFO  http.request requestId=2b66ff18-696e-40eb-b696-0714a35f3e29 role=api pod=gateway-8689985fc9-gpd27 method=POST path=/api/transcriptions status=200 durationMs=907
[pod/gateway-8689985fc9-gpd27/gateway] 2026-10-05T15:49:13.571+00:00 INFO  http.request requestId=115243d7-f5d2-4862-9fd5-a0ee4b0985ca role=api pod=gateway-8689985fc9-gpd27 method=POST path=/api/translations status=200 durationMs=554
[pod/gateway-8689985fc9-gpd27/gateway] 2026-10-05T15:49:13.580+00:00 INFO  http.request requestId=f6532c14-dad5-4f9b-b54a-04d4f5f0cb84 role=api pod=gateway-8689985fc9-gpd27 method=POST path=/api/transcriptions status=200 durationMs=644
[pod/gateway-8689985fc9-gpd27/gateway] 2026-10-05T15:49:13.586+00:00 INFO  http.request requestId=dfc3e76c-fc72-4e17-ac4a-e88aa156652f role=api pod=gateway-8689985fc9-gpd27 method=POST path=/api/translations status=200 durationMs=485
[pod/gateway-8689985fc9-gpd27/gateway] 2026-10-05T15:49:13.590+00:00 INFO  http.request requestId=ca58ba6e-b6a9-4a4d-b088-6fcddc932875 role=api pod=gateway-8689985fc9-gpd27 method=POST path=/api/transcriptions status=200 durationMs=729
[pod/gateway-8689985fc9-gpd27/gateway] 2026-10-05T15:49:13.603+00:00 INFO  http.request requestId=4f6122df-f27c-45bd-a5c2-8bf2947d1ded role=api pod=gateway-8689985fc9-gpd27 method=POST path=/api/transcriptions status=200 durationMs=879
[pod/gateway-8689985fc9-gpd27/gateway] 2026-10-05T15:49:13.604+00:00 INFO  http.request requestId=e081732c-8925-4527-9226-cd7b6217b491 role=api pod=gateway-8689985fc9-gpd27 method=POST path=/api/translations status=200 durationMs=538
[pod/gateway-8689985fc9-t5bnw/gateway] 2026-10-05T15:49:13.621+00:00 INFO  http.request requestId=319b2488-e44f-47ba-acf8-656552efce41 role=api pod=gateway-8689985fc9-t5bnw method=POST path=/api/translations status=200 durationMs=620
[pod/gateway-8689985fc9-gpd27/gateway] 2026-10-05T15:49:13.627+00:00 INFO  http.request requestId=2cdcafa5-aa73-4806-a0db-7d08b877e517 role=api pod=gateway-8689985fc9-gpd27 method=POST path=/api/transcriptions status=200 durationMs=812
[pod/gateway-8689985fc9-t5bnw/gateway] 2026-10-05T15:49:13.643+00:00 INFO  http.request requestId=613f6d13-0dc8-476c-96f0-f8ac5cf2263e role=api pod=gateway-8689985fc9-t5bnw method=POST path=/api/transcriptions status=200 durationMs=904
[pod/gateway-8689985fc9-t5bnw/gateway] 2026-10-05T15:49:13.679+00:00 INFO  http.request requestId=431085a1-fce0-45be-8f91-70b7768318a0 role=api pod=gateway-8689985fc9-t5bnw method=POST path=/api/transcriptions status=200 durationMs=637
[pod/gateway-8689985fc9-gpd27/gateway] 2026-10-05T15:49:13.690+00:00 INFO  http.request requestId=6cc155df-bd17-41db-b95c-5e33e6ad15f9 role=api pod=gateway-8689985fc9-gpd27 method=POST path=/api/transcriptions status=200 durationMs=635
[pod/gateway-8689985fc9-t5bnw/gateway] 2026-10-05T15:49:13.707+00:00 INFO  http.request requestId=6d13daa9-4401-4b96-8ff8-1a27ecfbf2b1 role=api pod=gateway-8689985fc9-t5bnw method=POST path=/api/translations status=200 durationMs=447
[pod/gateway-8689985fc9-gpd27/gateway] 2026-10-05T15:49:13.706+00:00 INFO  http.request requestId=d75d9cc4-41b9-4887-a377-3270c30242ff role=api pod=gateway-8689985fc9-gpd27 method=POST path=/api/transcriptions status=200 durationMs=877
[pod/gateway-8689985fc9-t5bnw/gateway] 2026-10-05T15:49:13.712+00:00 INFO  http.request requestId=2f930755-a257-41d7-a7a8-8952b9ab336f role=api pod=gateway-8689985fc9-t5bnw method=POST path=/api/translations status=200 durationMs=455
[pod/gateway-8689985fc9-t5bnw/gateway] 2026-10-05T15:49:13.735+00:00 INFO  http.request requestId=20093e14-99c2-4366-9a16-8acd155e9d32 role=api pod=gateway-8689985fc9-t5bnw method=POST path=/api/transcriptions status=200 durationMs=636
[pod/gateway-8689985fc9-t5bnw/gateway] 2026-10-05T15:49:13.737+00:00 INFO  http.request requestId=f8034cc1-6c02-4bf6-8626-626be83b192a role=api pod=gateway-8689985fc9-t5bnw method=POST path=/api/transcriptions status=200 durationMs=712
[pod/gateway-8689985fc9-gpd27/gateway] 2026-10-05T15:49:13.716+00:00 INFO  http.request requestId=4d530e08-3983-4d93-98fa-ef81a141e49a role=api pod=gateway-8689985fc9-gpd27 method=POST path=/api/translations status=200 durationMs=527
[pod/gateway-8689985fc9-gpd27/gateway] 2026-10-05T15:49:13.717+00:00 INFO  http.request requestId=85dfb777-cf54-4652-bd30-e93cf233a5c8 role=api pod=gateway-8689985fc9-gpd27 method=POST path=/api/transcriptions status=200 durationMs=811
[pod/gateway-8689985fc9-gpd27/gateway] 2026-10-05T15:49:13.726+00:00 INFO  http.request requestId=aedf536f-3826-45f2-bfe7-2cfdbe060ccf role=api pod=gateway-8689985fc9-gpd27 method=POST path=/api/transcriptions status=200 durationMs=612
[pod/gateway-8689985fc9-gpd27/gateway] 2026-10-05T15:49:13.755+00:00 INFO  http.request requestId=b6935edc-9a5b-4226-b185-e936ce6b713c role=api pod=gateway-8689985fc9-gpd27 method=POST path=/api/transcriptions status=200 durationMs=880
[pod/gateway-8689985fc9-gpd27/gateway] 2026-10-05T15:49:13.762+00:00 INFO  http.request requestId=5fc6baa1-ef44-4c9c-b99c-79aed0313f56 role=api pod=gateway-8689985fc9-gpd27 method=POST path=/api/translations status=200 durationMs=455
[pod/gateway-8689985fc9-gpd27/gateway] 2026-10-05T15:49:13.765+00:00 INFO  http.request requestId=5c9eeccb-d2fd-417c-bab4-96e17b95321b role=api pod=gateway-8689985fc9-gpd27 method=POST path=/api/translations status=200 durationMs=475
[pod/gateway-8689985fc9-t5bnw/gateway] 2026-10-05T15:49:13.778+00:00 INFO  http.request requestId=a24d4aa7-6ac4-45a5-87d6-658af350a3d9 role=api pod=gateway-8689985fc9-t5bnw method=POST path=/api/translations status=200 durationMs=570
[pod/gateway-8689985fc9-t5bnw/gateway] 2026-10-05T15:49:13.785+00:00 INFO  http.request requestId=f050303b-1f04-47c7-86a2-ecc5e694d8dd role=api pod=gateway-8689985fc9-t5bnw method=POST path=/api/translations status=200 durationMs=421
[pod/gateway-8689985fc9-t5bnw/gateway] 2026-10-05T15:49:13.787+00:00 INFO  http.request requestId=a9bb6bd8-824f-4e22-9b5d-14d64ca190af role=api pod=gateway-8689985fc9-t5bnw method=POST path=/api/translations status=200 durationMs=478
[pod/gateway-8689985fc9-gpd27/gateway] 2026-10-05T15:49:13.778+00:00 INFO  http.request requestId=90bf0fb7-35e3-45a1-aed8-ecd35150a7a1 role=api pod=gateway-8689985fc9-gpd27 method=POST path=/api/transcriptions status=200 durationMs=799
[pod/gateway-8689985fc9-gpd27/gateway] 2026-10-05T15:49:13.779+00:00 INFO  http.request requestId=2c8d7ee0-03b1-42f4-884b-eb844433ea5d role=api pod=gateway-8689985fc9-gpd27 method=POST path=/api/transcriptions status=200 durationMs=830
[pod/gateway-8689985fc9-gpd27/gateway] 2026-10-05T15:49:13.787+00:00 INFO  http.request requestId=dd175fc7-3ad6-49d3-946a-53f1b6fb12a0 role=api pod=gateway-8689985fc9-gpd27 method=POST path=/api/translations status=200 durationMs=509
[pod/gateway-8689985fc9-gpd27/gateway] 2026-10-05T15:49:13.791+00:00 INFO  http.request requestId=beac8bf9-887c-4aa8-9017-71045272b758 role=api pod=gateway-8689985fc9-gpd27 method=POST path=/api/transcriptions status=200 durationMs=900
[pod/gateway-8689985fc9-t5bnw/gateway] 2026-10-05T15:49:13.809+00:00 INFO  http.request requestId=d4f70743-db37-42af-a9d0-e9fa307fe748 role=api pod=gateway-8689985fc9-t5bnw method=POST path=/api/transcriptions status=200 durationMs=888
[pod/gateway-8689985fc9-gpd27/gateway] 2026-10-05T15:49:13.806+00:00 INFO  http.request requestId=a9f359ce-f501-418f-8159-21ed83b7782c role=api pod=gateway-8689985fc9-gpd27 method=POST path=/api/translations status=200 durationMs=486
[pod/gateway-8689985fc9-h82ls/gateway] 2026-10-05T15:49:13.836+00:00 WARN  http.request requestId=c8b5a6dc-9a4a-472b-bfab-2fdd2272a779 role=api pod=gateway-8689985fc9-h82ls method=GET path=/readyz status=503 durationMs=0
[pod/gateway-8689985fc9-t5bnw/gateway] 2026-10-05T15:49:13.821+00:00 INFO  http.request requestId=ce7e3a4a-fecb-4a53-947d-53f5ca89d5e0 role=api pod=gateway-8689985fc9-t5bnw method=POST path=/api/transcriptions status=200 durationMs=675
[pod/gateway-8689985fc9-t5bnw/gateway] 2026-10-05T15:49:13.830+00:00 INFO  http.request requestId=ac29b92c-453f-4025-b7c5-449ecc4a06bc role=api pod=gateway-8689985fc9-t5bnw method=POST path=/api/transcriptions status=200 durationMs=761
[pod/gateway-8689985fc9-t5bnw/gateway] 2026-10-05T15:49:13.834+00:00 INFO  http.request requestId=96b910be-cb06-42a1-a659-2640b31b3653 role=api pod=gateway-8689985fc9-t5bnw method=POST path=/api/transcriptions status=200 durationMs=868
[pod/gateway-8689985fc9-gpd27/gateway] 2026-10-05T15:49:13.829+00:00 INFO  http.request requestId=48432424-1f39-4f39-b0b3-9ad024665b0e role=api pod=gateway-8689985fc9-gpd27 method=POST path=/api/translations status=200 durationMs=524
[pod/gateway-8689985fc9-gpd27/gateway] 2026-10-05T15:49:13.829+00:00 INFO  http.request requestId=7ea5156d-3446-436d-8252-63867570c89d role=api pod=gateway-8689985fc9-gpd27 method=POST path=/api/translations status=200 durationMs=413
[pod/gateway-8689985fc9-gpd27/gateway] 2026-10-05T15:49:13.840+00:00 INFO  http.request requestId=69fcd2b9-1b13-4adb-8df5-fb1cdc0f65d7 role=api pod=gateway-8689985fc9-gpd27 method=POST path=/api/translations status=200 durationMs=561
[pod/gateway-8689985fc9-gpd27/gateway] 2026-10-05T15:49:13.840+00:00 INFO  http.request requestId=dfe2e3ee-072f-4ef1-aff9-353c221b6514 role=api pod=gateway-8689985fc9-gpd27 method=POST path=/api/translations status=200 durationMs=562
[pod/gateway-8689985fc9-gpd27/gateway] 2026-10-05T15:49:13.845+00:00 INFO  http.request requestId=fbb24a30-4351-4651-8bbb-6e4dc5b1c8d6 role=api pod=gateway-8689985fc9-gpd27 method=POST path=/api/transcriptions status=200 durationMs=833
[pod/gateway-8689985fc9-t5bnw/gateway] 2026-10-05T15:49:13.851+00:00 INFO  http.request requestId=12289e57-e4fa-4604-831f-43319a4c0103 role=api pod=gateway-8689985fc9-t5bnw method=POST path=/api/transcriptions status=200 durationMs=631
[pod/gateway-8689985fc9-t5bnw/gateway] 2026-10-05T15:49:13.856+00:00 INFO  http.request requestId=b0d8e09f-091b-468b-8159-a6c51ea842b9 role=api pod=gateway-8689985fc9-t5bnw method=POST path=/api/transcriptions status=200 durationMs=697
[pod/gateway-8689985fc9-t5bnw/gateway] 2026-10-05T15:49:13.873+00:00 INFO  http.request requestId=f8be44fa-febe-45b0-b788-1381ba68352f role=api pod=gateway-8689985fc9-t5bnw method=POST path=/api/transcriptions status=200 durationMs=789
[pod/gateway-8689985fc9-t5bnw/gateway] 2026-10-05T15:49:13.896+00:00 INFO  http.request requestId=9cf37d82-5620-4deb-bb89-0d911cd79ee6 role=api pod=gateway-8689985fc9-t5bnw method=POST path=/api/transcriptions status=200 durationMs=662
[pod/gateway-8689985fc9-t5bnw/gateway] 2026-10-05T15:49:13.900+00:00 INFO  http.request requestId=5f4a6272-370d-47cd-8477-f9d46172c3b3 role=api pod=gateway-8689985fc9-t5bnw method=POST path=/api/transcriptions status=200 durationMs=905
[pod/gateway-8689985fc9-gpd27/gateway] 2026-10-05T15:49:13.879+00:00 INFO  http.request requestId=445692f6-f3a0-4f04-97d4-c8d0dd70d855 role=api pod=gateway-8689985fc9-gpd27 method=POST path=/api/transcriptions status=200 durationMs=673
[pod/gateway-8689985fc9-gpd27/gateway] 2026-10-05T15:49:13.880+00:00 INFO  http.request requestId=b2f9a49b-1ce1-4699-bd71-a01c4fa0b100 role=api pod=gateway-8689985fc9-gpd27 method=POST path=/api/translations status=200 durationMs=528
[pod/gateway-8689985fc9-gpd27/gateway] 2026-10-05T15:49:13.890+00:00 INFO  http.request requestId=0533f45e-44f2-467c-a400-56c4fd2cb0b2 role=api pod=gateway-8689985fc9-gpd27 method=POST path=/api/translations status=200 durationMs=475
[pod/gateway-8689985fc9-t5bnw/gateway] 2026-10-05T15:49:13.948+00:00 INFO  http.request requestId=b2a65ab6-04c9-41a0-ab11-2e4de29c95c9 role=api pod=gateway-8689985fc9-t5bnw method=POST path=/api/translations status=200 durationMs=523
[pod/gateway-8689985fc9-gpd27/gateway] 2026-10-05T15:49:13.923+00:00 INFO  http.request requestId=8eb67c96-6ae6-4c2d-9ad3-84030405d7aa role=api pod=gateway-8689985fc9-gpd27 method=POST path=/api/transcriptions status=200 durationMs=658
[pod/gateway-8689985fc9-gpd27/gateway] 2026-10-05T15:49:13.932+00:00 INFO  http.request requestId=d2f15c8e-ddb8-4bf6-b35a-c0c22217f842 role=api pod=gateway-8689985fc9-gpd27 method=POST path=/api/translations status=200 durationMs=551
[pod/gateway-8689985fc9-gpd27/gateway] 2026-10-05T15:49:13.957+00:00 INFO  http.request requestId=82070e25-e965-4a6e-95ce-4dd5f7a9fdae role=api pod=gateway-8689985fc9-gpd27 method=POST path=/api/translations status=200 durationMs=561
[pod/gateway-8689985fc9-gpd27/gateway] 2026-10-05T15:49:13.967+00:00 INFO  http.request requestId=ce2220b7-b410-45f9-9370-b10c5c91aee0 role=api pod=gateway-8689985fc9-gpd27 method=POST path=/api/transcriptions status=200 durationMs=837
[pod/gateway-8689985fc9-gpd27/gateway] 2026-10-05T15:49:13.968+00:00 INFO  http.request requestId=aa740350-0298-4ad3-ab57-4ddcb5612cdc role=api pod=gateway-8689985fc9-gpd27 method=POST path=/api/translations status=200 durationMs=514
[pod/gateway-8689985fc9-gpd27/gateway] 2026-10-05T15:49:13.979+00:00 INFO  http.request requestId=57d0020a-24f1-43b0-b29f-f559d180ee8c role=api pod=gateway-8689985fc9-gpd27 method=POST path=/api/translations status=200 durationMs=477
[pod/gateway-8689985fc9-t5bnw/gateway] 2026-10-05T15:49:13.984+00:00 INFO  http.request requestId=d47a8ffd-c5b2-43d3-9a3b-3b008f853fb1 role=api pod=gateway-8689985fc9-t5bnw method=POST path=/api/translations status=200 durationMs=578
[pod/gateway-8689985fc9-t5bnw/gateway] 2026-10-05T15:49:13.990+00:00 INFO  http.request requestId=8691cda2-d720-4989-911b-5e1d0438be4c role=api pod=gateway-8689985fc9-t5bnw method=POST path=/api/transcriptions status=200 durationMs=740
[pod/gateway-8689985fc9-gpd27/gateway] 2026-10-05T15:49:14.001+00:00 INFO  http.request requestId=d6d3a46c-c0e2-4b85-8ec3-574739ae7d65 role=api pod=gateway-8689985fc9-gpd27 method=POST path=/api/translations status=200 durationMs=420
[pod/gateway-8689985fc9-gpd27/gateway] 2026-10-05T15:49:14.006+00:00 INFO  http.request requestId=8811aace-9ce2-402a-8c3e-ba67df0fd267 role=api pod=gateway-8689985fc9-gpd27 method=POST path=/api/translations status=200 durationMs=433
[pod/gateway-8689985fc9-t5bnw/gateway] 2026-10-05T15:49:14.006+00:00 INFO  http.request requestId=cb969c2d-0cdd-4c3f-9f4c-5098bc1d6db3 role=api pod=gateway-8689985fc9-t5bnw method=POST path=/api/translations status=200 durationMs=509
[pod/gateway-8689985fc9-t5bnw/gateway] 2026-10-05T15:49:14.021+00:00 INFO  http.request requestId=530fc90d-8c26-4feb-8884-250feba3af01 role=api pod=gateway-8689985fc9-t5bnw method=POST path=/api/translations status=200 durationMs=531
[pod/gateway-8689985fc9-t5bnw/gateway] 2026-10-05T15:49:14.045+00:00 INFO  http.request requestId=2066b39c-f2d0-4a32-8429-a244844d58a4 role=api pod=gateway-8689985fc9-t5bnw method=POST path=/api/transcriptions status=200 durationMs=765
[pod/gateway-8689985fc9-gpd27/gateway] 2026-10-05T15:49:14.039+00:00 INFO  http.request requestId=5d397bd6-c429-4c74-b875-50890675fb83 role=api pod=gateway-8689985fc9-gpd27 method=POST path=/api/translations status=200 durationMs=448
[pod/gateway-8689985fc9-gpd27/gateway] 2026-10-05T15:49:14.043+00:00 INFO  http.request requestId=25e334db-0e68-4c88-93d4-1266ebfad637 role=api pod=gateway-8689985fc9-gpd27 method=POST path=/api/transcriptions status=200 durationMs=644
[pod/gateway-8689985fc9-t5bnw/gateway] 2026-10-05T15:49:14.053+00:00 INFO  http.request requestId=29f11495-6de0-452a-9104-1402e1d626cf role=api pod=gateway-8689985fc9-t5bnw method=POST path=/api/translations status=200 durationMs=448
[pod/gateway-8689985fc9-gpd27/gateway] 2026-10-05T15:49:14.051+00:00 INFO  http.request requestId=497d4752-a249-4fd9-a997-ebf4af8bb939 role=api pod=gateway-8689985fc9-gpd27 method=POST path=/api/translations status=200 durationMs=573
[pod/gateway-8689985fc9-gpd27/gateway] 2026-10-05T15:49:14.068+00:00 INFO  http.request requestId=3b1d02eb-e92e-486d-8bbc-64d65df66ad6 role=api pod=gateway-8689985fc9-gpd27 method=POST path=/api/transcriptions status=200 durationMs=624
[pod/gateway-8689985fc9-t5bnw/gateway] 2026-10-05T15:49:14.079+00:00 INFO  http.request requestId=e122cf6f-06f1-4f0f-a873-bb55586eb153 role=api pod=gateway-8689985fc9-t5bnw method=POST path=/api/translations status=200 durationMs=574
[pod/gateway-8689985fc9-t5bnw/gateway] 2026-10-05T15:49:14.086+00:00 INFO  http.request requestId=9468afee-96bc-4bcc-b897-c13813225edb role=api pod=gateway-8689985fc9-t5bnw method=POST path=/api/transcriptions status=200 durationMs=791
[pod/gateway-8689985fc9-t5bnw/gateway] 2026-10-05T15:49:14.094+00:00 INFO  http.request requestId=4030a4bb-98e3-4b0e-bf36-539e2fc2011c role=api pod=gateway-8689985fc9-t5bnw method=POST path=/api/transcriptions status=200 durationMs=784
[pod/gateway-8689985fc9-gpd27/gateway] 2026-10-05T15:49:14.080+00:00 INFO  http.request requestId=24861ad1-a2e6-4f56-9821-3e0f53f5b430 role=api pod=gateway-8689985fc9-gpd27 method=POST path=/api/transcriptions status=200 durationMs=905
[pod/gateway-8689985fc9-gpd27/gateway] 2026-10-05T15:49:14.096+00:00 INFO  http.request requestId=f39a25ba-e2f2-401e-938d-3aa450a04011 role=api pod=gateway-8689985fc9-gpd27 method=POST path=/api/translations status=200 durationMs=572
[pod/gateway-8689985fc9-gpd27/gateway] 2026-10-05T15:49:14.098+00:00 INFO  http.request requestId=b85acc44-e7ba-4b1e-a8e8-7091fd4c367e role=api pod=gateway-8689985fc9-gpd27 method=POST path=/api/transcriptions status=200 durationMs=908
[pod/gateway-8689985fc9-gpd27/gateway] 2026-10-05T15:49:14.098+00:00 INFO  http.request requestId=29ff3a31-f506-4bb3-a7d5-46cd5deb8e92 role=api pod=gateway-8689985fc9-gpd27 method=POST path=/api/transcriptions status=200 durationMs=758
[pod/gateway-8689985fc9-t5bnw/gateway] 2026-10-05T15:49:14.103+00:00 INFO  http.request requestId=22e4cfbf-14fd-4705-99e6-7a8395b10400 role=api pod=gateway-8689985fc9-t5bnw method=POST path=/api/translations status=200 durationMs=474
[pod/gateway-8689985fc9-gpd27/gateway] 2026-10-05T15:49:14.122+00:00 INFO  http.request requestId=2bf8761b-eea2-4a65-9f01-6f76c5324d36 role=api pod=gateway-8689985fc9-gpd27 method=POST path=/api/transcriptions status=200 durationMs=632
[pod/gateway-8689985fc9-t5bnw/gateway] 2026-10-05T15:49:14.130+00:00 INFO  http.request requestId=445b79b2-24b3-42ba-825d-a62ec03e4c49 role=api pod=gateway-8689985fc9-t5bnw method=POST path=/api/transcriptions status=200 durationMs=744
[pod/gateway-8689985fc9-t5bnw/gateway] 2026-10-05T15:49:14.133+00:00 INFO  http.request requestId=df326887-b8eb-4668-ae20-fcb5026825c2 role=api pod=gateway-8689985fc9-t5bnw method=POST path=/api/transcriptions status=200 durationMs=777
[pod/gateway-8689985fc9-t5bnw/gateway] 2026-10-05T15:49:14.152+00:00 INFO  http.request requestId=ac5c9d4c-a532-4710-9371-e7a6f01c7aa9 role=api pod=gateway-8689985fc9-t5bnw method=POST path=/api/translations status=200 durationMs=443
[pod/gateway-8689985fc9-t5bnw/gateway] 2026-10-05T15:49:14.163+00:00 INFO  http.request requestId=52f42b6d-06f7-42fa-b80a-88afa9413a1e role=api pod=gateway-8689985fc9-t5bnw method=POST path=/api/transcriptions status=200 durationMs=688
[pod/gateway-8689985fc9-gpd27/gateway] 2026-10-05T15:49:14.157+00:00 INFO  http.request requestId=75bf9453-6f29-4290-b9c5-3afe57901d46 role=api pod=gateway-8689985fc9-gpd27 method=POST path=/api/translations status=200 durationMs=477
[pod/gateway-8689985fc9-t5bnw/gateway] 2026-10-05T15:49:14.174+00:00 INFO  http.request requestId=4151dea6-d242-4742-a0d4-e5e9aff5b7d3 role=api pod=gateway-8689985fc9-t5bnw method=POST path=/api/translations status=200 durationMs=483
[pod/gateway-8689985fc9-gpd27/gateway] 2026-10-05T15:49:14.186+00:00 INFO  http.request requestId=119ccfb1-5532-4cf8-acfb-5bf3c6bb0317 role=api pod=gateway-8689985fc9-gpd27 method=POST path=/api/translations status=200 durationMs=459
[pod/gateway-8689985fc9-gpd27/gateway] 2026-10-05T15:49:14.195+00:00 INFO  http.request requestId=27168303-5009-445f-9ee5-0b535daf1244 role=api pod=gateway-8689985fc9-gpd27 method=POST path=/api/transcriptions status=200 durationMs=781
[pod/gateway-8689985fc9-t5bnw/gateway] 2026-10-05T15:49:14.195+00:00 INFO  http.request requestId=0be98b5c-d9e6-4bad-afa6-b5a4e2818175 role=api pod=gateway-8689985fc9-t5bnw method=POST path=/api/translations status=200 durationMs=550
[pod/gateway-8689985fc9-gpd27/gateway] 2026-10-05T15:49:14.209+00:00 INFO  http.request requestId=c702e4f5-3528-409b-b270-d5c0bf186424 role=api pod=gateway-8689985fc9-gpd27 method=POST path=/api/transcriptions status=200 durationMs=885
[pod/gateway-8689985fc9-t5bnw/gateway] 2026-10-05T15:49:14.226+00:00 INFO  http.request requestId=a49d71a4-1351-42f3-b053-2b40e5b8140d role=api pod=gateway-8689985fc9-t5bnw method=POST path=/api/transcriptions status=200 durationMs=764
[pod/gateway-8689985fc9-t5bnw/gateway] 2026-10-05T15:49:14.236+00:00 INFO  http.request requestId=955484f1-97c9-4f7e-8af9-278c696f3fcd role=api pod=gateway-8689985fc9-t5bnw method=POST path=/api/transcriptions status=200 durationMs=866
[pod/gateway-8689985fc9-t5bnw/gateway] 2026-10-05T15:49:14.247+00:00 INFO  http.request requestId=f8e6655f-177b-4029-8895-af7da3756cdb role=api pod=gateway-8689985fc9-t5bnw method=POST path=/api/transcriptions status=200 durationMs=741
[pod/gateway-8689985fc9-t5bnw/gateway] 2026-10-05T15:49:14.257+00:00 INFO  http.request requestId=7c397409-a0a8-459e-9bab-a7731791d8d0 role=api pod=gateway-8689985fc9-t5bnw method=POST path=/api/translations status=200 durationMs=476
[pod/gateway-8689985fc9-gpd27/gateway] 2026-10-05T15:49:14.234+00:00 INFO  http.request requestId=54ae5e09-c4c5-42ec-aeab-ff796de4e905 role=api pod=gateway-8689985fc9-gpd27 method=POST path=/api/translations status=200 durationMs=516
[pod/gateway-8689985fc9-gpd27/gateway] 2026-10-05T15:49:14.251+00:00 INFO  http.request requestId=cac92b7a-5989-4a9f-aa9c-4b0422515418 role=api pod=gateway-8689985fc9-gpd27 method=POST path=/api/translations status=200 durationMs=512
[pod/gateway-8689985fc9-gpd27/gateway] 2026-10-05T15:49:14.271+00:00 INFO  http.request requestId=fe434be2-9cbb-4382-970b-b104fdd149c4 role=api pod=gateway-8689985fc9-gpd27 method=POST path=/api/transcriptions status=200 durationMs=841
[pod/gateway-8689985fc9-gpd27/gateway] 2026-10-05T15:49:14.275+00:00 INFO  http.request requestId=49a89b92-8f6c-4c08-bc41-e8ecd03cd2d5 role=api pod=gateway-8689985fc9-gpd27 method=POST path=/api/translations status=200 durationMs=494
[pod/gateway-8689985fc9-gpd27/gateway] 2026-10-05T15:49:14.276+00:00 INFO  http.request requestId=57d742b0-9bf7-4206-9cca-587f7194e94e role=api pod=gateway-8689985fc9-gpd27 method=POST path=/api/translations status=200 durationMs=539
[pod/gateway-8689985fc9-h82ls/gateway] 2026-10-05T15:49:14.242+00:00 INFO  gateway.shutdown role=api pod=gateway-8689985fc9-h82ls graceMs=15000 activeJob=false
[pod/gateway-8689985fc9-t5bnw/gateway] 2026-10-05T15:49:14.275+00:00 INFO  http.request requestId=39373785-12c1-426c-b2ec-1e13c9da5c93 role=api pod=gateway-8689985fc9-t5bnw method=POST path=/api/translations status=200 durationMs=520
[pod/gateway-8689985fc9-t5bnw/gateway] 2026-10-05T15:49:14.292+00:00 INFO  http.request requestId=b0563d65-e7ed-4a56-9260-514952e39889 role=api pod=gateway-8689985fc9-t5bnw method=POST path=/api/transcriptions status=200 durationMs=743
[pod/gateway-8689985fc9-t5bnw/gateway] 2026-10-05T15:49:14.300+00:00 INFO  http.request requestId=a2ac6dd0-ec17-4d19-8a8c-3ca6c977fc5d role=api pod=gateway-8689985fc9-t5bnw method=POST path=/api/translations status=200 durationMs=464
[pod/gateway-8689985fc9-t5bnw/gateway] 2026-10-05T15:49:14.323+00:00 INFO  http.request requestId=d397469c-6858-4518-9faf-2a10dea2ffb8 role=api pod=gateway-8689985fc9-t5bnw method=POST path=/api/transcriptions status=200 durationMs=803
[pod/gateway-8689985fc9-t5bnw/gateway] 2026-10-05T15:49:14.323+00:00 INFO  http.request requestId=97ede2b3-42bb-4270-a5a4-f160af3db021 role=api pod=gateway-8689985fc9-t5bnw method=POST path=/api/transcriptions status=200 durationMs=638
[pod/gateway-8689985fc9-t5bnw/gateway] 2026-10-05T15:49:14.343+00:00 INFO  http.request requestId=321c93b1-4df3-4c29-86f0-cbe581e48f41 role=api pod=gateway-8689985fc9-t5bnw method=POST path=/api/transcriptions status=200 durationMs=808
[pod/gateway-8689985fc9-gpd27/gateway] 2026-10-05T15:49:14.286+00:00 INFO  http.request requestId=ffb429ca-39e1-4a4c-bccf-47f3079bef64 role=api pod=gateway-8689985fc9-gpd27 method=POST path=/api/transcriptions status=200 durationMs=661
[pod/gateway-8689985fc9-gpd27/gateway] 2026-10-05T15:49:14.298+00:00 INFO  http.request requestId=b857233c-0b92-45b0-ae65-0afb4d75501d role=api pod=gateway-8689985fc9-gpd27 method=POST path=/api/translations status=200 durationMs=466
[pod/gateway-8689985fc9-gpd27/gateway] 2026-10-05T15:49:14.321+00:00 INFO  http.request requestId=052979ef-f834-4a23-bca5-248c2f11b305 role=api pod=gateway-8689985fc9-gpd27 method=POST path=/api/transcriptions status=200 durationMs=710
[pod/gateway-8689985fc9-gpd27/gateway] 2026-10-05T15:49:14.323+00:00 INFO  http.request requestId=652656db-666a-4bd4-aedf-a44a0c37f7e0 role=api pod=gateway-8689985fc9-gpd27 method=POST path=/api/translations status=200 durationMs=532
[pod/gateway-8689985fc9-gpd27/gateway] 2026-10-05T15:49:14.330+00:00 INFO  http.request requestId=f6f93e07-84e1-4169-9869-eadd7bda9373 role=api pod=gateway-8689985fc9-gpd27 method=POST path=/api/transcriptions status=200 durationMs=765
[pod/gateway-8689985fc9-2czzr/gateway] 2026-10-05T15:49:14.284+00:00 INFO  gateway.shutdown role=api pod=gateway-8689985fc9-2czzr graceMs=15000 activeJob=false
[pod/gateway-8689985fc9-t5bnw/gateway] 2026-10-05T15:49:14.351+00:00 INFO  http.request requestId=d88c1e56-0246-4ba0-9284-b0f73510b377 role=api pod=gateway-8689985fc9-t5bnw method=POST path=/api/translations status=200 durationMs=450
[pod/gateway-8689985fc9-t5bnw/gateway] 2026-10-05T15:49:14.355+00:00 INFO  http.request requestId=09c3acd1-f58c-4d0c-8357-50971b7d6c83 role=api pod=gateway-8689985fc9-t5bnw method=POST path=/api/translations status=200 durationMs=499
[pod/gateway-8689985fc9-gpd27/gateway] 2026-10-05T15:49:14.375+00:00 INFO  http.request requestId=3d62ac5d-c6a6-428e-89fc-ee80fface803 role=api pod=gateway-8689985fc9-gpd27 method=POST path=/api/translations status=200 durationMs=478
[pod/gateway-8689985fc9-gpd27/gateway] 2026-10-05T15:49:14.375+00:00 INFO  http.request requestId=0f6b23b2-6184-42c6-9cff-39ed5823669d role=api pod=gateway-8689985fc9-gpd27 method=POST path=/api/translations status=200 durationMs=522
[pod/gateway-8689985fc9-gpd27/gateway] 2026-10-05T15:49:14.376+00:00 INFO  http.request requestId=2ce55259-745b-499c-b339-dd5691676c4b role=api pod=gateway-8689985fc9-gpd27 method=POST path=/api/translations status=200 durationMs=495
[pod/gateway-8689985fc9-gpd27/gateway] 2026-10-05T15:49:14.415+00:00 INFO  http.request requestId=0d9c3a33-788d-447e-8e33-92f4a7dca6db role=api pod=gateway-8689985fc9-gpd27 method=POST path=/api/transcriptions status=200 durationMs=640
[pod/gateway-8689985fc9-gpd27/gateway] 2026-10-05T15:49:14.415+00:00 INFO  http.request requestId=50b14859-9ca3-4711-9921-a312571d4ac7 role=api pod=gateway-8689985fc9-gpd27 method=POST path=/api/translations status=200 durationMs=605
[pod/gateway-8689985fc9-gpd27/gateway] 2026-10-05T15:49:14.428+00:00 INFO  http.request requestId=48e597ab-133e-4db3-98b4-a41d53170760 role=api pod=gateway-8689985fc9-gpd27 method=POST path=/api/transcriptions status=200 durationMs=622
[pod/gateway-8689985fc9-gpd27/gateway] 2026-10-05T15:49:14.430+00:00 INFO  http.request requestId=806f2e73-51bc-4ffe-80d9-424c5a494fa3 role=api pod=gateway-8689985fc9-gpd27 method=POST path=/api/translations status=200 durationMs=608
[pod/gateway-8689985fc9-gpd27/gateway] 2026-10-05T15:49:14.437+00:00 INFO  http.request requestId=6ef27aff-0015-4908-8aaa-5475c1354caa role=api pod=gateway-8689985fc9-gpd27 method=POST path=/api/translations status=200 durationMs=564
[pod/gateway-8689985fc9-gpd27/gateway] 2026-10-05T15:49:14.440+00:00 INFO  http.request requestId=94cdf7c7-8a0d-4be5-97e7-5d0d9bd40f24 role=api pod=gateway-8689985fc9-gpd27 method=POST path=/api/translations status=200 durationMs=472
[pod/gateway-8689985fc9-gpd27/gateway] 2026-10-05T15:49:14.448+00:00 INFO  http.request requestId=edde8c6a-7a75-4022-a3a3-bd2039044430 role=api pod=gateway-8689985fc9-gpd27 method=POST path=/api/translations status=200 durationMs=602
[pod/gateway-8689985fc9-gpd27/gateway] 2026-10-05T15:49:14.454+00:00 INFO  http.request requestId=f2340cb0-1ae7-482b-91c9-39b44243f771 role=api pod=gateway-8689985fc9-gpd27 method=POST path=/api/transcriptions status=200 durationMs=858
[pod/gateway-8689985fc9-gpd27/gateway] 2026-10-05T15:49:14.479+00:00 INFO  http.request requestId=f823a67d-06b6-447d-921b-a4ac97a617a0 role=api pod=gateway-8689985fc9-gpd27 method=POST path=/api/transcriptions status=200 durationMs=899
[pod/gateway-8689985fc9-gpd27/gateway] 2026-10-05T15:49:14.501+00:00 INFO  http.request requestId=4e1264e5-98c8-4ed1-adc0-cb6d0fef1afe role=api pod=gateway-8689985fc9-gpd27 method=POST path=/api/transcriptions status=200 durationMs=741
[pod/gateway-8689985fc9-gpd27/gateway] 2026-10-05T15:49:14.506+00:00 INFO  http.request requestId=9670a151-2719-4cc4-818d-2c818d61f311 role=api pod=gateway-8689985fc9-gpd27 method=POST path=/api/translations status=200 durationMs=583
[pod/gateway-8689985fc9-gpd27/gateway] 2026-10-05T15:49:14.508+00:00 INFO  http.request requestId=eac1a881-78f5-4d71-b798-4723e721209b role=api pod=gateway-8689985fc9-gpd27 method=POST path=/api/transcriptions status=200 durationMs=613
[pod/gateway-8689985fc9-gpd27/gateway] 2026-10-05T15:49:14.522+00:00 INFO  http.request requestId=ce7fbb52-9bc2-49b7-ab21-ea22ea922fee role=api pod=gateway-8689985fc9-gpd27 method=POST path=/api/transcriptions status=200 durationMs=882
[pod/gateway-8689985fc9-gpd27/gateway] 2026-10-05T15:49:14.528+00:00 INFO  http.request requestId=0656ecd7-8b3e-49bc-bd87-81f07d7b3002 role=api pod=gateway-8689985fc9-gpd27 method=POST path=/api/transcriptions status=200 durationMs=829
[pod/gateway-8689985fc9-t5bnw/gateway] 2026-10-05T15:49:14.487+00:00 INFO  http.request requestId=4e7aee2e-8bb6-45d2-99ae-6d9a8a7fc5e7 role=api pod=gateway-8689985fc9-t5bnw method=POST path=/api/transcriptions status=200 durationMs=773
[pod/gateway-8689985fc9-t5bnw/gateway] 2026-10-05T15:49:14.493+00:00 INFO  http.request requestId=df4a1fce-bed4-41bc-8be7-6562b86b5f81 role=api pod=gateway-8689985fc9-t5bnw method=POST path=/api/transcriptions status=200 durationMs=762
[pod/gateway-8689985fc9-t5bnw/gateway] 2026-10-05T15:49:14.495+00:00 INFO  http.request requestId=45eb38dc-4042-4abc-b97f-645e6664c2d5 role=api pod=gateway-8689985fc9-t5bnw method=POST path=/api/translations status=200 durationMs=415
[pod/gateway-8689985fc9-t5bnw/gateway] 2026-10-05T15:49:14.511+00:00 INFO  http.request requestId=7042deff-786e-4289-8915-23c543241ea4 role=api pod=gateway-8689985fc9-t5bnw method=POST path=/api/transcriptions status=200 durationMs=856
[pod/gateway-8689985fc9-t5bnw/gateway] 2026-10-05T15:49:14.525+00:00 INFO  http.request requestId=dd7dbc39-8929-40df-9260-008f5319b283 role=api pod=gateway-8689985fc9-t5bnw method=POST path=/api/transcriptions status=200 durationMs=616
[pod/gateway-8689985fc9-t5bnw/gateway] 2026-10-05T15:49:14.535+00:00 INFO  http.request requestId=1e31678e-c2d4-44eb-8c49-0a2bee22a1c6 role=api pod=gateway-8689985fc9-t5bnw method=POST path=/api/transcriptions status=200 durationMs=671
[pod/gateway-8689985fc9-t5bnw/gateway] 2026-10-05T15:49:14.542+00:00 INFO  http.request requestId=2e6b033d-c567-4d04-899e-2422010c086c role=api pod=gateway-8689985fc9-t5bnw method=POST path=/api/translations status=200 durationMs=444
[pod/gateway-8689985fc9-t5bnw/gateway] 2026-10-05T15:49:14.552+00:00 INFO  http.request requestId=1d6406b2-c6ff-484b-9f52-5b416c565c2e role=api pod=gateway-8689985fc9-t5bnw method=POST path=/api/transcriptions status=200 durationMs=732
[pod/gateway-8689985fc9-t5bnw/gateway] 2026-10-05T15:49:14.553+00:00 INFO  http.request requestId=c7cafef1-378f-4f6a-a0e1-6ab00a3b2621 role=api pod=gateway-8689985fc9-t5bnw method=POST path=/api/transcriptions status=200 durationMs=808
[pod/gateway-8689985fc9-t5bnw/gateway] 2026-10-05T15:49:14.561+00:00 INFO  http.request requestId=09eb7add-8f87-4041-9993-d8b0d9193f90 role=api pod=gateway-8689985fc9-t5bnw method=POST path=/api/transcriptions status=200 durationMs=680
[pod/gateway-8689985fc9-t5bnw/gateway] 2026-10-05T15:49:14.568+00:00 INFO  http.request requestId=ddddf2e2-26de-44de-b745-562d4afaf87a role=api pod=gateway-8689985fc9-t5bnw method=POST path=/api/transcriptions status=200 durationMs=898
[pod/gateway-8689985fc9-gpd27/gateway] 2026-10-05T15:49:14.582+00:00 INFO  http.request requestId=ed892fab-cde5-4b98-9582-37a3a1cf67ac role=api pod=gateway-8689985fc9-gpd27 method=POST path=/api/translations status=200 durationMs=495
[pod/gateway-8689985fc9-gpd27/gateway] 2026-10-05T15:49:14.589+00:00 INFO  http.request requestId=67f2edd2-e758-43a6-84a7-6372e93a875c role=api pod=gateway-8689985fc9-gpd27 method=POST path=/api/translations status=200 durationMs=458
[pod/gateway-8689985fc9-gpd27/gateway] 2026-10-05T15:49:14.593+00:00 INFO  http.request requestId=afed919f-32c3-40f9-ad66-5e0156df753e role=api pod=gateway-8689985fc9-gpd27 method=POST path=/api/translations status=200 durationMs=602
[pod/gateway-8689985fc9-t5bnw/gateway] 2026-10-05T15:49:14.589+00:00 INFO  http.request requestId=7cfb59b2-5d69-4265-a47e-377fd3dc464e role=api pod=gateway-8689985fc9-t5bnw method=POST path=/api/translations status=200 durationMs=520
[pod/gateway-8689985fc9-gpd27/gateway] 2026-10-05T15:49:14.615+00:00 INFO  http.request requestId=9fa2a57a-f4a9-432e-aa53-dec0422efb82 role=api pod=gateway-8689985fc9-gpd27 method=POST path=/api/translations status=200 durationMs=3011
[pod/gateway-8689985fc9-gpd27/gateway] 2026-10-05T15:49:14.626+00:00 INFO  http.request requestId=6473eeb0-5b04-466a-ac5a-32386415d26c role=api pod=gateway-8689985fc9-gpd27 method=POST path=/api/transcriptions status=200 durationMs=656
[pod/gateway-8689985fc9-gpd27/gateway] 2026-10-05T15:49:14.637+00:00 INFO  http.request requestId=5743c9d7-3de8-4ec0-bf8f-df57a6579428 role=api pod=gateway-8689985fc9-gpd27 method=POST path=/api/translations status=200 durationMs=439
[pod/gateway-8689985fc9-gpd27/gateway] 2026-10-05T15:49:14.638+00:00 INFO  http.request requestId=c8233e75-7b5f-403f-a38c-8e4ec7976251 role=api pod=gateway-8689985fc9-gpd27 method=POST path=/api/translations status=200 durationMs=592
[pod/gateway-8689985fc9-t5bnw/gateway] 2026-10-05T15:49:14.631+00:00 INFO  http.request requestId=49b58f27-12c0-4d9a-93ca-b85a01b2cbd1 role=api pod=gateway-8689985fc9-t5bnw method=POST path=/api/transcriptions status=200 durationMs=631
[pod/gateway-8689985fc9-t5bnw/gateway] 2026-10-05T15:49:14.632+00:00 INFO  http.request requestId=84581c1d-3af3-4494-b4f3-192f00cbac98 role=api pod=gateway-8689985fc9-t5bnw method=POST path=/api/translations status=200 durationMs=422
[pod/gateway-8689985fc9-t5bnw/gateway] 2026-10-05T15:49:14.658+00:00 INFO  http.request requestId=127a5f38-aac5-4e89-890e-1cbd7ec7b1d0 role=api pod=gateway-8689985fc9-t5bnw method=POST path=/api/transcriptions status=200 durationMs=821
[pod/gateway-8689985fc9-t5bnw/gateway] 2026-10-05T15:49:14.665+00:00 INFO  http.request requestId=7418d2ee-b18b-4c03-b569-05c16856383a role=api pod=gateway-8689985fc9-t5bnw method=POST path=/api/translations status=200 durationMs=414
[pod/gateway-8689985fc9-t5bnw/gateway] 2026-10-05T15:49:14.666+00:00 INFO  http.request requestId=80067996-a006-4642-ac4b-e6eeb8c06e9f role=api pod=gateway-8689985fc9-t5bnw method=POST path=/api/translations status=200 durationMs=532
[pod/gateway-8689985fc9-t5bnw/gateway] 2026-10-05T15:49:14.673+00:00 INFO  http.request requestId=0a8586f9-5e4e-4f3d-8bf9-cbe39d740f69 role=api pod=gateway-8689985fc9-t5bnw method=POST path=/api/translations status=200 durationMs=578
[pod/gateway-8689985fc9-gpd27/gateway] 2026-10-05T15:49:14.647+00:00 INFO  http.request requestId=0bbf321d-e32f-4a8a-a841-a638c933e48b role=api pod=gateway-8689985fc9-gpd27 method=POST path=/api/translations status=200 durationMs=548
[pod/gateway-8689985fc9-gpd27/gateway] 2026-10-05T15:49:14.647+00:00 INFO  http.request requestId=3dfefbb5-131b-4490-ba52-0c8b17f9e43c role=api pod=gateway-8689985fc9-gpd27 method=POST path=/api/translations status=200 durationMs=524
[pod/gateway-8689985fc9-gpd27/gateway] 2026-10-05T15:49:14.658+00:00 INFO  http.request requestId=b51ea66c-6e4a-46d5-893d-52fad63ce146 role=api pod=gateway-8689985fc9-gpd27 method=POST path=/api/translations status=200 durationMs=613
[pod/gateway-8689985fc9-gpd27/gateway] 2026-10-05T15:49:14.662+00:00 INFO  http.request requestId=b5b210d1-3625-497f-8bb3-d081b6aa0590 role=api pod=gateway-8689985fc9-gpd27 method=POST path=/api/translations status=200 durationMs=425
[pod/gateway-8689985fc9-t5bnw/gateway] 2026-10-05T15:49:14.683+00:00 INFO  http.request requestId=e1432cfe-03b1-4bee-b66f-92d3304aca0f role=api pod=gateway-8689985fc9-t5bnw method=POST path=/api/transcriptions status=200 durationMs=893
[pod/gateway-8689985fc9-gpd27/gateway] 2026-10-05T15:49:14.702+00:00 INFO  http.request requestId=edf0a2c1-e222-427b-afd9-4c9f08345cc3 role=api pod=gateway-8689985fc9-gpd27 method=POST path=/api/transcriptions status=200 durationMs=852
[pod/gateway-8689985fc9-gpd27/gateway] 2026-10-05T15:49:14.715+00:00 INFO  http.request requestId=c214d705-c93a-41a6-bf91-8719bdbb9ab8 role=api pod=gateway-8689985fc9-gpd27 method=POST path=/api/translations status=200 durationMs=551
[pod/gateway-8689985fc9-t5bnw/gateway] 2026-10-05T15:49:14.738+00:00 INFO  http.request requestId=6c3d0918-b980-4d37-adcd-69106dd7d211 role=api pod=gateway-8689985fc9-t5bnw method=POST path=/api/transcriptions status=200 durationMs=799
[pod/gateway-8689985fc9-gpd27/gateway] 2026-10-05T15:49:14.718+00:00 INFO  http.request requestId=bb18632d-7cf0-4896-8502-4ff1c617115b role=api pod=gateway-8689985fc9-gpd27 method=POST path=/api/transcriptions status=200 durationMs=790
[pod/gateway-8689985fc9-gpd27/gateway] 2026-10-05T15:49:14.742+00:00 INFO  http.request requestId=e2e71af4-669b-4a2f-84a5-34d15ab90d2b role=api pod=gateway-8689985fc9-gpd27 method=POST path=/api/transcriptions status=200 durationMs=636
[pod/gateway-8689985fc9-gpd27/gateway] 2026-10-05T15:49:14.748+00:00 INFO  http.request requestId=03370fb9-c24d-4179-9e7b-6395dda6a31e role=api pod=gateway-8689985fc9-gpd27 method=POST path=/api/transcriptions status=200 durationMs=673
[pod/gateway-8689985fc9-t5bnw/gateway] 2026-10-05T15:49:14.754+00:00 INFO  http.request requestId=98ed86dd-d1c2-44c1-b175-1425810ab193 role=api pod=gateway-8689985fc9-t5bnw method=POST path=/api/translations status=200 durationMs=527
[pod/gateway-8689985fc9-t5bnw/gateway] 2026-10-05T15:49:14.777+00:00 INFO  http.request requestId=945a03cf-5e64-4d0b-a938-52ed207b264a role=api pod=gateway-8689985fc9-t5bnw method=POST path=/api/translations status=200 durationMs=502
[pod/gateway-8689985fc9-gpd27/gateway] 2026-10-05T15:49:14.792+00:00 INFO  http.request requestId=3e88ef0a-db7f-4ec5-842c-6edd5ddbcd1f role=api pod=gateway-8689985fc9-gpd27 method=POST path=/api/transcriptions status=200 durationMs=778
[pod/gateway-8689985fc9-gpd27/gateway] 2026-10-05T15:49:14.792+00:00 INFO  http.request requestId=6f5a5541-14f9-469f-ba51-3a22349d7064 role=api pod=gateway-8689985fc9-gpd27 method=POST path=/api/transcriptions status=200 durationMs=808
[pod/gateway-8689985fc9-gpd27/gateway] 2026-10-05T15:49:14.804+00:00 INFO  http.request requestId=48ded7a1-0d1b-4eb6-8176-b9cd609b1706 role=api pod=gateway-8689985fc9-gpd27 method=POST path=/api/transcriptions status=200 durationMs=624
[pod/gateway-8689985fc9-t5bnw/gateway] 2026-10-05T15:49:14.809+00:00 INFO  http.request requestId=0c737cd6-5425-44c2-9991-5fcfbed66537 role=api pod=gateway-8689985fc9-t5bnw method=POST path=/api/transcriptions status=200 durationMs=853
[pod/gateway-8689985fc9-gpd27/gateway] 2026-10-05T15:49:14.813+00:00 INFO  http.request requestId=1fb6b774-7c8e-4e1c-8a73-bcfdae22bc87 role=api pod=gateway-8689985fc9-gpd27 method=POST path=/api/translations status=200 durationMs=520
[pod/gateway-8689985fc9-t5bnw/gateway] 2026-10-05T15:49:14.852+00:00 INFO  http.request requestId=00f20180-64a8-4718-b391-839e7e6bb551 role=api pod=gateway-8689985fc9-t5bnw method=POST path=/api/translations status=200 durationMs=519
[pod/gateway-8689985fc9-gpd27/gateway] 2026-10-05T15:49:14.867+00:00 INFO  http.request requestId=26f2d8ad-c5eb-4206-961c-9cc1d830863b role=api pod=gateway-8689985fc9-gpd27 method=POST path=/api/translations status=200 durationMs=577
[pod/gateway-8689985fc9-t5bnw/gateway] 2026-10-05T15:49:14.871+00:00 INFO  http.request requestId=deb38850-fe19-4600-b8ae-475a1d9e9097 role=api pod=gateway-8689985fc9-t5bnw method=POST path=/api/transcriptions status=200 durationMs=841
[pod/gateway-8689985fc9-t5bnw/gateway] 2026-10-05T15:49:14.881+00:00 INFO  http.request requestId=9a174519-6bb7-424b-a373-1fa01e745191 role=api pod=gateway-8689985fc9-t5bnw method=POST path=/api/translations status=200 durationMs=465
[pod/gateway-8689985fc9-t5bnw/gateway] 2026-10-05T15:49:14.905+00:00 INFO  http.request requestId=32914b05-e3fa-404c-a3ea-915e538c39b4 role=api pod=gateway-8689985fc9-t5bnw method=POST path=/api/translations status=200 durationMs=425
[pod/gateway-8689985fc9-t5bnw/gateway] 2026-10-05T15:49:14.913+00:00 INFO  http.request requestId=b34840ec-c98a-4b47-b26b-327c13229d69 role=api pod=gateway-8689985fc9-t5bnw method=POST path=/api/transcriptions status=200 durationMs=853
[pod/gateway-8689985fc9-gpd27/gateway] 2026-10-05T15:49:14.878+00:00 INFO  http.request requestId=d9f093a5-cb0d-4c51-a364-6a576540ca30 role=api pod=gateway-8689985fc9-gpd27 method=POST path=/api/translations status=200 durationMs=534
[pod/gateway-8689985fc9-gpd27/gateway] 2026-10-05T15:49:14.904+00:00 INFO  http.request requestId=98baf7f7-8640-4fbd-83bf-845b3f3183e7 role=api pod=gateway-8689985fc9-gpd27 method=POST path=/api/translations status=200 durationMs=576
[pod/gateway-8689985fc9-t5bnw/gateway] 2026-10-05T15:49:14.915+00:00 INFO  http.request requestId=7ccd2ea3-72d0-447a-a22d-b278cef1dbe4 role=api pod=gateway-8689985fc9-t5bnw method=POST path=/api/transcriptions status=200 durationMs=795
[pod/gateway-8689985fc9-t5bnw/gateway] 2026-10-05T15:49:14.922+00:00 INFO  http.request requestId=c2ec568e-ae42-4673-a1a5-3db5945c552d role=api pod=gateway-8689985fc9-t5bnw method=POST path=/api/transcriptions status=200 durationMs=832
[pod/gateway-8689985fc9-t5bnw/gateway] 2026-10-05T15:49:14.925+00:00 INFO  http.request requestId=e3cf7abc-8c2c-41b0-a569-75dad91aee10 role=api pod=gateway-8689985fc9-t5bnw method=POST path=/api/transcriptions status=200 durationMs=684
[pod/gateway-8689985fc9-t5bnw/gateway] 2026-10-05T15:49:14.933+00:00 INFO  http.request requestId=edf5a27c-536a-431e-b456-ba5ab0b4d720 role=api pod=gateway-8689985fc9-t5bnw method=POST path=/api/translations status=200 durationMs=426
[pod/gateway-8689985fc9-t5bnw/gateway] 2026-10-05T15:49:14.934+00:00 INFO  http.request requestId=723438d9-385d-42e3-a2d7-03951fecb023 role=api pod=gateway-8689985fc9-t5bnw method=POST path=/api/translations status=200 durationMs=612
[pod/gateway-8689985fc9-gpd27/gateway] 2026-10-05T15:49:14.926+00:00 INFO  http.request requestId=b810d6b7-701e-4e71-9f08-4cb1eb87c6f1 role=api pod=gateway-8689985fc9-gpd27 method=POST path=/api/translations status=200 durationMs=601
[pod/gateway-8689985fc9-gpd27/gateway] 2026-10-05T15:49:14.944+00:00 INFO  http.request requestId=4cde6741-e7f5-4b40-b216-353243d2aaef role=api pod=gateway-8689985fc9-gpd27 method=POST path=/api/translations status=200 durationMs=457
[pod/gateway-8689985fc9-gpd27/gateway] 2026-10-05T15:49:14.958+00:00 INFO  http.request requestId=f03d8aa2-3f9d-4dfa-8e3b-c2296164ebab role=api pod=gateway-8689985fc9-gpd27 method=POST path=/api/transcriptions status=200 durationMs=913
[pod/gateway-8689985fc9-gpd27/gateway] 2026-10-05T15:49:14.986+00:00 INFO  http.request requestId=b7e400f4-100f-4c4a-80ca-99eb47149af7 role=api pod=gateway-8689985fc9-gpd27 method=POST path=/api/translations status=200 durationMs=478
[pod/gateway-8689985fc9-gpd27/gateway] 2026-10-05T15:49:14.990+00:00 INFO  http.request requestId=5fd19f0f-34bc-4825-b917-4c148acb47d4 role=api pod=gateway-8689985fc9-gpd27 method=POST path=/api/translations status=200 durationMs=478
[pod/gateway-8689985fc9-t5bnw/gateway] 2026-10-05T15:49:14.980+00:00 INFO  http.request requestId=7d8e6852-aeb8-418b-b413-f8a965c397f4 role=api pod=gateway-8689985fc9-t5bnw method=POST path=/api/transcriptions status=200 durationMs=845
[pod/gateway-8689985fc9-t5bnw/gateway] 2026-10-05T15:49:14.980+00:00 INFO  http.request requestId=f4ae71c0-33d4-449a-aef9-40899e60a417 role=api pod=gateway-8689985fc9-t5bnw method=POST path=/api/translations status=200 durationMs=427
[pod/gateway-8689985fc9-t5bnw/gateway] 2026-10-05T15:49:14.997+00:00 INFO  http.request requestId=6163719b-648a-40c7-ae96-78b209e7749e role=api pod=gateway-8689985fc9-t5bnw method=POST path=/api/translations status=200 durationMs=503
[pod/gateway-8689985fc9-t5bnw/gateway] 2026-10-05T15:49:15.003+00:00 INFO  http.request requestId=e5e02b38-6f84-4dc2-ae4e-180c70966d9e role=api pod=gateway-8689985fc9-t5bnw method=POST path=/api/transcriptions status=200 durationMs=658
[pod/gateway-8689985fc9-t5bnw/gateway] 2026-10-05T15:49:15.009+00:00 INFO  http.request requestId=39a1aa1e-642b-46e0-b67b-3387ff69ab6a role=api pod=gateway-8689985fc9-t5bnw method=POST path=/api/transcriptions status=200 durationMs=844
[pod/gateway-8689985fc9-t5bnw/gateway] 2026-10-05T15:49:15.028+00:00 INFO  http.request requestId=a73a3c99-0d5f-4cce-91e5-57788ea28808 role=api pod=gateway-8689985fc9-t5bnw method=POST path=/api/translations status=200 durationMs=459
[pod/gateway-8689985fc9-gpd27/gateway] 2026-10-05T15:49:15.021+00:00 INFO  http.request requestId=09a964fe-f881-4255-b699-964a78a65996 role=api pod=gateway-8689985fc9-gpd27 method=POST path=/api/transcriptions status=200 durationMs=822
[pod/gateway-8689985fc9-gpd27/gateway] 2026-10-05T15:49:15.028+00:00 INFO  http.request requestId=744b27af-f9a1-44c8-aea9-b8aa7bbc0d5f role=api pod=gateway-8689985fc9-gpd27 method=POST path=/api/transcriptions status=200 durationMs=878
[pod/gateway-8689985fc9-gpd27/gateway] 2026-10-05T15:49:15.028+00:00 INFO  http.request requestId=9ce667e6-8cde-4c73-828f-05bd34d8496c role=api pod=gateway-8689985fc9-gpd27 method=POST path=/api/transcriptions status=200 durationMs=802
[pod/gateway-8689985fc9-gpd27/gateway] 2026-10-05T15:49:15.030+00:00 INFO  http.request requestId=f514857c-4dc5-44b0-8f78-f5acc19f9e91 role=api pod=gateway-8689985fc9-gpd27 method=POST path=/api/translations status=200 durationMs=600
[pod/gateway-8689985fc9-gpd27/gateway] 2026-10-05T15:49:15.039+00:00 INFO  http.request requestId=faf964ab-b823-483e-b60a-f8430621da3a role=api pod=gateway-8689985fc9-gpd27 method=POST path=/api/translations status=200 durationMs=584
[pod/gateway-8689985fc9-gpd27/gateway] 2026-10-05T15:49:15.046+00:00 INFO  http.request requestId=5aabe636-7efa-41ce-be8b-309629357628 role=api pod=gateway-8689985fc9-gpd27 method=POST path=/api/translations status=200 durationMs=485
[pod/gateway-8689985fc9-gpd27/gateway] 2026-10-05T15:49:15.048+00:00 INFO  http.request requestId=4ae4f22d-7818-464c-a98f-85e61ff3d129 role=api pod=gateway-8689985fc9-gpd27 method=POST path=/api/translations status=200 durationMs=511
[pod/gateway-8689985fc9-gpd27/gateway] 2026-10-05T15:49:15.056+00:00 INFO  http.request requestId=f475a334-7277-4752-8436-a1efcec5488e role=api pod=gateway-8689985fc9-gpd27 method=POST path=/api/translations status=200 durationMs=422
[pod/gateway-8689985fc9-gpd27/gateway] 2026-10-05T15:49:15.059+00:00 INFO  http.request requestId=d99ec2d9-9005-4f21-bc4b-fa9757190fde role=api pod=gateway-8689985fc9-gpd27 method=POST path=/api/transcriptions status=200 durationMs=623
[pod/gateway-8689985fc9-gpd27/gateway] 2026-10-05T15:49:15.068+00:00 INFO  http.request requestId=ab211d76-29af-41b0-833b-0ea543fc44bd role=api pod=gateway-8689985fc9-gpd27 method=POST path=/api/transcriptions status=200 durationMs=761
[pod/gateway-8689985fc9-t5bnw/gateway] 2026-10-05T15:49:15.078+00:00 INFO  http.request requestId=5cc13d94-c8d3-4731-b655-d1a08873e241 role=api pod=gateway-8689985fc9-t5bnw method=POST path=/api/translations status=200 durationMs=546
[pod/gateway-8689985fc9-t5bnw/gateway] 2026-10-05T15:49:15.091+00:00 INFO  http.request requestId=101150de-5813-442a-a8a2-6d01bd8aacac role=api pod=gateway-8689985fc9-t5bnw method=POST path=/api/transcriptions status=200 durationMs=837
[pod/gateway-8689985fc9-t5bnw/gateway] 2026-10-05T15:49:15.092+00:00 INFO  http.request requestId=2b89aae6-3921-453e-969f-7d4e6e62d711 role=api pod=gateway-8689985fc9-t5bnw method=POST path=/api/transcriptions status=200 durationMs=883
[pod/gateway-8689985fc9-gpd27/gateway] 2026-10-05T15:49:15.095+00:00 INFO  http.request requestId=f250d7d4-b47c-4bcf-9b8e-b1b2ce9ca0ce role=api pod=gateway-8689985fc9-gpd27 method=POST path=/api/translations status=200 durationMs=434
[pod/gateway-8689985fc9-gpd27/gateway] 2026-10-05T15:49:15.109+00:00 INFO  http.request requestId=2c5f9733-10aa-47b2-a046-d9d57c62f428 role=api pod=gateway-8689985fc9-gpd27 method=POST path=/api/transcriptions status=200 durationMs=838
[pod/gateway-8689985fc9-gpd27/gateway] 2026-10-05T15:49:15.109+00:00 INFO  http.request requestId=769d1ac1-8dd8-4556-9f22-92511fe10c45 role=api pod=gateway-8689985fc9-gpd27 method=POST path=/api/transcriptions status=200 durationMs=824
[pod/gateway-8689985fc9-gpd27/gateway] 2026-10-05T15:49:15.113+00:00 INFO  http.request requestId=8943a708-a0b7-49b0-afad-bbb0fd67c6d9 role=api pod=gateway-8689985fc9-gpd27 method=POST path=/api/translations status=200 durationMs=588
[pod/gateway-8689985fc9-gpd27/gateway] 2026-10-05T15:49:15.117+00:00 INFO  http.request requestId=918ceb89-c7df-42fb-8214-ffee8f2b2cb8 role=api pod=gateway-8689985fc9-gpd27 method=POST path=/api/transcriptions status=200 durationMs=636
[pod/gateway-8689985fc9-gpd27/gateway] 2026-10-05T15:49:15.131+00:00 INFO  http.request requestId=c797c42a-2bef-49a0-9b97-5aa66f1d1594 role=api pod=gateway-8689985fc9-gpd27 method=POST path=/api/translations status=200 durationMs=604
[pod/gateway-8689985fc9-t5bnw/gateway] 2026-10-05T15:49:15.152+00:00 INFO  http.request requestId=b3ee6d3a-920b-4e63-953b-cce46e86c6a1 role=api pod=gateway-8689985fc9-t5bnw method=POST path=/api/transcriptions status=200 durationMs=638
[pod/gateway-8689985fc9-t5bnw/gateway] 2026-10-05T15:49:15.152+00:00 INFO  http.request requestId=bfe3f98d-9bad-4d11-86ea-85d98d725b1c role=api pod=gateway-8689985fc9-t5bnw method=POST path=/api/transcriptions status=200 durationMs=836
[pod/gateway-8689985fc9-t5bnw/gateway] 2026-10-05T15:49:15.163+00:00 INFO  http.request requestId=3653e046-4de2-4dd8-a4a6-75502686dbe7 role=api pod=gateway-8689985fc9-t5bnw method=POST path=/api/translations status=200 durationMs=443
[pod/gateway-8689985fc9-gpd27/gateway] 2026-10-05T15:49:15.136+00:00 INFO  http.request requestId=a6f284d5-c661-4514-8f54-eb2c8067c020 role=api pod=gateway-8689985fc9-gpd27 method=POST path=/api/transcriptions status=200 durationMs=777
[pod/gateway-8689985fc9-gpd27/gateway] 2026-10-05T15:49:15.155+00:00 INFO  http.request requestId=9b1fffb5-2eb8-4ddb-b28a-62ec236bb8be role=api pod=gateway-8689985fc9-gpd27 method=POST path=/api/transcriptions status=200 durationMs=749
[pod/gateway-8689985fc9-gpd27/gateway] 2026-10-05T15:49:15.181+00:00 INFO  http.request requestId=963f059a-1b01-4c3d-96e3-22d677f3e385 role=api pod=gateway-8689985fc9-gpd27 method=POST path=/api/translations status=200 durationMs=436
[pod/gateway-8689985fc9-t5bnw/gateway] 2026-10-05T15:49:15.185+00:00 INFO  http.request requestId=7e5c9c68-bc64-49e2-963c-5130eaf62fe2 role=api pod=gateway-8689985fc9-t5bnw method=POST path=/api/transcriptions status=200 durationMs=856
[pod/gateway-8689985fc9-t5bnw/gateway] 2026-10-05T15:49:15.204+00:00 INFO  http.request requestId=ff726bc2-39d0-4c09-809a-d6badcf2c6a6 role=api pod=gateway-8689985fc9-t5bnw method=POST path=/api/translations status=200 durationMs=501
[pod/gateway-8689985fc9-t5bnw/gateway] 2026-10-05T15:49:15.227+00:00 INFO  http.request requestId=d13dda39-e08d-46d4-9983-d90a1563dbe1 role=api pod=gateway-8689985fc9-t5bnw method=POST path=/api/transcriptions status=200 durationMs=853
[pod/gateway-8689985fc9-gpd27/gateway] 2026-10-05T15:49:15.192+00:00 INFO  http.request requestId=00846a43-84f7-40ef-943e-11acee50a518 role=api pod=gateway-8689985fc9-gpd27 method=POST path=/api/translations status=200 durationMs=565
[pod/gateway-8689985fc9-gpd27/gateway] 2026-10-05T15:49:15.202+00:00 INFO  http.request requestId=73d58327-1950-4b2e-9bda-d483ce1233db role=api pod=gateway-8689985fc9-gpd27 method=POST path=/api/transcriptions status=200 durationMs=812
[pod/gateway-8689985fc9-gpd27/gateway] 2026-10-05T15:49:15.216+00:00 INFO  http.request requestId=39a78537-0ee7-4f49-abfb-5a99e349a3b4 role=api pod=gateway-8689985fc9-gpd27 method=POST path=/api/transcriptions status=200 durationMs=751
[pod/gateway-8689985fc9-gpd27/gateway] 2026-10-05T15:49:15.224+00:00 INFO  http.request requestId=b2b05b52-7d1c-4717-94a4-b03a2d975d3a role=api pod=gateway-8689985fc9-gpd27 method=POST path=/api/translations status=200 durationMs=484
[pod/gateway-8689985fc9-gpd27/gateway] 2026-10-05T15:49:15.244+00:00 INFO  http.request requestId=27800da9-e792-43de-8953-b1f3f3a33abd role=api pod=gateway-8689985fc9-gpd27 method=POST path=/api/transcriptions status=200 durationMs=824
[pod/gateway-8689985fc9-gpd27/gateway] 2026-10-05T15:49:15.252+00:00 INFO  http.request requestId=3d0f7d39-b1bb-416f-a15b-5615c7b12a9c role=api pod=gateway-8689985fc9-gpd27 method=POST path=/api/translations status=200 durationMs=456
[pod/gateway-8689985fc9-t5bnw/gateway] 2026-10-05T15:49:15.282+00:00 INFO  http.request requestId=0e62769c-3e1e-488c-81ee-21f94c4e25eb role=api pod=gateway-8689985fc9-t5bnw method=POST path=/api/transcriptions status=200 durationMs=726
[pod/gateway-8689985fc9-t5bnw/gateway] 2026-10-05T15:49:15.299+00:00 INFO  http.request requestId=9ceb6ea7-89b3-4072-8f9a-1be6a3dfbe9a role=api pod=gateway-8689985fc9-t5bnw method=POST path=/api/transcriptions status=200 durationMs=685
[pod/gateway-8689985fc9-t5bnw/gateway] 2026-10-05T15:49:15.304+00:00 INFO  http.request requestId=098d9160-b02d-4fef-a163-66d32dfc6db3 role=api pod=gateway-8689985fc9-t5bnw method=POST path=/api/translations status=200 durationMs=431
[pod/gateway-8689985fc9-gpd27/gateway] 2026-10-05T15:49:15.262+00:00 INFO  http.request requestId=01e0cbb0-36b2-4637-9cd8-c597434c1929 role=api pod=gateway-8689985fc9-gpd27 method=POST path=/api/transcriptions status=200 durationMs=736
[pod/gateway-8689985fc9-gpd27/gateway] 2026-10-05T15:49:15.262+00:00 INFO  http.request requestId=24e86b92-d2f8-4b82-bd3f-e6ecd79b08f6 role=api pod=gateway-8689985fc9-gpd27 method=POST path=/api/translations status=200 durationMs=579
[pod/gateway-8689985fc9-gpd27/gateway] 2026-10-05T15:49:15.284+00:00 INFO  http.request requestId=d81adc71-57a7-4354-b842-a09f3e55c9ed role=api pod=gateway-8689985fc9-gpd27 method=POST path=/api/transcriptions status=200 durationMs=651
[pod/gateway-8689985fc9-gpd27/gateway] 2026-10-05T15:49:15.294+00:00 INFO  http.request requestId=303c13e1-586a-4ad2-9f2a-2d893b95133a role=api pod=gateway-8689985fc9-gpd27 method=POST path=/api/translations status=200 durationMs=487
[pod/gateway-8689985fc9-gpd27/gateway] 2026-10-05T15:49:15.313+00:00 INFO  http.request requestId=a94e0db5-4f31-4717-bfac-97a03c0afe53 role=api pod=gateway-8689985fc9-gpd27 method=POST path=/api/translations status=200 durationMs=564
[pod/gateway-8689985fc9-t5bnw/gateway] 2026-10-05T15:49:15.322+00:00 INFO  http.request requestId=6609b3b9-50cc-42eb-aa23-94395a1613bf role=api pod=gateway-8689985fc9-t5bnw method=POST path=/api/transcriptions status=200 durationMs=781
[pod/gateway-8689985fc9-t5bnw/gateway] 2026-10-05T15:49:15.326+00:00 INFO  http.request requestId=69622cdb-6357-45e0-9b74-7d8b0e8f0581 role=api pod=gateway-8689985fc9-t5bnw method=POST path=/api/transcriptions status=200 durationMs=652
[pod/gateway-8689985fc9-t5bnw/gateway] 2026-10-05T15:49:15.338+00:00 INFO  http.request requestId=0d7b129a-42a7-4842-8774-b887385a8a83 role=api pod=gateway-8689985fc9-t5bnw method=POST path=/api/translations status=200 durationMs=540
[pod/gateway-8689985fc9-t5bnw/gateway] 2026-10-05T15:49:15.369+00:00 INFO  http.request requestId=6e18506c-fd35-4a05-8b3a-95688db49237 role=api pod=gateway-8689985fc9-t5bnw method=POST path=/api/transcriptions status=200 durationMs=800
[pod/gateway-8689985fc9-t5bnw/gateway] 2026-10-05T15:49:15.400+00:00 INFO  http.request requestId=289e6ee3-d5ae-42e2-9086-d9bcf22fe076 role=api pod=gateway-8689985fc9-t5bnw method=POST path=/api/translations status=200 durationMs=475
[pod/gateway-8689985fc9-t5bnw/gateway] 2026-10-05T15:49:15.413+00:00 INFO  http.request requestId=3e868c01-d991-40ad-a0f2-5a27de69ae91 role=api pod=gateway-8689985fc9-t5bnw method=POST path=/api/transcriptions status=200 durationMs=914
[pod/gateway-8689985fc9-gpd27/gateway] 2026-10-05T15:49:15.321+00:00 INFO  http.request requestId=fdbb03d4-89af-4e90-974c-aff6dcd32ff4 role=api pod=gateway-8689985fc9-gpd27 method=POST path=/api/transcriptions status=200 durationMs=872
[pod/gateway-8689985fc9-gpd27/gateway] 2026-10-05T15:49:15.353+00:00 INFO  http.request requestId=59dd7db1-bbf5-4188-a540-21c60b1f4390 role=api pod=gateway-8689985fc9-gpd27 method=POST path=/api/transcriptions status=200 durationMs=769
[pod/gateway-8689985fc9-gpd27/gateway] 2026-10-05T15:49:15.371+00:00 INFO  http.request requestId=7fba234a-7622-4f30-8969-2b147a749d2a role=api pod=gateway-8689985fc9-gpd27 method=POST path=/api/translations status=200 durationMs=556
[pod/gateway-8689985fc9-gpd27/gateway] 2026-10-05T15:49:15.391+00:00 INFO  http.request requestId=dfacb8f6-c430-404a-a82b-9fa5a15d6263 role=api pod=gateway-8689985fc9-gpd27 method=POST path=/api/translations status=200 durationMs=477
[pod/gateway-8689985fc9-gpd27/gateway] 2026-10-05T15:49:15.392+00:00 INFO  http.request requestId=803014b9-fd84-48e5-9c7a-11da15a7d242 role=api pod=gateway-8689985fc9-gpd27 method=POST path=/api/transcriptions status=200 durationMs=657
[pod/gateway-8689985fc9-gpd27/gateway] 2026-10-05T15:49:15.443+00:00 INFO  http.request requestId=05c565da-1e8c-42ee-b51f-60942a68790b role=api pod=gateway-8689985fc9-gpd27 method=POST path=/api/transcriptions status=200 durationMs=843
[pod/gateway-8689985fc9-gpd27/gateway] 2026-10-05T15:49:15.451+00:00 INFO  http.request requestId=f789eb3a-14f5-41ee-b5fd-291893a392ac role=api pod=gateway-8689985fc9-gpd27 method=POST path=/api/transcriptions status=200 durationMs=806
[pod/gateway-8689985fc9-gpd27/gateway] 2026-10-05T15:49:15.478+00:00 INFO  http.request requestId=a9c5de82-cbb2-4263-ba2b-989eeb6576c6 role=api pod=gateway-8689985fc9-gpd27 method=POST path=/api/translations status=200 durationMs=448
[pod/gateway-8689985fc9-gpd27/gateway] 2026-10-05T15:49:15.486+00:00 INFO  http.request requestId=9b1f099a-6c15-4bbf-a4f4-5691a4134a63 role=api pod=gateway-8689985fc9-gpd27 method=POST path=/api/translations status=200 durationMs=417
[pod/gateway-8689985fc9-gpd27/gateway] 2026-10-05T15:49:15.487+00:00 INFO  http.request requestId=37438f7a-3041-4e6b-92af-ca7e56dc3743 role=api pod=gateway-8689985fc9-gpd27 method=POST path=/api/transcriptions status=200 durationMs=733
[pod/gateway-8689985fc9-gpd27/gateway] 2026-10-05T15:49:15.501+00:00 INFO  http.request requestId=9b1879c8-1ef5-4545-87a1-7a125d412093 role=api pod=gateway-8689985fc9-gpd27 method=POST path=/api/translations status=200 durationMs=497
[pod/gateway-8689985fc9-gpd27/gateway] 2026-10-05T15:49:15.508+00:00 INFO  http.request requestId=70a93c60-0ebe-49af-916f-5c6cc583469e role=api pod=gateway-8689985fc9-gpd27 method=POST path=/api/transcriptions status=200 durationMs=711
[pod/gateway-8689985fc9-gpd27/gateway] 2026-10-05T15:49:15.542+00:00 INFO  http.request requestId=a3da6d06-3417-40b8-b78d-9401d71fcaae role=api pod=gateway-8689985fc9-gpd27 method=POST path=/api/transcriptions status=200 durationMs=672
[pod/gateway-8689985fc9-gpd27/gateway] 2026-10-05T15:49:15.542+00:00 INFO  http.request requestId=b3f7608d-6e56-4b62-8018-e79f0656f54f role=api pod=gateway-8689985fc9-gpd27 method=POST path=/api/translations status=200 durationMs=433
[pod/gateway-8689985fc9-gpd27/gateway] 2026-10-05T15:49:15.549+00:00 INFO  http.request requestId=0c6b7508-2ccb-4888-b7e2-d7b769b6eeef role=api pod=gateway-8689985fc9-gpd27 method=POST path=/api/transcriptions status=200 durationMs=830
[pod/gateway-8689985fc9-gpd27/gateway] 2026-10-05T15:49:15.588+00:00 INFO  http.request requestId=4b0f2a5b-0f8b-4b8a-8be1-8e8210358b0d role=api pod=gateway-8689985fc9-gpd27 method=POST path=/api/translations status=200 durationMs=435
[pod/gateway-8689985fc9-gpd27/gateway] 2026-10-05T15:49:15.589+00:00 INFO  http.request requestId=03da795c-f8b5-4034-8637-982218fa22bd role=api pod=gateway-8689985fc9-gpd27 method=POST path=/api/transcriptions status=200 durationMs=885
[pod/gateway-8689985fc9-t5bnw/gateway] 2026-10-05T15:49:15.430+00:00 INFO  http.request requestId=c3c51762-466f-4d52-be48-465c8dd03249 role=api pod=gateway-8689985fc9-t5bnw method=POST path=/api/translations status=200 durationMs=503
[pod/gateway-8689985fc9-t5bnw/gateway] 2026-10-05T15:49:15.432+00:00 INFO  http.request requestId=894b6018-fc3d-4c76-8572-bcd9c18895fe role=api pod=gateway-8689985fc9-t5bnw method=POST path=/api/translations status=200 durationMs=516
[pod/gateway-8689985fc9-t5bnw/gateway] 2026-10-05T15:49:15.444+00:00 INFO  http.request requestId=710127da-1f9f-4fbd-9642-e9edc711e9b8 role=api pod=gateway-8689985fc9-t5bnw method=POST path=/api/transcriptions status=200 durationMs=755
[pod/gateway-8689985fc9-t5bnw/gateway] 2026-10-05T15:49:15.481+00:00 INFO  http.request requestId=ad53b56b-6008-48ee-82c5-6525a966fde6 role=api pod=gateway-8689985fc9-t5bnw method=POST path=/api/translations status=200 durationMs=469
[pod/gateway-8689985fc9-t5bnw/gateway] 2026-10-05T15:49:15.482+00:00 INFO  http.request requestId=563148d4-520d-44ad-9b4d-ca6acf1ee44e role=api pod=gateway-8689985fc9-t5bnw method=POST path=/api/transcriptions status=200 durationMs=717
[pod/gateway-8689985fc9-t5bnw/gateway] 2026-10-05T15:49:15.505+00:00 INFO  http.request requestId=cc9602cd-8f82-4044-8442-01c495cc0cbf role=api pod=gateway-8689985fc9-t5bnw method=POST path=/api/translations status=200 durationMs=543
[pod/gateway-8689985fc9-t5bnw/gateway] 2026-10-05T15:49:15.526+00:00 INFO  http.request requestId=309bec84-44f5-491d-bcb7-cfe633950afe role=api pod=gateway-8689985fc9-t5bnw method=POST path=/api/transcriptions status=200 durationMs=746
[pod/gateway-8689985fc9-t5bnw/gateway] 2026-10-05T15:49:15.533+00:00 INFO  http.request requestId=ec703661-d5d6-4f99-ada8-6853969ddbb5 role=api pod=gateway-8689985fc9-t5bnw method=POST path=/api/transcriptions status=200 durationMs=872
[pod/gateway-8689985fc9-t5bnw/gateway] 2026-10-05T15:49:15.542+00:00 INFO  http.request requestId=4df8f8d7-9f5f-4f45-b435-9c17b5adabe4 role=api pod=gateway-8689985fc9-t5bnw method=POST path=/api/transcriptions status=200 durationMs=714
[pod/gateway-8689985fc9-t5bnw/gateway] 2026-10-05T15:49:15.549+00:00 INFO  http.request requestId=500aed07-83f5-4b91-b76e-339a4dbca4ba role=api pod=gateway-8689985fc9-t5bnw method=POST path=/api/translations status=200 durationMs=568
[pod/gateway-8689985fc9-t5bnw/gateway] 2026-10-05T15:49:15.571+00:00 INFO  http.request requestId=ce856df8-6c0e-4258-810e-aa3ca1362334 role=api pod=gateway-8689985fc9-t5bnw method=POST path=/api/translations status=200 durationMs=548
[pod/gateway-8689985fc9-t5bnw/gateway] 2026-10-05T15:49:15.591+00:00 INFO  http.request requestId=9e13e192-9037-4af5-93f4-904dc175434d role=api pod=gateway-8689985fc9-t5bnw method=POST path=/api/translations status=200 durationMs=498
[pod/gateway-8689985fc9-gpd27/gateway] 2026-10-05T15:49:15.630+00:00 INFO  http.request requestId=00a30415-3ef9-42cd-b7bc-8fbebdb139ba role=api pod=gateway-8689985fc9-gpd27 method=POST path=/api/translations status=200 durationMs=492
[pod/gateway-8689985fc9-t5bnw/gateway] 2026-10-05T15:49:15.602+00:00 INFO  http.request requestId=519f3752-3929-4d8b-a1bc-a3366e3d59b8 role=api pod=gateway-8689985fc9-t5bnw method=POST path=/api/translations status=200 durationMs=572
[pod/gateway-8689985fc9-t5bnw/gateway] 2026-10-05T15:49:15.607+00:00 INFO  http.request requestId=340bcbad-9307-4a57-9752-e50304f54a99 role=api pod=gateway-8689985fc9-t5bnw method=POST path=/api/transcriptions status=200 durationMs=767
[pod/gateway-8689985fc9-t5bnw/gateway] 2026-10-05T15:49:15.634+00:00 INFO  http.request requestId=206999de-2f6e-4613-ae4b-d6b1b9455fc6 role=api pod=gateway-8689985fc9-t5bnw method=POST path=/api/translations status=200 durationMs=481
[pod/gateway-8689985fc9-gpd27/gateway] 2026-10-05T15:49:15.644+00:00 INFO  http.request requestId=7c815464-7a65-4575-a371-3015fe7fc48f role=api pod=gateway-8689985fc9-gpd27 method=POST path=/api/translations status=200 durationMs=584
[pod/gateway-8689985fc9-gpd27/gateway] 2026-10-05T15:49:15.645+00:00 INFO  http.request requestId=31ab29ce-8d88-4a22-af54-d077df356498 role=api pod=gateway-8689985fc9-gpd27 method=POST path=/api/translations status=200 durationMs=552
[pod/gateway-8689985fc9-gpd27/gateway] 2026-10-05T15:49:15.661+00:00 INFO  http.request requestId=e34deaa7-e2ed-4f26-87ef-7bf79d4f9fc3 role=api pod=gateway-8689985fc9-gpd27 method=POST path=/api/translations status=200 durationMs=504
[pod/gateway-8689985fc9-gpd27/gateway] 2026-10-05T15:49:15.663+00:00 INFO  http.request requestId=d534a6c5-7b27-4576-88a4-df1adb080074 role=api pod=gateway-8689985fc9-gpd27 method=POST path=/api/translations status=200 durationMs=550
[pod/gateway-8689985fc9-gpd27/gateway] 2026-10-05T15:49:15.666+00:00 INFO  http.request requestId=98a98e9b-66fc-4ad8-8008-a21045513863 role=api pod=gateway-8689985fc9-gpd27 method=POST path=/api/transcriptions status=200 durationMs=646
[pod/gateway-8689985fc9-gpd27/gateway] 2026-10-05T15:49:15.694+00:00 INFO  http.request requestId=b513beea-3ecb-4678-9dbd-8a0cfd9623e2 role=api pod=gateway-8689985fc9-gpd27 method=POST path=/api/transcriptions status=200 durationMs=879
[pod/gateway-8689985fc9-gpd27/gateway] 2026-10-05T15:49:15.694+00:00 INFO  http.request requestId=a8888f44-3244-42ef-bd6c-77b34e481554 role=api pod=gateway-8689985fc9-gpd27 method=POST path=/api/transcriptions status=200 durationMs=630
[pod/gateway-8689985fc9-gpd27/gateway] 2026-10-05T15:49:15.696+00:00 INFO  http.request requestId=af98325e-f4b8-4edb-b560-024a26a41712 role=api pod=gateway-8689985fc9-gpd27 method=POST path=/api/transcriptions status=200 durationMs=616
[pod/gateway-8689985fc9-gpd27/gateway] 2026-10-05T15:49:15.704+00:00 INFO  http.request requestId=86db412b-8673-43b5-bdb0-0460fbb67d86 role=api pod=gateway-8689985fc9-gpd27 method=POST path=/api/translations status=200 durationMs=583
[pod/gateway-8689985fc9-t5bnw/gateway] 2026-10-05T15:49:15.678+00:00 INFO  http.request requestId=a6f88d22-bf47-45ac-b8d3-d80661c44f37 role=api pod=gateway-8689985fc9-t5bnw method=POST path=/api/transcriptions status=200 durationMs=689
[pod/gateway-8689985fc9-t5bnw/gateway] 2026-10-05T15:49:15.688+00:00 INFO  http.request requestId=af593a1f-4dcc-47fb-885a-156fb7ee68f2 role=api pod=gateway-8689985fc9-t5bnw method=POST path=/api/transcriptions status=200 durationMs=712
[pod/gateway-8689985fc9-t5bnw/gateway] 2026-10-05T15:49:15.722+00:00 INFO  http.request requestId=8f2a967b-97fd-479d-90dc-c61eb2e60ef9 role=api pod=gateway-8689985fc9-t5bnw method=POST path=/api/transcriptions status=200 durationMs=808
[pod/gateway-8689985fc9-t5bnw/gateway] 2026-10-05T15:49:15.732+00:00 INFO  http.request requestId=ab3e3381-2f9f-4b4b-b770-336c880a23fb role=api pod=gateway-8689985fc9-t5bnw method=POST path=/api/transcriptions status=200 durationMs=832
[pod/gateway-8689985fc9-t5bnw/gateway] 2026-10-05T15:49:15.749+00:00 INFO  http.request requestId=d6e5c616-2d03-4e15-848f-c7f500899598 role=api pod=gateway-8689985fc9-t5bnw method=POST path=/api/translations status=200 durationMs=427
[pod/gateway-8689985fc9-t5bnw/gateway] 2026-10-05T15:49:15.757+00:00 INFO  http.request requestId=fe8e84bc-18cc-40c1-af6a-d726a0d9d59d role=api pod=gateway-8689985fc9-t5bnw method=POST path=/api/transcriptions status=200 durationMs=903
[pod/gateway-8689985fc9-gpd27/gateway] 2026-10-05T15:49:15.719+00:00 INFO  http.request requestId=ba2cad27-bf83-4a3b-9ac3-e48bedb663fd role=api pod=gateway-8689985fc9-gpd27 method=POST path=/api/translations status=200 durationMs=435
[pod/gateway-8689985fc9-gpd27/gateway] 2026-10-05T15:49:15.726+00:00 INFO  http.request requestId=2c4c7450-0b5a-42b7-843d-87472abb4924 role=api pod=gateway-8689985fc9-gpd27 method=POST path=/api/translations status=200 durationMs=461
[pod/gateway-8689985fc9-gpd27/gateway] 2026-10-05T15:49:15.750+00:00 INFO  http.request requestId=c095d9ea-a5b9-4080-ac74-52384b27b798 role=api pod=gateway-8689985fc9-gpd27 method=POST path=/api/transcriptions status=200 durationMs=865
[pod/gateway-8689985fc9-gpd27/gateway] 2026-10-05T15:49:15.751+00:00 INFO  http.request requestId=4da694d1-352e-49fe-9eea-475d412e91fe role=api pod=gateway-8689985fc9-gpd27 method=POST path=/api/translations status=200 durationMs=547
[pod/gateway-8689985fc9-gpd27/gateway] 2026-10-05T15:49:15.792+00:00 INFO  http.request requestId=366bb839-d04b-4b17-ac23-f045b1922eff role=api pod=gateway-8689985fc9-gpd27 method=POST path=/api/translations status=200 durationMs=606
[pod/gateway-8689985fc9-gpd27/gateway] 2026-10-05T15:49:15.796+00:00 INFO  http.request requestId=80bffc25-beaf-4987-8ac0-3454e29d6835 role=api pod=gateway-8689985fc9-gpd27 method=POST path=/api/transcriptions status=200 durationMs=864
[pod/gateway-8689985fc9-gpd27/gateway] 2026-10-05T15:49:15.808+00:00 INFO  http.request requestId=839c4895-0398-40ee-a04a-1ad73f1e79a2 role=api pod=gateway-8689985fc9-gpd27 method=POST path=/api/translations status=200 durationMs=590
[pod/gateway-8689985fc9-t5bnw/gateway] 2026-10-05T15:49:15.764+00:00 INFO  http.request requestId=c3a02f56-4810-4882-ab15-ebb80aade48e role=api pod=gateway-8689985fc9-t5bnw method=POST path=/api/transcriptions status=200 durationMs=818
[pod/gateway-8689985fc9-t5bnw/gateway] 2026-10-05T15:49:15.770+00:00 INFO  http.request requestId=bfa20612-b4b2-47d4-837e-dc2b1d14bd16 role=api pod=gateway-8689985fc9-t5bnw method=POST path=/api/transcriptions status=200 durationMs=674
[pod/gateway-8689985fc9-t5bnw/gateway] 2026-10-05T15:49:15.797+00:00 INFO  http.request requestId=a4b511f2-46bf-4bb2-bb54-87cc15877f59 role=api pod=gateway-8689985fc9-t5bnw method=POST path=/api/transcriptions status=200 durationMs=760
[pod/gateway-8689985fc9-t5bnw/gateway] 2026-10-05T15:49:15.818+00:00 INFO  http.request requestId=cd03ebd9-485b-47a9-94c5-d2ca3c630a64 role=api pod=gateway-8689985fc9-t5bnw method=POST path=/api/transcriptions status=200 durationMs=812
[pod/gateway-8689985fc9-gpd27/gateway] 2026-10-05T15:49:15.815+00:00 INFO  http.request requestId=3d43ff93-e491-4d48-a485-2922e86edbce role=api pod=gateway-8689985fc9-gpd27 method=POST path=/api/transcriptions status=200 durationMs=688
[pod/gateway-8689985fc9-gpd27/gateway] 2026-10-05T15:49:15.834+00:00 INFO  http.request requestId=128b0643-abdb-4e54-8bfb-86fb6d30ca27 role=api pod=gateway-8689985fc9-gpd27 method=POST path=/api/translations status=200 durationMs=606
[pod/gateway-8689985fc9-gpd27/gateway] 2026-10-05T15:49:15.844+00:00 INFO  http.request requestId=f5fb308a-4a0f-43b2-8373-718c2ac3c792 role=api pod=gateway-8689985fc9-gpd27 method=POST path=/api/translations status=200 durationMs=598
[pod/gateway-8689985fc9-gpd27/gateway] 2026-10-05T15:49:15.844+00:00 INFO  http.request requestId=1eb55e9b-e253-4bdd-9451-4c775ce6664d role=api pod=gateway-8689985fc9-gpd27 method=POST path=/api/translations status=200 durationMs=522
[pod/gateway-8689985fc9-t5bnw/gateway] 2026-10-05T15:49:15.828+00:00 INFO  http.request requestId=92b100c5-d0d3-4fa7-b82d-27fef4cb9e9a role=api pod=gateway-8689985fc9-t5bnw method=POST path=/api/translations status=200 durationMs=501
[pod/gateway-8689985fc9-t5bnw/gateway] 2026-10-05T15:49:15.831+00:00 INFO  http.request requestId=173a6df7-1443-4947-bb9b-65406407836b role=api pod=gateway-8689985fc9-t5bnw method=POST path=/api/translations status=200 durationMs=546
[pod/gateway-8689985fc9-t5bnw/gateway] 2026-10-05T15:49:15.860+00:00 INFO  http.request requestId=cb81c5fd-d9a6-448a-ab68-051e5ba1c59f role=api pod=gateway-8689985fc9-t5bnw method=POST path=/api/transcriptions status=200 durationMs=630
[pod/gateway-8689985fc9-t5bnw/gateway] 2026-10-05T15:49:15.871+00:00 INFO  http.request requestId=dffafddf-ca4f-46e0-97c7-6016151b5276 role=api pod=gateway-8689985fc9-t5bnw method=POST path=/api/transcriptions status=200 durationMs=656
[pod/gateway-8689985fc9-t5bnw/gateway] 2026-10-05T15:49:15.883+00:00 INFO  http.request requestId=1d60fc36-c686-4bcc-96e4-adcc51a34889 role=api pod=gateway-8689985fc9-t5bnw method=POST path=/api/translations status=200 durationMs=512
[pod/gateway-8689985fc9-gpd27/gateway] 2026-10-05T15:49:15.857+00:00 INFO  http.request requestId=3b5e3f4d-3173-4521-81a2-91096b7f61a5 role=api pod=gateway-8689985fc9-gpd27 method=POST path=/api/translations status=200 durationMs=443
[pod/gateway-8689985fc9-gpd27/gateway] 2026-10-05T15:49:15.874+00:00 INFO  http.request requestId=1cf096f8-73e7-456e-bb98-5ec133faf2cf role=api pod=gateway-8689985fc9-gpd27 method=POST path=/api/transcriptions status=200 durationMs=912
[pod/gateway-8689985fc9-gpd27/gateway] 2026-10-05T15:49:15.892+00:00 INFO  http.request requestId=2949c2c3-6015-4d89-87a6-e74079b585db role=api pod=gateway-8689985fc9-gpd27 method=POST path=/api/translations status=200 durationMs=537
[pod/gateway-8689985fc9-gpd27/gateway] 2026-10-05T15:49:15.899+00:00 INFO  http.request requestId=eabf5a41-9c04-4416-99eb-1928a61a5520 role=api pod=gateway-8689985fc9-gpd27 method=POST path=/api/transcriptions status=200 durationMs=786
[pod/gateway-8689985fc9-gpd27/gateway] 2026-10-05T15:49:15.907+00:00 INFO  http.request requestId=01f590c3-9139-4f8c-9d7f-604abf32f6d1 role=api pod=gateway-8689985fc9-gpd27 method=POST path=/api/transcriptions status=200 durationMs=858
[pod/gateway-8689985fc9-t5bnw/gateway] 2026-10-05T15:49:15.910+00:00 INFO  http.request requestId=175a79c8-4f1d-4e7c-8be0-ddd2e2fdced2 role=api pod=gateway-8689985fc9-t5bnw method=POST path=/api/transcriptions status=200 durationMs=754
[pod/gateway-8689985fc9-t5bnw/gateway] 2026-10-05T15:49:15.924+00:00 INFO  http.request requestId=f95088e1-85cb-4fca-a2a0-d75e9c3a54de role=api pod=gateway-8689985fc9-t5bnw method=POST path=/api/transcriptions status=200 durationMs=723
[pod/gateway-8689985fc9-gpd27/gateway] 2026-10-05T15:49:15.921+00:00 INFO  http.request requestId=de6c18aa-5002-4f3c-8ff0-164857331f38 role=api pod=gateway-8689985fc9-gpd27 method=POST path=/api/translations status=200 durationMs=615
[pod/gateway-8689985fc9-gpd27/gateway] 2026-10-05T15:49:15.959+00:00 INFO  http.request requestId=4938090c-828f-469f-9b7c-644d3cc20274 role=api pod=gateway-8689985fc9-gpd27 method=POST path=/api/translations status=200 durationMs=432
[pod/gateway-8689985fc9-gpd27/gateway] 2026-10-05T15:49:15.974+00:00 INFO  http.request requestId=3b23a030-0817-4270-bbc3-18f3b973edb0 role=api pod=gateway-8689985fc9-gpd27 method=POST path=/api/translations status=200 durationMs=424
[pod/gateway-8689985fc9-gpd27/gateway] 2026-10-05T15:49:15.991+00:00 INFO  http.request requestId=502b3885-8478-4738-a42c-5a4f12b50ea8 role=api pod=gateway-8689985fc9-gpd27 method=POST path=/api/transcriptions status=200 durationMs=700
[pod/gateway-8689985fc9-gpd27/gateway] 2026-10-05T15:49:15.994+00:00 INFO  http.request requestId=0f1e1f87-ab4f-4448-a2b7-cb25cee7a9dd role=api pod=gateway-8689985fc9-gpd27 method=POST path=/api/translations status=200 durationMs=601
[pod/gateway-8689985fc9-gpd27/gateway] 2026-10-05T15:49:16.003+00:00 INFO  http.request requestId=239d4dd1-e89f-49ef-9e15-71d077473751 role=api pod=gateway-8689985fc9-gpd27 method=POST path=/api/transcriptions status=200 durationMs=863
[pod/gateway-8689985fc9-gpd27/gateway] 2026-10-05T15:49:16.018+00:00 INFO  http.request requestId=0e46e6ae-1ea6-4711-b6eb-90d553fbe21a role=api pod=gateway-8689985fc9-gpd27 method=POST path=/api/translations status=200 durationMs=572
[pod/gateway-8689985fc9-gpd27/gateway] 2026-10-05T15:49:16.040+00:00 INFO  http.request requestId=ee402163-b77d-4cf8-b962-961d4512c46b role=api pod=gateway-8689985fc9-gpd27 method=POST path=/api/transcriptions status=200 durationMs=675
[pod/gateway-8689985fc9-gpd27/gateway] 2026-10-05T15:49:16.047+00:00 INFO  http.request requestId=ea1416fe-210c-48c9-bd6d-1c3c76ee6325 role=api pod=gateway-8689985fc9-gpd27 method=POST path=/api/transcriptions status=200 durationMs=876
[pod/gateway-8689985fc9-gpd27/gateway] 2026-10-05T15:49:16.055+00:00 INFO  http.request requestId=c1933377-51cb-4f43-aba8-c0c8bf889554 role=api pod=gateway-8689985fc9-gpd27 method=POST path=/api/transcriptions status=200 durationMs=735
[pod/gateway-8689985fc9-t5bnw/gateway] 2026-10-05T15:49:16.020+00:00 INFO  http.request requestId=2ec32aff-c1c2-4c86-b8e4-1899b2819b23 role=api pod=gateway-8689985fc9-t5bnw method=POST path=/api/translations status=200 durationMs=576
[pod/gateway-8689985fc9-t5bnw/gateway] 2026-10-05T15:49:16.030+00:00 INFO  http.request requestId=2693b80a-5099-4280-9cd5-cac8cd23c8a9 role=api pod=gateway-8689985fc9-t5bnw method=POST path=/api/translations status=200 durationMs=578
[pod/gateway-8689985fc9-t5bnw/gateway] 2026-10-05T15:49:16.044+00:00 INFO  http.request requestId=8b1ce625-0938-49e6-9889-f312f8720af0 role=api pod=gateway-8689985fc9-t5bnw method=POST path=/api/translations status=200 durationMs=559
[pod/gateway-8689985fc9-t5bnw/gateway] 2026-10-05T15:49:16.052+00:00 INFO  http.request requestId=a0b48c00-6e8f-4212-895d-32cc46d3c0b9 role=api pod=gateway-8689985fc9-t5bnw method=POST path=/api/translations status=200 durationMs=544
[pod/gateway-8689985fc9-t5bnw/gateway] 2026-10-05T15:49:16.054+00:00 INFO  http.request requestId=04401ac5-bdf7-4810-bff6-1e64442590d1 role=api pod=gateway-8689985fc9-t5bnw method=POST path=/api/transcriptions status=200 durationMs=613
[pod/gateway-8689985fc9-t5bnw/gateway] 2026-10-05T15:49:16.063+00:00 INFO  http.request requestId=39f5f0fe-04bf-4d97-a5b1-bd9e6b62a6b9 role=api pod=gateway-8689985fc9-t5bnw method=POST path=/api/translations status=200 durationMs=515
[pod/gateway-8689985fc9-t5bnw/gateway] 2026-10-05T15:49:16.066+00:00 INFO  http.request requestId=ba90f49e-baf2-4bc2-a700-dc1ddc92f115 role=api pod=gateway-8689985fc9-t5bnw method=POST path=/api/translations status=200 durationMs=518
[pod/gateway-8689985fc9-t5bnw/gateway] 2026-10-05T15:49:16.073+00:00 INFO  http.request requestId=03ba5749-0d04-4336-a838-5f30c8653e40 role=api pod=gateway-8689985fc9-t5bnw method=POST path=/api/translations status=200 durationMs=482
[pod/gateway-8689985fc9-t5bnw/gateway] 2026-10-05T15:49:16.083+00:00 INFO  http.request requestId=6f276851-8371-441b-a46a-cba65203227e role=api pod=gateway-8689985fc9-t5bnw method=POST path=/api/transcriptions status=200 durationMs=733
[pod/gateway-8689985fc9-t5bnw/gateway] 2026-10-05T15:49:16.083+00:00 INFO  http.request requestId=4a978a21-3de3-4b34-b59a-414191b93c0d role=api pod=gateway-8689985fc9-t5bnw method=POST path=/api/transcriptions status=200 durationMs=897
[pod/gateway-8689985fc9-t5bnw/gateway] 2026-10-05T15:49:16.095+00:00 INFO  http.request requestId=b817188f-de48-435c-bcd4-06e3f325aa52 role=api pod=gateway-8689985fc9-t5bnw method=POST path=/api/transcriptions status=200 durationMs=669
[pod/gateway-8689985fc9-t5bnw/gateway] 2026-10-05T15:49:16.119+00:00 INFO  http.request requestId=1e999a0e-5adb-4c4f-addc-78914807efd6 role=api pod=gateway-8689985fc9-t5bnw method=POST path=/api/transcriptions status=200 durationMs=709
[pod/gateway-8689985fc9-t5bnw/gateway] 2026-10-05T15:49:16.120+00:00 INFO  http.request requestId=51d41470-bb85-4c0e-8edc-301b42b3dbfd role=api pod=gateway-8689985fc9-t5bnw method=POST path=/api/transcriptions status=200 durationMs=784
[pod/gateway-8689985fc9-gpd27/gateway] 2026-10-05T15:49:16.097+00:00 INFO  http.request requestId=7c3c36a7-dc98-442a-bb9c-655655010df7 role=api pod=gateway-8689985fc9-gpd27 method=POST path=/api/transcriptions status=200 durationMs=821
[pod/gateway-8689985fc9-gpd27/gateway] 2026-10-05T15:49:16.098+00:00 INFO  http.request requestId=c2725bf8-4987-49a6-b20d-4c94090f2a65 role=api pod=gateway-8689985fc9-gpd27 method=POST path=/api/translations status=200 durationMs=609
[pod/gateway-8689985fc9-gpd27/gateway] 2026-10-05T15:49:16.099+00:00 INFO  http.request requestId=5cbf8434-3544-4000-892d-6c84ac8d792c role=api pod=gateway-8689985fc9-gpd27 method=POST path=/api/transcriptions status=200 durationMs=705
[pod/gateway-8689985fc9-gpd27/gateway] 2026-10-05T15:49:16.126+00:00 INFO  http.request requestId=59de6179-37a0-4f1e-a2ad-55af39eb1861 role=api pod=gateway-8689985fc9-gpd27 method=POST path=/api/translations status=200 durationMs=446
[pod/gateway-8689985fc9-gpd27/gateway] 2026-10-05T15:49:16.137+00:00 INFO  http.request requestId=7fa90de9-fe3b-4bf4-b060-96ef4d5f9e19 role=api pod=gateway-8689985fc9-gpd27 method=POST path=/api/transcriptions status=200 durationMs=877
[pod/gateway-8689985fc9-gpd27/gateway] 2026-10-05T15:49:16.159+00:00 INFO  http.request requestId=192c91fe-c024-44e1-a291-06f44dfd1c9e role=api pod=gateway-8689985fc9-gpd27 method=POST path=/api/transcriptions status=200 durationMs=913
[pod/gateway-8689985fc9-gpd27/gateway] 2026-10-05T15:49:16.160+00:00 INFO  http.request requestId=0cead5ec-e5e4-48cb-a2a6-15a57f384b84 role=api pod=gateway-8689985fc9-gpd27 method=POST path=/api/transcriptions status=200 durationMs=641
[pod/gateway-8689985fc9-gpd27/gateway] 2026-10-05T15:49:16.196+00:00 INFO  http.request requestId=82f54504-66a9-4d0f-ad61-a77427a65c72 role=api pod=gateway-8689985fc9-gpd27 method=POST path=/api/transcriptions status=200 durationMs=693
[pod/gateway-8689985fc9-gpd27/gateway] 2026-10-05T15:49:16.220+00:00 INFO  http.request requestId=0376225f-d63e-426e-869a-4ff72045996a role=api pod=gateway-8689985fc9-gpd27 method=POST path=/api/translations status=200 durationMs=522
[pod/gateway-8689985fc9-gpd27/gateway] 2026-10-05T15:49:16.222+00:00 INFO  http.request requestId=88ab58e3-5679-4f99-a008-707fcbb354b8 role=api pod=gateway-8689985fc9-gpd27 method=POST path=/api/translations status=200 durationMs=424
[pod/gateway-8689985fc9-gpd27/gateway] 2026-10-05T15:49:16.225+00:00 INFO  http.request requestId=0995ad69-f8ad-447c-967a-26a9368c3e9a role=api pod=gateway-8689985fc9-gpd27 method=POST path=/api/translations status=200 durationMs=451
[pod/gateway-8689985fc9-gpd27/gateway] 2026-10-05T15:49:16.225+00:00 INFO  http.request requestId=de5ba723-dcc6-49a5-87be-3b60f5030ca5 role=api pod=gateway-8689985fc9-gpd27 method=POST path=/api/translations status=200 durationMs=473
[pod/gateway-8689985fc9-t5bnw/gateway] 2026-10-05T15:49:16.161+00:00 INFO  http.request requestId=9b605291-23d0-4bcf-8a4a-5958ecb8d5e3 role=api pod=gateway-8689985fc9-t5bnw method=POST path=/api/translations status=200 durationMs=623
[pod/gateway-8689985fc9-t5bnw/gateway] 2026-10-05T15:49:16.172+00:00 INFO  http.request requestId=4a9b4d10-4a72-4f4d-b299-45050431e695 role=api pod=gateway-8689985fc9-t5bnw method=POST path=/api/transcriptions status=200 durationMs=642
[pod/gateway-8689985fc9-t5bnw/gateway] 2026-10-05T15:49:16.195+00:00 INFO  http.request requestId=34129861-284b-44ed-9ef1-195c40d54594 role=api pod=gateway-8689985fc9-t5bnw method=POST path=/api/translations status=200 durationMs=588
[pod/gateway-8689985fc9-t5bnw/gateway] 2026-10-05T15:49:16.203+00:00 INFO  http.request requestId=936e25f1-7b44-4594-a86e-ea7814abea0f role=api pod=gateway-8689985fc9-t5bnw method=POST path=/api/transcriptions status=200 durationMs=899
[pod/gateway-8689985fc9-t5bnw/gateway] 2026-10-05T15:49:16.223+00:00 INFO  http.request requestId=1c2663b9-e120-4339-aef0-7eecbf12d809 role=api pod=gateway-8689985fc9-t5bnw method=POST path=/api/translations status=200 durationMs=457
[pod/gateway-8689985fc9-t5bnw/gateway] 2026-10-05T15:49:16.235+00:00 INFO  http.request requestId=6e46d909-8a41-4218-a4c1-e0ee6db44da4 role=api pod=gateway-8689985fc9-t5bnw method=POST path=/api/transcriptions status=200 durationMs=759
[pod/gateway-8689985fc9-t5bnw/gateway] 2026-10-05T15:49:16.250+00:00 INFO  http.request requestId=0c994fb4-c3b5-4163-8f8c-9d8447a3d60f role=api pod=gateway-8689985fc9-t5bnw method=POST path=/api/transcriptions status=200 durationMs=868
[pod/gateway-8689985fc9-gpd27/gateway] 2026-10-05T15:49:16.240+00:00 INFO  http.request requestId=7cdd0fa8-a886-4dc1-b224-baa88ed3ddf6 role=api pod=gateway-8689985fc9-gpd27 method=POST path=/api/translations status=200 durationMs=552
[pod/gateway-8689985fc9-gpd27/gateway] 2026-10-05T15:49:16.241+00:00 INFO  http.request requestId=f249a4b0-7e03-454f-b98b-adc7b90068f0 role=api pod=gateway-8689985fc9-gpd27 method=POST path=/api/translations status=200 durationMs=574
[pod/gateway-8689985fc9-gpd27/gateway] 2026-10-05T15:49:16.259+00:00 INFO  http.request requestId=f3e1175d-e0a0-4041-b21d-355ed0eb396c role=api pod=gateway-8689985fc9-gpd27 method=POST path=/api/transcriptions status=200 durationMs=803
[pod/gateway-8689985fc9-gpd27/gateway] 2026-10-05T15:49:16.259+00:00 INFO  http.request requestId=0f2feef2-c56b-442d-b927-17270b3e8f75 role=api pod=gateway-8689985fc9-gpd27 method=POST path=/api/translations status=200 durationMs=563
[pod/gateway-8689985fc9-gpd27/gateway] 2026-10-05T15:49:16.267+00:00 INFO  http.request requestId=75fb36c2-c016-47b8-a777-05eeb54dc650 role=api pod=gateway-8689985fc9-gpd27 method=POST path=/api/translations status=200 durationMs=535
[pod/gateway-8689985fc9-gpd27/gateway] 2026-10-05T15:49:16.292+00:00 INFO  http.request requestId=7c293477-dbc1-40cb-941a-0007a29029e0 role=api pod=gateway-8689985fc9-gpd27 method=POST path=/api/translations status=200 durationMs=569
[pod/gateway-8689985fc9-gpd27/gateway] 2026-10-05T15:49:16.305+00:00 INFO  http.request requestId=cade8ba1-d68f-4cd2-b2ba-ffe0419bc0e7 role=api pod=gateway-8689985fc9-gpd27 method=POST path=/api/transcriptions status=200 durationMs=714
[pod/gateway-8689985fc9-gpd27/gateway] 2026-10-05T15:49:16.323+00:00 INFO  http.request requestId=b6e5d57e-08e2-4f41-90cf-999079738594 role=api pod=gateway-8689985fc9-gpd27 method=POST path=/api/translations status=200 durationMs=527
[pod/gateway-8689985fc9-t5bnw/gateway] 2026-10-05T15:49:16.283+00:00 INFO  http.request requestId=6ae5b6b9-326b-423f-9a14-7196c37e13d1 role=api pod=gateway-8689985fc9-t5bnw method=POST path=/api/translations status=200 durationMs=587
[pod/gateway-8689985fc9-t5bnw/gateway] 2026-10-05T15:49:16.322+00:00 INFO  http.request requestId=67276db9-aeaf-4292-b266-5fa2c86a2732 role=api pod=gateway-8689985fc9-t5bnw method=POST path=/api/translations status=200 durationMs=445
[pod/gateway-8689985fc9-t5bnw/gateway] 2026-10-05T15:49:16.330+00:00 INFO  http.request requestId=0a69e113-0e90-48bd-b325-e6d11f27b9a9 role=api pod=gateway-8689985fc9-t5bnw method=POST path=/api/transcriptions status=200 durationMs=651
[pod/gateway-8689985fc9-t5bnw/gateway] 2026-10-05T15:49:16.350+00:00 INFO  http.request requestId=568bf8a2-1a3c-4fa2-9661-0a2c4d198d78 role=api pod=gateway-8689985fc9-t5bnw method=POST path=/api/translations status=200 durationMs=477
[pod/gateway-8689985fc9-t5bnw/gateway] 2026-10-05T15:49:16.350+00:00 INFO  http.request requestId=04e846f8-998e-4359-9d0c-1e29e7411982 role=api pod=gateway-8689985fc9-t5bnw method=POST path=/api/translations status=200 durationMs=528
[pod/gateway-8689985fc9-t5bnw/gateway] 2026-10-05T15:49:16.350+00:00 INFO  http.request requestId=6b7c1f0d-3647-4ab9-9178-390a1037f111 role=api pod=gateway-8689985fc9-t5bnw method=POST path=/api/transcriptions status=200 durationMs=745
[pod/gateway-8689985fc9-gpd27/gateway] 2026-10-05T15:49:16.351+00:00 INFO  http.request requestId=6c81c430-c0b7-4494-8391-7e0d62676d7a role=api pod=gateway-8689985fc9-gpd27 method=POST path=/api/transcriptions status=200 durationMs=640
[pod/gateway-8689985fc9-gpd27/gateway] 2026-10-05T15:49:16.351+00:00 INFO  http.request requestId=9c1d0168-9d01-4e58-886f-459106124a59 role=api pod=gateway-8689985fc9-gpd27 method=POST path=/api/transcriptions status=200 durationMs=790
[pod/gateway-8689985fc9-gpd27/gateway] 2026-10-05T15:49:16.351+00:00 INFO  http.request requestId=8e17d450-797a-481d-ab09-ba7d4d91d9d3 role=api pod=gateway-8689985fc9-gpd27 method=POST path=/api/transcriptions status=200 durationMs=805
[pod/gateway-8689985fc9-gpd27/gateway] 2026-10-05T15:49:16.362+00:00 INFO  http.request requestId=621402c5-1da3-4a3f-8791-9f8a5f0e1e85 role=api pod=gateway-8689985fc9-gpd27 method=POST path=/api/translations status=200 durationMs=605
[pod/gateway-8689985fc9-gpd27/gateway] 2026-10-05T15:49:16.369+00:00 INFO  http.request requestId=d20caf2a-7865-4bf6-9f20-f431ff1e6c00 role=api pod=gateway-8689985fc9-gpd27 method=POST path=/api/translations status=200 durationMs=554
[pod/gateway-8689985fc9-gpd27/gateway] 2026-10-05T15:49:16.375+00:00 INFO  http.request requestId=0763c21b-8b85-4a79-be1a-2b9de60eac50 role=api pod=gateway-8689985fc9-gpd27 method=POST path=/api/transcriptions status=200 durationMs=725
[pod/gateway-8689985fc9-gpd27/gateway] 2026-10-05T15:49:16.379+00:00 INFO  http.request requestId=0c44385c-f701-4055-b61c-d1bd54009dae role=api pod=gateway-8689985fc9-gpd27 method=POST path=/api/transcriptions status=200 durationMs=893
[pod/gateway-8689985fc9-gpd27/gateway] 2026-10-05T15:49:16.380+00:00 INFO  http.request requestId=edc91c34-98e6-4d36-b362-bdc915d4ec25 role=api pod=gateway-8689985fc9-gpd27 method=POST path=/api/translations status=200 durationMs=471
[pod/gateway-8689985fc9-gpd27/gateway] 2026-10-05T15:49:16.413+00:00 INFO  http.request requestId=43e8f544-efa5-42a4-bc19-5805c713912b role=api pod=gateway-8689985fc9-gpd27 method=POST path=/api/translations status=200 durationMs=512
[pod/gateway-8689985fc9-gpd27/gateway] 2026-10-05T15:49:16.426+00:00 INFO  http.request requestId=70ef9581-c80d-4f16-affc-b6079fc84ed8 role=api pod=gateway-8689985fc9-gpd27 method=POST path=/api/translations status=200 durationMs=565
[pod/gateway-8689985fc9-gpd27/gateway] 2026-10-05T15:49:16.431+00:00 INFO  http.request requestId=330ec7d0-b059-434e-b564-72ef864ee1d3 role=api pod=gateway-8689985fc9-gpd27 method=POST path=/api/transcriptions status=200 durationMs=734
[pod/gateway-8689985fc9-gpd27/gateway] 2026-10-05T15:49:16.441+00:00 INFO  http.request requestId=953ad16e-d1e8-48fa-97a5-a1a306cc6d7a role=api pod=gateway-8689985fc9-gpd27 method=POST path=/api/translations status=200 durationMs=516
[pod/gateway-8689985fc9-gpd27/gateway] 2026-10-05T15:49:16.450+00:00 INFO  http.request requestId=54fcd922-0593-4875-8886-dd26292c1320 role=api pod=gateway-8689985fc9-gpd27 method=POST path=/api/translations status=200 durationMs=538
[pod/gateway-8689985fc9-t5bnw/gateway] 2026-10-05T15:49:16.411+00:00 INFO  http.request requestId=8bd9a87e-9e44-4dcd-99dc-c415958a74f3 role=api pod=gateway-8689985fc9-t5bnw method=POST path=/api/transcriptions status=200 durationMs=775
[pod/gateway-8689985fc9-t5bnw/gateway] 2026-10-05T15:49:16.452+00:00 INFO  http.request requestId=9b4d04d9-bdf6-4658-8e5f-58ed51669a88 role=api pod=gateway-8689985fc9-t5bnw method=POST path=/api/transcriptions status=200 durationMs=878
[pod/gateway-8689985fc9-t5bnw/gateway] 2026-10-05T15:49:16.457+00:00 INFO  http.request requestId=f11d1121-ddec-44c2-bdbd-11c381fcc3a7 role=api pod=gateway-8689985fc9-t5bnw method=POST path=/api/transcriptions status=200 durationMs=714
[pod/gateway-8689985fc9-t5bnw/gateway] 2026-10-05T15:49:16.474+00:00 INFO  http.request requestId=cc17a4e6-c9fd-474b-b8e5-b287a82c00ce role=api pod=gateway-8689985fc9-t5bnw method=POST path=/api/translations status=200 durationMs=432
[pod/gateway-8689985fc9-t5bnw/gateway] 2026-10-05T15:49:16.475+00:00 INFO  http.request requestId=6695eb23-ace6-4a75-a802-3be7dd82f2a0 role=api pod=gateway-8689985fc9-t5bnw method=POST path=/api/translations status=200 durationMs=483
[pod/gateway-8689985fc9-gpd27/gateway] 2026-10-05T15:49:16.517+00:00 INFO  http.request requestId=6dbf3f18-d6c5-4bc5-83af-251cf9cbd621 role=api pod=gateway-8689985fc9-gpd27 method=POST path=/api/transcriptions status=200 durationMs=702
[pod/gateway-8689985fc9-t5bnw/gateway] 2026-10-05T15:49:16.488+00:00 INFO  http.request requestId=38183cb3-87fb-4ece-b00b-c3e9c10a72d6 role=api pod=gateway-8689985fc9-t5bnw method=POST path=/api/transcriptions status=200 durationMs=868
[pod/gateway-8689985fc9-t5bnw/gateway] 2026-10-05T15:49:16.490+00:00 INFO  http.request requestId=2c3fabd7-f1dd-4f20-9cc5-2495e068c34c role=api pod=gateway-8689985fc9-t5bnw method=POST path=/api/transcriptions status=200 durationMs=705
[pod/gateway-8689985fc9-t5bnw/gateway] 2026-10-05T15:49:16.498+00:00 INFO  http.request requestId=be0b77eb-c01c-4a3c-a5dd-ec59a0989a79 role=api pod=gateway-8689985fc9-t5bnw method=POST path=/api/transcriptions status=200 durationMs=774
[pod/gateway-8689985fc9-gpd27/gateway] 2026-10-05T15:49:16.532+00:00 INFO  http.request requestId=c259893e-6352-4d47-934d-22b53be9ad07 role=api pod=gateway-8689985fc9-gpd27 method=POST path=/api/translations status=200 durationMs=528
[pod/gateway-8689985fc9-gpd27/gateway] 2026-10-05T15:49:16.539+00:00 INFO  http.request requestId=83f1cf19-809a-4e80-a96d-d1ba16fcb33b role=api pod=gateway-8689985fc9-gpd27 method=POST path=/api/transcriptions status=200 durationMs=875
[pod/gateway-8689985fc9-t5bnw/gateway] 2026-10-05T15:49:16.545+00:00 INFO  http.request requestId=c8c02003-6365-4e79-a81b-874607419ab0 role=api pod=gateway-8689985fc9-t5bnw method=POST path=/api/translations status=200 durationMs=450
[pod/gateway-8689985fc9-gpd27/gateway] 2026-10-05T15:49:16.583+00:00 INFO  http.request requestId=310fbc8f-fa8f-4972-82ec-f085dc76324f role=api pod=gateway-8689985fc9-gpd27 method=POST path=/api/translations status=200 durationMs=535
[pod/gateway-8689985fc9-gpd27/gateway] 2026-10-05T15:49:16.602+00:00 INFO  http.request requestId=26d7c2e6-d4f9-4bb1-a953-29820e3d6fe7 role=api pod=gateway-8689985fc9-gpd27 method=POST path=/api/translations status=200 durationMs=482
[pod/gateway-8689985fc9-gpd27/gateway] 2026-10-05T15:49:16.618+00:00 INFO  http.request requestId=a3439a0c-4f63-4b05-b770-f41691c68738 role=api pod=gateway-8689985fc9-gpd27 method=POST path=/api/transcriptions status=200 durationMs=652
[pod/gateway-8689985fc9-gpd27/gateway] 2026-10-05T15:49:16.620+00:00 INFO  http.request requestId=d77f20be-e679-44cb-be08-fe58b1c15ae4 role=api pod=gateway-8689985fc9-gpd27 method=POST path=/api/transcriptions status=200 durationMs=866
[pod/gateway-8689985fc9-gpd27/gateway] 2026-10-05T15:49:16.629+00:00 INFO  http.request requestId=49807fb3-f9d4-43cd-ab18-1939ad6d54ae role=api pod=gateway-8689985fc9-gpd27 method=POST path=/api/transcriptions status=200 durationMs=723
[pod/gateway-8689985fc9-t5bnw/gateway] 2026-10-05T15:49:16.581+00:00 INFO  http.request requestId=eacf7415-1aa3-457e-bf04-9860a93a48b5 role=api pod=gateway-8689985fc9-t5bnw method=POST path=/api/translations status=200 durationMs=524
[pod/gateway-8689985fc9-t5bnw/gateway] 2026-10-05T15:49:16.583+00:00 INFO  http.request requestId=ac6245bd-beb6-4e86-9a15-ca69000788a5 role=api pod=gateway-8689985fc9-t5bnw method=POST path=/api/translations status=200 durationMs=498
[pod/gateway-8689985fc9-t5bnw/gateway] 2026-10-05T15:49:16.589+00:00 INFO  http.request requestId=285effe2-6438-4af2-bded-c423551e3b98 role=api pod=gateway-8689985fc9-t5bnw method=POST path=/api/translations status=200 durationMs=468
[pod/gateway-8689985fc9-t5bnw/gateway] 2026-10-05T15:49:16.591+00:00 INFO  http.request requestId=1ca88b57-df33-40c4-b6a0-599d6cb017c3 role=api pod=gateway-8689985fc9-t5bnw method=POST path=/api/translations status=200 durationMs=530
[pod/gateway-8689985fc9-t5bnw/gateway] 2026-10-05T15:49:16.608+00:00 INFO  http.request requestId=f8fb7380-4a05-4898-b54e-cf6ed45facfd role=api pod=gateway-8689985fc9-t5bnw method=POST path=/api/translations status=200 durationMs=509
[pod/gateway-8689985fc9-t5bnw/gateway] 2026-10-05T15:49:16.630+00:00 INFO  http.request requestId=0704e3c1-046a-4484-bfbf-f09fa48cae04 role=api pod=gateway-8689985fc9-t5bnw method=POST path=/api/transcriptions status=200 durationMs=707
[pod/gateway-8689985fc9-gpd27/gateway] 2026-10-05T15:49:16.636+00:00 INFO  http.request requestId=629b5afa-a094-4f99-af0d-48d479695044 role=api pod=gateway-8689985fc9-gpd27 method=POST path=/api/translations status=200 durationMs=551
[pod/gateway-8689985fc9-gpd27/gateway] 2026-10-05T15:49:16.642+00:00 INFO  http.request requestId=1800a99d-037c-44e3-8070-a6de14ea3987 role=api pod=gateway-8689985fc9-gpd27 method=POST path=/api/transcriptions status=200 durationMs=797
[pod/gateway-8689985fc9-gpd27/gateway] 2026-10-05T15:49:16.650+00:00 INFO  http.request requestId=7437b98e-e3d7-4600-ba14-2720e9bc1919 role=api pod=gateway-8689985fc9-gpd27 method=POST path=/api/transcriptions status=200 durationMs=639
[pod/gateway-8689985fc9-t5bnw/gateway] 2026-10-05T15:49:16.662+00:00 INFO  http.request requestId=36742ff0-e442-4968-8e1b-6a5da148f237 role=api pod=gateway-8689985fc9-t5bnw method=POST path=/api/translations status=200 durationMs=503
[pod/gateway-8689985fc9-t5bnw/gateway] 2026-10-05T15:49:16.676+00:00 INFO  http.request requestId=e1838576-4f7d-4406-8ad6-9aea5aab0e3d role=api pod=gateway-8689985fc9-t5bnw method=POST path=/api/transcriptions status=200 durationMs=903
[pod/gateway-8689985fc9-t5bnw/gateway] 2026-10-05T15:49:16.689+00:00 INFO  http.request requestId=f5fab7aa-bc1f-4451-b5c2-39f0d00632bb role=api pod=gateway-8689985fc9-t5bnw method=POST path=/api/transcriptions status=200 durationMs=859
[pod/gateway-8689985fc9-gpd27/gateway] 2026-10-05T15:49:16.683+00:00 INFO  http.request requestId=651f6c43-27c3-4e23-a368-e28fe0119216 role=api pod=gateway-8689985fc9-gpd27 method=POST path=/api/transcriptions status=200 durationMs=731
[pod/gateway-8689985fc9-gpd27/gateway] 2026-10-05T15:49:16.689+00:00 INFO  http.request requestId=9ae407ce-af0f-466e-b159-173b39653065 role=api pod=gateway-8689985fc9-gpd27 method=POST path=/api/translations status=200 durationMs=486
[pod/gateway-8689985fc9-gpd27/gateway] 2026-10-05T15:49:16.696+00:00 INFO  http.request requestId=8c11f752-c723-46f5-85c0-43cfb01f580b role=api pod=gateway-8689985fc9-gpd27 method=POST path=/api/translations status=200 durationMs=445
[pod/gateway-8689985fc9-gpd27/gateway] 2026-10-05T15:49:16.697+00:00 INFO  http.request requestId=5f3ef408-65b6-4390-89d8-8b11c9eec5de role=api pod=gateway-8689985fc9-gpd27 method=POST path=/api/translations status=200 durationMs=558
[pod/gateway-8689985fc9-gpd27/gateway] 2026-10-05T15:49:16.708+00:00 INFO  http.request requestId=a2f3aaa0-1512-46f4-87b8-b48db0a66087 role=api pod=gateway-8689985fc9-gpd27 method=POST path=/api/translations status=200 durationMs=447
[pod/gateway-8689985fc9-gpd27/gateway] 2026-10-05T15:49:16.713+00:00 INFO  http.request requestId=77b53ef7-9c69-41f1-b35b-5b1efdb02e2d role=api pod=gateway-8689985fc9-gpd27 method=POST path=/api/transcriptions status=200 durationMs=834
[pod/gateway-8689985fc9-t5bnw/gateway] 2026-10-05T15:49:16.698+00:00 INFO  http.request requestId=b804cf4c-7c4f-4a5c-88bb-a15b36fa810b role=api pod=gateway-8689985fc9-t5bnw method=POST path=/api/translations status=200 durationMs=597
[pod/gateway-8689985fc9-t5bnw/gateway] 2026-10-05T15:49:16.699+00:00 INFO  http.request requestId=098973c9-c6bf-486c-8d20-5823cb4ff082 role=api pod=gateway-8689985fc9-t5bnw method=POST path=/api/transcriptions status=200 durationMs=763
[pod/gateway-8689985fc9-t5bnw/gateway] 2026-10-05T15:49:16.707+00:00 INFO  http.request requestId=0eb69367-543f-46aa-89fd-d4d0d6a29eea role=api pod=gateway-8689985fc9-t5bnw method=POST path=/api/transcriptions status=200 durationMs=907
[pod/gateway-8689985fc9-t5bnw/gateway] 2026-10-05T15:49:16.723+00:00 INFO  http.request requestId=c6f4600b-d557-4943-b0b1-1af7bf4a22be role=api pod=gateway-8689985fc9-t5bnw method=POST path=/api/transcriptions status=200 durationMs=832
[pod/gateway-8689985fc9-gpd27/gateway] 2026-10-05T15:49:16.727+00:00 INFO  http.request requestId=93f5293f-b0ca-4d5a-99d9-ab6d8d9e6ee7 role=api pod=gateway-8689985fc9-gpd27 method=POST path=/api/transcriptions status=200 durationMs=747
[pod/gateway-8689985fc9-gpd27/gateway] 2026-10-05T15:49:16.744+00:00 INFO  http.request requestId=80c82711-7cf9-4f67-943b-abc35943e4ef role=api pod=gateway-8689985fc9-gpd27 method=POST path=/api/transcriptions status=200 durationMs=749
[pod/gateway-8689985fc9-t5bnw/gateway] 2026-10-05T15:49:16.726+00:00 INFO  http.request requestId=f076e021-63db-4b6e-8299-9ec73707ddfa role=api pod=gateway-8689985fc9-t5bnw method=POST path=/api/translations status=200 durationMs=565
[pod/gateway-8689985fc9-t5bnw/gateway] 2026-10-05T15:49:16.727+00:00 INFO  http.request requestId=66a69218-ee8d-40d2-85e3-654ae5552338 role=api pod=gateway-8689985fc9-t5bnw method=POST path=/api/translations status=200 durationMs=420
[pod/gateway-8689985fc9-t5bnw/gateway] 2026-10-05T15:49:16.738+00:00 INFO  http.request requestId=6508781a-ccf8-4c68-9941-28c8bc1450da role=api pod=gateway-8689985fc9-t5bnw method=POST path=/api/transcriptions status=200 durationMs=878
[pod/gateway-8689985fc9-gpd27/gateway] 2026-10-05T15:49:16.762+00:00 INFO  http.request requestId=0b18b0e0-ee18-4a10-8d31-0f71ccd1cb12 role=api pod=gateway-8689985fc9-gpd27 method=POST path=/api/translations status=200 durationMs=585
[pod/gateway-8689985fc9-gpd27/gateway] 2026-10-05T15:49:16.768+00:00 INFO  http.request requestId=19827aea-956e-48c3-b40c-a826a4a90b0a role=api pod=gateway-8689985fc9-gpd27 method=POST path=/api/translations status=200 durationMs=437
[pod/gateway-8689985fc9-gpd27/gateway] 2026-10-05T15:49:16.769+00:00 INFO  http.request requestId=abe2e330-74d9-4d18-a94a-b2a3091e97d2 role=api pod=gateway-8689985fc9-gpd27 method=POST path=/api/translations status=200 durationMs=533
[pod/gateway-8689985fc9-t5bnw/gateway] 2026-10-05T15:49:16.765+00:00 INFO  http.request requestId=34d7ca7b-b610-4c0f-9b9c-64a9bb567d89 role=api pod=gateway-8689985fc9-t5bnw method=POST path=/api/translations status=200 durationMs=412
[pod/gateway-8689985fc9-t5bnw/gateway] 2026-10-05T15:49:16.769+00:00 INFO  http.request requestId=827df4f5-db73-497e-b1c9-25b920be43f1 role=api pod=gateway-8689985fc9-t5bnw method=POST path=/api/translations status=200 durationMs=571
[pod/gateway-8689985fc9-gpd27/gateway] 2026-10-05T15:49:16.794+00:00 INFO  http.request requestId=93f2b80b-2fa1-4f94-8815-82aabc32812d role=api pod=gateway-8689985fc9-gpd27 method=POST path=/api/transcriptions status=200 durationMs=679
[pod/gateway-8689985fc9-gpd27/gateway] 2026-10-05T15:49:16.795+00:00 INFO  http.request requestId=0412bfe1-79b4-480e-a91e-e4af45aebe12 role=api pod=gateway-8689985fc9-gpd27 method=POST path=/api/translations status=200 durationMs=440
[pod/gateway-8689985fc9-gpd27/gateway] 2026-10-05T15:49:16.830+00:00 INFO  http.request requestId=17a86538-a78d-4c25-ab9b-f0df074c4f63 role=api pod=gateway-8689985fc9-gpd27 method=POST path=/api/translations status=200 durationMs=453
[pod/gateway-8689985fc9-t5bnw/gateway] 2026-10-05T15:49:16.823+00:00 INFO  http.request requestId=fdbb0f32-7b95-4c96-9444-46dd20600d5e role=api pod=gateway-8689985fc9-t5bnw method=POST path=/api/transcriptions status=200 durationMs=763
[pod/gateway-8689985fc9-t5bnw/gateway] 2026-10-05T15:49:16.826+00:00 INFO  http.request requestId=8a6d1f9b-04ef-4c6d-ba01-1881a0d7d040 role=api pod=gateway-8689985fc9-t5bnw method=POST path=/api/translations status=200 durationMs=475
[pod/gateway-8689985fc9-t5bnw/gateway] 2026-10-05T15:49:16.840+00:00 INFO  http.request requestId=63da2ae8-63db-40ca-9e59-da8e776a19e4 role=api pod=gateway-8689985fc9-t5bnw method=POST path=/api/transcriptions status=200 durationMs=649
[pod/gateway-8689985fc9-gpd27/gateway] 2026-10-05T15:49:16.846+00:00 INFO  http.request requestId=461fdbd9-4d5d-4f10-bcf7-52d5b4a8e19c role=api pod=gateway-8689985fc9-gpd27 method=POST path=/api/translations status=200 durationMs=414
[pod/gateway-8689985fc9-gpd27/gateway] 2026-10-05T15:49:16.869+00:00 INFO  http.request requestId=fb61bf90-12b6-4e4b-b025-dfa093ba4064 role=api pod=gateway-8689985fc9-gpd27 method=POST path=/api/translations status=200 durationMs=456
[pod/gateway-8689985fc9-t5bnw/gateway] 2026-10-05T15:49:16.875+00:00 INFO  http.request requestId=b80c38bf-992b-4a1d-8018-3fccd0c79d8b role=api pod=gateway-8689985fc9-t5bnw method=POST path=/api/transcriptions status=200 durationMs=805
[pod/gateway-8689985fc9-t5bnw/gateway] 2026-10-05T15:49:16.883+00:00 INFO  http.request requestId=819840b8-a61b-41e6-a632-4413d8c6bd6f role=api pod=gateway-8689985fc9-t5bnw method=POST path=/api/transcriptions status=200 durationMs=842
[pod/gateway-8689985fc9-gpd27/gateway] 2026-10-05T15:49:16.902+00:00 INFO  http.request requestId=cc0b83e2-d3c3-4c47-be8c-9264d1c8ac7e role=api pod=gateway-8689985fc9-gpd27 method=POST path=/api/transcriptions status=200 durationMs=877
[pod/gateway-8689985fc9-gpd27/gateway] 2026-10-05T15:49:16.911+00:00 INFO  http.request requestId=e2f902b7-5209-472a-9e8f-a3af5d174b74 role=api pod=gateway-8689985fc9-gpd27 method=POST path=/api/transcriptions status=200 durationMs=684
[pod/gateway-8689985fc9-gpd27/gateway] 2026-10-05T15:49:16.926+00:00 INFO  http.request requestId=90051785-66cc-4ec5-8158-ecb7680e6f68 role=api pod=gateway-8689985fc9-gpd27 method=POST path=/api/transcriptions status=200 durationMs=631
[pod/gateway-8689985fc9-t5bnw/gateway] 2026-10-05T15:49:16.919+00:00 INFO  http.request requestId=875ea3ae-a4b9-40f4-bc88-12609cdd7019 role=api pod=gateway-8689985fc9-t5bnw method=POST path=/api/transcriptions status=200 durationMs=712
[pod/gateway-8689985fc9-gpd27/gateway] 2026-10-05T15:49:16.946+00:00 INFO  http.request requestId=86f81a20-93ed-47ec-bbdb-0bb3f2f1b34c role=api pod=gateway-8689985fc9-gpd27 method=POST path=/api/transcriptions status=200 durationMs=802
[pod/gateway-8689985fc9-gpd27/gateway] 2026-10-05T15:49:16.946+00:00 INFO  http.request requestId=a6b91ad2-98f2-48e1-a637-28f27ddb8cc9 role=api pod=gateway-8689985fc9-gpd27 method=POST path=/api/translations status=200 durationMs=592
[pod/gateway-8689985fc9-gpd27/gateway] 2026-10-05T15:49:16.953+00:00 INFO  http.request requestId=041e66d5-2ed1-434c-836a-b42b4a1c1ee1 role=api pod=gateway-8689985fc9-gpd27 method=POST path=/api/transcriptions status=200 durationMs=686
[pod/gateway-8689985fc9-gpd27/gateway] 2026-10-05T15:49:16.954+00:00 INFO  http.request requestId=62e7239d-b012-465c-b1d0-8b53e8910759 role=api pod=gateway-8689985fc9-gpd27 method=POST path=/api/transcriptions status=200 durationMs=854
[pod/gateway-8689985fc9-gpd27/gateway] 2026-10-05T15:49:16.958+00:00 INFO  http.request requestId=795ec5af-7cd6-4bb8-8acf-031b3dcc3a6a role=api pod=gateway-8689985fc9-gpd27 method=POST path=/api/transcriptions status=200 durationMs=677
[pod/gateway-8689985fc9-t5bnw/gateway] 2026-10-05T15:49:16.950+00:00 INFO  http.request requestId=76c9e5ce-4399-4b59-81d5-46bfe9fc7fd7 role=api pod=gateway-8689985fc9-t5bnw method=POST path=/api/translations status=200 durationMs=410
[pod/gateway-8689985fc9-t5bnw/gateway] 2026-10-05T15:49:16.960+00:00 INFO  http.request requestId=19eb6095-d80a-41dc-ad74-c9031db5d765 role=api pod=gateway-8689985fc9-t5bnw method=POST path=/api/transcriptions status=200 durationMs=634
[pod/gateway-8689985fc9-t5bnw/gateway] 2026-10-05T15:49:16.963+00:00 INFO  http.request requestId=7acef66d-25b4-4a20-b7eb-8019fffdd8d9 role=api pod=gateway-8689985fc9-t5bnw method=POST path=/api/translations status=200 durationMs=460
[pod/gateway-8689985fc9-gpd27/gateway] 2026-10-05T15:49:16.980+00:00 INFO  http.request requestId=e0a4633b-f44b-4f85-b603-7bc801c97a97 role=api pod=gateway-8689985fc9-gpd27 method=POST path=/api/translations status=200 durationMs=522
[pod/gateway-8689985fc9-gpd27/gateway] 2026-10-05T15:49:16.994+00:00 INFO  http.request requestId=ea246c39-4005-4b05-b36f-66db2356bb37 role=api pod=gateway-8689985fc9-gpd27 method=POST path=/api/transcriptions status=200 durationMs=683
[pod/gateway-8689985fc9-gpd27/gateway] 2026-10-05T15:49:16.995+00:00 INFO  http.request requestId=51a67313-87c4-4efe-ac7f-5be0e6fb907c role=api pod=gateway-8689985fc9-gpd27 method=POST path=/api/transcriptions status=200 durationMs=907
[pod/gateway-8689985fc9-gpd27/gateway] 2026-10-05T15:49:16.995+00:00 INFO  http.request requestId=939f2c79-d336-44e1-8d33-49d7c2913e29 role=api pod=gateway-8689985fc9-gpd27 method=POST path=/api/translations status=200 durationMs=613
[pod/gateway-8689985fc9-gpd27/gateway] 2026-10-05T15:49:17.005+00:00 INFO  http.request requestId=0cccaf4a-b49f-492b-afd8-9ad802f7f96a role=api pod=gateway-8689985fc9-gpd27 method=POST path=/api/transcriptions status=200 durationMs=753
[pod/gateway-8689985fc9-gpd27/gateway] 2026-10-05T15:49:17.010+00:00 INFO  http.request requestId=86955003-78b6-47ba-a5a9-8d40f4bfd2d2 role=api pod=gateway-8689985fc9-gpd27 method=POST path=/api/translations status=200 durationMs=557
[pod/gateway-8689985fc9-gpd27/gateway] 2026-10-05T15:49:17.013+00:00 INFO  http.request requestId=ef7235b3-4234-4051-b6af-aa4ebb3ecd4f role=api pod=gateway-8689985fc9-gpd27 method=POST path=/api/transcriptions status=200 durationMs=853
[pod/gateway-8689985fc9-t5bnw/gateway] 2026-10-05T15:49:16.997+00:00 INFO  http.request requestId=036a7129-d329-43ef-9eef-d165c5804211 role=api pod=gateway-8689985fc9-t5bnw method=POST path=/api/transcriptions status=200 durationMs=761
[pod/gateway-8689985fc9-t5bnw/gateway] 2026-10-05T15:49:17.009+00:00 INFO  http.request requestId=b9bd4800-12e8-4fa9-a505-f3de4c961bbf role=api pod=gateway-8689985fc9-t5bnw method=POST path=/api/transcriptions status=200 durationMs=878
[pod/gateway-8689985fc9-t5bnw/gateway] 2026-10-05T15:49:17.033+00:00 INFO  http.request requestId=f755f7be-5950-41b6-b5c7-d4bb339747bd role=api pod=gateway-8689985fc9-t5bnw method=POST path=/api/translations status=200 durationMs=543
[pod/gateway-8689985fc9-t5bnw/gateway] 2026-10-05T15:49:17.034+00:00 INFO  http.request requestId=1c0868ed-0759-415c-8fb1-d830bf5092e3 role=api pod=gateway-8689985fc9-t5bnw method=POST path=/api/translations status=200 durationMs=516
[pod/gateway-8689985fc9-t5bnw/gateway] 2026-10-05T15:49:17.056+00:00 INFO  http.request requestId=0e3a1678-b319-4748-9c73-4450bf8c300d role=api pod=gateway-8689985fc9-t5bnw method=POST path=/api/translations status=200 durationMs=437
[pod/gateway-8689985fc9-gpd27/gateway] 2026-10-05T15:49:17.082+00:00 INFO  http.request requestId=80daef33-eb77-4165-89c8-30958f1dbf95 role=api pod=gateway-8689985fc9-gpd27 method=POST path=/api/transcriptions status=200 durationMs=725
[pod/gateway-8689985fc9-t5bnw/gateway] 2026-10-05T15:49:17.062+00:00 INFO  http.request requestId=1cfb07c3-65ca-4c5f-9a0d-4d68af46bad5 role=api pod=gateway-8689985fc9-t5bnw method=POST path=/api/transcriptions status=200 durationMs=887
[pod/gateway-8689985fc9-t5bnw/gateway] 2026-10-05T15:49:17.068+00:00 INFO  http.request requestId=4f37e7b7-cebc-4f95-9367-f947bf5e2c44 role=api pod=gateway-8689985fc9-t5bnw method=POST path=/api/transcriptions status=200 durationMs=726
[pod/gateway-8689985fc9-gpd27/gateway] 2026-10-05T15:49:17.094+00:00 INFO  http.request requestId=73e716a6-3c47-4e85-8c1f-1b12a871e991 role=api pod=gateway-8689985fc9-gpd27 method=POST path=/api/translations status=200 durationMs=601
[pod/gateway-8689985fc9-gpd27/gateway] 2026-10-05T15:49:17.104+00:00 INFO  http.request requestId=0400dcb5-6e86-4728-a23a-8ddb5cee45f6 role=api pod=gateway-8689985fc9-gpd27 method=POST path=/api/transcriptions status=200 durationMs=718
[pod/gateway-8689985fc9-t5bnw/gateway] 2026-10-05T15:49:17.105+00:00 INFO  http.request requestId=f43fd1a7-8ffb-4058-9a6c-71ed953d7255 role=api pod=gateway-8689985fc9-t5bnw method=POST path=/api/translations status=200 durationMs=420
[pod/gateway-8689985fc9-gpd27/gateway] 2026-10-05T15:49:17.121+00:00 INFO  http.request requestId=40ab984f-15f3-4ad8-a4d2-0b349f210b1c role=api pod=gateway-8689985fc9-gpd27 method=POST path=/api/transcriptions status=200 durationMs=676
[pod/gateway-8689985fc9-gpd27/gateway] 2026-10-05T15:49:17.127+00:00 INFO  http.request requestId=57d2d4af-cbbc-4e45-bb46-b411e2dd5626 role=api pod=gateway-8689985fc9-gpd27 method=POST path=/api/translations status=200 durationMs=476
[pod/gateway-8689985fc9-t5bnw/gateway] 2026-10-05T15:49:17.145+00:00 INFO  http.request requestId=b77eb47f-ba90-43a2-971b-4b5cdb7675cd role=api pod=gateway-8689985fc9-t5bnw method=POST path=/api/transcriptions status=200 durationMs=729
[pod/gateway-8689985fc9-gpd27/gateway] 2026-10-05T15:49:17.183+00:00 INFO  http.request requestId=9e32fded-caed-4bcd-b51d-d7755375af3f role=api pod=gateway-8689985fc9-gpd27 method=POST path=/api/translations status=200 durationMs=494
[pod/gateway-8689985fc9-t5bnw/gateway] 2026-10-05T15:49:17.156+00:00 INFO  http.request requestId=44f5b5fc-f2c2-432d-aa1b-54c244426775 role=api pod=gateway-8689985fc9-t5bnw method=POST path=/api/transcriptions status=200 durationMs=662
[pod/gateway-8689985fc9-t5bnw/gateway] 2026-10-05T15:49:17.162+00:00 INFO  http.request requestId=2cf549c0-c937-4eff-a8d7-208ed80fb212 role=api pod=gateway-8689985fc9-t5bnw method=POST path=/api/translations status=200 durationMs=455
[pod/gateway-8689985fc9-t5bnw/gateway] 2026-10-05T15:49:17.170+00:00 INFO  http.request requestId=01efdfbe-fdb2-4c7e-9cb0-451fcf49b36a role=api pod=gateway-8689985fc9-t5bnw method=POST path=/api/translations status=200 durationMs=549
[pod/gateway-8689985fc9-gpd27/gateway] 2026-10-05T15:49:17.211+00:00 INFO  http.request requestId=3bcf81a7-350b-4508-b859-fc26967312fe role=api pod=gateway-8689985fc9-gpd27 method=POST path=/api/translations status=200 durationMs=510
[pod/gateway-8689985fc9-gpd27/gateway] 2026-10-05T15:49:17.214+00:00 INFO  http.request requestId=ff0e6d19-e1d9-46e0-88a5-3a2f4a401830 role=api pod=gateway-8689985fc9-gpd27 method=POST path=/api/translations status=200 durationMs=582
[pod/gateway-8689985fc9-t5bnw/gateway] 2026-10-05T15:49:17.197+00:00 INFO  http.request requestId=311885c9-029b-45f1-8cd1-e9c7a29e5879 role=api pod=gateway-8689985fc9-t5bnw method=POST path=/api/transcriptions status=200 durationMs=737
[pod/gateway-8689985fc9-t5bnw/gateway] 2026-10-05T15:49:17.216+00:00 INFO  http.request requestId=5bfef982-092c-4c82-8523-51fb92040111 role=api pod=gateway-8689985fc9-t5bnw method=POST path=/api/translations status=200 durationMs=470
[pod/gateway-8689985fc9-t5bnw/gateway] 2026-10-05T15:49:17.244+00:00 INFO  http.request requestId=3e841cf9-177f-42e8-a220-f5b586e21a2e role=api pod=gateway-8689985fc9-t5bnw method=POST path=/api/translations status=200 durationMs=567
[pod/gateway-8689985fc9-t5bnw/gateway] 2026-10-05T15:49:17.259+00:00 INFO  http.request requestId=81dcdb9b-6cfc-4977-90cb-c837ef99cbb0 role=api pod=gateway-8689985fc9-t5bnw method=POST path=/api/translations status=200 durationMs=531
[pod/gateway-8689985fc9-gpd27/gateway] 2026-10-05T15:49:17.230+00:00 INFO  http.request requestId=62b9fa2f-bce0-4c3e-873e-efbcbeadbd21 role=api pod=gateway-8689985fc9-gpd27 method=POST path=/api/translations status=200 durationMs=587
[pod/gateway-8689985fc9-gpd27/gateway] 2026-10-05T15:49:17.230+00:00 INFO  http.request requestId=9aa31525-1a00-4ee0-b12f-fde673bbd031 role=api pod=gateway-8689985fc9-gpd27 method=POST path=/api/transcriptions status=200 durationMs=830
[pod/gateway-8689985fc9-gpd27/gateway] 2026-10-05T15:49:17.236+00:00 INFO  http.request requestId=494047db-fefb-45dc-959d-32324f0c7a5d role=api pod=gateway-8689985fc9-gpd27 method=POST path=/api/translations status=200 durationMs=605
[pod/gateway-8689985fc9-gpd27/gateway] 2026-10-05T15:49:17.255+00:00 INFO  http.request requestId=d9f472a6-63c8-4d1d-b4ad-43c7f483908c role=api pod=gateway-8689985fc9-gpd27 method=POST path=/api/transcriptions status=200 durationMs=885
[pod/gateway-8689985fc9-t5bnw/gateway] 2026-10-05T15:49:17.283+00:00 INFO  http.request requestId=ec5b7d9a-40a1-445c-9095-ea76bc273a43 role=api pod=gateway-8689985fc9-t5bnw method=POST path=/api/transcriptions status=200 durationMs=778
[pod/gateway-8689985fc9-t5bnw/gateway] 2026-10-05T15:49:17.284+00:00 INFO  http.request requestId=36f882c8-97e1-4716-96f1-bc8a622640f1 role=api pod=gateway-8689985fc9-t5bnw method=POST path=/api/translations status=200 durationMs=570
[pod/gateway-8689985fc9-gpd27/gateway] 2026-10-05T15:49:17.287+00:00 INFO  http.request requestId=3a905b62-51e9-4c05-95f0-d80e9b04d1ea role=api pod=gateway-8689985fc9-gpd27 method=POST path=/api/translations status=200 durationMs=563
[pod/gateway-8689985fc9-gpd27/gateway] 2026-10-05T15:49:17.299+00:00 INFO  http.request requestId=822b8b9b-47c0-4c64-80f6-67e3e88a8ec1 role=api pod=gateway-8689985fc9-gpd27 method=POST path=/api/transcriptions status=200 durationMs=702
[pod/gateway-8689985fc9-gpd27/gateway] 2026-10-05T15:49:17.300+00:00 INFO  http.request requestId=7996740c-d2fb-4fc4-979e-54d72c0b5065 role=api pod=gateway-8689985fc9-gpd27 method=POST path=/api/transcriptions status=200 durationMs=765
[pod/gateway-8689985fc9-t5bnw/gateway] 2026-10-05T15:49:17.300+00:00 INFO  http.request requestId=04ca5bed-186b-4fff-9165-fd1ba592c0a0 role=api pod=gateway-8689985fc9-t5bnw method=POST path=/api/transcriptions status=200 durationMs=751
[pod/gateway-8689985fc9-gpd27/gateway] 2026-10-05T15:49:17.337+00:00 INFO  http.request requestId=adf1cfff-419d-4a35-baef-8769c0550619 role=api pod=gateway-8689985fc9-gpd27 method=POST path=/api/transcriptions status=200 durationMs=905
[pod/gateway-8689985fc9-gpd27/gateway] 2026-10-05T15:49:17.344+00:00 INFO  http.request requestId=22affa2e-e6b9-4a00-96f3-45ddcbad8d50 role=api pod=gateway-8689985fc9-gpd27 method=POST path=/api/translations status=200 durationMs=605
[pod/gateway-8689985fc9-gpd27/gateway] 2026-10-05T15:49:17.355+00:00 INFO  http.request requestId=988329ed-7e19-4dbb-a94e-9813343262b5 role=api pod=gateway-8689985fc9-gpd27 method=POST path=/api/transcriptions status=200 durationMs=640
[pod/gateway-8689985fc9-t5bnw/gateway] 2026-10-05T15:49:17.325+00:00 INFO  http.request requestId=a006ee48-af58-4700-9381-80a7103736fa role=api pod=gateway-8689985fc9-t5bnw method=POST path=/api/translations status=200 durationMs=485
[pod/gateway-8689985fc9-t5bnw/gateway] 2026-10-05T15:49:17.329+00:00 INFO  http.request requestId=15882c9d-77b9-47a7-8ade-b0d8f21a7482 role=api pod=gateway-8689985fc9-t5bnw method=POST path=/api/transcriptions status=200 durationMs=853
[pod/gateway-8689985fc9-t5bnw/gateway] 2026-10-05T15:49:17.329+00:00 INFO  http.request requestId=e2349463-cf7e-4b01-8ede-3b9d65592d26 role=api pod=gateway-8689985fc9-t5bnw method=POST path=/api/transcriptions status=200 durationMs=688
[pod/gateway-8689985fc9-t5bnw/gateway] 2026-10-05T15:49:17.345+00:00 INFO  http.request requestId=7aa8e4f9-d527-4708-b3db-00e5800fc515 role=api pod=gateway-8689985fc9-t5bnw method=POST path=/api/transcriptions status=200 durationMs=673
[pod/gateway-8689985fc9-gpd27/gateway] 2026-10-05T15:49:17.356+00:00 INFO  http.request requestId=3bfc2e9b-07ac-433b-8496-48803cff3c27 role=api pod=gateway-8689985fc9-gpd27 method=POST path=/api/transcriptions status=200 durationMs=835
[pod/gateway-8689985fc9-gpd27/gateway] 2026-10-05T15:49:17.365+00:00 INFO  http.request requestId=a8783c0e-76aa-4093-a0ea-d9f964ed66a3 role=api pod=gateway-8689985fc9-gpd27 method=POST path=/api/translations status=200 durationMs=542
[pod/gateway-8689985fc9-gpd27/gateway] 2026-10-05T15:49:17.376+00:00 INFO  http.request requestId=87aabcb7-ced3-4d7d-b3d1-df6f5ab7e6a6 role=api pod=gateway-8689985fc9-gpd27 method=POST path=/api/transcriptions status=200 durationMs=692
[pod/gateway-8689985fc9-gpd27/gateway] 2026-10-05T15:49:17.380+00:00 INFO  http.request requestId=be451bb8-6598-4f50-a88e-c9a068f54d41 role=api pod=gateway-8689985fc9-gpd27 method=POST path=/api/translations status=200 durationMs=585
[pod/gateway-8689985fc9-gpd27/gateway] 2026-10-05T15:49:17.392+00:00 INFO  http.request requestId=9f492144-c525-4eb2-a565-125a4b277ced role=api pod=gateway-8689985fc9-gpd27 method=POST path=/api/translations status=200 durationMs=488
[pod/gateway-8689985fc9-gpd27/gateway] 2026-10-05T15:49:17.397+00:00 INFO  http.request requestId=301ac1af-0dcf-41ed-9a0f-8cb6d8dbc53e role=api pod=gateway-8689985fc9-gpd27 method=POST path=/api/translations status=200 durationMs=438
[pod/gateway-8689985fc9-gpd27/gateway] 2026-10-05T15:49:17.406+00:00 INFO  http.request requestId=dfec659e-d7cf-4ad4-8be5-1fe4d7ec785d role=api pod=gateway-8689985fc9-gpd27 method=POST path=/api/transcriptions status=200 durationMs=631
[pod/gateway-8689985fc9-t5bnw/gateway] 2026-10-05T15:49:17.397+00:00 INFO  http.request requestId=58243f5c-9e86-4d0d-b0a3-9e9e58f08bd4 role=api pod=gateway-8689985fc9-t5bnw method=POST path=/api/transcriptions status=200 durationMs=787
[pod/gateway-8689985fc9-gpd27/gateway] 2026-10-05T15:49:17.416+00:00 INFO  http.request requestId=7bd8a79f-43bd-46b9-b338-f8f7d0afbb33 role=api pod=gateway-8689985fc9-gpd27 method=POST path=/api/translations status=200 durationMs=503
[pod/gateway-8689985fc9-gpd27/gateway] 2026-10-05T15:49:17.428+00:00 INFO  http.request requestId=42179e73-c3d9-4dd9-968b-a93324878c98 role=api pod=gateway-8689985fc9-gpd27 method=POST path=/api/transcriptions status=200 durationMs=623
[pod/gateway-8689985fc9-gpd27/gateway] 2026-10-05T15:49:17.437+00:00 INFO  http.request requestId=0859bb77-4eb0-4020-bc42-5f39f6c79cb9 role=api pod=gateway-8689985fc9-gpd27 method=POST path=/api/transcriptions status=200 durationMs=857
[pod/gateway-8689985fc9-gpd27/gateway] 2026-10-05T15:49:17.440+00:00 INFO  http.request requestId=0a5efc20-9c99-41e9-a47f-9a2f1ff84645 role=api pod=gateway-8689985fc9-gpd27 method=POST path=/api/transcriptions status=200 durationMs=786
[pod/gateway-8689985fc9-t5bnw/gateway] 2026-10-05T15:49:17.446+00:00 INFO  http.request requestId=d0edcd08-8a66-46ce-afaf-e90f32edb91b role=api pod=gateway-8689985fc9-t5bnw method=POST path=/api/translations status=200 durationMs=431
[pod/gateway-8689985fc9-t5bnw/gateway] 2026-10-05T15:49:17.454+00:00 INFO  http.request requestId=5ee750a0-7381-428b-ae69-d43acbe15490 role=api pod=gateway-8689985fc9-t5bnw method=POST path=/api/translations status=200 durationMs=570
[pod/gateway-8689985fc9-t5bnw/gateway] 2026-10-05T15:49:17.458+00:00 INFO  http.request requestId=8c770a05-e197-471d-be0b-f821b8a36492 role=api pod=gateway-8689985fc9-t5bnw method=POST path=/api/translations status=200 durationMs=511
[pod/gateway-8689985fc9-gpd27/gateway] 2026-10-05T15:49:17.463+00:00 INFO  http.request requestId=edb128c7-aa33-48cd-9203-0125e5a9fa16 role=api pod=gateway-8689985fc9-gpd27 method=POST path=/api/transcriptions status=200 durationMs=837
[pod/gateway-8689985fc9-gpd27/gateway] 2026-10-05T15:49:17.473+00:00 INFO  http.request requestId=13a3252a-ee08-4aef-b1e9-0a83979d99c8 role=api pod=gateway-8689985fc9-gpd27 method=POST path=/api/transcriptions status=200 durationMs=908
[pod/gateway-8689985fc9-gpd27/gateway] 2026-10-05T15:49:17.478+00:00 INFO  http.request requestId=43bb1b9c-1be5-4236-938a-ceeb83dab7a9 role=api pod=gateway-8689985fc9-gpd27 method=POST path=/api/translations status=200 durationMs=602
[pod/gateway-8689985fc9-gpd27/gateway] 2026-10-05T15:49:17.478+00:00 INFO  http.request requestId=8b8274e0-e26d-4061-8820-2ec57f9a205b role=api pod=gateway-8689985fc9-gpd27 method=POST path=/api/translations status=200 durationMs=480
[pod/gateway-8689985fc9-gpd27/gateway] 2026-10-05T15:49:17.486+00:00 INFO  http.request requestId=b699f76d-a1d7-4f7b-baaf-e249cc40d6b7 role=api pod=gateway-8689985fc9-gpd27 method=POST path=/api/translations status=200 durationMs=532
[pod/gateway-8689985fc9-gpd27/gateway] 2026-10-05T15:49:17.486+00:00 INFO  http.request requestId=28f7556a-f7d6-43ad-b8c3-784d85dd4681 role=api pod=gateway-8689985fc9-gpd27 method=POST path=/api/translations status=200 durationMs=481
[pod/gateway-8689985fc9-t5bnw/gateway] 2026-10-05T15:49:17.485+00:00 INFO  http.request requestId=bc899cff-c669-4cb5-aa6d-33fac796ff06 role=api pod=gateway-8689985fc9-t5bnw method=POST path=/api/translations status=200 durationMs=558
[pod/gateway-8689985fc9-gpd27/gateway] 2026-10-05T15:49:17.520+00:00 INFO  http.request requestId=11ddbff4-936b-4914-ae14-f5c8fb0d4b82 role=api pod=gateway-8689985fc9-gpd27 method=POST path=/api/translations status=200 durationMs=509
[pod/gateway-8689985fc9-gpd27/gateway] 2026-10-05T15:49:17.526+00:00 INFO  http.request requestId=20d90c38-5569-4a49-930d-f2eb2a1e7256 role=api pod=gateway-8689985fc9-gpd27 method=POST path=/api/translations status=200 durationMs=572
[pod/gateway-8689985fc9-t5bnw/gateway] 2026-10-05T15:49:17.502+00:00 INFO  http.request requestId=d503ec7f-d26f-4143-960f-8cdc4ac60fac role=api pod=gateway-8689985fc9-t5bnw method=POST path=/api/transcriptions status=200 durationMs=802
[pod/gateway-8689985fc9-t5bnw/gateway] 2026-10-05T15:49:17.508+00:00 INFO  http.request requestId=4d66ab5d-11df-4303-82c2-2a62534073b4 role=api pod=gateway-8689985fc9-t5bnw method=POST path=/api/transcriptions status=200 durationMs=688
[pod/gateway-8689985fc9-t5bnw/gateway] 2026-10-05T15:49:17.514+00:00 INFO  http.request requestId=265a9581-31fd-4bdc-bf0c-43ec2fa3f763 role=api pod=gateway-8689985fc9-t5bnw method=POST path=/api/translations status=200 durationMs=518
[pod/gateway-8689985fc9-t5bnw/gateway] 2026-10-05T15:49:17.522+00:00 INFO  http.request requestId=c8bacac5-cae7-4504-b0eb-8fc880e505aa role=api pod=gateway-8689985fc9-t5bnw method=POST path=/api/translations status=200 durationMs=602
[pod/gateway-8689985fc9-gpd27/gateway] 2026-10-05T15:49:17.559+00:00 INFO  http.request requestId=b3849770-449d-494f-bdd3-a0a8997fbb28 role=api pod=gateway-8689985fc9-gpd27 method=POST path=/api/translations status=200 durationMs=598
[pod/gateway-8689985fc9-t5bnw/gateway] 2026-10-05T15:49:17.565+00:00 INFO  http.request requestId=56828e0d-e0e1-4971-b65e-102fe60342b2 role=api pod=gateway-8689985fc9-t5bnw method=POST path=/api/translations status=200 durationMs=3011
[pod/gateway-8689985fc9-t5bnw/gateway] 2026-10-05T15:49:17.569+00:00 INFO  http.request requestId=7ed8c616-468f-40f9-822f-fb35b2c23cfa role=api pod=gateway-8689985fc9-t5bnw method=POST path=/api/translations status=200 durationMs=500
[pod/gateway-8689985fc9-gpd27/gateway] 2026-10-05T15:49:17.579+00:00 INFO  http.request requestId=922e4418-254b-4799-9302-b35cd95638ec role=api pod=gateway-8689985fc9-gpd27 method=POST path=/api/translations status=200 durationMs=474
[pod/gateway-8689985fc9-gpd27/gateway] 2026-10-05T15:49:17.580+00:00 INFO  http.request requestId=2de640be-c0f6-4518-9f75-30acff78cf68 role=api pod=gateway-8689985fc9-gpd27 method=POST path=/api/transcriptions status=200 durationMs=847
[pod/gateway-8689985fc9-gpd27/gateway] 2026-10-05T15:49:17.608+00:00 INFO  http.request requestId=f64fc7ca-023a-4070-87fc-a8eb40169492 role=api pod=gateway-8689985fc9-gpd27 method=POST path=/api/translations status=200 durationMs=611
[pod/gateway-8689985fc9-gpd27/gateway] 2026-10-05T15:49:17.609+00:00 INFO  http.request requestId=8dc6bfda-b279-4cfd-9c43-426645739c60 role=api pod=gateway-8689985fc9-gpd27 method=POST path=/api/translations status=200 durationMs=463
[pod/gateway-8689985fc9-gpd27/gateway] 2026-10-05T15:49:17.613+00:00 INFO  http.request requestId=d4105d72-bcc8-40d9-a6c5-80923434e313 role=api pod=gateway-8689985fc9-gpd27 method=POST path=/api/transcriptions status=200 durationMs=672
[pod/gateway-8689985fc9-gpd27/gateway] 2026-10-05T15:49:17.622+00:00 INFO  http.request requestId=b83ffe4e-2a02-49b6-8389-d66a1e175504 role=api pod=gateway-8689985fc9-gpd27 method=POST path=/api/transcriptions status=200 durationMs=862
[pod/gateway-8689985fc9-t5bnw/gateway] 2026-10-05T15:49:17.580+00:00 INFO  http.request requestId=01fe647e-56d8-41d3-b336-c6a0b5c1da81 role=api pod=gateway-8689985fc9-t5bnw method=POST path=/api/translations status=200 durationMs=517
[pod/gateway-8689985fc9-gpd27/gateway] 2026-10-05T15:49:17.648+00:00 INFO  http.request requestId=cdf10f6c-3f5f-4779-867c-c2649f1120d9 role=api pod=gateway-8689985fc9-gpd27 method=POST path=/api/transcriptions status=200 durationMs=663
[pod/gateway-8689985fc9-t5bnw/gateway] 2026-10-05T15:49:17.634+00:00 INFO  http.request requestId=61256ea7-14cc-48e6-845b-1ebf678079a4 role=api pod=gateway-8689985fc9-t5bnw method=POST path=/api/transcriptions status=200 durationMs=709
[pod/gateway-8689985fc9-t5bnw/gateway] 2026-10-05T15:49:17.638+00:00 INFO  http.request requestId=838c45e8-cc65-4326-92fd-b7f74a3d0de8 role=api pod=gateway-8689985fc9-t5bnw method=POST path=/api/translations status=200 durationMs=482
[pod/gateway-8689985fc9-t5bnw/gateway] 2026-10-05T15:49:17.642+00:00 INFO  http.request requestId=9ed6b642-584e-40ad-809d-702455ceeaf1 role=api pod=gateway-8689985fc9-t5bnw method=POST path=/api/transcriptions status=200 durationMs=896
[pod/gateway-8689985fc9-gpd27/gateway] 2026-10-05T15:49:17.673+00:00 INFO  http.request requestId=82903bc1-61d8-4d1c-9d30-f095c9f0a739 role=api pod=gateway-8689985fc9-gpd27 method=POST path=/api/translations status=200 durationMs=416
[pod/gateway-8689985fc9-gpd27/gateway] 2026-10-05T15:49:17.694+00:00 INFO  http.request requestId=8c4f5fe3-81c5-4e18-95e3-93959fcf4962 role=api pod=gateway-8689985fc9-gpd27 method=POST path=/api/translations status=200 durationMs=496
[pod/gateway-8689985fc9-t5bnw/gateway] 2026-10-05T15:49:17.687+00:00 INFO  http.request requestId=74568acd-040a-4da2-a6b5-3c50e95ad13d role=api pod=gateway-8689985fc9-t5bnw method=POST path=/api/translations status=200 durationMs=605
[pod/gateway-8689985fc9-t5bnw/gateway] 2026-10-05T15:49:17.689+00:00 INFO  http.request requestId=d3dfeb07-98f9-4571-8be3-303168879cfd role=api pod=gateway-8689985fc9-t5bnw method=POST path=/api/translations status=200 durationMs=458
[pod/gateway-8689985fc9-t5bnw/gateway] 2026-10-05T15:49:17.693+00:00 INFO  http.request requestId=c01c0601-d295-40e4-b667-ace32a0d4f53 role=api pod=gateway-8689985fc9-t5bnw method=POST path=/api/transcriptions status=200 durationMs=844
[pod/gateway-8689985fc9-t5bnw/gateway] 2026-10-05T15:49:17.695+00:00 INFO  http.request requestId=9bcf1762-98dd-4bbc-851c-c4bb2e2b2b95 role=api pod=gateway-8689985fc9-t5bnw method=POST path=/api/transcriptions status=200 durationMs=694
[pod/gateway-8689985fc9-t5bnw/gateway] 2026-10-05T15:49:17.696+00:00 INFO  http.request requestId=9263ef64-4527-406a-bc14-52854841d12a role=api pod=gateway-8689985fc9-t5bnw method=POST path=/api/translations status=200 durationMs=575
[pod/gateway-8689985fc9-gpd27/gateway] 2026-10-05T15:49:17.728+00:00 INFO  http.request requestId=1b7b34d5-7f10-4857-8da5-dce9bd63b813 role=api pod=gateway-8689985fc9-gpd27 method=POST path=/api/transcriptions status=200 durationMs=698
[pod/gateway-8689985fc9-t5bnw/gateway] 2026-10-05T15:49:17.702+00:00 INFO  http.request requestId=75e30359-c5b5-4eab-8b66-d349fdc95232 role=api pod=gateway-8689985fc9-t5bnw method=POST path=/api/transcriptions status=200 durationMs=823
[pod/gateway-8689985fc9-gpd27/gateway] 2026-10-05T15:49:17.730+00:00 INFO  http.request requestId=521b9ec9-a52c-4fd7-a541-2bed634d43d8 role=api pod=gateway-8689985fc9-gpd27 method=POST path=/api/translations status=200 durationMs=428
[pod/gateway-8689985fc9-gpd27/gateway] 2026-10-05T15:49:17.744+00:00 INFO  http.request requestId=10744517-3408-43a5-b56d-e21c7f4a34a0 role=api pod=gateway-8689985fc9-gpd27 method=POST path=/api/transcriptions status=200 durationMs=909
[pod/gateway-8689985fc9-gpd27/gateway] 2026-10-05T15:49:17.745+00:00 INFO  http.request requestId=2e37140f-d8b8-4bd4-b96c-ad8a6774162b role=api pod=gateway-8689985fc9-gpd27 method=POST path=/api/translations status=200 durationMs=461
[pod/gateway-8689985fc9-gpd27/gateway] 2026-10-05T15:49:17.768+00:00 INFO  http.request requestId=8a2a1889-fb5a-452e-ba7f-92603886d9b5 role=api pod=gateway-8689985fc9-gpd27 method=POST path=/api/translations status=200 durationMs=412
[pod/gateway-8689985fc9-gpd27/gateway] 2026-10-05T15:49:17.772+00:00 INFO  http.request requestId=78045695-fc70-4407-b3a3-51bc20e79a1b role=api pod=gateway-8689985fc9-gpd27 method=POST path=/api/transcriptions status=200 durationMs=907
[pod/gateway-8689985fc9-gpd27/gateway] 2026-10-05T15:49:17.780+00:00 INFO  http.request requestId=54da263b-a413-4f3e-a9f8-77e82ec21cbe role=api pod=gateway-8689985fc9-gpd27 method=POST path=/api/transcriptions status=200 durationMs=871
[pod/gateway-8689985fc9-t5bnw/gateway] 2026-10-05T15:49:17.761+00:00 INFO  http.request requestId=6519af6b-5f61-4038-a8cb-9af516f9e582 role=api pod=gateway-8689985fc9-t5bnw method=POST path=/api/transcriptions status=200 durationMs=866
[pod/gateway-8689985fc9-t5bnw/gateway] 2026-10-05T15:49:17.771+00:00 INFO  http.request requestId=f49e0c64-07f1-449a-ae67-dc8f386416af role=api pod=gateway-8689985fc9-t5bnw method=POST path=/api/translations status=200 durationMs=433
[pod/gateway-8689985fc9-t5bnw/gateway] 2026-10-05T15:49:17.785+00:00 INFO  http.request requestId=93121d5b-ae8e-4be4-af59-4e1614a79c5b role=api pod=gateway-8689985fc9-t5bnw method=POST path=/api/transcriptions status=200 durationMs=665
[pod/gateway-8689985fc9-gpd27/gateway] 2026-10-05T15:49:17.793+00:00 INFO  http.request requestId=df2e2681-d120-431c-ba3f-04471a38cdd4 role=api pod=gateway-8689985fc9-gpd27 method=POST path=/api/transcriptions status=200 durationMs=835
[pod/gateway-8689985fc9-gpd27/gateway] 2026-10-05T15:49:17.820+00:00 INFO  http.request requestId=1a6c88e4-9a26-47a3-9f1e-9abd270382b5 role=api pod=gateway-8689985fc9-gpd27 method=POST path=/api/transcriptions status=200 durationMs=685
[pod/gateway-8689985fc9-t5bnw/gateway] 2026-10-05T15:49:17.802+00:00 INFO  http.request requestId=5f5e619f-9092-43d1-8065-7064698d7916 role=api pod=gateway-8689985fc9-t5bnw method=POST path=/api/translations status=200 durationMs=445
[pod/gateway-8689985fc9-t5bnw/gateway] 2026-10-05T15:49:17.813+00:00 INFO  http.request requestId=62183a02-8f88-4c2b-ae06-c163bfa5f357 role=api pod=gateway-8689985fc9-t5bnw method=POST path=/api/transcriptions status=200 durationMs=753
[pod/gateway-8689985fc9-t5bnw/gateway] 2026-10-05T15:49:17.822+00:00 INFO  http.request requestId=50043545-ebef-4512-880b-82cebd4cec33 role=api pod=gateway-8689985fc9-t5bnw method=POST path=/api/transcriptions status=200 durationMs=852
[pod/gateway-8689985fc9-t5bnw/gateway] 2026-10-05T15:49:17.826+00:00 INFO  http.request requestId=aaa4d90c-24e6-45e0-a303-2dd31ac322c3 role=api pod=gateway-8689985fc9-t5bnw method=POST path=/api/transcriptions status=200 durationMs=751
[pod/gateway-8689985fc9-gpd27/gateway] 2026-10-05T15:49:17.832+00:00 INFO  http.request requestId=631a94df-6f25-4f2d-b866-6df3651f0e8c role=api pod=gateway-8689985fc9-gpd27 method=POST path=/api/transcriptions status=200 durationMs=817
[pod/gateway-8689985fc9-gpd27/gateway] 2026-10-05T15:49:17.841+00:00 INFO  http.request requestId=36e96337-f9b4-41fc-8c94-6ed263231ebc role=api pod=gateway-8689985fc9-gpd27 method=POST path=/api/transcriptions status=200 durationMs=735
[pod/gateway-8689985fc9-t5bnw/gateway] 2026-10-05T15:49:17.830+00:00 INFO  http.request requestId=ef63a1b7-7b03-45f9-b078-f966d523a0cb role=api pod=gateway-8689985fc9-t5bnw method=POST path=/api/transcriptions status=200 durationMs=663
[pod/gateway-8689985fc9-t5bnw/gateway] 2026-10-05T15:49:17.831+00:00 INFO  http.request requestId=e78f67fb-989b-486a-b708-ce316b606a06 role=api pod=gateway-8689985fc9-t5bnw method=POST path=/api/translations status=200 durationMs=501
[pod/gateway-8689985fc9-gpd27/gateway] 2026-10-05T15:49:17.876+00:00 INFO  http.request requestId=b743afd0-e248-4bba-b1e4-4d4b8c1990b4 role=api pod=gateway-8689985fc9-gpd27 method=POST path=/api/translations status=200 durationMs=575
[pod/gateway-8689985fc9-gpd27/gateway] 2026-10-05T15:49:17.876+00:00 INFO  http.request requestId=026b2b24-6abc-437d-936a-f236628b3f91 role=api pod=gateway-8689985fc9-gpd27 method=POST path=/api/translations status=200 durationMs=412
[pod/gateway-8689985fc9-gpd27/gateway] 2026-10-05T15:49:17.883+00:00 INFO  http.request requestId=ac0a0be2-bf0f-4470-a53b-663aede5d534 role=api pod=gateway-8689985fc9-gpd27 method=POST path=/api/translations status=200 durationMs=537
[pod/gateway-8689985fc9-gpd27/gateway] 2026-10-05T15:49:17.884+00:00 INFO  http.request requestId=964bf786-fd16-4c27-a591-c4de194e8a71 role=api pod=gateway-8689985fc9-gpd27 method=POST path=/api/transcriptions status=200 durationMs=626
[pod/gateway-8689985fc9-t5bnw/gateway] 2026-10-05T15:49:17.862+00:00 INFO  http.request requestId=49d9e538-9cc8-4df2-9a3e-1463122fd7a3 role=api pod=gateway-8689985fc9-t5bnw method=POST path=/api/translations status=200 durationMs=562
[pod/gateway-8689985fc9-t5bnw/gateway] 2026-10-05T15:49:17.868+00:00 INFO  http.request requestId=c872768a-072b-4cdb-bbc0-3bd5345bbe6a role=api pod=gateway-8689985fc9-t5bnw method=POST path=/api/transcriptions status=200 durationMs=688
[pod/gateway-8689985fc9-t5bnw/gateway] 2026-10-05T15:49:17.881+00:00 INFO  http.request requestId=841d8f38-6239-4749-93da-faf8df65ca13 role=api pod=gateway-8689985fc9-t5bnw method=POST path=/api/transcriptions status=200 durationMs=731
[pod/gateway-8689985fc9-t5bnw/gateway] 2026-10-05T15:49:17.884+00:00 INFO  http.request requestId=73cda2f2-f2a1-494a-81a3-14d914a2804c role=api pod=gateway-8689985fc9-t5bnw method=POST path=/api/translations status=200 durationMs=553
[pod/gateway-8689985fc9-gpd27/gateway] 2026-10-05T15:49:17.892+00:00 INFO  http.request requestId=4ecbc2f4-fdae-4d2e-904c-f0256e5e41f4 role=api pod=gateway-8689985fc9-gpd27 method=POST path=/api/translations status=200 durationMs=514
[pod/gateway-8689985fc9-gpd27/gateway] 2026-10-05T15:49:17.911+00:00 INFO  http.request requestId=c8dee669-ec6d-41b5-9122-0a36148783a2 role=api pod=gateway-8689985fc9-gpd27 method=POST path=/api/translations status=200 durationMs=513
[pod/gateway-8689985fc9-t5bnw/gateway] 2026-10-05T15:49:17.918+00:00 INFO  http.request requestId=fe4ae7f6-59ee-41b1-9708-45bda86ce253 role=api pod=gateway-8689985fc9-t5bnw method=POST path=/api/transcriptions status=200 durationMs=707
[pod/gateway-8689985fc9-gpd27/gateway] 2026-10-05T15:49:17.941+00:00 INFO  http.request requestId=cdae74cb-5c9f-4957-afe0-9c7249de2156 role=api pod=gateway-8689985fc9-gpd27 method=POST path=/api/transcriptions status=200 durationMs=641
[pod/gateway-8689985fc9-gpd27/gateway] 2026-10-05T15:49:17.955+00:00 INFO  http.request requestId=23e0cd35-4289-4a2a-af79-9405413e0c30 role=api pod=gateway-8689985fc9-gpd27 method=POST path=/api/translations status=200 durationMs=548
[pod/gateway-8689985fc9-gpd27/gateway] 2026-10-05T15:49:17.955+00:00 INFO  http.request requestId=e1d8fb31-f1a2-4cbf-ba70-9cfa0339e438 role=api pod=gateway-8689985fc9-gpd27 method=POST path=/api/transcriptions status=200 durationMs=865
[pod/gateway-8689985fc9-t5bnw/gateway] 2026-10-05T15:49:17.938+00:00 INFO  http.request requestId=2a934f6b-0826-49ba-a34a-d7fdc77e38d4 role=api pod=gateway-8689985fc9-t5bnw method=POST path=/api/translations status=200 durationMs=429
[pod/gateway-8689985fc9-t5bnw/gateway] 2026-10-05T15:49:17.949+00:00 INFO  http.request requestId=2cd38cc2-6980-48b4-a0ff-823c758c179d role=api pod=gateway-8689985fc9-t5bnw method=POST path=/api/transcriptions status=200 durationMs=904
[pod/gateway-8689985fc9-t5bnw/gateway] 2026-10-05T15:49:17.953+00:00 INFO  http.request requestId=bbeeae40-a6ed-49a7-8bdb-b3618347897a role=api pod=gateway-8689985fc9-t5bnw method=POST path=/api/transcriptions status=200 durationMs=668
[pod/gateway-8689985fc9-t5bnw/gateway] 2026-10-05T15:49:17.960+00:00 INFO  http.request requestId=8acee4e2-02cd-47df-863d-21d0deaf56f9 role=api pod=gateway-8689985fc9-t5bnw method=POST path=/api/translations status=200 durationMs=484
[pod/gateway-8689985fc9-gpd27/gateway] 2026-10-05T15:49:17.967+00:00 INFO  http.request requestId=312f9426-28bc-4dea-aa86-07e69b2d72ab role=api pod=gateway-8689985fc9-gpd27 method=POST path=/api/translations status=200 durationMs=526
[pod/gateway-8689985fc9-gpd27/gateway] 2026-10-05T15:49:18.009+00:00 INFO  http.request requestId=5f2b32fb-cf66-4a8b-878d-905db89d3627 role=api pod=gateway-8689985fc9-gpd27 method=POST path=/api/translations status=200 durationMs=578
[pod/gateway-8689985fc9-t5bnw/gateway] 2026-10-05T15:49:18.025+00:00 INFO  http.request requestId=e6dda473-7d9e-459c-82b0-68c50770d3d9 role=api pod=gateway-8689985fc9-t5bnw method=POST path=/api/transcriptions status=200 durationMs=755
[pod/gateway-8689985fc9-t5bnw/gateway] 2026-10-05T15:49:18.032+00:00 INFO  http.request requestId=8c10724e-88e8-4aeb-89de-d62a8ec27294 role=api pod=gateway-8689985fc9-t5bnw method=POST path=/api/transcriptions status=200 durationMs=701
[pod/gateway-8689985fc9-gpd27/gateway] 2026-10-05T15:49:18.052+00:00 INFO  http.request requestId=37c89d9a-4671-4e49-bf24-77103943d0b7 role=api pod=gateway-8689985fc9-gpd27 method=POST path=/api/transcriptions status=200 durationMs=826
[pod/gateway-8689985fc9-gpd27/gateway] 2026-10-05T15:49:18.056+00:00 INFO  http.request requestId=410446a1-8100-4000-b052-060aa48fb06f role=api pod=gateway-8689985fc9-gpd27 method=POST path=/api/translations status=200 durationMs=617
[pod/gateway-8689985fc9-gpd27/gateway] 2026-10-05T15:49:18.066+00:00 INFO  http.request requestId=aae56d25-1104-4797-a978-5aceef8ac795 role=api pod=gateway-8689985fc9-gpd27 method=POST path=/api/translations status=200 durationMs=563
[pod/gateway-8689985fc9-t5bnw/gateway] 2026-10-05T15:49:18.081+00:00 INFO  http.request requestId=b617a13c-8501-47c0-8374-f9f452fe1d6a role=api pod=gateway-8689985fc9-t5bnw method=POST path=/api/translations status=200 durationMs=432
[pod/gateway-8689985fc9-t5bnw/gateway] 2026-10-05T15:49:18.081+00:00 INFO  http.request requestId=e885b0d0-0bb0-4a44-ba84-3155abf26d40 role=api pod=gateway-8689985fc9-t5bnw method=POST path=/api/transcriptions status=200 durationMs=886
[pod/gateway-8689985fc9-gpd27/gateway] 2026-10-05T15:49:18.076+00:00 INFO  http.request requestId=f7417b2a-7865-49f7-b6e3-f5e87530387c role=api pod=gateway-8689985fc9-gpd27 method=POST path=/api/transcriptions status=200 durationMs=835
[pod/gateway-8689985fc9-t5bnw/gateway] 2026-10-05T15:49:18.099+00:00 INFO  http.request requestId=b79e33c6-74b4-4c82-9030-9fd93aa5aaf8 role=api pod=gateway-8689985fc9-t5bnw method=POST path=/api/transcriptions status=200 durationMs=648
[pod/gateway-8689985fc9-gpd27/gateway] 2026-10-05T15:49:18.107+00:00 INFO  http.request requestId=639eaa9e-16c5-4311-95b4-574bca2259ca role=api pod=gateway-8689985fc9-gpd27 method=POST path=/api/transcriptions status=200 durationMs=642
[pod/gateway-8689985fc9-gpd27/gateway] 2026-10-05T15:49:18.108+00:00 INFO  http.request requestId=6ca3570d-047c-49f2-b3c2-eb8f48942ce9 role=api pod=gateway-8689985fc9-gpd27 method=POST path=/api/transcriptions status=200 durationMs=628
[pod/gateway-8689985fc9-t5bnw/gateway] 2026-10-05T15:49:18.135+00:00 INFO  http.request requestId=592b2ab5-6e35-407d-8c38-83c703a2c713 role=api pod=gateway-8689985fc9-t5bnw method=POST path=/api/translations status=200 durationMs=432
[pod/gateway-8689985fc9-gpd27/gateway] 2026-10-05T15:49:18.152+00:00 INFO  http.request requestId=5bcf832a-8ebf-4f8f-a8c8-046aa10811c5 role=api pod=gateway-8689985fc9-gpd27 method=POST path=/api/translations status=200 durationMs=407
[pod/gateway-8689985fc9-t5bnw/gateway] 2026-10-05T15:49:18.149+00:00 INFO  http.request requestId=69aecbb0-923a-482c-bd9b-fa55f5615c54 role=api pod=gateway-8689985fc9-t5bnw method=POST path=/api/transcriptions status=200 durationMs=775
[pod/gateway-8689985fc9-gpd27/gateway] 2026-10-05T15:49:18.159+00:00 INFO  http.request requestId=097fd13e-ed05-4e2a-a6f4-cf7b26237e84 role=api pod=gateway-8689985fc9-gpd27 method=POST path=/api/translations status=200 durationMs=536
[pod/gateway-8689985fc9-gpd27/gateway] 2026-10-05T15:49:18.161+00:00 INFO  http.request requestId=e7d70728-3b1c-4408-9923-16f1ff5c1aed role=api pod=gateway-8689985fc9-gpd27 method=POST path=/api/translations status=200 durationMs=579
[pod/gateway-8689985fc9-t5bnw/gateway] 2026-10-05T15:49:18.186+00:00 INFO  http.request requestId=46a13a79-2b55-42d5-a447-1e6979703d96 role=api pod=gateway-8689985fc9-t5bnw method=POST path=/api/transcriptions status=200 durationMs=781
[pod/gateway-8689985fc9-t5bnw/gateway] 2026-10-05T15:49:18.186+00:00 INFO  http.request requestId=90e0b4b9-a6fd-4c58-8a94-c619d7575a24 role=api pod=gateway-8689985fc9-t5bnw method=POST path=/api/translations status=200 durationMs=492
[pod/gateway-8689985fc9-gpd27/gateway] 2026-10-05T15:49:18.188+00:00 INFO  http.request requestId=4f603dcf-315a-4415-9abc-677fc0b578f9 role=api pod=gateway-8689985fc9-gpd27 method=POST path=/api/transcriptions status=200 durationMs=874
[pod/gateway-8689985fc9-gpd27/gateway] 2026-10-05T15:49:18.201+00:00 INFO  http.request requestId=95dec4e9-df9b-4a89-954b-b9bfac559009 role=api pod=gateway-8689985fc9-gpd27 method=POST path=/api/translations status=200 durationMs=587
[pod/gateway-8689985fc9-gpd27/gateway] 2026-10-05T15:49:18.203+00:00 INFO  http.request requestId=a4bf731f-ff9f-4ed2-ac0c-014ce157cb46 role=api pod=gateway-8689985fc9-gpd27 method=POST path=/api/transcriptions status=200 durationMs=843
[pod/gateway-8689985fc9-gpd27/gateway] 2026-10-05T15:49:18.219+00:00 INFO  http.request requestId=c8847e92-0c9a-4b03-b3c2-29adf7803283 role=api pod=gateway-8689985fc9-gpd27 method=POST path=/api/translations status=200 durationMs=575
[pod/gateway-8689985fc9-gpd27/gateway] 2026-10-05T15:49:18.237+00:00 INFO  http.request requestId=31a68f6b-78b5-47a2-8d05-cb5a77313878 role=api pod=gateway-8689985fc9-gpd27 method=POST path=/api/translations status=200 durationMs=475
[pod/gateway-8689985fc9-gpd27/gateway] 2026-10-05T15:49:18.237+00:00 INFO  http.request requestId=be412f42-c3a3-4980-94d8-0ba548409cb3 role=api pod=gateway-8689985fc9-gpd27 method=POST path=/api/transcriptions status=200 durationMs=892
[pod/gateway-8689985fc9-gpd27/gateway] 2026-10-05T15:49:18.251+00:00 INFO  http.request requestId=bdb925ff-c668-422a-9141-a0cea6d218a7 role=api pod=gateway-8689985fc9-gpd27 method=POST path=/api/transcriptions status=200 durationMs=711
[pod/gateway-8689985fc9-t5bnw/gateway] 2026-10-05T15:49:18.234+00:00 INFO  http.request requestId=200e4202-7e8b-41b5-a611-a03d3681ce48 role=api pod=gateway-8689985fc9-t5bnw method=POST path=/api/translations status=200 durationMs=421
[pod/gateway-8689985fc9-t5bnw/gateway] 2026-10-05T15:49:18.257+00:00 INFO  http.request requestId=ff47df46-7c0a-469e-a287-20c7d52a2e01 role=api pod=gateway-8689985fc9-t5bnw method=POST path=/api/transcriptions status=200 durationMs=732
[pod/gateway-8689985fc9-t5bnw/gateway] 2026-10-05T15:49:18.269+00:00 INFO  http.request requestId=692c057d-edf9-43b5-8a97-07c3acbf8c0e role=api pod=gateway-8689985fc9-t5bnw method=POST path=/api/translations status=200 durationMs=571
[pod/gateway-8689985fc9-gpd27/gateway] 2026-10-05T15:49:18.281+00:00 INFO  http.request requestId=abeae3a8-dcbc-4042-b856-6490b5cf1fb6 role=api pod=gateway-8689985fc9-gpd27 method=POST path=/api/translations status=200 durationMs=458
[pod/gateway-8689985fc9-gpd27/gateway] 2026-10-05T15:49:18.281+00:00 INFO  http.request requestId=87ef4ebf-7241-4882-91c9-d79c752da367 role=api pod=gateway-8689985fc9-gpd27 method=POST path=/api/transcriptions status=200 durationMs=845
[pod/gateway-8689985fc9-gpd27/gateway] 2026-10-05T15:49:18.288+00:00 INFO  http.request requestId=b248062b-56e8-4655-bc1a-182befbea5a8 role=api pod=gateway-8689985fc9-gpd27 method=POST path=/api/transcriptions status=200 durationMs=898
[pod/gateway-8689985fc9-gpd27/gateway] 2026-10-05T15:49:18.314+00:00 INFO  http.request requestId=aba505ed-07a2-4db7-b153-48c24e5a2ffe role=api pod=gateway-8689985fc9-gpd27 method=POST path=/api/transcriptions status=200 durationMs=893
[pod/gateway-8689985fc9-gpd27/gateway] 2026-10-05T15:49:18.316+00:00 INFO  http.request requestId=0ff0a3d1-401f-4753-991e-45820d911c92 role=api pod=gateway-8689985fc9-gpd27 method=POST path=/api/translations status=200 durationMs=535
[pod/gateway-8689985fc9-gpd27/gateway] 2026-10-05T15:49:18.324+00:00 INFO  http.request requestId=04300003-2fc0-4fec-a712-141eb5118cbe role=api pod=gateway-8689985fc9-gpd27 method=POST path=/api/translations status=200 durationMs=498
[pod/gateway-8689985fc9-gpd27/gateway] 2026-10-05T15:49:18.326+00:00 INFO  http.request requestId=2143820c-cafc-459c-ba71-01d96c1a0c2c role=api pod=gateway-8689985fc9-gpd27 method=POST path=/api/translations status=200 durationMs=444
[pod/gateway-8689985fc9-gpd27/gateway] 2026-10-05T15:49:18.326+00:00 INFO  http.request requestId=86087eeb-64ab-4fa2-8695-972c20e3b81f role=api pod=gateway-8689985fc9-gpd27 method=POST path=/api/translations status=200 durationMs=541
[pod/gateway-8689985fc9-gpd27/gateway] 2026-10-05T15:49:18.331+00:00 INFO  http.request requestId=c886dadb-20e0-48a6-b376-741a998375aa role=api pod=gateway-8689985fc9-gpd27 method=POST path=/api/translations status=200 durationMs=558
[pod/gateway-8689985fc9-t5bnw/gateway] 2026-10-05T15:49:18.309+00:00 INFO  http.request requestId=1883c5f4-2d7c-4f77-8238-1a02feafff4b role=api pod=gateway-8689985fc9-t5bnw method=POST path=/api/transcriptions status=200 durationMs=619
[pod/gateway-8689985fc9-t5bnw/gateway] 2026-10-05T15:49:18.311+00:00 INFO  http.request requestId=7d38a915-ad59-4d21-8a25-53d862297a76 role=api pod=gateway-8689985fc9-t5bnw method=POST path=/api/translations status=200 durationMs=425
[pod/gateway-8689985fc9-t5bnw/gateway] 2026-10-05T15:49:18.324+00:00 INFO  http.request requestId=f8bd7b5a-18bf-49fa-958d-17c183f78a3c role=api pod=gateway-8689985fc9-t5bnw method=POST path=/api/translations status=200 durationMs=594
[pod/gateway-8689985fc9-t5bnw/gateway] 2026-10-05T15:49:18.331+00:00 INFO  http.request requestId=cff2cae5-f939-41d5-87d3-72667f4b5810 role=api pod=gateway-8689985fc9-t5bnw method=POST path=/api/translations status=200 durationMs=537
[pod/gateway-8689985fc9-gpd27/gateway] 2026-10-05T15:49:18.346+00:00 INFO  http.request requestId=747c1d2f-aeb4-4e48-9a6a-b8f1a04e0ca1 role=api pod=gateway-8689985fc9-gpd27 method=POST path=/api/transcriptions status=200 durationMs=838
[pod/gateway-8689985fc9-gpd27/gateway] 2026-10-05T15:49:18.360+00:00 INFO  http.request requestId=7ce99a36-ac28-4201-932e-9a2f868146ea role=api pod=gateway-8689985fc9-gpd27 method=POST path=/api/transcriptions status=200 durationMs=609
[pod/gateway-8689985fc9-gpd27/gateway] 2026-10-05T15:49:18.364+00:00 INFO  http.request requestId=1ea7b2c4-7597-4741-841d-f7f7fd915559 role=api pod=gateway-8689985fc9-gpd27 method=POST path=/api/transcriptions status=200 durationMs=869
[pod/gateway-8689985fc9-t5bnw/gateway] 2026-10-05T15:49:18.355+00:00 INFO  http.request requestId=d3138386-e1df-4be3-ab48-0cd20f5f5454 role=api pod=gateway-8689985fc9-t5bnw method=POST path=/api/translations status=200 durationMs=414
[pod/gateway-8689985fc9-t5bnw/gateway] 2026-10-05T15:49:18.389+00:00 INFO  http.request requestId=5942c1ec-3c46-4e2e-8736-fd613363096b role=api pod=gateway-8689985fc9-t5bnw method=POST path=/api/translations status=200 durationMs=554
[pod/gateway-8689985fc9-t5bnw/gateway] 2026-10-05T15:49:18.389+00:00 INFO  http.request requestId=1ab9a5d9-fbda-4ad8-ac19-cadea69133cc role=api pod=gateway-8689985fc9-t5bnw method=POST path=/api/transcriptions status=200 durationMs=788
[pod/gateway-8689985fc9-t5bnw/gateway] 2026-10-05T15:49:18.396+00:00 INFO  http.request requestId=1e200669-2593-4c49-90a7-19dd7220e62d role=api pod=gateway-8689985fc9-t5bnw method=POST path=/api/translations status=200 durationMs=527
[pod/gateway-8689985fc9-gpd27/gateway] 2026-10-05T15:49:18.405+00:00 INFO  http.request requestId=ffa347af-9280-4be5-8bd9-c2bfaa6cb148 role=api pod=gateway-8689985fc9-gpd27 method=POST path=/api/translations status=200 durationMs=563
[pod/gateway-8689985fc9-t5bnw/gateway] 2026-10-05T15:49:18.418+00:00 INFO  http.request requestId=87be9d66-0933-478c-9b36-76eedd2c05f7 role=api pod=gateway-8689985fc9-t5bnw method=POST path=/api/translations status=200 durationMs=597
[pod/gateway-8689985fc9-t5bnw/gateway] 2026-10-05T15:49:18.423+00:00 INFO  http.request requestId=004c656e-c153-4230-89c4-f8cee7d94c0f role=api pod=gateway-8689985fc9-t5bnw method=POST path=/api/transcriptions status=200 durationMs=868
[pod/gateway-8689985fc9-t5bnw/gateway] 2026-10-05T15:49:18.423+00:00 INFO  http.request requestId=b44634a1-2480-4b9a-b739-0e7d9c37c1dd role=api pod=gateway-8689985fc9-t5bnw method=POST path=/api/transcriptions status=200 durationMs=853
[pod/gateway-8689985fc9-t5bnw/gateway] 2026-10-05T15:49:18.432+00:00 INFO  http.request requestId=29e2b33a-b3e9-4d12-a1ca-61269648eafe role=api pod=gateway-8689985fc9-t5bnw method=POST path=/api/translations status=200 durationMs=598
[pod/gateway-8689985fc9-gpd27/gateway] 2026-10-05T15:49:18.444+00:00 INFO  http.request requestId=f7f366cc-cdb4-4d3e-9e51-edf2019d1efb role=api pod=gateway-8689985fc9-gpd27 method=POST path=/api/transcriptions status=200 durationMs=859
[pod/gateway-8689985fc9-gpd27/gateway] 2026-10-05T15:49:18.464+00:00 INFO  http.request requestId=1998afe4-08dc-459a-acd8-feaa26164913 role=api pod=gateway-8689985fc9-gpd27 method=POST path=/api/translations status=200 durationMs=438
[pod/gateway-8689985fc9-t5bnw/gateway] 2026-10-05T15:49:18.457+00:00 INFO  http.request requestId=cf270530-4e07-472c-ad1d-dbca3b142bb6 role=api pod=gateway-8689985fc9-t5bnw method=POST path=/api/translations status=200 durationMs=538
[pod/gateway-8689985fc9-t5bnw/gateway] 2026-10-05T15:49:18.470+00:00 INFO  http.request requestId=64cd8099-f93f-4bc0-aa28-071395292161 role=api pod=gateway-8689985fc9-t5bnw method=POST path=/api/transcriptions status=200 durationMs=630
[pod/gateway-8689985fc9-t5bnw/gateway] 2026-10-05T15:49:18.474+00:00 INFO  http.request requestId=05c6d770-1b38-4081-9284-8f0141d35497 role=api pod=gateway-8689985fc9-t5bnw method=POST path=/api/transcriptions status=200 durationMs=829
[pod/gateway-8689985fc9-t5bnw/gateway] 2026-10-05T15:49:18.490+00:00 INFO  http.request requestId=641f5503-a69e-4bc3-985a-adde5764e0c1 role=api pod=gateway-8689985fc9-t5bnw method=POST path=/api/transcriptions status=200 durationMs=680
[pod/gateway-8689985fc9-t5bnw/gateway] 2026-10-05T15:49:18.494+00:00 INFO  http.request requestId=78de681e-04b5-4399-bf97-88649fe2301c role=api pod=gateway-8689985fc9-t5bnw method=POST path=/api/transcriptions status=200 durationMs=714
[pod/gateway-8689985fc9-gpd27/gateway] 2026-10-05T15:49:18.496+00:00 INFO  http.request requestId=cc21f592-0438-46b4-a7ad-6cddb0f5c804 role=api pod=gateway-8689985fc9-gpd27 method=POST path=/api/transcriptions status=200 durationMs=702
[pod/gateway-8689985fc9-gpd27/gateway] 2026-10-05T15:49:18.510+00:00 INFO  http.request requestId=95a02988-385a-41eb-b66f-514fd418bace role=api pod=gateway-8689985fc9-gpd27 method=POST path=/api/transcriptions status=200 durationMs=880
[pod/gateway-8689985fc9-gpd27/gateway] 2026-10-05T15:49:18.511+00:00 INFO  http.request requestId=a95bc4c3-d63e-452f-ad13-435160b53b2f role=api pod=gateway-8689985fc9-gpd27 method=POST path=/api/transcriptions status=200 durationMs=896
[pod/gateway-8689985fc9-gpd27/gateway] 2026-10-05T15:49:18.520+00:00 INFO  http.request requestId=3367e709-29e8-43c1-9d29-b5ca32e1eec1 role=api pod=gateway-8689985fc9-gpd27 method=POST path=/api/transcriptions status=200 durationMs=800
[pod/gateway-8689985fc9-gpd27/gateway] 2026-10-05T15:49:18.532+00:00 INFO  http.request requestId=e4429fb3-c12d-454d-83f9-d5a717c713f0 role=api pod=gateway-8689985fc9-gpd27 method=POST path=/api/transcriptions status=200 durationMs=617
[pod/gateway-8689985fc9-gpd27/gateway] 2026-10-05T15:49:18.533+00:00 INFO  http.request requestId=eb88e3ab-68d5-43c2-aaa8-7e34a6a350a5 role=api pod=gateway-8689985fc9-gpd27 method=POST path=/api/transcriptions status=200 durationMs=873
[pod/gateway-8689985fc9-t5bnw/gateway] 2026-10-05T15:49:18.502+00:00 INFO  http.request requestId=c5f5600f-e649-46a0-9868-907cb194deee role=api pod=gateway-8689985fc9-t5bnw method=POST path=/api/transcriptions status=200 durationMs=737
[pod/gateway-8689985fc9-t5bnw/gateway] 2026-10-05T15:49:18.520+00:00 INFO  http.request requestId=3e250d5b-bd74-4044-acfb-3fe7b3e1ca28 role=api pod=gateway-8689985fc9-t5bnw method=POST path=/api/translations status=200 durationMs=487
[pod/gateway-8689985fc9-t5bnw/gateway] 2026-10-05T15:49:18.539+00:00 INFO  http.request requestId=49c1d2e1-e73d-4269-bbcf-6390a5e47ad9 role=api pod=gateway-8689985fc9-t5bnw method=POST path=/api/translations status=200 durationMs=486
[pod/gateway-8689985fc9-t5bnw/gateway] 2026-10-05T15:49:18.546+00:00 INFO  http.request requestId=3034f097-5c22-4933-b7f8-317362dd3b50 role=api pod=gateway-8689985fc9-t5bnw method=POST path=/api/translations status=200 durationMs=584
[pod/gateway-8689985fc9-t5bnw/gateway] 2026-10-05T15:49:18.554+00:00 INFO  http.request requestId=e57e0e81-f53c-488e-9533-8d0957d5cb0c role=api pod=gateway-8689985fc9-t5bnw method=POST path=/api/translations status=200 durationMs=599
[pod/gateway-8689985fc9-gpd27/gateway] 2026-10-05T15:49:18.548+00:00 INFO  http.request requestId=c4eaf45f-f42d-4ee3-a742-802a6740a368 role=api pod=gateway-8689985fc9-gpd27 method=POST path=/api/translations status=200 durationMs=448
[pod/gateway-8689985fc9-gpd27/gateway] 2026-10-05T15:49:18.556+00:00 INFO  http.request requestId=1370d5e5-c787-44af-b884-c6f11066abb7 role=api pod=gateway-8689985fc9-gpd27 method=POST path=/api/transcriptions status=200 durationMs=701
[pod/gateway-8689985fc9-gpd27/gateway] 2026-10-05T15:49:18.556+00:00 INFO  http.request requestId=7d06116f-c1a8-452a-adb4-694b7b5e044f role=api pod=gateway-8689985fc9-gpd27 method=POST path=/api/translations status=200 durationMs=606
[pod/gateway-8689985fc9-gpd27/gateway] 2026-10-05T15:49:18.559+00:00 INFO  http.request requestId=aaba221d-3f25-41c2-8dbe-aca1ddc01cfd role=api pod=gateway-8689985fc9-gpd27 method=POST path=/api/transcriptions status=200 durationMs=885
[pod/gateway-8689985fc9-gpd27/gateway] 2026-10-05T15:49:18.594+00:00 INFO  http.request requestId=4eb2cac4-1df9-4219-9a53-3ab87126988a role=api pod=gateway-8689985fc9-gpd27 method=POST path=/api/transcriptions status=200 durationMs=694
[pod/gateway-8689985fc9-t5bnw/gateway] 2026-10-05T15:49:18.586+00:00 INFO  http.request requestId=691230e3-3b8f-4849-9831-d01b5a371163 role=api pod=gateway-8689985fc9-t5bnw method=POST path=/api/transcriptions status=200 durationMs=717
[pod/gateway-8689985fc9-t5bnw/gateway] 2026-10-05T15:49:18.609+00:00 INFO  http.request requestId=23306bcf-99ef-4f77-8195-55b065df935d role=api pod=gateway-8689985fc9-t5bnw method=POST path=/api/transcriptions status=200 durationMs=903
[pod/gateway-8689985fc9-gpd27/gateway] 2026-10-05T15:49:18.616+00:00 INFO  http.request requestId=1b108d13-48ad-46d7-b646-db17dd187806 role=api pod=gateway-8689985fc9-gpd27 method=POST path=/api/transcriptions status=200 durationMs=881
[pod/gateway-8689985fc9-gpd27/gateway] 2026-10-05T15:49:18.625+00:00 INFO  http.request requestId=187ad2be-e856-4577-9929-ae3639909e8b role=api pod=gateway-8689985fc9-gpd27 method=POST path=/api/translations status=200 durationMs=516
[pod/gateway-8689985fc9-gpd27/gateway] 2026-10-05T15:49:18.660+00:00 INFO  http.request requestId=a0cae83d-831e-42e4-bd4b-f9f178edd8e3 role=api pod=gateway-8689985fc9-gpd27 method=POST path=/api/translations status=200 durationMs=473
[pod/gateway-8689985fc9-t5bnw/gateway] 2026-10-05T15:49:18.655+00:00 INFO  http.request requestId=7b20cac3-07c1-4951-97d4-19a5ce20c513 role=api pod=gateway-8689985fc9-t5bnw method=POST path=/api/translations status=200 durationMs=504
[pod/gateway-8689985fc9-t5bnw/gateway] 2026-10-05T15:49:18.664+00:00 INFO  http.request requestId=89290511-f4da-4c85-8c10-9bc737a9dee0 role=api pod=gateway-8689985fc9-t5bnw method=POST path=/api/transcriptions status=200 durationMs=658
[pod/gateway-8689985fc9-t5bnw/gateway] 2026-10-05T15:49:18.670+00:00 INFO  http.request requestId=3bfe103a-aa24-4bc9-8516-d987fa472e08 role=api pod=gateway-8689985fc9-t5bnw method=POST path=/api/translations status=200 durationMs=588
[pod/gateway-8689985fc9-t5bnw/gateway] 2026-10-05T15:49:18.686+00:00 INFO  http.request requestId=4d9bd30c-2303-4d59-a43d-145dbcfaa9cf role=api pod=gateway-8689985fc9-t5bnw method=POST path=/api/translations status=200 durationMs=578
[pod/gateway-8689985fc9-gpd27/gateway] 2026-10-05T15:49:18.663+00:00 INFO  http.request requestId=e00bd842-50ed-46a1-8550-b57904c720ea role=api pod=gateway-8689985fc9-gpd27 method=POST path=/api/transcriptions status=200 durationMs=778
[pod/gateway-8689985fc9-gpd27/gateway] 2026-10-05T15:49:18.676+00:00 INFO  http.request requestId=0f79ee6e-c86d-429d-8d8b-45f39ed71b07 role=api pod=gateway-8689985fc9-gpd27 method=POST path=/api/translations status=200 durationMs=599
[pod/gateway-8689985fc9-gpd27/gateway] 2026-10-05T15:49:18.686+00:00 INFO  http.request requestId=e4f160ad-c035-4e64-83d9-9c16eb9d045e role=api pod=gateway-8689985fc9-gpd27 method=POST path=/api/translations status=200 durationMs=434
[pod/gateway-8689985fc9-gpd27/gateway] 2026-10-05T15:49:18.692+00:00 INFO  http.request requestId=f402803a-8213-46ad-8dd3-7226df09a661 role=api pod=gateway-8689985fc9-gpd27 method=POST path=/api/transcriptions status=200 durationMs=671
[pod/gateway-8689985fc9-gpd27/gateway] 2026-10-05T15:49:18.735+00:00 INFO  http.request requestId=daddb283-0b13-4582-9fa5-7a9aab8ec45b role=api pod=gateway-8689985fc9-gpd27 method=POST path=/api/transcriptions status=200 durationMs=791
[pod/gateway-8689985fc9-gpd27/gateway] 2026-10-05T15:49:18.747+00:00 INFO  http.request requestId=dd4b0860-6bba-4c30-8beb-3d0f44b5b2b4 role=api pod=gateway-8689985fc9-gpd27 method=POST path=/api/transcriptions status=200 durationMs=667
[pod/gateway-8689985fc9-t5bnw/gateway] 2026-10-05T15:49:18.694+00:00 INFO  http.request requestId=c20dfc62-05a7-4326-bf35-310754ac23ff role=api pod=gateway-8689985fc9-t5bnw method=POST path=/api/transcriptions status=200 durationMs=870
[pod/gateway-8689985fc9-t5bnw/gateway] 2026-10-05T15:49:18.702+00:00 INFO  http.request requestId=779349eb-eaa1-4337-b785-ae30fedef9f7 role=api pod=gateway-8689985fc9-t5bnw method=POST path=/api/transcriptions status=200 durationMs=652
[pod/gateway-8689985fc9-t5bnw/gateway] 2026-10-05T15:49:18.715+00:00 INFO  http.request requestId=b01badf8-d935-4277-9c1b-894a757302c6 role=api pod=gateway-8689985fc9-t5bnw method=POST path=/api/transcriptions status=200 durationMs=680
[pod/gateway-8689985fc9-t5bnw/gateway] 2026-10-05T15:49:18.718+00:00 INFO  http.request requestId=13e03d8b-4859-47e7-aa4c-30688bade15d role=api pod=gateway-8689985fc9-t5bnw method=POST path=/api/translations status=200 durationMs=529
[pod/gateway-8689985fc9-gpd27/gateway] 2026-10-05T15:49:18.755+00:00 INFO  http.request requestId=e62bd841-ccae-4b35-b0b5-77bb06770e6d role=api pod=gateway-8689985fc9-gpd27 method=POST path=/api/translations status=200 durationMs=473
[pod/gateway-8689985fc9-gpd27/gateway] 2026-10-05T15:49:18.773+00:00 INFO  http.request requestId=b6e844e3-ea7f-4872-834d-ec550c320d6b role=api pod=gateway-8689985fc9-gpd27 method=POST path=/api/transcriptions status=200 durationMs=784
[pod/gateway-8689985fc9-gpd27/gateway] 2026-10-05T15:49:18.789+00:00 INFO  http.request requestId=2226419c-9ebf-4e63-b069-3a39cd1f89ba role=api pod=gateway-8689985fc9-gpd27 method=POST path=/api/translations status=200 durationMs=531
[pod/gateway-8689985fc9-gpd27/gateway] 2026-10-05T15:49:18.789+00:00 INFO  http.request requestId=5ba3d6a0-77ab-471b-acd9-edf86310c43d role=api pod=gateway-8689985fc9-gpd27 method=POST path=/api/transcriptions status=200 durationMs=813
[pod/gateway-8689985fc9-gpd27/gateway] 2026-10-05T15:49:18.812+00:00 INFO  http.request requestId=72c9c9cd-9b71-4da7-9bd0-221675f11802 role=api pod=gateway-8689985fc9-gpd27 method=POST path=/api/translations status=200 durationMs=606
[pod/gateway-8689985fc9-t5bnw/gateway] 2026-10-05T15:49:18.764+00:00 INFO  http.request requestId=61bb2820-5015-469b-a6ae-c33c4939fcfa role=api pod=gateway-8689985fc9-t5bnw method=POST path=/api/translations status=200 durationMs=526
[pod/gateway-8689985fc9-t5bnw/gateway] 2026-10-05T15:49:18.794+00:00 INFO  http.request requestId=8115c0ad-9e90-46bd-a6ac-2b61426a6138 role=api pod=gateway-8689985fc9-t5bnw method=POST path=/api/translations status=200 durationMs=480
[pod/gateway-8689985fc9-gpd27/gateway] 2026-10-05T15:49:18.826+00:00 INFO  http.request requestId=fccd1120-8a55-4886-8185-747255a89254 role=api pod=gateway-8689985fc9-gpd27 method=POST path=/api/translations status=200 durationMs=538
[pod/gateway-8689985fc9-gpd27/gateway] 2026-10-05T15:49:18.841+00:00 INFO  http.request requestId=b789c0ae-7fd8-4341-a6c4-ae640e77a41f role=api pod=gateway-8689985fc9-gpd27 method=POST path=/api/translations status=200 durationMs=415
[pod/gateway-8689985fc9-gpd27/gateway] 2026-10-05T15:49:18.844+00:00 INFO  http.request requestId=43b1decb-37e9-431c-bc36-22a4cc8db23e role=api pod=gateway-8689985fc9-gpd27 method=POST path=/api/transcriptions status=200 durationMs=881
[pod/gateway-8689985fc9-gpd27/gateway] 2026-10-05T15:49:18.866+00:00 INFO  http.request requestId=f53d989c-1899-4484-a62f-2c1874350d1d role=api pod=gateway-8689985fc9-gpd27 method=POST path=/api/translations status=200 durationMs=554
[pod/gateway-8689985fc9-t5bnw/gateway] 2026-10-05T15:49:18.835+00:00 INFO  http.request requestId=60cce51e-a7b8-44f6-9518-1fb7eacd6ad9 role=api pod=gateway-8689985fc9-t5bnw method=POST path=/api/transcriptions status=200 durationMs=905
[pod/gateway-8689985fc9-t5bnw/gateway] 2026-10-05T15:49:18.844+00:00 INFO  http.request requestId=84a635c5-9719-4ba9-ba9f-c92277cebf7e role=api pod=gateway-8689985fc9-t5bnw method=POST path=/api/transcriptions status=200 durationMs=719
[pod/gateway-8689985fc9-gpd27/gateway] 2026-10-05T15:49:18.909+00:00 INFO  http.request requestId=886be18d-3e4b-48b1-ad49-865b99d927b1 role=api pod=gateway-8689985fc9-gpd27 method=POST path=/api/transcriptions status=200 durationMs=724
[pod/gateway-8689985fc9-gpd27/gateway] 2026-10-05T15:49:18.913+00:00 INFO  http.request requestId=cc880242-ff83-45bc-8b65-2a7dad87ab21 role=api pod=gateway-8689985fc9-gpd27 method=POST path=/api/transcriptions status=200 durationMs=682
[pod/gateway-8689985fc9-t5bnw/gateway] 2026-10-05T15:49:18.882+00:00 INFO  http.request requestId=619c172d-a8e8-4ca5-a353-445b5def28d6 role=api pod=gateway-8689985fc9-t5bnw method=POST path=/api/translations status=200 durationMs=458
[pod/gateway-8689985fc9-t5bnw/gateway] 2026-10-05T15:49:18.884+00:00 INFO  http.request requestId=06aa8a12-429f-4ad6-893b-0070ff870240 role=api pod=gateway-8689985fc9-t5bnw method=POST path=/api/translations status=200 durationMs=495
[pod/gateway-8689985fc9-t5bnw/gateway] 2026-10-05T15:49:18.892+00:00 INFO  http.request requestId=a081c945-1c2a-471e-8cdd-49d153040982 role=api pod=gateway-8689985fc9-t5bnw method=POST path=/api/translations status=200 durationMs=545
[pod/gateway-8689985fc9-gpd27/gateway] 2026-10-05T15:49:18.925+00:00 INFO  http.request requestId=50f3ebec-2fff-4248-86e9-d2ca07081732 role=api pod=gateway-8689985fc9-gpd27 method=POST path=/api/transcriptions status=200 durationMs=815
[pod/gateway-8689985fc9-gpd27/gateway] 2026-10-05T15:49:18.938+00:00 INFO  http.request requestId=bd1d3f84-77fa-41cb-a7d2-be8b51d54619 role=api pod=gateway-8689985fc9-gpd27 method=POST path=/api/translations status=200 durationMs=424
[pod/gateway-8689985fc9-gpd27/gateway] 2026-10-05T15:49:18.941+00:00 INFO  http.request requestId=b1d04395-de58-421e-a322-101bb8bdf4a1 role=api pod=gateway-8689985fc9-gpd27 method=POST path=/api/transcriptions status=200 durationMs=771
[pod/gateway-8689985fc9-t5bnw/gateway] 2026-10-05T15:49:18.951+00:00 INFO  http.request requestId=a1a25661-4f63-4166-ac96-786baca8faed role=api pod=gateway-8689985fc9-t5bnw method=POST path=/api/translations status=200 durationMs=440
[pod/gateway-8689985fc9-gpd27/gateway] 2026-10-05T15:49:18.952+00:00 INFO  http.request requestId=2a74bf5d-23b2-473a-a743-16c9f361989f role=api pod=gateway-8689985fc9-gpd27 method=POST path=/api/translations status=200 durationMs=417
[pod/gateway-8689985fc9-gpd27/gateway] 2026-10-05T15:49:18.953+00:00 INFO  http.request requestId=015d1eea-8418-49f7-9cc3-457308ab0ae3 role=api pod=gateway-8689985fc9-gpd27 method=POST path=/api/translations status=200 durationMs=588
[pod/gateway-8689985fc9-gpd27/gateway] 2026-10-05T15:49:18.959+00:00 INFO  http.request requestId=dda1e1a2-1312-4b14-ab5f-80eb4d9d6eaf role=api pod=gateway-8689985fc9-gpd27 method=POST path=/api/transcriptions status=200 durationMs=894
[pod/gateway-8689985fc9-t5bnw/gateway] 2026-10-05T15:49:18.959+00:00 INFO  http.request requestId=2a192fc0-e1bd-493a-818c-57cd5635250c role=api pod=gateway-8689985fc9-t5bnw method=POST path=/api/translations status=200 durationMs=464
[pod/gateway-8689985fc9-t5bnw/gateway] 2026-10-05T15:49:18.960+00:00 INFO  http.request requestId=ddcf3311-3392-45b5-8fcf-26dbaa09eee4 role=api pod=gateway-8689985fc9-t5bnw method=POST path=/api/translations status=200 durationMs=599
[pod/gateway-8689985fc9-t5bnw/gateway] 2026-10-05T15:49:18.960+00:00 INFO  http.request requestId=3cd3ee46-4603-4dcf-934a-95b32aefa405 role=api pod=gateway-8689985fc9-t5bnw method=POST path=/api/translations status=200 durationMs=469
[pod/gateway-8689985fc9-t5bnw/gateway] 2026-10-05T15:49:18.971+00:00 INFO  http.request requestId=74529506-2e31-4b50-a3d1-0e575f6b8774 role=api pod=gateway-8689985fc9-t5bnw method=POST path=/api/translations status=200 durationMs=474
[pod/gateway-8689985fc9-t5bnw/gateway] 2026-10-05T15:49:18.977+00:00 INFO  http.request requestId=7ecec343-47a3-4e98-99a8-3a8709eb4565 role=api pod=gateway-8689985fc9-t5bnw method=POST path=/api/translations status=200 durationMs=533
[pod/gateway-8689985fc9-t5bnw/gateway] 2026-10-05T15:49:18.992+00:00 INFO  http.request requestId=2395ac8b-caf2-4f7c-b917-abaf2cf2ca51 role=api pod=gateway-8689985fc9-t5bnw method=POST path=/api/transcriptions status=200 durationMs=837
[pod/gateway-8689985fc9-t5bnw/gateway] 2026-10-05T15:49:18.996+00:00 INFO  http.request requestId=0588c368-d1e4-49fb-a9cb-49be247affd9 role=api pod=gateway-8689985fc9-t5bnw method=POST path=/api/transcriptions status=200 durationMs=901
[pod/gateway-8689985fc9-gpd27/gateway] 2026-10-05T15:49:19.020+00:00 INFO  http.request requestId=2db7e751-c3c6-4912-ab34-e3f2d7fc9cc1 role=api pod=gateway-8689985fc9-gpd27 method=POST path=/api/translations status=200 durationMs=433
[pod/gateway-8689985fc9-t5bnw/gateway] 2026-10-05T15:49:19.017+00:00 INFO  http.request requestId=5095432a-0a4e-4201-8c13-dbce831d69c0 role=api pod=gateway-8689985fc9-t5bnw method=POST path=/api/transcriptions status=200 durationMs=877
[pod/gateway-8689985fc9-t5bnw/gateway] 2026-10-05T15:49:19.028+00:00 INFO  http.request requestId=d9b591b5-1553-4fe1-a397-e28254a61adf role=api pod=gateway-8689985fc9-t5bnw method=POST path=/api/translations status=200 durationMs=471
[pod/gateway-8689985fc9-t5bnw/gateway] 2026-10-05T15:49:19.030+00:00 INFO  http.request requestId=2184ddc1-c1f7-4d06-8733-9ef60787ea55 role=api pod=gateway-8689985fc9-t5bnw method=POST path=/api/translations status=200 durationMs=413
[pod/gateway-8689985fc9-t5bnw/gateway] 2026-10-05T15:49:19.032+00:00 INFO  http.request requestId=062e0aed-5298-401b-87ff-a6ffb585436a role=api pod=gateway-8689985fc9-t5bnw method=POST path=/api/translations status=200 durationMs=558
[pod/gateway-8689985fc9-gpd27/gateway] 2026-10-05T15:49:19.037+00:00 INFO  http.request requestId=3e638cb0-79de-4bca-a311-0d232e106e4a role=api pod=gateway-8689985fc9-gpd27 method=POST path=/api/transcriptions status=200 durationMs=793
[pod/gateway-8689985fc9-t5bnw/gateway] 2026-10-05T15:49:19.042+00:00 INFO  http.request requestId=ea1cd589-789f-40fc-8648-45dccfdf1cec role=api pod=gateway-8689985fc9-t5bnw method=POST path=/api/transcriptions status=200 durationMs=782
[pod/gateway-8689985fc9-t5bnw/gateway] 2026-10-05T15:49:19.051+00:00 INFO  http.request requestId=7f7d4d2f-2721-4849-8e76-431b657d733e role=api pod=gateway-8689985fc9-t5bnw method=POST path=/api/translations status=200 durationMs=530
[pod/gateway-8689985fc9-gpd27/gateway] 2026-10-05T15:49:19.069+00:00 INFO  http.request requestId=edd2166d-a121-4209-9b25-802b144dacdb role=api pod=gateway-8689985fc9-gpd27 method=POST path=/api/translations status=200 durationMs=564
[pod/gateway-8689985fc9-gpd27/gateway] 2026-10-05T15:49:19.079+00:00 INFO  http.request requestId=a9d70125-2fc4-472b-97d7-264e8ed855fc role=api pod=gateway-8689985fc9-gpd27 method=POST path=/api/transcriptions status=200 durationMs=744
[pod/gateway-8689985fc9-gpd27/gateway] 2026-10-05T15:49:19.079+00:00 INFO  http.request requestId=4fdefa4e-a76f-41e0-9b12-25e02993efb0 role=api pod=gateway-8689985fc9-gpd27 method=POST path=/api/transcriptions status=200 durationMs=864
[pod/gateway-8689985fc9-gpd27/gateway] 2026-10-05T15:49:19.089+00:00 INFO  http.request requestId=d921700d-c1ca-41d4-989f-cd3b881fd079 role=api pod=gateway-8689985fc9-gpd27 method=POST path=/api/transcriptions status=200 durationMs=694
[pod/gateway-8689985fc9-gpd27/gateway] 2026-10-05T15:49:19.098+00:00 INFO  http.request requestId=4457d95a-51cd-467c-8901-7c225a9b815c role=api pod=gateway-8689985fc9-gpd27 method=POST path=/api/transcriptions status=200 durationMs=718
[pod/gateway-8689985fc9-gpd27/gateway] 2026-10-05T15:49:19.106+00:00 INFO  http.request requestId=ce561f77-70a2-4c8e-a505-d67c9343b7a6 role=api pod=gateway-8689985fc9-gpd27 method=POST path=/api/transcriptions status=200 durationMs=817
[pod/gateway-8689985fc9-gpd27/gateway] 2026-10-05T15:49:19.112+00:00 INFO  http.request requestId=e5d78193-a07b-45c3-a8b0-d49b5571aa10 role=api pod=gateway-8689985fc9-gpd27 method=POST path=/api/transcriptions status=200 durationMs=911
[pod/gateway-8689985fc9-t5bnw/gateway] 2026-10-05T15:49:19.075+00:00 INFO  http.request requestId=2880a385-1184-498b-87ee-1bd5dfa8b1aa role=api pod=gateway-8689985fc9-t5bnw method=POST path=/api/translations status=200 durationMs=542
[pod/gateway-8689985fc9-t5bnw/gateway] 2026-10-05T15:49:19.076+00:00 INFO  http.request requestId=366c12be-b6da-4ff4-9f66-14c9072582b8 role=api pod=gateway-8689985fc9-t5bnw method=POST path=/api/translations status=200 durationMs=605
[pod/gateway-8689985fc9-t5bnw/gateway] 2026-10-05T15:49:19.088+00:00 INFO  http.request requestId=fc7d1ea2-98e1-4705-972d-e857e88dfc64 role=api pod=gateway-8689985fc9-t5bnw method=POST path=/api/transcriptions status=200 durationMs=781
[pod/gateway-8689985fc9-t5bnw/gateway] 2026-10-05T15:49:19.122+00:00 INFO  http.request requestId=60a2be8f-8c43-4f46-8731-d39cced0da32 role=api pod=gateway-8689985fc9-t5bnw method=POST path=/api/transcriptions status=200 durationMs=847
[pod/gateway-8689985fc9-t5bnw/gateway] 2026-10-05T15:49:19.138+00:00 INFO  http.request requestId=0673740e-327b-4b85-854e-43ff99e89425 role=api pod=gateway-8689985fc9-t5bnw method=POST path=/api/translations status=200 durationMs=435
[pod/gateway-8689985fc9-t5bnw/gateway] 2026-10-05T15:49:19.138+00:00 INFO  http.request requestId=c922feda-1c26-41f4-abe7-7f27aa51eb71 role=api pod=gateway-8689985fc9-t5bnw method=POST path=/api/translations status=200 durationMs=579
[pod/gateway-8689985fc9-gpd27/gateway] 2026-10-05T15:49:19.125+00:00 INFO  http.request requestId=853ca20c-6b9a-47a4-ad4f-9908aba64e33 role=api pod=gateway-8689985fc9-gpd27 method=POST path=/api/transcriptions status=200 durationMs=670
[pod/gateway-8689985fc9-gpd27/gateway] 2026-10-05T15:49:19.131+00:00 INFO  http.request requestId=ac779bd1-6968-4c51-bef3-101b0ebcb6d8 role=api pod=gateway-8689985fc9-gpd27 method=POST path=/api/transcriptions status=200 durationMs=706
[pod/gateway-8689985fc9-gpd27/gateway] 2026-10-05T15:49:19.163+00:00 INFO  http.request requestId=c0650056-f7e9-4480-b13b-d22669927924 role=api pod=gateway-8689985fc9-gpd27 method=POST path=/api/translations status=200 durationMs=568
[pod/gateway-8689985fc9-t5bnw/gateway] 2026-10-05T15:49:19.162+00:00 INFO  http.request requestId=df1ff9a1-2f83-4802-83c4-2e62e742b6c4 role=api pod=gateway-8689985fc9-t5bnw method=POST path=/api/translations status=200 durationMs=425
[pod/gateway-8689985fc9-gpd27/gateway] 2026-10-05T15:49:19.188+00:00 INFO  http.request requestId=4963887f-3678-430b-b972-95a98cee0b2f role=api pod=gateway-8689985fc9-gpd27 method=POST path=/api/translations status=200 durationMs=524
[pod/gateway-8689985fc9-gpd27/gateway] 2026-10-05T15:49:19.194+00:00 INFO  http.request requestId=e41a8f32-da9d-46d0-87f8-f4a8a8bf5724 role=api pod=gateway-8689985fc9-gpd27 method=POST path=/api/transcriptions status=200 durationMs=678
[pod/gateway-8689985fc9-gpd27/gateway] 2026-10-05T15:49:19.201+00:00 INFO  http.request requestId=d1090055-17f7-4085-adb9-7a5c0c4c10ff role=api pod=gateway-8689985fc9-gpd27 method=POST path=/api/translations status=200 durationMs=589
[pod/gateway-8689985fc9-t5bnw/gateway] 2026-10-05T15:49:19.191+00:00 INFO  http.request requestId=9f2ee85e-1bf9-4b6c-b541-acf61e644e5f role=api pod=gateway-8689985fc9-t5bnw method=POST path=/api/translations status=200 durationMs=498
[pod/gateway-8689985fc9-t5bnw/gateway] 2026-10-05T15:49:19.202+00:00 INFO  http.request requestId=4b39e8a0-3a9d-43c2-afd9-85b5f07b3aa9 role=api pod=gateway-8689985fc9-t5bnw method=POST path=/api/translations status=200 durationMs=486
[pod/gateway-8689985fc9-t5bnw/gateway] 2026-10-05T15:49:19.207+00:00 INFO  http.request requestId=8004b45b-14ed-4f6e-b1e8-b1a743e23704 role=api pod=gateway-8689985fc9-t5bnw method=POST path=/api/transcriptions status=200 durationMs=887
[pod/gateway-8689985fc9-gpd27/gateway] 2026-10-05T15:49:19.219+00:00 INFO  http.request requestId=2e1fb27a-7d38-460c-abfe-2f51312cef37 role=api pod=gateway-8689985fc9-gpd27 method=POST path=/api/transcriptions status=200 durationMs=869
[pod/gateway-8689985fc9-t5bnw/gateway] 2026-10-05T15:49:19.226+00:00 INFO  http.request requestId=9eb6e664-925f-4c91-a193-03b149d58f2e role=api pod=gateway-8689985fc9-t5bnw method=POST path=/api/translations status=200 durationMs=561
[pod/gateway-8689985fc9-t5bnw/gateway] 2026-10-05T15:49:19.233+00:00 INFO  http.request requestId=3e404c8b-26a6-46f5-a372-08a0cd0d86e8 role=api pod=gateway-8689985fc9-t5bnw method=POST path=/api/transcriptions status=200 durationMs=764
[pod/gateway-8689985fc9-t5bnw/gateway] 2026-10-05T15:49:19.238+00:00 INFO  http.request requestId=3c9461f2-ca0e-492b-b09f-5f44e8b2e486 role=api pod=gateway-8689985fc9-t5bnw method=POST path=/api/translations status=200 durationMs=464
[pod/gateway-8689985fc9-t5bnw/gateway] 2026-10-05T15:49:19.259+00:00 INFO  http.request requestId=973d8e87-c907-4373-9019-5cb3026747bc role=api pod=gateway-8689985fc9-t5bnw method=POST path=/api/translations status=200 durationMs=511
[pod/gateway-8689985fc9-gpd27/gateway] 2026-10-05T15:49:19.268+00:00 INFO  http.request requestId=a7c97ac5-e42e-4a1d-a1ae-13a47c1238bc role=api pod=gateway-8689985fc9-gpd27 method=POST path=/api/transcriptions status=200 durationMs=903
[pod/gateway-8689985fc9-gpd27/gateway] 2026-10-05T15:49:19.275+00:00 INFO  http.request requestId=8fdbdcb7-a792-4b14-bd2f-93436081f9c1 role=api pod=gateway-8689985fc9-gpd27 method=POST path=/api/transcriptions status=200 durationMs=776
[pod/gateway-8689985fc9-t5bnw/gateway] 2026-10-05T15:49:19.267+00:00 INFO  http.request requestId=423c11dc-89a9-4483-ae70-f7fd87993666 role=api pod=gateway-8689985fc9-t5bnw method=POST path=/api/transcriptions status=200 durationMs=781
[pod/gateway-8689985fc9-t5bnw/gateway] 2026-10-05T15:49:19.284+00:00 INFO  http.request requestId=fa13b3bd-a323-4a59-b8f0-cbf77a65701b role=api pod=gateway-8689985fc9-t5bnw method=POST path=/api/transcriptions status=200 durationMs=874
[pod/gateway-8689985fc9-gpd27/gateway] 2026-10-05T15:49:19.295+00:00 INFO  http.request requestId=1408598e-3e16-4f33-b7c1-c1ecc1f631b0 role=api pod=gateway-8689985fc9-gpd27 method=POST path=/api/transcriptions status=200 durationMs=615
[pod/gateway-8689985fc9-gpd27/gateway] 2026-10-05T15:49:19.304+00:00 INFO  http.request requestId=14a1761a-7905-4a04-ae8e-484581bc9a3e role=api pod=gateway-8689985fc9-gpd27 method=POST path=/api/translations status=200 durationMs=609
[pod/gateway-8689985fc9-gpd27/gateway] 2026-10-05T15:49:19.315+00:00 INFO  http.request requestId=5cb3a382-b838-4cb5-a072-5dbd0f72e528 role=api pod=gateway-8689985fc9-gpd27 method=POST path=/api/transcriptions status=200 durationMs=709
[pod/gateway-8689985fc9-gpd27/gateway] 2026-10-05T15:49:19.333+00:00 INFO  http.request requestId=82ff8e6d-0bbd-49bd-b7ad-31cba18f227c role=api pod=gateway-8689985fc9-gpd27 method=POST path=/api/translations status=200 durationMs=497
[pod/gateway-8689985fc9-t5bnw/gateway] 2026-10-05T15:49:19.327+00:00 INFO  http.request requestId=45d337a9-37b5-40be-99f9-ecce4906d290 role=api pod=gateway-8689985fc9-t5bnw method=POST path=/api/transcriptions status=200 durationMs=738
[pod/gateway-8689985fc9-t5bnw/gateway] 2026-10-05T15:49:19.348+00:00 INFO  http.request requestId=8e50ca2f-655a-4f67-bf0f-7cc3de338f6a role=api pod=gateway-8689985fc9-t5bnw method=POST path=/api/transcriptions status=200 durationMs=908
[pod/gateway-8689985fc9-gpd27/gateway] 2026-10-05T15:49:19.348+00:00 INFO  http.request requestId=db3a6e6d-7daf-4a72-be65-e3a779bdcc60 role=api pod=gateway-8689985fc9-gpd27 method=POST path=/api/translations status=200 durationMs=423
[pod/gateway-8689985fc9-gpd27/gateway] 2026-10-05T15:49:19.379+00:00 INFO  http.request requestId=578e8f54-5931-406e-b86c-45b0e2b16794 role=api pod=gateway-8689985fc9-gpd27 method=POST path=/api/transcriptions status=200 durationMs=624
[pod/gateway-8689985fc9-t5bnw/gateway] 2026-10-05T15:49:19.389+00:00 INFO  http.request requestId=558eb20f-2f9f-4e32-8f23-41b1e4ae8305 role=api pod=gateway-8689985fc9-t5bnw method=POST path=/api/translations status=200 durationMs=597
[pod/gateway-8689985fc9-gpd27/gateway] 2026-10-05T15:49:19.385+00:00 INFO  http.request requestId=9ace3c3a-2fef-4c36-b0ba-f65b73ba47b3 role=api pod=gateway-8689985fc9-gpd27 method=POST path=/api/transcriptions status=200 durationMs=809
[pod/gateway-8689985fc9-gpd27/gateway] 2026-10-05T15:49:19.394+00:00 INFO  http.request requestId=ece1cb27-83a6-4a23-9bf9-d4f2a55a9bc4 role=api pod=gateway-8689985fc9-gpd27 method=POST path=/api/translations status=200 durationMs=480
[pod/gateway-8689985fc9-gpd27/gateway] 2026-10-05T15:49:19.414+00:00 INFO  http.request requestId=6bc0b352-2d42-4dfd-8a23-62ab56e52aa0 role=api pod=gateway-8689985fc9-gpd27 method=POST path=/api/transcriptions status=200 durationMs=748
[pod/gateway-8689985fc9-gpd27/gateway] 2026-10-05T15:49:19.414+00:00 INFO  http.request requestId=341b22f8-3b78-409d-a0f5-3dfe4bb07c34 role=api pod=gateway-8689985fc9-gpd27 method=POST path=/api/transcriptions status=200 durationMs=855
[pod/gateway-8689985fc9-gpd27/gateway] 2026-10-05T15:49:19.425+00:00 INFO  http.request requestId=67254236-e2c4-48b4-84ba-2419cfe21b13 role=api pod=gateway-8689985fc9-gpd27 method=POST path=/api/transcriptions status=200 durationMs=895
[pod/gateway-8689985fc9-t5bnw/gateway] 2026-10-05T15:49:19.402+00:00 INFO  http.request requestId=9fdc7d00-b3b7-4cdb-bb34-5fa4d89312a0 role=api pod=gateway-8689985fc9-t5bnw method=POST path=/api/translations status=200 durationMs=556
[pod/gateway-8689985fc9-gpd27/gateway] 2026-10-05T15:49:19.433+00:00 INFO  http.request requestId=c6c581fe-c9ba-448c-9ce0-85bd1ebeb857 role=api pod=gateway-8689985fc9-gpd27 method=POST path=/api/transcriptions status=200 durationMs=647
[pod/gateway-8689985fc9-gpd27/gateway] 2026-10-05T15:49:19.437+00:00 INFO  http.request requestId=d6666bc0-2991-4465-bd8a-a598dfa63479 role=api pod=gateway-8689985fc9-gpd27 method=POST path=/api/transcriptions status=200 durationMs=817
[pod/gateway-8689985fc9-gpd27/gateway] 2026-10-05T15:49:19.438+00:00 INFO  http.request requestId=378a6503-fb39-4135-8402-be8ee89ccfb7 role=api pod=gateway-8689985fc9-gpd27 method=POST path=/api/translations status=200 durationMs=496
[pod/gateway-8689985fc9-gpd27/gateway] 2026-10-05T15:49:19.447+00:00 INFO  http.request requestId=75e0807b-9b9b-417e-9ff4-1430a282db13 role=api pod=gateway-8689985fc9-gpd27 method=POST path=/api/transcriptions status=200 durationMs=646
[pod/gateway-8689985fc9-gpd27/gateway] 2026-10-05T15:49:19.447+00:00 INFO  http.request requestId=8c8c29e5-4f59-4ba5-ba70-7efbf81fdca5 role=api pod=gateway-8689985fc9-gpd27 method=POST path=/api/transcriptions status=200 durationMs=901
[pod/gateway-8689985fc9-gpd27/gateway] 2026-10-05T15:49:19.448+00:00 INFO  http.request requestId=49255e9a-fa6e-4284-80b2-7c843f5414fe role=api pod=gateway-8689985fc9-gpd27 method=POST path=/api/transcriptions status=200 durationMs=797
[pod/gateway-8689985fc9-gpd27/gateway] 2026-10-05T15:49:19.451+00:00 INFO  http.request requestId=01f67296-0d43-475b-bde7-7f7a73a1ac23 role=api pod=gateway-8689985fc9-gpd27 method=POST path=/api/transcriptions status=200 durationMs=740
[pod/gateway-8689985fc9-gpd27/gateway] 2026-10-05T15:49:19.452+00:00 INFO  http.request requestId=1071057d-a63b-4155-83e5-7e489f9ca075 role=api pod=gateway-8689985fc9-gpd27 method=POST path=/api/translations status=200 durationMs=606
[pod/gateway-8689985fc9-gpd27/gateway] 2026-10-05T15:49:19.467+00:00 INFO  http.request requestId=116f9b17-ceb5-4876-8011-8657dc1060ad role=api pod=gateway-8689985fc9-gpd27 method=POST path=/api/transcriptions status=200 durationMs=637
[pod/gateway-8689985fc9-t5bnw/gateway] 2026-10-05T15:49:19.445+00:00 INFO  http.request requestId=38f79296-5c19-4b63-a940-c0c70a4e4ba8 role=api pod=gateway-8689985fc9-t5bnw method=POST path=/api/translations status=200 durationMs=534
[pod/gateway-8689985fc9-t5bnw/gateway] 2026-10-05T15:49:19.451+00:00 INFO  http.request requestId=a47ef223-1681-42df-a903-e714d9f7f3f1 role=api pod=gateway-8689985fc9-t5bnw method=POST path=/api/transcriptions status=200 durationMs=756
[pod/gateway-8689985fc9-t5bnw/gateway] 2026-10-05T15:49:19.467+00:00 INFO  http.request requestId=e7a39a39-f85e-4023-8b51-642cfcb92822 role=api pod=gateway-8689985fc9-t5bnw method=POST path=/api/transcriptions status=200 durationMs=741
[pod/gateway-8689985fc9-t5bnw/gateway] 2026-10-05T15:49:19.479+00:00 INFO  http.request requestId=7c813d20-83ad-43cd-8e7e-c85b23800f57 role=api pod=gateway-8689985fc9-t5bnw method=POST path=/api/translations status=200 durationMs=519
[pod/gateway-8689985fc9-t5bnw/gateway] 2026-10-05T15:49:19.483+00:00 INFO  http.request requestId=a1c8678e-345b-4b70-b5c2-3ceabd0d2519 role=api pod=gateway-8689985fc9-t5bnw method=POST path=/api/translations status=200 durationMs=466
[pod/gateway-8689985fc9-gpd27/gateway] 2026-10-05T15:49:19.500+00:00 INFO  http.request requestId=d502747b-a464-49bc-a5d5-c62fc59daeab role=api pod=gateway-8689985fc9-gpd27 method=POST path=/api/transcriptions status=200 durationMs=759
[pod/gateway-8689985fc9-gpd27/gateway] 2026-10-05T15:49:19.510+00:00 INFO  http.request requestId=3995301d-58d6-4dfc-89bd-0b9908c84d91 role=api pod=gateway-8689985fc9-gpd27 method=POST path=/api/transcriptions status=200 durationMs=875
[pod/gateway-8689985fc9-gpd27/gateway] 2026-10-05T15:49:19.519+00:00 INFO  http.request requestId=7ed37c54-69c6-49c2-a652-922802f97f91 role=api pod=gateway-8689985fc9-gpd27 method=POST path=/api/translations status=200 durationMs=439
[pod/gateway-8689985fc9-t5bnw/gateway] 2026-10-05T15:49:19.503+00:00 INFO  http.request requestId=b5ed6dc9-97e7-4809-9f96-6e77a1d35fc9 role=api pod=gateway-8689985fc9-t5bnw method=POST path=/api/translations status=200 durationMs=413
[pod/gateway-8689985fc9-t5bnw/gateway] 2026-10-05T15:49:19.522+00:00 INFO  http.request requestId=9152ca94-1394-4b39-9391-260d8ce263fc role=api pod=gateway-8689985fc9-t5bnw method=POST path=/api/transcriptions status=200 durationMs=707
[pod/gateway-8689985fc9-gpd27/gateway] 2026-10-05T15:49:19.531+00:00 INFO  http.request requestId=76e6af23-1a51-4891-8e38-9ef5defe378e role=api pod=gateway-8689985fc9-gpd27 method=POST path=/api/translations status=200 durationMs=418
[pod/gateway-8689985fc9-gpd27/gateway] 2026-10-05T15:49:19.532+00:00 INFO  http.request requestId=53ce13ef-3684-4409-804a-770b2b967fa2 role=api pod=gateway-8689985fc9-gpd27 method=POST path=/api/transcriptions status=200 durationMs=613
[pod/gateway-8689985fc9-t5bnw/gateway] 2026-10-05T15:49:19.536+00:00 INFO  http.request requestId=8e9fb158-ffa6-492c-964d-7e07d5b8d7ce role=api pod=gateway-8689985fc9-t5bnw method=POST path=/api/transcriptions status=200 durationMs=661
[pod/gateway-8689985fc9-t5bnw/gateway] 2026-10-05T15:49:19.552+00:00 INFO  http.request requestId=c0827726-5138-43dd-95cc-fc968aff475b role=api pod=gateway-8689985fc9-t5bnw method=POST path=/api/translations status=200 durationMs=555
[pod/gateway-8689985fc9-t5bnw/gateway] 2026-10-05T15:49:19.564+00:00 INFO  http.request requestId=c5514301-3c49-42cb-aa0a-45f5e9de631e role=api pod=gateway-8689985fc9-t5bnw method=POST path=/api/translations status=200 durationMs=526
[pod/gateway-8689985fc9-gpd27/gateway] 2026-10-05T15:49:19.561+00:00 INFO  http.request requestId=d4e49556-40b3-4a33-aae1-d6a0ba326c28 role=api pod=gateway-8689985fc9-gpd27 method=POST path=/api/translations status=200 durationMs=569
[pod/gateway-8689985fc9-gpd27/gateway] 2026-10-05T15:49:19.596+00:00 INFO  http.request requestId=9f22fffd-e4ae-4b62-a388-d9cf23eb276d role=api pod=gateway-8689985fc9-gpd27 method=POST path=/api/transcriptions status=200 durationMs=661
[pod/gateway-8689985fc9-gpd27/gateway] 2026-10-05T15:49:19.598+00:00 INFO  http.request requestId=08a01cec-ab90-4f1b-be73-714ea6e143d3 role=api pod=gateway-8689985fc9-gpd27 method=POST path=/api/transcriptions status=200 durationMs=828
[pod/gateway-8689985fc9-gpd27/gateway] 2026-10-05T15:49:19.615+00:00 INFO  http.request requestId=879971c5-829c-4620-ab05-bf8ea4efa7cd role=api pod=gateway-8689985fc9-gpd27 method=POST path=/api/translations status=200 durationMs=573
[pod/gateway-8689985fc9-gpd27/gateway] 2026-10-05T15:49:19.623+00:00 INFO  http.request requestId=7baa83dd-371a-487e-8d40-d07fae328c77 role=api pod=gateway-8689985fc9-gpd27 method=POST path=/api/transcriptions status=200 durationMs=778
[pod/gateway-8689985fc9-t5bnw/gateway] 2026-10-05T15:49:19.611+00:00 INFO  http.request requestId=176fc50e-e0a6-4d3a-995b-d6e47e5ebe29 role=api pod=gateway-8689985fc9-t5bnw method=POST path=/api/transcriptions status=200 durationMs=720
[pod/gateway-8689985fc9-t5bnw/gateway] 2026-10-05T15:49:19.615+00:00 INFO  http.request requestId=8931af64-2914-4818-830c-f6e311639495 role=api pod=gateway-8689985fc9-t5bnw method=POST path=/api/translations status=200 durationMs=526
[pod/gateway-8689985fc9-t5bnw/gateway] 2026-10-05T15:49:19.618+00:00 INFO  http.request requestId=5b4fc139-f0ff-49f8-8871-50c4f760cf0a role=api pod=gateway-8689985fc9-t5bnw method=POST path=/api/translations status=200 durationMs=421
[pod/gateway-8689985fc9-t5bnw/gateway] 2026-10-05T15:49:19.634+00:00 INFO  http.request requestId=139276bc-0195-468f-b733-a2cd4f78cfb6 role=api pod=gateway-8689985fc9-t5bnw method=POST path=/api/transcriptions status=200 durationMs=639
[pod/gateway-8689985fc9-gpd27/gateway] 2026-10-05T15:49:19.645+00:00 INFO  http.request requestId=c9a2c866-863f-43f5-b75d-5dc5133c848a role=api pod=gateway-8689985fc9-gpd27 method=POST path=/api/translations status=200 durationMs=546
[pod/gateway-8689985fc9-t5bnw/gateway] 2026-10-05T15:49:19.651+00:00 INFO  http.request requestId=5a16b9d7-efdc-491c-9626-a02a369e0903 role=api pod=gateway-8689985fc9-t5bnw method=POST path=/api/translations status=200 durationMs=524
[pod/gateway-8689985fc9-t5bnw/gateway] 2026-10-05T15:49:19.657+00:00 INFO  http.request requestId=ab22ce2c-6f05-4bfd-8632-857a75d8e12d role=api pod=gateway-8689985fc9-t5bnw method=POST path=/api/translations status=200 durationMs=423
[pod/gateway-8689985fc9-t5bnw/gateway] 2026-10-05T15:49:19.664+00:00 INFO  http.request requestId=cbfbf368-7f46-47bf-ac92-58989fdcc7c3 role=api pod=gateway-8689985fc9-t5bnw method=POST path=/api/translations status=200 durationMs=531
[pod/gateway-8689985fc9-t5bnw/gateway] 2026-10-05T15:49:19.676+00:00 INFO  http.request requestId=68bd1ddc-a67c-4b26-9036-c4d49c96b81c role=api pod=gateway-8689985fc9-t5bnw method=POST path=/api/translations status=200 durationMs=596
[pod/gateway-8689985fc9-t5bnw/gateway] 2026-10-05T15:49:19.678+00:00 INFO  http.request requestId=1627e3b6-d1b6-4b95-9b60-8b85587fb9a2 role=api pod=gateway-8689985fc9-t5bnw method=POST path=/api/translations status=200 durationMs=457
[pod/gateway-8689985fc9-t5bnw/gateway] 2026-10-05T15:49:19.681+00:00 INFO  http.request requestId=9c3e18f9-a86c-47f8-8d6d-ec804a16a01b role=api pod=gateway-8689985fc9-t5bnw method=POST path=/api/translations status=200 durationMs=557
[pod/gateway-8689985fc9-t5bnw/gateway] 2026-10-05T15:49:19.700+00:00 INFO  http.request requestId=a7319a26-7ec0-44a7-b4c2-622045ccc2a2 role=api pod=gateway-8689985fc9-t5bnw method=POST path=/api/transcriptions status=200 durationMs=646
[pod/gateway-8689985fc9-gpd27/gateway] 2026-10-05T15:49:19.710+00:00 INFO  http.request requestId=85824deb-6538-44eb-8322-2a8e782331dd role=api pod=gateway-8689985fc9-gpd27 method=POST path=/api/translations status=200 durationMs=502
[pod/gateway-8689985fc9-gpd27/gateway] 2026-10-05T15:49:19.712+00:00 INFO  http.request requestId=68f15af3-6ead-4b14-b7c3-16c208209000 role=api pod=gateway-8689985fc9-gpd27 method=POST path=/api/translations status=200 durationMs=604
[pod/gateway-8689985fc9-t5bnw/gateway] 2026-10-05T15:49:19.711+00:00 INFO  http.request requestId=072d9e8f-5832-4a74-9a21-2a06624edbe5 role=api pod=gateway-8689985fc9-t5bnw method=POST path=/api/translations status=200 durationMs=443
[pod/gateway-8689985fc9-gpd27/gateway] 2026-10-05T15:49:19.735+00:00 INFO  http.request requestId=9d9fbd52-2ea6-46c3-8764-c82a31cc0d37 role=api pod=gateway-8689985fc9-gpd27 method=POST path=/api/transcriptions status=200 durationMs=875
[pod/gateway-8689985fc9-gpd27/gateway] 2026-10-05T15:49:19.749+00:00 INFO  http.request requestId=d4906d8b-404d-45ca-9f01-a4d066da8c5c role=api pod=gateway-8689985fc9-gpd27 method=POST path=/api/translations status=200 durationMs=421
[pod/gateway-8689985fc9-t5bnw/gateway] 2026-10-05T15:49:19.734+00:00 INFO  http.request requestId=80da2e1d-ba25-4ce7-8420-eb8b1b295d58 role=api pod=gateway-8689985fc9-t5bnw method=POST path=/api/translations status=200 durationMs=439
[pod/gateway-8689985fc9-t5bnw/gateway] 2026-10-05T15:49:19.752+00:00 INFO  http.request requestId=f33344a0-e1d8-4414-8c58-fab460e6a1de role=api pod=gateway-8689985fc9-t5bnw method=POST path=/api/transcriptions status=200 durationMs=727
[pod/gateway-8689985fc9-t5bnw/gateway] 2026-10-05T15:49:19.778+00:00 INFO  http.request requestId=a5efbad6-707d-45f3-9e73-f0d21c4c9ad7 role=api pod=gateway-8689985fc9-t5bnw method=POST path=/api/translations status=200 durationMs=493
[pod/gateway-8689985fc9-t5bnw/gateway] 2026-10-05T15:49:19.781+00:00 INFO  http.request requestId=0b1deccf-3778-4294-a028-64f02a2b20e0 role=api pod=gateway-8689985fc9-t5bnw method=POST path=/api/transcriptions status=200 durationMs=815
[pod/gateway-8689985fc9-t5bnw/gateway] 2026-10-05T15:49:19.781+00:00 INFO  http.request requestId=73db6da9-7a2c-4e39-94f0-6bf87c7b38de role=api pod=gateway-8689985fc9-t5bnw method=POST path=/api/transcriptions status=200 durationMs=876
[pod/gateway-8689985fc9-t5bnw/gateway] 2026-10-05T15:49:19.795+00:00 INFO  http.request requestId=c069b337-d6b8-4344-a6a3-f670279e439b role=api pod=gateway-8689985fc9-t5bnw method=POST path=/api/transcriptions status=200 durationMs=755
[pod/gateway-8689985fc9-t5bnw/gateway] 2026-10-05T15:49:19.800+00:00 INFO  http.request requestId=2f2eba15-bd20-46ac-bf1c-b7a62786d3ac role=api pod=gateway-8689985fc9-t5bnw method=POST path=/api/transcriptions status=200 durationMs=12009
[pod/gateway-8689985fc9-t5bnw/gateway] 2026-10-05T15:49:19.822+00:00 INFO  http.request requestId=57c8d0b0-1b26-4603-8de6-cfb2963f5e2f role=api pod=gateway-8689985fc9-t5bnw method=POST path=/api/translations status=200 durationMs=551
[pod/gateway-8689985fc9-gpd27/gateway] 2026-10-05T15:49:19.814+00:00 INFO  http.request requestId=5abeac7f-4692-4861-8452-687f2d0ea97b role=api pod=gateway-8689985fc9-gpd27 method=POST path=/api/translations status=200 durationMs=538
[pod/gateway-8689985fc9-gpd27/gateway] 2026-10-05T15:49:19.816+00:00 INFO  http.request requestId=915b4ca7-20cc-4234-9e66-a71f3174da79 role=api pod=gateway-8689985fc9-gpd27 method=POST path=/api/transcriptions status=200 durationMs=731
[pod/gateway-8689985fc9-gpd27/gateway] 2026-10-05T15:49:19.817+00:00 INFO  http.request requestId=c8f47705-1d55-4f47-bd0d-fb27fbf110eb role=api pod=gateway-8689985fc9-gpd27 method=POST path=/api/translations status=200 durationMs=468
[pod/gateway-8689985fc9-gpd27/gateway] 2026-10-05T15:49:19.819+00:00 INFO  http.request requestId=a5b10f8b-f094-410c-8dad-5fb4f9051cd9 role=api pod=gateway-8689985fc9-gpd27 method=POST path=/api/transcriptions status=200 durationMs=838
[pod/gateway-8689985fc9-gpd27/gateway] 2026-10-05T15:49:19.827+00:00 INFO  http.request requestId=60ebd967-bfca-4302-8015-15b4144108f1 role=api pod=gateway-8689985fc9-gpd27 method=POST path=/api/transcriptions status=200 durationMs=727
[pod/gateway-8689985fc9-gpd27/gateway] 2026-10-05T15:49:19.834+00:00 INFO  http.request requestId=0ef8821b-9198-440b-bf81-4cef325c4291 role=api pod=gateway-8689985fc9-gpd27 method=POST path=/api/transcriptions status=200 durationMs=645
[pod/gateway-8689985fc9-gpd27/gateway] 2026-10-05T15:49:19.843+00:00 INFO  http.request requestId=ce3485ea-e89c-4018-b522-ffa64b6c2e4a role=api pod=gateway-8689985fc9-gpd27 method=POST path=/api/transcriptions status=200 durationMs=892
[pod/gateway-8689985fc9-gpd27/gateway] 2026-10-05T15:49:19.850+00:00 INFO  http.request requestId=16bc9e4c-cf4b-4045-a206-70a7eeca2a27 role=api pod=gateway-8689985fc9-gpd27 method=POST path=/api/transcriptions status=200 durationMs=840
[pod/gateway-8689985fc9-gpd27/gateway] 2026-10-05T15:49:19.855+00:00 INFO  http.request requestId=19fa9872-8b94-430f-9efd-270e853d3662 role=api pod=gateway-8689985fc9-gpd27 method=POST path=/api/translations status=200 durationMs=469
[pod/gateway-8689985fc9-gpd27/gateway] 2026-10-05T15:49:19.864+00:00 INFO  http.request requestId=946e7452-1979-4398-8dfa-1507a8db71a2 role=api pod=gateway-8689985fc9-gpd27 method=POST path=/api/translations status=200 durationMs=547
[pod/gateway-8689985fc9-t5bnw/gateway] 2026-10-05T15:49:19.868+00:00 INFO  http.request requestId=e17c2747-2335-4641-b9f4-0227815b7048 role=api pod=gateway-8689985fc9-t5bnw method=POST path=/api/translations status=200 durationMs=419
[pod/gateway-8689985fc9-gpd27/gateway] 2026-10-05T15:49:19.905+00:00 INFO  http.request requestId=5cba3989-d350-4331-b902-a6c450b727af role=api pod=gateway-8689985fc9-gpd27 method=POST path=/api/transcriptions status=200 durationMs=684
[pod/gateway-8689985fc9-t5bnw/gateway] 2026-10-05T15:49:19.897+00:00 INFO  http.request requestId=86f3e497-1b38-4117-a194-017e32d64869 role=api pod=gateway-8689985fc9-t5bnw method=POST path=/api/translations status=200 durationMs=516
[pod/gateway-8689985fc9-gpd27/gateway] 2026-10-05T15:49:19.913+00:00 INFO  http.request requestId=67333676-a46f-4909-95de-1aeceb18ecff role=api pod=gateway-8689985fc9-gpd27 method=POST path=/api/transcriptions status=200 durationMs=768
[pod/gateway-8689985fc9-gpd27/gateway] 2026-10-05T15:49:19.917+00:00 INFO  http.request requestId=b579d9b4-13c3-4a1a-9bf2-b2643ba8eadc role=api pod=gateway-8689985fc9-gpd27 method=POST path=/api/translations status=200 durationMs=467
[pod/gateway-8689985fc9-gpd27/gateway] 2026-10-05T15:49:19.924+00:00 INFO  http.request requestId=1c0f9f17-7f70-45e7-ba6c-5da9b93edaf4 role=api pod=gateway-8689985fc9-gpd27 method=POST path=/api/translations status=200 durationMs=487
[pod/gateway-8689985fc9-gpd27/gateway] 2026-10-05T15:49:19.927+00:00 INFO  http.request requestId=fa824587-aeba-4d63-8610-254db9882d03 role=api pod=gateway-8689985fc9-gpd27 method=POST path=/api/translations status=200 durationMs=473
[pod/gateway-8689985fc9-t5bnw/gateway] 2026-10-05T15:49:19.914+00:00 INFO  http.request requestId=c3b45d10-fc7f-4c02-b0de-c963fe937028 role=api pod=gateway-8689985fc9-t5bnw method=POST path=/api/transcriptions status=200 durationMs=664
[pod/gateway-8689985fc9-t5bnw/gateway] 2026-10-05T15:49:19.919+00:00 INFO  http.request requestId=25042781-fcb9-4891-ab33-85e90b553615 role=api pod=gateway-8689985fc9-t5bnw method=POST path=/api/transcriptions status=200 durationMs=758
[pod/gateway-8689985fc9-gpd27/gateway] 2026-10-05T15:49:19.943+00:00 INFO  http.request requestId=faf02434-68a4-4e5f-8b90-c158ae4ad8fa role=api pod=gateway-8689985fc9-gpd27 method=POST path=/api/translations status=200 durationMs=527
[pod/gateway-8689985fc9-gpd27/gateway] 2026-10-05T15:49:19.961+00:00 INFO  http.request requestId=dc6df3a4-9339-422f-aa5a-0392ba1a7581 role=api pod=gateway-8689985fc9-gpd27 method=POST path=/api/translations status=200 durationMs=507
[pod/gateway-8689985fc9-gpd27/gateway] 2026-10-05T15:49:19.967+00:00 INFO  http.request requestId=ad0f6563-e415-441e-be4a-a5d44003d74b role=api pod=gateway-8689985fc9-gpd27 method=POST path=/api/transcriptions status=200 durationMs=852
[pod/gateway-8689985fc9-t5bnw/gateway] 2026-10-05T15:49:19.958+00:00 INFO  http.request requestId=947c7a85-f20c-419d-9a10-a95bd47083b9 role=api pod=gateway-8689985fc9-t5bnw method=POST path=/api/translations status=200 durationMs=489
[pod/gateway-8689985fc9-t5bnw/gateway] 2026-10-05T15:49:19.961+00:00 INFO  http.request requestId=da997b96-031d-4256-8d99-e1febb7c0de7 role=api pod=gateway-8689985fc9-t5bnw method=POST path=/api/translations status=200 durationMs=547
[pod/gateway-8689985fc9-t5bnw/gateway] 2026-10-05T15:49:19.976+00:00 INFO  http.request requestId=4e7751c3-9c56-4d2d-89b1-968f2846eae5 role=api pod=gateway-8689985fc9-t5bnw method=POST path=/api/transcriptions status=200 durationMs=907
[pod/gateway-8689985fc9-t5bnw/gateway] 2026-10-05T15:49:19.982+00:00 INFO  http.request requestId=53267027-458f-4066-b1e3-9e7c3b04e87f role=api pod=gateway-8689985fc9-t5bnw method=POST path=/api/translations status=200 durationMs=448
[pod/gateway-8689985fc9-gpd27/gateway] 2026-10-05T15:49:19.996+00:00 INFO  http.request requestId=918af250-2448-4957-8b5f-a18d87239f7e role=api pod=gateway-8689985fc9-gpd27 method=POST path=/api/translations status=200 durationMs=570
[pod/gateway-8689985fc9-gpd27/gateway] 2026-10-05T15:49:20.002+00:00 INFO  http.request requestId=4671cbb2-d20d-4ba4-a308-01115d6725c8 role=api pod=gateway-8689985fc9-gpd27 method=POST path=/api/translations status=200 durationMs=553
[pod/gateway-8689985fc9-gpd27/gateway] 2026-10-05T15:49:20.013+00:00 INFO  http.request requestId=94cbbaee-17cb-44f9-9126-6eb85866cf67 role=api pod=gateway-8689985fc9-gpd27 method=POST path=/api/translations status=200 durationMs=491
[pod/gateway-8689985fc9-gpd27/gateway] 2026-10-05T15:49:20.016+00:00 INFO  http.request requestId=28d5f136-28f2-4d46-a9cc-229e6320bc72 role=api pod=gateway-8689985fc9-gpd27 method=POST path=/api/transcriptions status=200 durationMs=885
[pod/gateway-8689985fc9-gpd27/gateway] 2026-10-05T15:49:20.022+00:00 INFO  http.request requestId=306d4493-a5e1-4df6-9134-01d75342d1b0 role=api pod=gateway-8689985fc9-gpd27 method=POST path=/api/transcriptions status=200 durationMs=711
[pod/gateway-8689985fc9-t5bnw/gateway] 2026-10-05T15:49:20.007+00:00 INFO  http.request requestId=71dad1cd-66f6-4754-b57f-3b323c359d81 role=api pod=gateway-8689985fc9-t5bnw method=POST path=/api/transcriptions status=200 durationMs=832
[pod/gateway-8689985fc9-t5bnw/gateway] 2026-10-05T15:49:20.008+00:00 INFO  http.request requestId=a4d5b90c-1eb3-4c83-a8fe-483c31d26aba role=api pod=gateway-8689985fc9-t5bnw method=POST path=/api/transcriptions status=200 durationMs=773
[pod/gateway-8689985fc9-t5bnw/gateway] 2026-10-05T15:49:20.013+00:00 INFO  http.request requestId=52c10bde-11c4-4ba5-988e-92263ba2a906 role=api pod=gateway-8689985fc9-t5bnw method=POST path=/api/translations status=200 durationMs=502
[pod/gateway-8689985fc9-t5bnw/gateway] 2026-10-05T15:49:20.031+00:00 INFO  http.request requestId=aa82805d-b4d2-43b5-a8e0-c697936636e3 role=api pod=gateway-8689985fc9-t5bnw method=POST path=/api/translations status=200 durationMs=596
[pod/gateway-8689985fc9-t5bnw/gateway] 2026-10-05T15:49:20.037+00:00 INFO  http.request requestId=91cc2308-5030-4173-a14d-7540548672b7 role=api pod=gateway-8689985fc9-t5bnw method=POST path=/api/transcriptions status=200 durationMs=696
[pod/gateway-8689985fc9-gpd27/gateway] 2026-10-05T15:49:20.037+00:00 INFO  http.request requestId=079a2d59-c52f-41e9-a0cd-fe5838176f77 role=api pod=gateway-8689985fc9-gpd27 method=POST path=/api/translations status=200 durationMs=439
[pod/gateway-8689985fc9-gpd27/gateway] 2026-10-05T15:49:20.043+00:00 INFO  http.request requestId=6fb22f42-dadb-487e-b715-22bdf1bf9fe5 role=api pod=gateway-8689985fc9-gpd27 method=POST path=/api/transcriptions status=200 durationMs=778
[pod/gateway-8689985fc9-gpd27/gateway] 2026-10-05T15:49:20.044+00:00 INFO  http.request requestId=960fe324-0fd3-409a-9cd4-ab0d837c5402 role=api pod=gateway-8689985fc9-gpd27 method=POST path=/api/translations status=200 durationMs=573
[pod/gateway-8689985fc9-gpd27/gateway] 2026-10-05T15:49:20.060+00:00 INFO  http.request requestId=7ff97518-4105-45ff-b38d-d1dd9ff96065 role=api pod=gateway-8689985fc9-gpd27 method=POST path=/api/translations status=200 durationMs=522
[pod/gateway-8689985fc9-t5bnw/gateway] 2026-10-05T15:49:20.057+00:00 INFO  http.request requestId=5dbbdece-c236-4ef0-ac18-a41bb26c688e role=api pod=gateway-8689985fc9-t5bnw method=POST path=/api/translations status=200 durationMs=432
[pod/gateway-8689985fc9-t5bnw/gateway] 2026-10-05T15:49:20.066+00:00 INFO  http.request requestId=9a535ded-28fe-4c0e-82bc-dc7d41f146c7 role=api pod=gateway-8689985fc9-t5bnw method=POST path=/api/translations status=200 durationMs=565
[pod/gateway-8689985fc9-gpd27/gateway] 2026-10-05T15:49:20.070+00:00 INFO  http.request requestId=a9975e47-b230-435d-a5ca-20d707ced37f role=api pod=gateway-8689985fc9-gpd27 method=POST path=/api/transcriptions status=200 durationMs=865
[pod/gateway-8689985fc9-gpd27/gateway] 2026-10-05T15:49:20.119+00:00 INFO  http.request requestId=93249021-3302-46d0-aa1c-128ae553e0cf role=api pod=gateway-8689985fc9-gpd27 method=POST path=/api/transcriptions status=200 durationMs=839
[pod/gateway-8689985fc9-t5bnw/gateway] 2026-10-05T15:49:20.101+00:00 INFO  http.request requestId=101be93d-df5d-4e3c-bade-d2ba8fcd7e14 role=api pod=gateway-8689985fc9-t5bnw method=POST path=/api/translations status=200 durationMs=503
[pod/gateway-8689985fc9-t5bnw/gateway] 2026-10-05T15:49:20.122+00:00 INFO  http.request requestId=90076276-744b-4871-9b21-16c76faaef14 role=api pod=gateway-8689985fc9-t5bnw method=POST path=/api/translations status=200 durationMs=509
[pod/gateway-8689985fc9-t5bnw/gateway] 2026-10-05T15:49:20.124+00:00 INFO  http.request requestId=f8e2cb5b-d549-4946-915c-aa9d319b5ace role=api pod=gateway-8689985fc9-t5bnw method=POST path=/api/translations status=200 durationMs=489
[pod/gateway-8689985fc9-gpd27/gateway] 2026-10-05T15:49:20.159+00:00 INFO  http.request requestId=da80930a-0255-46e6-9045-db2070a5e9d6 role=api pod=gateway-8689985fc9-gpd27 method=POST path=/api/transcriptions status=200 durationMs=608
[pod/gateway-8689985fc9-t5bnw/gateway] 2026-10-05T15:49:20.153+00:00 INFO  http.request requestId=328b0a5c-1ed4-40b1-8f15-c84d68ce48c6 role=api pod=gateway-8689985fc9-t5bnw method=POST path=/api/transcriptions status=200 durationMs=797
[pod/gateway-8689985fc9-gpd27/gateway] 2026-10-05T15:49:20.179+00:00 INFO  http.request requestId=d45e7903-f1cd-4196-95bd-b297c751e272 role=api pod=gateway-8689985fc9-gpd27 method=POST path=/api/transcriptions status=200 durationMs=673
[pod/gateway-8689985fc9-gpd27/gateway] 2026-10-05T15:49:20.188+00:00 INFO  http.request requestId=6b58594d-f9c9-4f0e-ac33-e981e2a58f04 role=api pod=gateway-8689985fc9-gpd27 method=POST path=/api/transcriptions status=200 durationMs=864
[pod/gateway-8689985fc9-t5bnw/gateway] 2026-10-05T15:49:20.180+00:00 INFO  http.request requestId=ebc586d6-244c-4da1-b441-02159f37ab85 role=api pod=gateway-8689985fc9-t5bnw method=POST path=/api/transcriptions status=200 durationMs=885
[pod/gateway-8689985fc9-t5bnw/gateway] 2026-10-05T15:49:20.203+00:00 INFO  http.request requestId=21004307-18c6-4f72-95ce-b1783511f689 role=api pod=gateway-8689985fc9-t5bnw method=POST path=/api/translations status=200 durationMs=406
[pod/gateway-8689985fc9-gpd27/gateway] 2026-10-05T15:49:20.203+00:00 INFO  http.request requestId=4c9dbd02-09cc-490c-9065-a42f9c87a8a3 role=api pod=gateway-8689985fc9-gpd27 method=POST path=/api/transcriptions status=200 durationMs=727
[pod/gateway-8689985fc9-gpd27/gateway] 2026-10-05T15:49:20.229+00:00 INFO  http.request requestId=46b11844-b160-4af5-8fff-72751d4476d0 role=api pod=gateway-8689985fc9-gpd27 method=POST path=/api/transcriptions status=200 durationMs=844
[pod/gateway-8689985fc9-t5bnw/gateway] 2026-10-05T15:49:20.219+00:00 INFO  http.request requestId=abf15b20-dacc-43e6-998d-504200d6ae38 role=api pod=gateway-8689985fc9-t5bnw method=POST path=/api/transcriptions status=200 durationMs=849
[pod/gateway-8689985fc9-t5bnw/gateway] 2026-10-05T15:49:20.228+00:00 INFO  http.request requestId=147553f6-4b32-4354-b72b-76e09557af77 role=api pod=gateway-8689985fc9-t5bnw method=POST path=/api/translations status=200 durationMs=446
[pod/gateway-8689985fc9-t5bnw/gateway] 2026-10-05T15:49:20.235+00:00 INFO  http.request requestId=fd69008e-7307-4200-9ed8-1ca22b7ed17f role=api pod=gateway-8689985fc9-t5bnw method=POST path=/api/transcriptions status=200 durationMs=640
[pod/gateway-8689985fc9-gpd27/gateway] 2026-10-05T15:49:20.245+00:00 INFO  http.request requestId=bf846e0c-fd92-4932-8f04-3edd2ee9da4e role=api pod=gateway-8689985fc9-gpd27 method=POST path=/api/transcriptions status=200 durationMs=726
[pod/gateway-8689985fc9-t5bnw/gateway] 2026-10-05T15:49:20.263+00:00 INFO  http.request requestId=17ac75b9-3dd1-4eb0-9d5a-cc51af7325a9 role=api pod=gateway-8689985fc9-t5bnw method=POST path=/api/translations status=200 durationMs=412
[pod/gateway-8689985fc9-t5bnw/gateway] 2026-10-05T15:49:20.264+00:00 INFO  http.request requestId=4ffb9384-cf30-48b8-82e0-4e6b68dca34a role=api pod=gateway-8689985fc9-t5bnw method=POST path=/api/translations status=200 durationMs=464
[pod/gateway-8689985fc9-gpd27/gateway] 2026-10-05T15:49:20.281+00:00 INFO  http.request requestId=531258fc-2353-4abc-9520-9a22bbbb4897 role=api pod=gateway-8689985fc9-gpd27 method=POST path=/api/transcriptions status=200 durationMs=850
[pod/gateway-8689985fc9-gpd27/gateway] 2026-10-05T15:49:20.281+00:00 INFO  http.request requestId=167ea5e4-f883-420c-af94-c9d708e0262d role=api pod=gateway-8689985fc9-gpd27 method=POST path=/api/transcriptions status=200 durationMs=867
[pod/gateway-8689985fc9-gpd27/gateway] 2026-10-05T15:49:20.288+00:00 INFO  http.request requestId=fec2bc86-7650-4bc1-bc0c-a62084e7be44 role=api pod=gateway-8689985fc9-gpd27 method=POST path=/api/transcriptions status=200 durationMs=887
[pod/gateway-8689985fc9-gpd27/gateway] 2026-10-05T15:49:20.290+00:00 INFO  http.request requestId=5afc048d-295b-4b59-b060-92e6122ddddb role=api pod=gateway-8689985fc9-gpd27 method=POST path=/api/translations status=200 durationMs=554
[pod/gateway-8689985fc9-gpd27/gateway] 2026-10-05T15:49:20.294+00:00 INFO  http.request requestId=55983fb0-99ec-4119-b239-a143b6151fba role=api pod=gateway-8689985fc9-gpd27 method=POST path=/api/transcriptions status=200 durationMs=760
[pod/gateway-8689985fc9-gpd27/gateway] 2026-10-05T15:49:20.301+00:00 INFO  http.request requestId=7294f074-b193-4e09-8e24-f63a1ba1b760 role=api pod=gateway-8689985fc9-gpd27 method=POST path=/api/transcriptions status=200 durationMs=857
[pod/gateway-8689985fc9-t5bnw/gateway] 2026-10-05T15:49:20.282+00:00 INFO  http.request requestId=0f0efea5-8a60-42a8-a42f-6adc42277af8 role=api pod=gateway-8689985fc9-t5bnw method=POST path=/api/transcriptions status=200 durationMs=792
[pod/gateway-8689985fc9-t5bnw/gateway] 2026-10-05T15:49:20.283+00:00 INFO  http.request requestId=d67a069e-44ef-4c5b-ad80-3bef4641b019 role=api pod=gateway-8689985fc9-t5bnw method=POST path=/api/translations status=200 durationMs=581
[pod/gateway-8689985fc9-t5bnw/gateway] 2026-10-05T15:49:20.323+00:00 INFO  http.request requestId=0ed4e6c8-f467-47bc-ad3c-7013f191b09c role=api pod=gateway-8689985fc9-t5bnw method=POST path=/api/transcriptions status=200 durationMs=864
[pod/gateway-8689985fc9-t5bnw/gateway] 2026-10-05T15:49:20.336+00:00 INFO  http.request requestId=616ea04d-fdc6-4f83-a791-1e1675d9c2ef role=api pod=gateway-8689985fc9-t5bnw method=POST path=/api/translations status=200 durationMs=583
[pod/gateway-8689985fc9-t5bnw/gateway] 2026-10-05T15:49:20.350+00:00 INFO  http.request requestId=cb4cdaa6-3869-4167-8c31-2f6f6989103d role=api pod=gateway-8689985fc9-t5bnw method=POST path=/api/transcriptions status=200 durationMs=647
[pod/gateway-8689985fc9-gpd27/gateway] 2026-10-05T15:49:20.330+00:00 INFO  http.request requestId=cb881de4-e97d-4919-996f-8d3f14f7571b role=api pod=gateway-8689985fc9-gpd27 method=POST path=/api/translations status=200 durationMs=513
[pod/gateway-8689985fc9-gpd27/gateway] 2026-10-05T15:49:20.348+00:00 INFO  http.request requestId=fa69da37-b1b3-4b5f-afd8-6d7e749196e1 role=api pod=gateway-8689985fc9-gpd27 method=POST path=/api/translations status=200 durationMs=566
[pod/gateway-8689985fc9-t5bnw/gateway] 2026-10-05T15:49:20.375+00:00 INFO  http.request requestId=0f0e0b4f-b69f-4450-9eb2-2d3ae83a4760 role=api pod=gateway-8689985fc9-t5bnw method=POST path=/api/translations status=200 durationMs=467
[pod/gateway-8689985fc9-gpd27/gateway] 2026-10-05T15:49:20.370+00:00 INFO  http.request requestId=94e2fc4c-8d35-4366-99ff-703610c31b5b role=api pod=gateway-8689985fc9-gpd27 method=POST path=/api/translations status=200 durationMs=526
[pod/gateway-8689985fc9-gpd27/gateway] 2026-10-05T15:49:20.380+00:00 INFO  http.request requestId=0468efe8-88cd-4dc9-96ed-5dabe912c10d role=api pod=gateway-8689985fc9-gpd27 method=POST path=/api/transcriptions status=200 durationMs=755
[pod/gateway-8689985fc9-t5bnw/gateway] 2026-10-05T15:49:20.392+00:00 INFO  http.request requestId=abfb1792-0d12-4fa4-b67d-ea6360aef957 role=api pod=gateway-8689985fc9-t5bnw method=POST path=/api/transcriptions status=200 durationMs=677
[pod/gateway-8689985fc9-t5bnw/gateway] 2026-10-05T15:49:20.405+00:00 INFO  http.request requestId=b7c7fc2a-cfdc-4b1e-b0c2-4d653e4d3ba1 role=api pod=gateway-8689985fc9-t5bnw method=POST path=/api/transcriptions status=200 durationMs=720
[pod/gateway-8689985fc9-t5bnw/gateway] 2026-10-05T15:49:20.412+00:00 INFO  http.request requestId=41a12dec-49b0-417e-beea-4bad5d13e6f9 role=api pod=gateway-8689985fc9-t5bnw method=POST path=/api/transcriptions status=200 durationMs=668
[pod/gateway-8689985fc9-gpd27/gateway] 2026-10-05T15:49:20.386+00:00 INFO  http.request requestId=5e0bca91-1fed-4e3b-b888-cae1804a64d7 role=api pod=gateway-8689985fc9-gpd27 method=POST path=/api/translations status=200 durationMs=567
[pod/gateway-8689985fc9-gpd27/gateway] 2026-10-05T15:49:20.400+00:00 INFO  http.request requestId=0559dad2-6deb-4718-9a47-2dc3009b85cf role=api pod=gateway-8689985fc9-gpd27 method=POST path=/api/transcriptions status=200 durationMs=760
[pod/gateway-8689985fc9-gpd27/gateway] 2026-10-05T15:49:20.404+00:00 INFO  http.request requestId=a3bd2ef8-22e3-45d8-befb-f2fc1c2e500d role=api pod=gateway-8689985fc9-gpd27 method=POST path=/api/translations status=200 durationMs=568
[pod/gateway-8689985fc9-t5bnw/gateway] 2026-10-05T15:49:20.446+00:00 INFO  http.request requestId=646eb4b3-30f0-43df-b89b-1e7ea55c73a8 role=api pod=gateway-8689985fc9-t5bnw method=POST path=/api/transcriptions status=200 durationMs=866
[pod/gateway-8689985fc9-t5bnw/gateway] 2026-10-05T15:49:20.454+00:00 INFO  http.request requestId=cacbc848-be7f-44c4-8614-2353f0089483 role=api pod=gateway-8689985fc9-t5bnw method=POST path=/api/translations status=200 durationMs=435
[pod/gateway-8689985fc9-gpd27/gateway] 2026-10-05T15:49:20.425+00:00 INFO  http.request requestId=244a8f25-8cac-4f65-87d5-eebdbda9ac5d role=api pod=gateway-8689985fc9-gpd27 method=POST path=/api/transcriptions status=200 durationMs=755
[pod/gateway-8689985fc9-gpd27/gateway] 2026-10-05T15:49:20.428+00:00 INFO  http.request requestId=6c5bdbf4-d588-4403-9107-b392d762e6e7 role=api pod=gateway-8689985fc9-gpd27 method=POST path=/api/transcriptions status=200 durationMs=818
[pod/gateway-8689985fc9-gpd27/gateway] 2026-10-05T15:49:20.440+00:00 INFO  http.request requestId=7ab6490a-0595-4ff1-8903-b25f4367c69b role=api pod=gateway-8689985fc9-gpd27 method=POST path=/api/translations status=200 durationMs=610
[pod/gateway-8689985fc9-t5bnw/gateway] 2026-10-05T15:49:20.475+00:00 INFO  http.request requestId=b83f1c27-d8b8-41ba-ba91-fb590d2dd687 role=api pod=gateway-8689985fc9-t5bnw method=POST path=/api/transcriptions status=200 durationMs=685
[pod/gateway-8689985fc9-t5bnw/gateway] 2026-10-05T15:49:20.488+00:00 INFO  http.request requestId=ff61e61d-99d1-4145-bedd-de0300cae439 role=api pod=gateway-8689985fc9-t5bnw method=POST path=/api/translations status=200 durationMs=574
[pod/gateway-8689985fc9-gpd27/gateway] 2026-10-05T15:49:20.465+00:00 INFO  http.request requestId=36ca5264-b2da-4593-8598-be7b999fa6e5 role=api pod=gateway-8689985fc9-gpd27 method=POST path=/api/transcriptions status=200 durationMs=899
[pod/gateway-8689985fc9-gpd27/gateway] 2026-10-05T15:49:20.469+00:00 INFO  http.request requestId=83d1dcd3-f512-4757-b338-81f67699a154 role=api pod=gateway-8689985fc9-gpd27 method=POST path=/api/translations status=200 durationMs=554
[pod/gateway-8689985fc9-t5bnw/gateway] 2026-10-05T15:49:20.516+00:00 INFO  http.request requestId=aff90de1-9ac8-489d-a32a-4b03e0ea9ae4 role=api pod=gateway-8689985fc9-t5bnw method=POST path=/api/translations status=200 durationMs=549
[pod/gateway-8689985fc9-t5bnw/gateway] 2026-10-05T15:49:20.517+00:00 INFO  http.request requestId=19e49078-64b5-4ff8-9bcb-783ed0cf4104 role=api pod=gateway-8689985fc9-t5bnw method=POST path=/api/transcriptions status=200 durationMs=862
[pod/gateway-8689985fc9-t5bnw/gateway] 2026-10-05T15:49:20.522+00:00 INFO  http.request requestId=f31c892b-7c1a-4b11-bed5-c8ed1d5a520e role=api pod=gateway-8689985fc9-t5bnw method=POST path=/api/transcriptions status=200 durationMs=642
[pod/gateway-8689985fc9-t5bnw/gateway] 2026-10-05T15:49:20.524+00:00 INFO  http.request requestId=b972fc60-5c5a-46b8-8d06-81e7542284db role=api pod=gateway-8689985fc9-t5bnw method=POST path=/api/transcriptions status=200 durationMs=764
[pod/gateway-8689985fc9-t5bnw/gateway] 2026-10-05T15:49:20.535+00:00 INFO  http.request requestId=50a56790-06bc-4a3d-bdfd-c7609d6134d6 role=api pod=gateway-8689985fc9-t5bnw method=POST path=/api/translations status=200 durationMs=557
[pod/gateway-8689985fc9-gpd27/gateway] 2026-10-05T15:49:20.516+00:00 INFO  http.request requestId=dd3ff3d1-dbbc-4f89-afbe-928e1124a86a role=api pod=gateway-8689985fc9-gpd27 method=POST path=/api/translations status=200 durationMs=596
[pod/gateway-8689985fc9-gpd27/gateway] 2026-10-05T15:49:20.543+00:00 INFO  http.request requestId=8cdab369-fb76-49af-bf21-3e301cb92b88 role=api pod=gateway-8689985fc9-gpd27 method=POST path=/api/translations status=200 durationMs=534
[pod/gateway-8689985fc9-t5bnw/gateway] 2026-10-05T15:49:20.552+00:00 INFO  http.request requestId=9102b5e9-cb0f-4e77-81ad-4a6a80385e22 role=api pod=gateway-8689985fc9-t5bnw method=POST path=/api/translations status=200 durationMs=543
[pod/gateway-8689985fc9-gpd27/gateway] 2026-10-05T15:49:20.588+00:00 INFO  http.request requestId=56648206-c823-4410-a63d-81e4b9704b34 role=api pod=gateway-8689985fc9-gpd27 method=POST path=/api/translations status=200 durationMs=517
[pod/gateway-8689985fc9-gpd27/gateway] 2026-10-05T15:49:20.594+00:00 INFO  http.request requestId=ac56e5a8-ae95-41b3-b943-2493b404c164 role=api pod=gateway-8689985fc9-gpd27 method=POST path=/api/translations status=200 durationMs=471
[pod/gateway-8689985fc9-gpd27/gateway] 2026-10-05T15:49:20.596+00:00 INFO  http.request requestId=6dc0da02-839e-4a08-ae97-2ba346f2fea9 role=api pod=gateway-8689985fc9-gpd27 method=POST path=/api/transcriptions status=200 durationMs=747
[pod/gateway-8689985fc9-t5bnw/gateway] 2026-10-05T15:49:20.602+00:00 INFO  http.request requestId=63acca36-b6df-4df0-b396-b45cc5529fbe role=api pod=gateway-8689985fc9-t5bnw method=POST path=/api/translations status=200 durationMs=557
[pod/gateway-8689985fc9-t5bnw/gateway] 2026-10-05T15:49:20.617+00:00 INFO  http.request requestId=aafee477-4296-4175-95b9-714a816bcff1 role=api pod=gateway-8689985fc9-t5bnw method=POST path=/api/transcriptions status=200 durationMs=782
[pod/gateway-8689985fc9-t5bnw/gateway] 2026-10-05T15:49:20.622+00:00 INFO  http.request requestId=74a88521-d256-4196-8e3d-59f26285ade3 role=api pod=gateway-8689985fc9-t5bnw method=POST path=/api/translations status=200 durationMs=584
[pod/gateway-8689985fc9-t5bnw/gateway] 2026-10-05T15:49:20.628+00:00 INFO  http.request requestId=6cb946cf-2aef-4759-94e8-184641a8bfdd role=api pod=gateway-8689985fc9-t5bnw method=POST path=/api/transcriptions status=200 durationMs=898
[pod/gateway-8689985fc9-gpd27/gateway] 2026-10-05T15:49:20.618+00:00 INFO  http.request requestId=8e7a5384-98f5-424e-a1ea-c4df207b9fe3 role=api pod=gateway-8689985fc9-gpd27 method=POST path=/api/transcriptions status=200 durationMs=717
[pod/gateway-8689985fc9-gpd27/gateway] 2026-10-05T15:49:20.628+00:00 INFO  http.request requestId=fbceca6a-7fa6-4c16-b40b-a5c471c45390 role=api pod=gateway-8689985fc9-gpd27 method=POST path=/api/translations status=200 durationMs=448
[pod/gateway-8689985fc9-gpd27/gateway] 2026-10-05T15:49:20.633+00:00 INFO  http.request requestId=1743f7cf-7565-4cd2-8023-b90cab180619 role=api pod=gateway-8689985fc9-gpd27 method=POST path=/api/transcriptions status=200 durationMs=663
[pod/gateway-8689985fc9-gpd27/gateway] 2026-10-05T15:49:20.633+00:00 INFO  http.request requestId=f372e293-c4dd-4274-aa57-d2be3f76ebd0 role=api pod=gateway-8689985fc9-gpd27 method=POST path=/api/translations status=200 durationMs=601
[pod/gateway-8689985fc9-gpd27/gateway] 2026-10-05T15:49:20.634+00:00 INFO  http.request requestId=817d1af5-6051-4bd4-a44b-bb4d1d33cbe8 role=api pod=gateway-8689985fc9-gpd27 method=POST path=/api/translations status=200 durationMs=445
[pod/gateway-8689985fc9-gpd27/gateway] 2026-10-05T15:49:20.645+00:00 INFO  http.request requestId=089d26c8-aa68-478b-b43a-4b891a6004b3 role=api pod=gateway-8689985fc9-gpd27 method=POST path=/api/transcriptions status=200 durationMs=869
[pod/gateway-8689985fc9-gpd27/gateway] 2026-10-05T15:49:20.653+00:00 INFO  http.request requestId=de00dde5-7998-4934-b1ec-a00d734f9c00 role=api pod=gateway-8689985fc9-gpd27 method=POST path=/api/translations status=200 durationMs=3016
[pod/gateway-8689985fc9-t5bnw/gateway] 2026-10-05T15:49:20.654+00:00 INFO  http.request requestId=7cf9f4b2-7c64-4dd9-8e64-b920c6bcaa45 role=api pod=gateway-8689985fc9-t5bnw method=POST path=/api/transcriptions status=200 durationMs=848
[pod/gateway-8689985fc9-t5bnw/gateway] 2026-10-05T15:49:20.654+00:00 INFO  http.request requestId=a752113b-2609-4bd2-b693-ef35946d5d59 role=api pod=gateway-8689985fc9-t5bnw method=POST path=/api/translations status=200 durationMs=500
[pod/gateway-8689985fc9-t5bnw/gateway] 2026-10-05T15:49:20.681+00:00 INFO  http.request requestId=40b9e2cc-a5b4-4355-9c1e-f45fe5d338d2 role=api pod=gateway-8689985fc9-t5bnw method=POST path=/api/transcriptions status=200 durationMs=621
[pod/gateway-8689985fc9-t5bnw/gateway] 2026-10-05T15:49:20.693+00:00 INFO  http.request requestId=121e29d5-ce9f-495c-b423-602e6aab7d96 role=api pod=gateway-8689985fc9-t5bnw method=POST path=/api/translations status=200 durationMs=443
[pod/gateway-8689985fc9-gpd27/gateway] 2026-10-05T15:49:20.662+00:00 INFO  http.request requestId=13ce41bc-5022-4ce7-8097-f51b43d72c97 role=api pod=gateway-8689985fc9-gpd27 method=POST path=/api/translations status=200 durationMs=482
[pod/gateway-8689985fc9-gpd27/gateway] 2026-10-05T15:49:20.670+00:00 INFO  http.request requestId=aa6c4e73-bcc8-4f01-bc9a-bb41726b26c2 role=api pod=gateway-8689985fc9-gpd27 method=POST path=/api/transcriptions status=200 durationMs=849
[pod/gateway-8689985fc9-gpd27/gateway] 2026-10-05T15:49:20.685+00:00 INFO  http.request requestId=ee7645d4-d2b7-46cb-88bf-779480e50b79 role=api pod=gateway-8689985fc9-gpd27 method=POST path=/api/transcriptions status=200 durationMs=731
[pod/gateway-8689985fc9-gpd27/gateway] 2026-10-05T15:49:20.696+00:00 INFO  http.request requestId=72fd364f-5448-4746-8bdc-dd7752fa08b4 role=api pod=gateway-8689985fc9-gpd27 method=POST path=/api/translations status=200 durationMs=460
[pod/gateway-8689985fc9-gpd27/gateway] 2026-10-05T15:49:20.698+00:00 INFO  http.request requestId=b2907719-ede6-42b6-bd90-a364b77a316f role=api pod=gateway-8689985fc9-gpd27 method=POST path=/api/translations status=200 durationMs=416
[pod/gateway-8689985fc9-gpd27/gateway] 2026-10-05T15:49:20.699+00:00 INFO  http.request requestId=867aa6b5-d760-4941-9ac1-8cf7c44457c3 role=api pod=gateway-8689985fc9-gpd27 method=POST path=/api/translations status=200 durationMs=479
[pod/gateway-8689985fc9-gpd27/gateway] 2026-10-05T15:49:20.704+00:00 INFO  http.request requestId=96c15a88-bc0f-4f8c-82c3-100455bdfcc3 role=api pod=gateway-8689985fc9-gpd27 method=POST path=/api/transcriptions status=200 durationMs=793
[pod/gateway-8689985fc9-gpd27/gateway] 2026-10-05T15:49:20.720+00:00 INFO  http.request requestId=781704b0-9be2-4233-a613-9f395bd78ea1 role=api pod=gateway-8689985fc9-gpd27 method=POST path=/api/translations status=200 durationMs=425
[pod/gateway-8689985fc9-t5bnw/gateway] 2026-10-05T15:49:20.701+00:00 INFO  http.request requestId=2bd26da3-b352-4c2b-bbd2-6c88363bebe0 role=api pod=gateway-8689985fc9-t5bnw method=POST path=/api/translations status=200 durationMs=413
[pod/gateway-8689985fc9-t5bnw/gateway] 2026-10-05T15:49:20.713+00:00 INFO  http.request requestId=241dc3fa-3d2d-433d-b42d-38d0e28fa7da role=api pod=gateway-8689985fc9-t5bnw method=POST path=/api/translations status=200 durationMs=552
[pod/gateway-8689985fc9-t5bnw/gateway] 2026-10-05T15:49:20.718+00:00 INFO  http.request requestId=64387336-b46c-422a-958f-5fa1a01d4b2e role=api pod=gateway-8689985fc9-t5bnw method=POST path=/api/translations status=200 durationMs=436
[pod/gateway-8689985fc9-t5bnw/gateway] 2026-10-05T15:49:20.745+00:00 INFO  http.request requestId=f6e64f00-1cd7-489f-91a2-8519228df317 role=api pod=gateway-8689985fc9-t5bnw method=POST path=/api/transcriptions status=200 durationMs=655
[pod/gateway-8689985fc9-gpd27/gateway] 2026-10-05T15:49:20.732+00:00 INFO  http.request requestId=05f11a02-8ee4-4c80-bab1-7432660e04d2 role=api pod=gateway-8689985fc9-gpd27 method=POST path=/api/transcriptions status=200 durationMs=657
[pod/gateway-8689985fc9-gpd27/gateway] 2026-10-05T15:49:20.738+00:00 INFO  http.request requestId=15de508a-e8c7-41f3-9bec-cbbc2f50fce2 role=api pod=gateway-8689985fc9-gpd27 method=POST path=/api/transcriptions status=200 durationMs=873
[pod/gateway-8689985fc9-gpd27/gateway] 2026-10-05T15:49:20.753+00:00 INFO  http.request requestId=76d4bcef-a237-4f58-91c0-7154e3df8344 role=api pod=gateway-8689985fc9-gpd27 method=POST path=/api/transcriptions status=200 durationMs=721
[pod/gateway-8689985fc9-gpd27/gateway] 2026-10-05T15:49:20.757+00:00 INFO  http.request requestId=783bb339-0841-40d5-8cb7-8148a74a99e9 role=api pod=gateway-8689985fc9-gpd27 method=POST path=/api/translations status=200 durationMs=455
[pod/gateway-8689985fc9-gpd27/gateway] 2026-10-05T15:49:20.758+00:00 INFO  http.request requestId=02fa8bbb-3ff9-4d79-80a6-5273ad328694 role=api pod=gateway-8689985fc9-gpd27 method=POST path=/api/transcriptions status=200 durationMs=617
[pod/gateway-8689985fc9-t5bnw/gateway] 2026-10-05T15:49:20.793+00:00 INFO  http.request requestId=c04639b8-b3dc-479c-9b5c-8f3d0402ff5e role=api pod=gateway-8689985fc9-t5bnw method=POST path=/api/translations status=200 durationMs=563
[pod/gateway-8689985fc9-t5bnw/gateway] 2026-10-05T15:49:20.808+00:00 INFO  http.request requestId=47c4f6e2-030f-4a35-85ad-efe84b00874e role=api pod=gateway-8689985fc9-t5bnw method=POST path=/api/transcriptions status=200 durationMs=883
[pod/gateway-8689985fc9-t5bnw/gateway] 2026-10-05T15:49:20.808+00:00 INFO  http.request requestId=fe8aceca-c9d7-4253-b4be-f925a9c4c319 role=api pod=gateway-8689985fc9-t5bnw method=POST path=/api/translations status=200 durationMs=603
[pod/gateway-8689985fc9-t5bnw/gateway] 2026-10-05T15:49:20.808+00:00 INFO  http.request requestId=b52e8e36-ac23-45ca-8a44-396ca6599483 role=api pod=gateway-8689985fc9-t5bnw method=POST path=/api/translations status=200 durationMs=484
[pod/gateway-8689985fc9-t5bnw/gateway] 2026-10-05T15:49:20.815+00:00 INFO  http.request requestId=0568ddb9-93ea-417d-a304-20dd97d8dc49 role=api pod=gateway-8689985fc9-t5bnw method=POST path=/api/translations status=200 durationMs=464
[pod/gateway-8689985fc9-t5bnw/gateway] 2026-10-05T15:49:20.843+00:00 INFO  http.request requestId=53570138-386f-43f1-b482-d4818c28c855 role=api pod=gateway-8689985fc9-t5bnw method=POST path=/api/transcriptions status=200 durationMs=858
[pod/gateway-8689985fc9-gpd27/gateway] 2026-10-05T15:49:20.799+00:00 INFO  http.request requestId=9f02144a-58ee-4685-ac1d-ea62c20aa6f4 role=api pod=gateway-8689985fc9-gpd27 method=POST path=/api/transcriptions status=200 durationMs=799
[pod/gateway-8689985fc9-gpd27/gateway] 2026-10-05T15:49:20.807+00:00 INFO  http.request requestId=31d0b035-e0ee-457c-9ba3-a3fbcc9cd94e role=api pod=gateway-8689985fc9-gpd27 method=POST path=/api/translations status=200 durationMs=523
[pod/gateway-8689985fc9-gpd27/gateway] 2026-10-05T15:49:20.833+00:00 INFO  http.request requestId=b76355e3-44bf-4b9f-a40e-5f13fabc50a1 role=api pod=gateway-8689985fc9-gpd27 method=POST path=/api/transcriptions status=200 durationMs=892
[pod/gateway-8689985fc9-gpd27/gateway] 2026-10-05T15:49:20.850+00:00 INFO  http.request requestId=494d3049-a6ba-4e30-9c3e-4c3cad09975f role=api pod=gateway-8689985fc9-gpd27 method=POST path=/api/translations status=200 durationMs=457
[pod/gateway-8689985fc9-t5bnw/gateway] 2026-10-05T15:49:20.849+00:00 INFO  http.request requestId=7bc5ebc9-09dc-417e-8a7e-d66e7336363b role=api pod=gateway-8689985fc9-t5bnw method=POST path=/api/translations status=200 durationMs=422
[pod/gateway-8689985fc9-t5bnw/gateway] 2026-10-05T15:49:20.879+00:00 INFO  http.request requestId=618556b7-d942-4438-8586-5f11bca675e2 role=api pod=gateway-8689985fc9-t5bnw method=POST path=/api/translations status=200 durationMs=466
[pod/gateway-8689985fc9-gpd27/gateway] 2026-10-05T15:49:20.865+00:00 INFO  http.request requestId=63b60333-eb33-43e7-a1d0-8773c0fa80a3 role=api pod=gateway-8689985fc9-gpd27 method=POST path=/api/transcriptions status=200 durationMs=655
[pod/gateway-8689985fc9-gpd27/gateway] 2026-10-05T15:49:20.870+00:00 INFO  http.request requestId=c73cd458-2073-44ea-b53d-db5708da56b4 role=api pod=gateway-8689985fc9-gpd27 method=POST path=/api/transcriptions status=200 durationMs=853
[pod/gateway-8689985fc9-gpd27/gateway] 2026-10-05T15:49:20.879+00:00 INFO  http.request requestId=741ea216-8177-49b1-a903-a8f62a27bc7e role=api pod=gateway-8689985fc9-gpd27 method=POST path=/api/transcriptions status=200 durationMs=834
[pod/gateway-8689985fc9-gpd27/gateway] 2026-10-05T15:49:20.886+00:00 INFO  http.request requestId=df0c6ace-8d5f-4d49-bc1e-df9e123b0ce1 role=api pod=gateway-8689985fc9-gpd27 method=POST path=/api/translations status=200 durationMs=480
[pod/gateway-8689985fc9-gpd27/gateway] 2026-10-05T15:49:20.906+00:00 INFO  http.request requestId=fca9a24b-b4b8-4b41-b474-6436dca14786 role=api pod=gateway-8689985fc9-gpd27 method=POST path=/api/transcriptions status=200 durationMs=784
[pod/gateway-8689985fc9-gpd27/gateway] 2026-10-05T15:49:20.933+00:00 INFO  http.request requestId=3b5aa74d-ed9d-49e4-8902-bce26c178146 role=api pod=gateway-8689985fc9-gpd27 method=POST path=/api/transcriptions status=200 durationMs=618
[pod/gateway-8689985fc9-gpd27/gateway] 2026-10-05T15:49:20.948+00:00 INFO  http.request requestId=f3d334fd-db01-408f-a55b-3ed9771bfd93 role=api pod=gateway-8689985fc9-gpd27 method=POST path=/api/transcriptions status=200 durationMs=752
[pod/gateway-8689985fc9-t5bnw/gateway] 2026-10-05T15:49:20.972+00:00 INFO  http.request requestId=2f5d012a-bea7-49d0-aaa4-e9b18277b6ad role=api pod=gateway-8689985fc9-t5bnw method=POST path=/api/translations status=200 durationMs=506
[pod/gateway-8689985fc9-gpd27/gateway] 2026-10-05T15:49:20.965+00:00 INFO  http.request requestId=3eb2e60e-63ad-49b8-aaf7-702dc3fbcd87 role=api pod=gateway-8689985fc9-gpd27 method=POST path=/api/translations status=200 durationMs=582
[pod/gateway-8689985fc9-gpd27/gateway] 2026-10-05T15:49:20.969+00:00 INFO  http.request requestId=6f2f7ee5-143e-44d0-9914-e14d20429fe9 role=api pod=gateway-8689985fc9-gpd27 method=POST path=/api/translations status=200 durationMs=541
[pod/gateway-8689985fc9-gpd27/gateway] 2026-10-05T15:49:20.971+00:00 INFO  http.request requestId=1e3766b5-710c-41a5-952f-bc4ff46ab4f2 role=api pod=gateway-8689985fc9-gpd27 method=POST path=/api/transcriptions status=200 durationMs=806
[pod/gateway-8689985fc9-gpd27/gateway] 2026-10-05T15:49:20.982+00:00 INFO  http.request requestId=af1f2338-7e5e-48d7-82df-8401ef326e2b role=api pod=gateway-8689985fc9-gpd27 method=POST path=/api/translations status=200 durationMs=507
[pod/gateway-8689985fc9-t5bnw/gateway] 2026-10-05T15:49:20.975+00:00 INFO  http.request requestId=889027ca-02f4-40f2-8119-945fe0765e5c role=api pod=gateway-8689985fc9-t5bnw method=POST path=/api/transcriptions status=200 durationMs=795
[pod/gateway-8689985fc9-t5bnw/gateway] 2026-10-05T15:49:20.976+00:00 INFO  http.request requestId=8b890035-aa12-4e21-bace-9e721ce94c40 role=api pod=gateway-8689985fc9-t5bnw method=POST path=/api/transcriptions status=200 durationMs=647
[pod/gateway-8689985fc9-t5bnw/gateway] 2026-10-05T15:49:20.979+00:00 INFO  http.request requestId=4795c70f-c4df-41a4-9514-63066815bd04 role=api pod=gateway-8689985fc9-t5bnw method=POST path=/api/translations status=200 durationMs=455
[pod/gateway-8689985fc9-t5bnw/gateway] 2026-10-05T15:49:20.986+00:00 INFO  http.request requestId=c305fab0-40d6-48d8-b239-f6dd213d710e role=api pod=gateway-8689985fc9-t5bnw method=POST path=/api/transcriptions status=200 durationMs=879
[pod/gateway-8689985fc9-t5bnw/gateway] 2026-10-05T15:49:20.997+00:00 INFO  http.request requestId=42d0717c-29f9-45a0-a622-d7909e079e83 role=api pod=gateway-8689985fc9-t5bnw method=POST path=/api/translations status=200 durationMs=595
[pod/gateway-8689985fc9-t5bnw/gateway] 2026-10-05T15:49:21.028+00:00 INFO  http.request requestId=977e418f-ba7f-49f9-9b33-934dc4ffad7c role=api pod=gateway-8689985fc9-t5bnw method=POST path=/api/transcriptions status=200 durationMs=758
[pod/gateway-8689985fc9-t5bnw/gateway] 2026-10-05T15:49:21.030+00:00 INFO  http.request requestId=dfafefc3-075a-4c99-ba7d-930a5fc4dcd7 role=api pod=gateway-8689985fc9-t5bnw method=POST path=/api/transcriptions status=200 durationMs=880
[pod/gateway-8689985fc9-t5bnw/gateway] 2026-10-05T15:49:21.047+00:00 INFO  http.request requestId=d39a2989-a3f5-4e00-ab4c-f926567b1537 role=api pod=gateway-8689985fc9-t5bnw method=POST path=/api/translations status=200 durationMs=412
[pod/gateway-8689985fc9-gpd27/gateway] 2026-10-05T15:49:21.022+00:00 INFO  http.request requestId=68afbddd-e6c3-4e40-bf44-58eff5e12775 role=api pod=gateway-8689985fc9-gpd27 method=POST path=/api/translations status=200 durationMs=575
[pod/gateway-8689985fc9-gpd27/gateway] 2026-10-05T15:49:21.022+00:00 INFO  http.request requestId=3fa8ccfa-cbc4-493e-8e2c-4713bb7f1109 role=api pod=gateway-8689985fc9-gpd27 method=POST path=/api/translations status=200 durationMs=504
[pod/gateway-8689985fc9-gpd27/gateway] 2026-10-05T15:49:21.036+00:00 INFO  http.request requestId=e7aadcf8-9df5-46c5-8888-bddbf1c3d204 role=api pod=gateway-8689985fc9-gpd27 method=POST path=/api/translations status=200 durationMs=417
[pod/gateway-8689985fc9-t5bnw/gateway] 2026-10-05T15:49:21.055+00:00 INFO  http.request requestId=c09397ac-a5b9-4fb1-b207-3a386e4104d8 role=api pod=gateway-8689985fc9-t5bnw method=POST path=/api/transcriptions status=200 durationMs=769
[pod/gateway-8689985fc9-t5bnw/gateway] 2026-10-05T15:49:21.059+00:00 INFO  http.request requestId=3c7f39eb-ac86-44db-ad1e-58977c4ac981 role=api pod=gateway-8689985fc9-t5bnw method=POST path=/api/transcriptions status=200 durationMs=833
[pod/gateway-8689985fc9-gpd27/gateway] 2026-10-05T15:49:21.062+00:00 INFO  http.request requestId=56fc0490-c5a2-4927-8672-07160c5146fc role=api pod=gateway-8689985fc9-gpd27 method=POST path=/api/translations status=200 durationMs=416
[pod/gateway-8689985fc9-gpd27/gateway] 2026-10-05T15:49:21.069+00:00 INFO  http.request requestId=c4c43acd-404c-4059-ae25-fe7562a4a9ee role=api pod=gateway-8689985fc9-gpd27 method=POST path=/api/transcriptions status=200 durationMs=635
[pod/gateway-8689985fc9-t5bnw/gateway] 2026-10-05T15:49:21.095+00:00 INFO  http.request requestId=995d2df2-0eea-4862-9183-0a4f8fc8a377 role=api pod=gateway-8689985fc9-t5bnw method=POST path=/api/transcriptions status=200 durationMs=856
[pod/gateway-8689985fc9-gpd27/gateway] 2026-10-05T15:49:21.099+00:00 INFO  http.request requestId=60c646c6-1d94-4730-8528-c3246bd07040 role=api pod=gateway-8689985fc9-gpd27 method=POST path=/api/translations status=200 durationMs=503
[pod/gateway-8689985fc9-gpd27/gateway] 2026-10-05T15:49:21.100+00:00 INFO  http.request requestId=db4b991c-dbf9-4169-a2bc-ba7d0180a23f role=api pod=gateway-8689985fc9-gpd27 method=POST path=/api/transcriptions status=200 durationMs=845
[pod/gateway-8689985fc9-gpd27/gateway] 2026-10-05T15:49:21.102+00:00 INFO  http.request requestId=5816a0be-417c-4f92-b7d8-8e60e91b07bf role=api pod=gateway-8689985fc9-gpd27 method=POST path=/api/transcriptions status=200 durationMs=698
[pod/gateway-8689985fc9-gpd27/gateway] 2026-10-05T15:49:21.113+00:00 INFO  http.request requestId=ebb34f98-7b7a-4fee-aced-99bba6482424 role=api pod=gateway-8689985fc9-gpd27 method=POST path=/api/translations status=200 durationMs=432
[pod/gateway-8689985fc9-t5bnw/gateway] 2026-10-05T15:49:21.134+00:00 INFO  http.request requestId=03c28a9a-329a-4002-b16e-ce09392780be role=api pod=gateway-8689985fc9-t5bnw method=POST path=/api/translations status=200 durationMs=610
[pod/gateway-8689985fc9-t5bnw/gateway] 2026-10-05T15:49:21.138+00:00 INFO  http.request requestId=305be852-b7c7-4987-9847-349d5e8d322e role=api pod=gateway-8689985fc9-t5bnw method=POST path=/api/translations status=200 durationMs=451
[pod/gateway-8689985fc9-gpd27/gateway] 2026-10-05T15:49:21.132+00:00 INFO  http.request requestId=4999b117-2cc9-4503-8267-379d3f7854ab role=api pod=gateway-8689985fc9-gpd27 method=POST path=/api/transcriptions status=200 durationMs=832
[pod/gateway-8689985fc9-gpd27/gateway] 2026-10-05T15:49:21.134+00:00 INFO  http.request requestId=0472b01b-3fc0-40d2-b778-f0502819a6d9 role=api pod=gateway-8689985fc9-gpd27 method=POST path=/api/translations status=200 durationMs=429
[pod/gateway-8689985fc9-gpd27/gateway] 2026-10-05T15:49:21.135+00:00 INFO  http.request requestId=6882835a-3a94-4ba8-a154-c77cf791deb3 role=api pod=gateway-8689985fc9-gpd27 method=POST path=/api/transcriptions status=200 durationMs=790
[pod/gateway-8689985fc9-gpd27/gateway] 2026-10-05T15:49:21.137+00:00 INFO  http.request requestId=1ab1eb46-39a7-4a9e-8749-a533c30f84b9 role=api pod=gateway-8689985fc9-gpd27 method=POST path=/api/translations status=200 durationMs=508
[pod/gateway-8689985fc9-t5bnw/gateway] 2026-10-05T15:49:21.145+00:00 INFO  http.request requestId=22589964-5025-478e-9b8e-9451f8432251 role=api pod=gateway-8689985fc9-t5bnw method=POST path=/api/transcriptions status=200 durationMs=786
[pod/gateway-8689985fc9-t5bnw/gateway] 2026-10-05T15:49:21.164+00:00 INFO  http.request requestId=6fc2686c-34e8-4a4d-b29d-9208d29af6fc role=api pod=gateway-8689985fc9-t5bnw method=POST path=/api/transcriptions status=200 durationMs=684
[pod/gateway-8689985fc9-gpd27/gateway] 2026-10-05T15:49:21.150+00:00 INFO  http.request requestId=36f2685d-5f0d-45b9-910e-16ac32034b97 role=api pod=gateway-8689985fc9-gpd27 method=POST path=/api/transcriptions status=200 durationMs=656
[pod/gateway-8689985fc9-gpd27/gateway] 2026-10-05T15:49:21.177+00:00 INFO  http.request requestId=abf204c2-614b-465e-a6a5-5fd0ffd06470 role=api pod=gateway-8689985fc9-gpd27 method=POST path=/api/translations status=200 durationMs=507
[pod/gateway-8689985fc9-t5bnw/gateway] 2026-10-05T15:49:21.191+00:00 INFO  http.request requestId=d0db1820-8acb-4f45-9f92-5de5b3b193f8 role=api pod=gateway-8689985fc9-t5bnw method=POST path=/api/translations status=200 durationMs=449
[pod/gateway-8689985fc9-gpd27/gateway] 2026-10-05T15:49:21.192+00:00 INFO  http.request requestId=cbcb3e47-e3af-4b27-b2b5-80626ab41f4d role=api pod=gateway-8689985fc9-gpd27 method=POST path=/api/transcriptions status=200 durationMs=817
[pod/gateway-8689985fc9-gpd27/gateway] 2026-10-05T15:49:21.201+00:00 INFO  http.request requestId=24c52854-8856-4360-8cae-a87da8b712f6 role=api pod=gateway-8689985fc9-gpd27 method=POST path=/api/transcriptions status=200 durationMs=616
[pod/gateway-8689985fc9-t5bnw/gateway] 2026-10-05T15:49:21.231+00:00 INFO  http.request requestId=bf6ce33e-1200-4052-8ff7-ad9b2357c043 role=api pod=gateway-8689985fc9-t5bnw method=POST path=/api/transcriptions status=200 durationMs=661
[pod/gateway-8689985fc9-gpd27/gateway] 2026-10-05T15:49:21.264+00:00 INFO  http.request requestId=7f7aa515-0876-48f7-8672-144275cb80ca role=api pod=gateway-8689985fc9-gpd27 method=POST path=/api/translations status=200 durationMs=455
[pod/gateway-8689985fc9-gpd27/gateway] 2026-10-05T15:49:21.264+00:00 INFO  http.request requestId=b69e8a6d-99d8-451c-b904-4e617141cbe3 role=api pod=gateway-8689985fc9-gpd27 method=POST path=/api/translations status=200 durationMs=610
[pod/gateway-8689985fc9-t5bnw/gateway] 2026-10-05T15:49:21.287+00:00 INFO  http.request requestId=f5f5075e-559f-42eb-83c7-40a0a558e3b3 role=api pod=gateway-8689985fc9-t5bnw method=POST path=/api/translations status=200 durationMs=533
[pod/gateway-8689985fc9-gpd27/gateway] 2026-10-05T15:49:21.276+00:00 INFO  http.request requestId=c1ce69d6-f604-41f2-b845-fa808efa729b role=api pod=gateway-8689985fc9-gpd27 method=POST path=/api/translations status=200 durationMs=532
[pod/gateway-8689985fc9-gpd27/gateway] 2026-10-05T15:49:21.277+00:00 INFO  http.request requestId=ff501acd-589d-4e0d-a4b7-95f40dc92b0f role=api pod=gateway-8689985fc9-gpd27 method=POST path=/api/transcriptions status=200 durationMs=887
[pod/gateway-8689985fc9-t5bnw/gateway] 2026-10-05T15:49:21.290+00:00 INFO  http.request requestId=f77276c9-f37c-4104-9bb7-7a2370006603 role=api pod=gateway-8689985fc9-t5bnw method=POST path=/api/transcriptions status=200 durationMs=870
[pod/gateway-8689985fc9-gpd27/gateway] 2026-10-05T15:49:21.300+00:00 INFO  http.request requestId=ca8621cd-d33b-4db6-96e8-319cb34b0fa6 role=api pod=gateway-8689985fc9-gpd27 method=POST path=/api/translations status=200 durationMs=540
[pod/gateway-8689985fc9-gpd27/gateway] 2026-10-05T15:49:21.315+00:00 INFO  http.request requestId=dd9f3eb3-bb00-44c0-bdf5-5eb9e4bffba4 role=api pod=gateway-8689985fc9-gpd27 method=POST path=/api/translations status=200 durationMs=581
[pod/gateway-8689985fc9-gpd27/gateway] 2026-10-05T15:49:21.325+00:00 INFO  http.request requestId=8a09ffc0-49f4-41ee-a0b1-a16b67736077 role=api pod=gateway-8689985fc9-gpd27 method=POST path=/api/translations status=200 durationMs=526
[pod/gateway-8689985fc9-t5bnw/gateway] 2026-10-05T15:49:21.328+00:00 INFO  http.request requestId=74c633cb-1035-42ad-b8b4-0595cd5295bc role=api pod=gateway-8689985fc9-t5bnw method=POST path=/api/transcriptions status=200 durationMs=803
[pod/gateway-8689985fc9-t5bnw/gateway] 2026-10-05T15:49:21.328+00:00 INFO  http.request requestId=a8c74a69-0746-49ce-9fcf-595185c01eb5 role=api pod=gateway-8689985fc9-t5bnw method=POST path=/api/transcriptions status=200 durationMs=818
[pod/gateway-8689985fc9-t5bnw/gateway] 2026-10-05T15:49:21.351+00:00 INFO  http.request requestId=9b1f4892-1b1d-4e17-be39-a4d94f7240e5 role=api pod=gateway-8689985fc9-t5bnw method=POST path=/api/transcriptions status=200 durationMs=901
[pod/gateway-8689985fc9-t5bnw/gateway] 2026-10-05T15:49:21.359+00:00 INFO  http.request requestId=3346b2a7-d538-4fda-b490-99656ee0b986 role=api pod=gateway-8689985fc9-t5bnw method=POST path=/api/translations status=200 durationMs=525
[pod/gateway-8689985fc9-t5bnw/gateway] 2026-10-05T15:49:21.362+00:00 INFO  http.request requestId=b70a9827-d855-4897-b4b9-02a507c18315 role=api pod=gateway-8689985fc9-t5bnw method=POST path=/api/transcriptions status=200 durationMs=897
[pod/gateway-8689985fc9-t5bnw/gateway] 2026-10-05T15:49:21.374+00:00 INFO  http.request requestId=4ca1399f-f95a-4209-bd70-39a161647fd7 role=api pod=gateway-8689985fc9-t5bnw method=POST path=/api/transcriptions status=200 durationMs=834
[pod/gateway-8689985fc9-gpd27/gateway] 2026-10-05T15:49:21.393+00:00 INFO  http.request requestId=5d9e5b9b-7c33-4598-aead-14398609725a role=api pod=gateway-8689985fc9-gpd27 method=POST path=/api/transcriptions status=200 durationMs=703
[pod/gateway-8689985fc9-t5bnw/gateway] 2026-10-05T15:49:21.388+00:00 INFO  http.request requestId=85099588-f578-4ac1-88a8-506fab2e8927 role=api pod=gateway-8689985fc9-t5bnw method=POST path=/api/translations status=200 durationMs=516
[pod/gateway-8689985fc9-t5bnw/gateway] 2026-10-05T15:49:21.394+00:00 INFO  http.request requestId=14471085-b6f3-4886-9801-4110a261888a role=api pod=gateway-8689985fc9-t5bnw method=POST path=/api/translations status=200 durationMs=417
[pod/gateway-8689985fc9-gpd27/gateway] 2026-10-05T15:49:21.411+00:00 INFO  http.request requestId=27e0cbfd-ecfd-4ce9-af66-81e1208a320c role=api pod=gateway-8689985fc9-gpd27 method=POST path=/api/transcriptions status=200 durationMs=676
[pod/gateway-8689985fc9-gpd27/gateway] 2026-10-05T15:49:21.412+00:00 INFO  http.request requestId=9d2e3835-e046-45de-afad-3c6740692ce3 role=api pod=gateway-8689985fc9-gpd27 method=POST path=/api/transcriptions status=200 durationMs=707
[pod/gateway-8689985fc9-gpd27/gateway] 2026-10-05T15:49:21.423+00:00 INFO  http.request requestId=72260ed2-353d-4479-b32c-97864fa6d503 role=api pod=gateway-8689985fc9-gpd27 method=POST path=/api/transcriptions status=200 durationMs=748
[pod/gateway-8689985fc9-t5bnw/gateway] 2026-10-05T15:49:21.420+00:00 INFO  http.request requestId=a90d4980-2751-4592-a915-104ff6b33b4f role=api pod=gateway-8689985fc9-t5bnw method=POST path=/api/translations status=200 durationMs=540
[pod/gateway-8689985fc9-t5bnw/gateway] 2026-10-05T15:49:21.421+00:00 INFO  http.request requestId=392014a1-70eb-48d7-aeb3-116f113749b0 role=api pod=gateway-8689985fc9-t5bnw method=POST path=/api/transcriptions status=200 durationMs=792
[pod/gateway-8689985fc9-t5bnw/gateway] 2026-10-05T15:49:21.421+00:00 INFO  http.request requestId=b352ea46-f900-4c43-81cd-89bcaa90c953 role=api pod=gateway-8689985fc9-t5bnw method=POST path=/api/transcriptions status=200 durationMs=805
[pod/gateway-8689985fc9-t5bnw/gateway] 2026-10-05T15:49:21.422+00:00 INFO  http.request requestId=8a64cad8-7463-4575-bdf2-9a6fd432f702 role=api pod=gateway-8689985fc9-t5bnw method=POST path=/api/translations status=200 durationMs=435
[pod/gateway-8689985fc9-t5bnw/gateway] 2026-10-05T15:49:21.424+00:00 INFO  http.request requestId=96f58dd8-a675-4707-ad38-207b3ce611ed role=api pod=gateway-8689985fc9-t5bnw method=POST path=/api/transcriptions status=200 durationMs=764
[pod/gateway-8689985fc9-t5bnw/gateway] 2026-10-05T15:49:21.444+00:00 INFO  http.request requestId=ad5ee81b-6ac6-4d30-af13-c3589466f25f role=api pod=gateway-8689985fc9-t5bnw method=POST path=/api/translations status=200 durationMs=600
[pod/gateway-8689985fc9-t5bnw/gateway] 2026-10-05T15:49:21.457+00:00 INFO  http.request requestId=2f183938-78e4-43d1-a91e-3f5731f62071 role=api pod=gateway-8689985fc9-t5bnw method=POST path=/api/translations status=200 durationMs=524
[pod/gateway-8689985fc9-t5bnw/gateway] 2026-10-05T15:49:21.458+00:00 INFO  http.request requestId=701d4d1d-4268-47b4-8cd9-39ebea7d5505 role=api pod=gateway-8689985fc9-t5bnw method=POST path=/api/transcriptions status=200 durationMs=904
[pod/gateway-8689985fc9-gpd27/gateway] 2026-10-05T15:49:21.462+00:00 INFO  http.request requestId=ec1df1b7-025f-40a7-88ca-bb11d2befd83 role=api pod=gateway-8689985fc9-gpd27 method=POST path=/api/translations status=200 durationMs=556
[pod/gateway-8689985fc9-gpd27/gateway] 2026-10-05T15:49:21.470+00:00 INFO  http.request requestId=8c89ac63-398f-4a4b-924d-9d6b172d7841 role=api pod=gateway-8689985fc9-gpd27 method=POST path=/api/transcriptions status=200 durationMs=705
[pod/gateway-8689985fc9-gpd27/gateway] 2026-10-05T15:49:21.473+00:00 INFO  http.request requestId=26d8242b-1a1e-4d7c-99e0-159ddae915fd role=api pod=gateway-8689985fc9-gpd27 method=POST path=/api/translations status=200 durationMs=608
[pod/gateway-8689985fc9-gpd27/gateway] 2026-10-05T15:49:21.488+00:00 INFO  http.request requestId=f251829d-6d99-4fa7-ac80-ffe47e7903ca role=api pod=gateway-8689985fc9-gpd27 method=POST path=/api/transcriptions status=200 durationMs=888
[pod/gateway-8689985fc9-gpd27/gateway] 2026-10-05T15:49:21.490+00:00 INFO  http.request requestId=3b30a514-4603-4055-9829-cbb528c534bd role=api pod=gateway-8689985fc9-gpd27 method=POST path=/api/translations status=200 durationMs=541
[pod/gateway-8689985fc9-t5bnw/gateway] 2026-10-05T15:49:21.485+00:00 INFO  http.request requestId=26f1d7a1-8030-41b1-87ee-c83cb5f7ad9a role=api pod=gateway-8689985fc9-t5bnw method=POST path=/api/translations status=200 durationMs=429
[pod/gateway-8689985fc9-gpd27/gateway] 2026-10-05T15:49:21.504+00:00 INFO  http.request requestId=fb8cfdcd-ba75-4883-a324-bcd2e744d67f role=api pod=gateway-8689985fc9-gpd27 method=POST path=/api/transcriptions status=200 durationMs=694
[pod/gateway-8689985fc9-gpd27/gateway] 2026-10-05T15:49:21.506+00:00 INFO  http.request requestId=2d93b59f-c4e2-4669-a958-5c51b8b56881 role=api pod=gateway-8689985fc9-gpd27 method=POST path=/api/transcriptions status=200 durationMs=726
[pod/gateway-8689985fc9-gpd27/gateway] 2026-10-05T15:49:21.534+00:00 INFO  http.request requestId=6d192b5c-6fa7-4ffb-999b-9251187438b6 role=api pod=gateway-8689985fc9-gpd27 method=POST path=/api/transcriptions status=200 durationMs=649
[pod/gateway-8689985fc9-gpd27/gateway] 2026-10-05T15:49:21.535+00:00 INFO  http.request requestId=115510ad-7355-4875-aa5e-d959236798fa role=api pod=gateway-8689985fc9-gpd27 method=POST path=/api/translations status=200 durationMs=559
[pod/gateway-8689985fc9-gpd27/gateway] 2026-10-05T15:49:21.542+00:00 INFO  http.request requestId=8715c322-6ef0-4360-b882-4fa0bd1a95b3 role=api pod=gateway-8689985fc9-gpd27 method=POST path=/api/transcriptions status=200 durationMs=897
[pod/gateway-8689985fc9-gpd27/gateway] 2026-10-05T15:49:21.547+00:00 INFO  http.request requestId=eda6a565-69c1-4ab0-8600-c2ee4429183c role=api pod=gateway-8689985fc9-gpd27 method=POST path=/api/translations status=200 durationMs=518
[pod/gateway-8689985fc9-t5bnw/gateway] 2026-10-05T15:49:21.547+00:00 INFO  http.request requestId=9c680678-828b-404e-92f2-2134b24d8f31 role=api pod=gateway-8689985fc9-t5bnw method=POST path=/api/transcriptions status=200 durationMs=752
[pod/gateway-8689985fc9-t5bnw/gateway] 2026-10-05T15:49:21.553+00:00 INFO  http.request requestId=e23bcf12-0ae4-4f4c-8388-91ff9c611fe0 role=api pod=gateway-8689985fc9-t5bnw method=POST path=/api/transcriptions status=200 durationMs=803
[pod/gateway-8689985fc9-t5bnw/gateway] 2026-10-05T15:49:21.563+00:00 INFO  http.request requestId=e32703dc-d326-4719-92f7-bce0f2deedb5 role=api pod=gateway-8689985fc9-t5bnw method=POST path=/api/transcriptions status=200 durationMs=843
[pod/gateway-8689985fc9-gpd27/gateway] 2026-10-05T15:49:21.559+00:00 INFO  http.request requestId=ffc1d9b6-4efb-4dff-b1ba-a255a7fa7b53 role=api pod=gateway-8689985fc9-gpd27 method=POST path=/api/transcriptions status=200 durationMs=720
[pod/gateway-8689985fc9-gpd27/gateway] 2026-10-05T15:49:21.572+00:00 INFO  http.request requestId=6fdc505f-733f-4ca0-a366-76bf79b08f8a role=api pod=gateway-8689985fc9-gpd27 method=POST path=/api/translations status=200 durationMs=599
[pod/gateway-8689985fc9-t5bnw/gateway] 2026-10-05T15:49:21.609+00:00 INFO  http.request requestId=b6807621-3755-4a3d-ab65-294fe1f60c2b role=api pod=gateway-8689985fc9-t5bnw method=POST path=/api/translations status=200 durationMs=579
[pod/gateway-8689985fc9-t5bnw/gateway] 2026-10-05T15:49:21.614+00:00 INFO  http.request requestId=77bd7f28-c5ce-4221-8c92-88b8729c989b role=api pod=gateway-8689985fc9-t5bnw method=POST path=/api/translations status=200 durationMs=463
[pod/gateway-8689985fc9-t5bnw/gateway] 2026-10-05T15:49:21.616+00:00 INFO  http.request requestId=10720efa-d3f0-4f29-9d8e-5e786ef4bec2 role=api pod=gateway-8689985fc9-t5bnw method=POST path=/api/translations status=200 durationMs=423
[pod/gateway-8689985fc9-gpd27/gateway] 2026-10-05T15:49:21.609+00:00 INFO  http.request requestId=f04db151-5964-473e-8130-bf1e76bacec5 role=api pod=gateway-8689985fc9-gpd27 method=POST path=/api/transcriptions status=200 durationMs=620
[pod/gateway-8689985fc9-gpd27/gateway] 2026-10-05T15:49:21.610+00:00 INFO  http.request requestId=174510de-1547-4c3d-8e5f-a188fc2b97e7 role=api pod=gateway-8689985fc9-gpd27 method=POST path=/api/translations status=200 durationMs=477
[pod/gateway-8689985fc9-gpd27/gateway] 2026-10-05T15:49:21.611+00:00 INFO  http.request requestId=8b685fb0-ca69-47ee-a084-dfdca3cb4656 role=api pod=gateway-8689985fc9-gpd27 method=POST path=/api/translations status=200 durationMs=515
[pod/gateway-8689985fc9-gpd27/gateway] 2026-10-05T15:49:21.627+00:00 INFO  http.request requestId=1c3fc5dc-ccc1-4a6d-8321-12414447d379 role=api pod=gateway-8689985fc9-gpd27 method=POST path=/api/transcriptions status=200 durationMs=698
[pod/gateway-8689985fc9-t5bnw/gateway] 2026-10-05T15:49:21.633+00:00 INFO  http.request requestId=0d43799e-7b1c-455a-8407-3d7a09ee561c role=api pod=gateway-8689985fc9-t5bnw method=POST path=/api/translations status=200 durationMs=497
[pod/gateway-8689985fc9-t5bnw/gateway] 2026-10-05T15:49:21.649+00:00 INFO  http.request requestId=c4ba6c34-3e10-4733-8625-0aeb87f0ba63 role=api pod=gateway-8689985fc9-t5bnw method=POST path=/api/translations status=200 durationMs=589
[pod/gateway-8689985fc9-t5bnw/gateway] 2026-10-05T15:49:21.656+00:00 INFO  http.request requestId=50b1a022-4a13-419d-bcec-c29600214f5e role=api pod=gateway-8689985fc9-t5bnw method=POST path=/api/transcriptions status=200 durationMs=830
[pod/gateway-8689985fc9-t5bnw/gateway] 2026-10-05T15:49:21.664+00:00 INFO  http.request requestId=4c6e4ca3-51d1-45a8-9bdc-da4723ccbbf9 role=api pod=gateway-8689985fc9-t5bnw method=POST path=/api/translations status=200 durationMs=563
[pod/gateway-8689985fc9-gpd27/gateway] 2026-10-05T15:49:21.638+00:00 INFO  http.request requestId=0396a163-b86d-4ad0-9c39-f32a8e424958 role=api pod=gateway-8689985fc9-gpd27 method=POST path=/api/translations status=200 durationMs=493
[pod/gateway-8689985fc9-gpd27/gateway] 2026-10-05T15:49:21.647+00:00 INFO  http.request requestId=60103a78-44d0-4af3-ba50-4c962d380422 role=api pod=gateway-8689985fc9-gpd27 method=POST path=/api/transcriptions status=200 durationMs=702
[pod/gateway-8689985fc9-t5bnw/gateway] 2026-10-05T15:49:21.669+00:00 INFO  http.request requestId=732ba08d-42d3-4e2e-af52-dcff71e18f6b role=api pod=gateway-8689985fc9-t5bnw method=POST path=/api/translations status=200 durationMs=599
[pod/gateway-8689985fc9-t5bnw/gateway] 2026-10-05T15:49:21.677+00:00 INFO  http.request requestId=42c3768e-1eda-4694-b881-2a75f849f6f1 role=api pod=gateway-8689985fc9-t5bnw method=POST path=/api/transcriptions status=200 durationMs=822
[pod/gateway-8689985fc9-gpd27/gateway] 2026-10-05T15:49:21.696+00:00 INFO  http.request requestId=0a3373cf-d135-45e5-826c-4dfbc6f67b77 role=api pod=gateway-8689985fc9-gpd27 method=POST path=/api/translations status=200 durationMs=593
[pod/gateway-8689985fc9-gpd27/gateway] 2026-10-05T15:49:21.697+00:00 INFO  http.request requestId=c3b74897-ea26-45b4-8dd0-52d3126c6944 role=api pod=gateway-8689985fc9-gpd27 method=POST path=/api/transcriptions status=200 durationMs=797
[pod/gateway-8689985fc9-gpd27/gateway] 2026-10-05T15:49:21.710+00:00 INFO  http.request requestId=8d04494c-4d07-4255-a7e5-5fcbfd41cf46 role=api pod=gateway-8689985fc9-gpd27 method=POST path=/api/translations status=200 durationMs=545
[pod/gateway-8689985fc9-gpd27/gateway] 2026-10-05T15:49:21.711+00:00 INFO  http.request requestId=c04ab523-3e23-457d-ae20-adbd1126d8d8 role=api pod=gateway-8689985fc9-gpd27 method=POST path=/api/translations status=200 durationMs=421
[pod/gateway-8689985fc9-gpd27/gateway] 2026-10-05T15:49:21.721+00:00 INFO  http.request requestId=5b2fc2aa-108b-47ce-8962-0a40b3a7b1bd role=api pod=gateway-8689985fc9-gpd27 method=POST path=/api/translations status=200 durationMs=519
[pod/gateway-8689985fc9-t5bnw/gateway] 2026-10-05T15:49:21.750+00:00 INFO  http.request requestId=8ca24ff8-a6c0-4677-9da6-d009754ca957 role=api pod=gateway-8689985fc9-t5bnw method=POST path=/api/transcriptions status=200 durationMs=728
[pod/gateway-8689985fc9-t5bnw/gateway] 2026-10-05T15:49:21.757+00:00 INFO  http.request requestId=01bbbf48-a94e-4c22-8a67-2f005aac3d0d role=api pod=gateway-8689985fc9-t5bnw method=POST path=/api/translations status=200 durationMs=428
[pod/gateway-8689985fc9-t5bnw/gateway] 2026-10-05T15:49:21.774+00:00 INFO  http.request requestId=4e6f3d9c-7f7c-4e1b-8e17-2b8cfafb84e0 role=api pod=gateway-8689985fc9-t5bnw method=POST path=/api/translations status=200 durationMs=543
[pod/gateway-8689985fc9-gpd27/gateway] 2026-10-05T15:49:21.745+00:00 INFO  http.request requestId=1829199e-bfed-4257-bec2-833796c3140e role=api pod=gateway-8689985fc9-gpd27 method=POST path=/api/transcriptions status=200 durationMs=782
[pod/gateway-8689985fc9-gpd27/gateway] 2026-10-05T15:49:21.749+00:00 INFO  http.request requestId=d133fcf6-a832-4522-b3a1-f39a95caeddb role=api pod=gateway-8689985fc9-gpd27 method=POST path=/api/transcriptions status=200 durationMs=879
[pod/gateway-8689985fc9-gpd27/gateway] 2026-10-05T15:49:21.766+00:00 INFO  http.request requestId=fa61b7aa-647a-4993-a269-da6c3b22b38d role=api pod=gateway-8689985fc9-gpd27 method=POST path=/api/transcriptions status=200 durationMs=847
[pod/gateway-8689985fc9-gpd27/gateway] 2026-10-05T15:49:21.778+00:00 INFO  http.request requestId=a71cd1b3-d627-4c05-96d6-e3bf0e3032aa role=api pod=gateway-8689985fc9-gpd27 method=POST path=/api/transcriptions status=200 durationMs=669
[pod/gateway-8689985fc9-gpd27/gateway] 2026-10-05T15:49:21.779+00:00 INFO  http.request requestId=c4de4f50-ee67-45ab-9f3e-382fa8a4031b role=api pod=gateway-8689985fc9-gpd27 method=POST path=/api/transcriptions status=200 durationMs=624
[pod/gateway-8689985fc9-t5bnw/gateway] 2026-10-05T15:49:21.798+00:00 INFO  http.request requestId=b47c68b7-1bf5-4f43-b658-17a69e5cc698 role=api pod=gateway-8689985fc9-t5bnw method=POST path=/api/transcriptions status=200 durationMs=793
[pod/gateway-8689985fc9-gpd27/gateway] 2026-10-05T15:49:21.792+00:00 INFO  http.request requestId=8a832081-7000-498a-9723-2d1a217a3ec0 role=api pod=gateway-8689985fc9-gpd27 method=POST path=/api/transcriptions status=200 durationMs=698
[pod/gateway-8689985fc9-gpd27/gateway] 2026-10-05T15:49:21.832+00:00 INFO  http.request requestId=7ea25ebf-8fe6-4bca-b94f-e6982b06310a role=api pod=gateway-8689985fc9-gpd27 method=POST path=/api/transcriptions status=200 durationMs=752
[pod/gateway-8689985fc9-t5bnw/gateway] 2026-10-05T15:49:21.830+00:00 INFO  http.request requestId=f1e833ed-5f57-4d2d-90f6-1c3d53a9da55 role=api pod=gateway-8689985fc9-t5bnw method=POST path=/api/translations status=200 durationMs=455
[pod/gateway-8689985fc9-t5bnw/gateway] 2026-10-05T15:49:21.838+00:00 INFO  http.request requestId=2165eef5-9c74-411c-8b81-ca784361e6a6 role=api pod=gateway-8689985fc9-t5bnw method=POST path=/api/transcriptions status=200 durationMs=669
[pod/gateway-8689985fc9-t5bnw/gateway] 2026-10-05T15:49:21.849+00:00 INFO  http.request requestId=9b33fa50-ea44-45f7-b0ec-5612fd7ebebc role=api pod=gateway-8689985fc9-t5bnw method=POST path=/api/transcriptions status=200 durationMs=814
[pod/gateway-8689985fc9-t5bnw/gateway] 2026-10-05T15:49:21.853+00:00 INFO  http.request requestId=160adb59-6f2c-4ae4-b576-f6389bf4cd60 role=api pod=gateway-8689985fc9-t5bnw method=POST path=/api/translations status=200 durationMs=428
[pod/gateway-8689985fc9-gpd27/gateway] 2026-10-05T15:49:21.848+00:00 INFO  http.request requestId=b6b108f5-a976-4705-aa6b-e0e302573cc6 role=api pod=gateway-8689985fc9-gpd27 method=POST path=/api/transcriptions status=200 durationMs=618
[pod/gateway-8689985fc9-gpd27/gateway] 2026-10-05T15:49:21.849+00:00 INFO  http.request requestId=60112cb5-4c0a-4091-8edd-28bfcee60466 role=api pod=gateway-8689985fc9-gpd27 method=POST path=/api/transcriptions status=200 durationMs=800
[pod/gateway-8689985fc9-gpd27/gateway] 2026-10-05T15:49:21.856+00:00 INFO  http.request requestId=9b3d25a0-fded-432e-ba2f-c79fa1198f8a role=api pod=gateway-8689985fc9-gpd27 method=POST path=/api/translations status=200 durationMs=578
[pod/gateway-8689985fc9-gpd27/gateway] 2026-10-05T15:49:21.856+00:00 INFO  http.request requestId=9b68bca1-c9af-4ddc-8b7a-89868f2cf1ab role=api pod=gateway-8689985fc9-gpd27 method=POST path=/api/transcriptions status=200 durationMs=792
[pod/gateway-8689985fc9-gpd27/gateway] 2026-10-05T15:49:21.861+00:00 INFO  http.request requestId=c25d0a74-e5e3-45c9-8444-3cc898413695 role=api pod=gateway-8689985fc9-gpd27 method=POST path=/api/transcriptions status=200 durationMs=886
[pod/gateway-8689985fc9-t5bnw/gateway] 2026-10-05T15:49:21.864+00:00 INFO  http.request requestId=2d4cd34d-6239-4461-959e-691ff0d6ef6c role=api pod=gateway-8689985fc9-t5bnw method=POST path=/api/translations status=200 durationMs=441
[pod/gateway-8689985fc9-t5bnw/gateway] 2026-10-05T15:49:21.885+00:00 INFO  http.request requestId=6bb3d87f-0783-4749-af0e-551d1e037df9 role=api pod=gateway-8689985fc9-t5bnw method=POST path=/api/translations status=200 durationMs=532
[pod/gateway-8689985fc9-t5bnw/gateway] 2026-10-05T15:49:21.927+00:00 INFO  http.request requestId=e5755fa3-c27e-4681-adfb-e70fad426a5a role=api pod=gateway-8689985fc9-t5bnw method=POST path=/api/translations status=200 durationMs=598
[pod/gateway-8689985fc9-t5bnw/gateway] 2026-10-05T15:49:21.931+00:00 INFO  http.request requestId=006f2402-3252-4a28-9916-5269dab866a8 role=api pod=gateway-8689985fc9-t5bnw method=POST path=/api/translations status=200 durationMs=537
[pod/gateway-8689985fc9-gpd27/gateway] 2026-10-05T15:49:21.903+00:00 INFO  http.request requestId=f59ff08d-2e4a-4946-946c-83e841eea64f role=api pod=gateway-8689985fc9-gpd27 method=POST path=/api/transcriptions status=200 durationMs=778
[pod/gateway-8689985fc9-gpd27/gateway] 2026-10-05T15:49:21.923+00:00 INFO  http.request requestId=c34b153f-6901-43ef-8cdc-4efa275798a8 role=api pod=gateway-8689985fc9-gpd27 method=POST path=/api/translations status=200 durationMs=511
[pod/gateway-8689985fc9-gpd27/gateway] 2026-10-05T15:49:21.926+00:00 INFO  http.request requestId=bea04e83-b4e1-4374-8d00-87224d8b8fe6 role=api pod=gateway-8689985fc9-gpd27 method=POST path=/api/transcriptions status=200 durationMs=726
[pod/gateway-8689985fc9-gpd27/gateway] 2026-10-05T15:49:21.935+00:00 INFO  http.request requestId=d803a196-fd8f-4dfc-ac9a-d0462fd68030 role=api pod=gateway-8689985fc9-gpd27 method=POST path=/api/transcriptions status=200 durationMs=751
[pod/gateway-8689985fc9-t5bnw/gateway] 2026-10-05T15:49:21.935+00:00 INFO  http.request requestId=ca48d25f-d006-4c33-8430-b989f40c7963 role=api pod=gateway-8689985fc9-t5bnw method=POST path=/api/translations status=200 durationMs=510
[pod/gateway-8689985fc9-t5bnw/gateway] 2026-10-05T15:49:21.938+00:00 INFO  http.request requestId=bac55fa2-d552-4202-ac3d-da738f7bf049 role=api pod=gateway-8689985fc9-t5bnw method=POST path=/api/transcriptions status=200 durationMs=677
[pod/gateway-8689985fc9-t5bnw/gateway] 2026-10-05T15:49:21.940+00:00 INFO  http.request requestId=919a868e-22a5-4824-a281-63ffda4ee8b9 role=api pod=gateway-8689985fc9-t5bnw method=POST path=/api/translations status=200 durationMs=526
[pod/gateway-8689985fc9-t5bnw/gateway] 2026-10-05T15:49:21.947+00:00 INFO  http.request requestId=64901a82-1ca1-4798-8d07-fc1067171c1b role=api pod=gateway-8689985fc9-t5bnw method=POST path=/api/translations status=200 durationMs=584
[pod/gateway-8689985fc9-t5bnw/gateway] 2026-10-05T15:49:21.954+00:00 INFO  http.request requestId=2678096f-c52f-469f-bf6b-819e0b4ee0a4 role=api pod=gateway-8689985fc9-t5bnw method=POST path=/api/translations status=200 durationMs=494
[pod/gateway-8689985fc9-gpd27/gateway] 2026-10-05T15:49:21.958+00:00 INFO  http.request requestId=f9b38edd-f7f1-429f-97c4-414108537f8a role=api pod=gateway-8689985fc9-gpd27 method=POST path=/api/translations status=200 durationMs=536
[pod/gateway-8689985fc9-t5bnw/gateway] 2026-10-05T15:49:21.970+00:00 INFO  http.request requestId=c8aa64da-5556-4e42-9f6d-2aa615837a4f role=api pod=gateway-8689985fc9-t5bnw method=POST path=/api/translations status=200 durationMs=465
[pod/gateway-8689985fc9-t5bnw/gateway] 2026-10-05T15:49:21.981+00:00 INFO  http.request requestId=652a5a30-3e5d-4f1e-a34c-c0f74e0b4600 role=api pod=gateway-8689985fc9-t5bnw method=POST path=/api/transcriptions status=200 durationMs=615
[pod/gateway-8689985fc9-t5bnw/gateway] 2026-10-05T15:49:21.985+00:00 INFO  http.request requestId=2b4e730e-0918-4435-82b0-6add239ef5be role=api pod=gateway-8689985fc9-t5bnw method=POST path=/api/translations status=200 durationMs=424
[pod/gateway-8689985fc9-gpd27/gateway] 2026-10-05T15:49:21.980+00:00 INFO  http.request requestId=31c0862c-fd28-4f0e-bdea-b7d02991bbd0 role=api pod=gateway-8689985fc9-gpd27 method=POST path=/api/transcriptions status=200 durationMs=765
[pod/gateway-8689985fc9-t5bnw/gateway] 2026-10-05T15:49:22.000+00:00 INFO  http.request requestId=bc1c7d72-7756-4f46-821e-86f0afc1ead3 role=api pod=gateway-8689985fc9-t5bnw method=POST path=/api/transcriptions status=200 durationMs=858
[pod/gateway-8689985fc9-t5bnw/gateway] 2026-10-05T15:49:22.005+00:00 INFO  http.request requestId=190d0707-d638-4fec-af4b-ef1cb662b712 role=api pod=gateway-8689985fc9-t5bnw method=POST path=/api/translations status=200 durationMs=534
[pod/gateway-8689985fc9-gpd27/gateway] 2026-10-05T15:49:22.017+00:00 INFO  http.request requestId=9260c099-dbf7-45f0-a5da-06a81fff3ec8 role=api pod=gateway-8689985fc9-gpd27 method=POST path=/api/translations status=200 durationMs=528
[pod/gateway-8689985fc9-gpd27/gateway] 2026-10-05T15:49:22.017+00:00 INFO  http.request requestId=131ec218-2b41-4cfb-acf0-ec4707d0d891 role=api pod=gateway-8689985fc9-gpd27 method=POST path=/api/transcriptions status=200 durationMs=698
[pod/gateway-8689985fc9-gpd27/gateway] 2026-10-05T15:49:22.035+00:00 INFO  http.request requestId=a776a0e9-0712-4d46-8024-f35b73e864ec role=api pod=gateway-8689985fc9-gpd27 method=POST path=/api/transcriptions status=200 durationMs=685
[pod/gateway-8689985fc9-gpd27/gateway] 2026-10-05T15:49:22.041+00:00 INFO  http.request requestId=dcfc80c6-d391-4581-b9c0-cff4502ee745 role=api pod=gateway-8689985fc9-gpd27 method=POST path=/api/translations status=200 durationMs=487
[pod/gateway-8689985fc9-gpd27/gateway] 2026-10-05T15:49:22.048+00:00 INFO  http.request requestId=cbb82b17-e8c6-4d9f-9b7a-b3343d7686e4 role=api pod=gateway-8689985fc9-gpd27 method=POST path=/api/transcriptions status=200 durationMs=654
[pod/gateway-8689985fc9-gpd27/gateway] 2026-10-05T15:49:22.055+00:00 INFO  http.request requestId=404f6796-48a6-403d-9bfc-fe09059d1b4f role=api pod=gateway-8689985fc9-gpd27 method=POST path=/api/translations status=200 durationMs=546
[pod/gateway-8689985fc9-t5bnw/gateway] 2026-10-05T15:49:22.072+00:00 INFO  http.request requestId=221c1b23-19b0-4d04-b8f3-1840674e06a6 role=api pod=gateway-8689985fc9-t5bnw method=POST path=/api/transcriptions status=200 durationMs=618
[pod/gateway-8689985fc9-gpd27/gateway] 2026-10-05T15:49:22.065+00:00 INFO  http.request requestId=2eaa1a2f-e4cf-4623-82f9-f33f81ea72e5 role=api pod=gateway-8689985fc9-gpd27 method=POST path=/api/translations status=200 durationMs=522
[pod/gateway-8689985fc9-t5bnw/gateway] 2026-10-05T15:49:22.080+00:00 INFO  http.request requestId=3e2b7768-9170-4802-884e-3e4a708e0325 role=api pod=gateway-8689985fc9-t5bnw method=POST path=/api/transcriptions status=200 durationMs=745
[pod/gateway-8689985fc9-t5bnw/gateway] 2026-10-05T15:49:22.104+00:00 INFO  http.request requestId=591a32a5-bb5d-4cc3-849c-9cfe1af789b6 role=api pod=gateway-8689985fc9-t5bnw method=POST path=/api/transcriptions status=200 durationMs=858
[pod/gateway-8689985fc9-gpd27/gateway] 2026-10-05T15:49:22.109+00:00 INFO  http.request requestId=b694f294-fe89-4f35-b589-3372b7a0c3f1 role=api pod=gateway-8689985fc9-gpd27 method=POST path=/api/translations status=200 durationMs=480
[pod/gateway-8689985fc9-gpd27/gateway] 2026-10-05T15:49:22.112+00:00 INFO  http.request requestId=7dedb1fc-d081-4651-b86a-0c04c881016c role=api pod=gateway-8689985fc9-gpd27 method=POST path=/api/translations status=200 durationMs=549
[pod/gateway-8689985fc9-t5bnw/gateway] 2026-10-05T15:49:22.134+00:00 INFO  http.request requestId=0d1ed207-3817-4010-a39d-d09e55eb475b role=api pod=gateway-8689985fc9-t5bnw method=POST path=/api/transcriptions status=200 durationMs=755
[pod/gateway-8689985fc9-gpd27/gateway] 2026-10-05T15:49:22.131+00:00 INFO  http.request requestId=447a44a6-a8bf-479b-93f3-efb48671a4c7 role=api pod=gateway-8689985fc9-gpd27 method=POST path=/api/translations status=200 durationMs=521
[pod/gateway-8689985fc9-gpd27/gateway] 2026-10-05T15:49:22.135+00:00 INFO  http.request requestId=7871e08f-ab31-421d-b985-184a985ce099 role=api pod=gateway-8689985fc9-gpd27 method=POST path=/api/transcriptions status=200 durationMs=665
[pod/gateway-8689985fc9-gpd27/gateway] 2026-10-05T15:49:22.142+00:00 INFO  http.request requestId=ec242742-21f2-4787-bd23-80c5b76babdd role=api pod=gateway-8689985fc9-gpd27 method=POST path=/api/translations status=200 durationMs=605
[pod/gateway-8689985fc9-gpd27/gateway] 2026-10-05T15:49:22.143+00:00 INFO  http.request requestId=20e049dd-82b0-4d5f-8b42-b4eeeda95f8d role=api pod=gateway-8689985fc9-gpd27 method=POST path=/api/translations status=200 durationMs=595
[pod/gateway-8689985fc9-gpd27/gateway] 2026-10-05T15:49:22.144+00:00 INFO  http.request requestId=a474362a-b04f-4984-bc28-2b3ed7c5bc68 role=api pod=gateway-8689985fc9-gpd27 method=POST path=/api/transcriptions status=200 durationMs=838
[pod/gateway-8689985fc9-gpd27/gateway] 2026-10-05T15:49:22.152+00:00 INFO  http.request requestId=244dc085-b69d-4af3-acd7-149db0e3741f role=api pod=gateway-8689985fc9-gpd27 method=POST path=/api/transcriptions status=200 durationMs=877
[pod/gateway-8689985fc9-gpd27/gateway] 2026-10-05T15:49:22.160+00:00 INFO  http.request requestId=fc6a6816-9229-402e-b1ea-5759014c2963 role=api pod=gateway-8689985fc9-gpd27 method=POST path=/api/transcriptions status=200 durationMs=736
[pod/gateway-8689985fc9-gpd27/gateway] 2026-10-05T15:49:22.166+00:00 INFO  http.request requestId=7eb22556-be92-401b-a580-dcba9276d7f6 role=api pod=gateway-8689985fc9-gpd27 method=POST path=/api/transcriptions status=200 durationMs=680
[pod/gateway-8689985fc9-t5bnw/gateway] 2026-10-05T15:49:22.208+00:00 INFO  http.request requestId=713dc486-0f85-46f9-9450-6dc9e32c4ec6 role=api pod=gateway-8689985fc9-t5bnw method=POST path=/api/translations status=200 durationMs=438
[pod/gateway-8689985fc9-gpd27/gateway] 2026-10-05T15:49:22.208+00:00 INFO  http.request requestId=e3e9263a-9207-4649-9f08-043529fc18b3 role=api pod=gateway-8689985fc9-gpd27 method=POST path=/api/translations status=200 durationMs=429
[pod/gateway-8689985fc9-gpd27/gateway] 2026-10-05T15:49:22.214+00:00 INFO  http.request requestId=fb4617bf-debd-4379-bb84-e1ecafd3d599 role=api pod=gateway-8689985fc9-gpd27 method=POST path=/api/translations status=200 durationMs=566
[pod/gateway-8689985fc9-gpd27/gateway] 2026-10-05T15:49:22.218+00:00 INFO  http.request requestId=4673e4fb-dd3c-4198-8988-3e4640472fe0 role=api pod=gateway-8689985fc9-gpd27 method=POST path=/api/translations status=200 durationMs=439
[pod/gateway-8689985fc9-gpd27/gateway] 2026-10-05T15:49:22.218+00:00 INFO  http.request requestId=a086a008-f583-41b8-868e-98b71a51daa3 role=api pod=gateway-8689985fc9-gpd27 method=POST path=/api/transcriptions status=200 durationMs=719
[pod/gateway-8689985fc9-t5bnw/gateway] 2026-10-05T15:49:22.211+00:00 INFO  http.request requestId=3efd4bbe-ca44-4d5f-9736-2b04a92c408b role=api pod=gateway-8689985fc9-t5bnw method=POST path=/api/transcriptions status=200 durationMs=771
[pod/gateway-8689985fc9-t5bnw/gateway] 2026-10-05T15:49:22.215+00:00 INFO  http.request requestId=5b3c3fce-fc1a-408c-ac1f-98a873d69bae role=api pod=gateway-8689985fc9-t5bnw method=POST path=/api/translations status=200 durationMs=558
[pod/gateway-8689985fc9-t5bnw/gateway] 2026-10-05T15:49:22.225+00:00 INFO  http.request requestId=dcaf8394-6b1d-47f2-b020-b7e7e4b1b688 role=api pod=gateway-8689985fc9-t5bnw method=POST path=/api/translations status=200 durationMs=478
[pod/gateway-8689985fc9-gpd27/gateway] 2026-10-05T15:49:22.266+00:00 INFO  http.request requestId=b708de9e-67bb-4d80-8f33-65f466125536 role=api pod=gateway-8689985fc9-gpd27 method=POST path=/api/translations status=200 durationMs=568
[pod/gateway-8689985fc9-t5bnw/gateway] 2026-10-05T15:49:22.268+00:00 INFO  http.request requestId=2e8705d2-635c-4857-8460-a57742a191d5 role=api pod=gateway-8689985fc9-t5bnw method=POST path=/api/translations status=200 durationMs=590
[pod/gateway-8689985fc9-t5bnw/gateway] 2026-10-05T15:49:22.280+00:00 INFO  http.request requestId=3255706c-7d8e-4d7f-beab-b5d4057d09d0 role=api pod=gateway-8689985fc9-t5bnw method=POST path=/api/transcriptions status=200 durationMs=719
[pod/gateway-8689985fc9-t5bnw/gateway] 2026-10-05T15:49:22.286+00:00 INFO  http.request requestId=ce8de3b7-d4f5-46d5-a759-688d7af4db33 role=api pod=gateway-8689985fc9-t5bnw method=POST path=/api/transcriptions status=200 durationMs=712
[pod/gateway-8689985fc9-gpd27/gateway] 2026-10-05T15:49:22.286+00:00 INFO  http.request requestId=0e9bf8d6-1470-4a4a-9f27-4ef17b6cd90c role=api pod=gateway-8689985fc9-gpd27 method=POST path=/api/transcriptions status=200 durationMs=697
[pod/gateway-8689985fc9-gpd27/gateway] 2026-10-05T15:49:22.293+00:00 INFO  http.request requestId=8bb0a2ea-57e6-4840-9a1a-75aca04895a3 role=api pod=gateway-8689985fc9-gpd27 method=POST path=/api/translations status=200 durationMs=542
[pod/gateway-8689985fc9-t5bnw/gateway] 2026-10-05T15:49:22.308+00:00 INFO  http.request requestId=d202370b-dbef-4f0e-bb54-fad527cea7e7 role=api pod=gateway-8689985fc9-t5bnw method=POST path=/api/transcriptions status=200 durationMs=612
[pod/gateway-8689985fc9-t5bnw/gateway] 2026-10-05T15:49:22.316+00:00 INFO  http.request requestId=e2b54784-d797-403e-ba08-acace5407a2e role=api pod=gateway-8689985fc9-t5bnw method=POST path=/api/translations status=200 durationMs=466
[pod/gateway-8689985fc9-gpd27/gateway] 2026-10-05T15:49:22.302+00:00 INFO  http.request requestId=8173ea99-252e-41e6-9fd1-945f9f0e4d62 role=api pod=gateway-8689985fc9-gpd27 method=POST path=/api/translations status=200 durationMs=551
[pod/gateway-8689985fc9-t5bnw/gateway] 2026-10-05T15:49:22.322+00:00 INFO  http.request requestId=a1416b42-5e81-4dc9-97c4-003755c32d64 role=api pod=gateway-8689985fc9-t5bnw method=POST path=/api/transcriptions status=200 durationMs=908
[pod/gateway-8689985fc9-t5bnw/gateway] 2026-10-05T15:49:22.333+00:00 INFO  http.request requestId=2eeeea72-3ab7-4411-93e7-642ec3bdfb99 role=api pod=gateway-8689985fc9-t5bnw method=POST path=/api/transcriptions status=200 durationMs=712
[pod/gateway-8689985fc9-t5bnw/gateway] 2026-10-05T15:49:22.344+00:00 INFO  http.request requestId=339162c2-fa6e-4e95-97f3-24da1415f4d2 role=api pod=gateway-8689985fc9-t5bnw method=POST path=/api/transcriptions status=200 durationMs=738
[pod/gateway-8689985fc9-t5bnw/gateway] 2026-10-05T15:49:22.361+00:00 INFO  http.request requestId=055dd988-a1b5-4656-a923-a9040462e734 role=api pod=gateway-8689985fc9-t5bnw method=POST path=/api/translations status=200 durationMs=504
[pod/gateway-8689985fc9-gpd27/gateway] 2026-10-05T15:49:22.363+00:00 INFO  http.request requestId=24f371bd-d398-4502-9d8e-1b47f374bd1b role=api pod=gateway-8689985fc9-gpd27 method=POST path=/api/translations status=200 durationMs=564
[pod/gateway-8689985fc9-gpd27/gateway] 2026-10-05T15:49:22.367+00:00 INFO  http.request requestId=b437a026-e8a7-46d2-ba24-123adf9383c6 role=api pod=gateway-8689985fc9-gpd27 method=POST path=/api/translations status=200 durationMs=506
[pod/gateway-8689985fc9-gpd27/gateway] 2026-10-05T15:49:22.386+00:00 INFO  http.request requestId=c403b90f-a528-4f96-b465-3b6ab636bdb8 role=api pod=gateway-8689985fc9-gpd27 method=POST path=/api/translations status=200 durationMs=480
[pod/gateway-8689985fc9-gpd27/gateway] 2026-10-05T15:49:22.388+00:00 INFO  http.request requestId=c88d6bfa-e945-4063-b686-27630740ecc1 role=api pod=gateway-8689985fc9-gpd27 method=POST path=/api/translations status=200 durationMs=595
[pod/gateway-8689985fc9-t5bnw/gateway] 2026-10-05T15:49:22.379+00:00 INFO  http.request requestId=ac8980c3-7238-4fb6-871d-9482996c5bab role=api pod=gateway-8689985fc9-t5bnw method=POST path=/api/transcriptions status=200 durationMs=715
[pod/gateway-8689985fc9-gpd27/gateway] 2026-10-05T15:49:22.395+00:00 INFO  http.request requestId=df88705c-7dc3-4d92-b328-e600403dafb3 role=api pod=gateway-8689985fc9-gpd27 method=POST path=/api/transcriptions status=200 durationMs=881
[pod/gateway-8689985fc9-gpd27/gateway] 2026-10-05T15:49:22.396+00:00 INFO  http.request requestId=4d994184-318f-448e-980c-bf750ad397b2 role=api pod=gateway-8689985fc9-gpd27 method=POST path=/api/translations status=200 durationMs=547
[pod/gateway-8689985fc9-gpd27/gateway] 2026-10-05T15:49:22.396+00:00 INFO  http.request requestId=b05a767f-8c92-4f76-ab98-21d34487c165 role=api pod=gateway-8689985fc9-gpd27 method=POST path=/api/translations status=200 durationMs=546
[pod/gateway-8689985fc9-gpd27/gateway] 2026-10-05T15:49:22.404+00:00 INFO  http.request requestId=8eba3f44-70bd-4366-aa82-3f0e8737d60e role=api pod=gateway-8689985fc9-gpd27 method=POST path=/api/transcriptions status=200 durationMs=859
[pod/gateway-8689985fc9-t5bnw/gateway] 2026-10-05T15:49:22.424+00:00 INFO  http.request requestId=14c392a7-71be-4740-a3f1-df51a4f92052 role=api pod=gateway-8689985fc9-t5bnw method=POST path=/api/transcriptions status=200 durationMs=894
[pod/gateway-8689985fc9-gpd27/gateway] 2026-10-05T15:49:22.424+00:00 INFO  http.request requestId=25f9e8cf-3837-4767-9bc5-d36a79c8257d role=api pod=gateway-8689985fc9-gpd27 method=POST path=/api/transcriptions status=200 durationMs=640
[pod/gateway-8689985fc9-gpd27/gateway] 2026-10-05T15:49:22.435+00:00 INFO  http.request requestId=4ef46a3d-536b-45b7-9bb7-9d7ade3ba03c role=api pod=gateway-8689985fc9-gpd27 method=POST path=/api/translations status=200 durationMs=453
[pod/gateway-8689985fc9-gpd27/gateway] 2026-10-05T15:49:22.438+00:00 INFO  http.request requestId=f90e2cac-daf1-4f67-852d-01bdcad6643a role=api pod=gateway-8689985fc9-gpd27 method=POST path=/api/translations status=200 durationMs=502
[pod/gateway-8689985fc9-gpd27/gateway] 2026-10-05T15:49:22.439+00:00 INFO  http.request requestId=c326348f-d748-4fc6-9237-3274746517a7 role=api pod=gateway-8689985fc9-gpd27 method=POST path=/api/translations status=200 durationMs=600
[pod/gateway-8689985fc9-gpd27/gateway] 2026-10-05T15:49:22.448+00:00 INFO  http.request requestId=c3f481d1-8476-49c2-8777-3b70282a99af role=api pod=gateway-8689985fc9-gpd27 method=POST path=/api/translations status=200 durationMs=413
[pod/gateway-8689985fc9-t5bnw/gateway] 2026-10-05T15:49:22.435+00:00 INFO  http.request requestId=a5d0490b-9b86-4b0e-a311-38886a3b0d13 role=api pod=gateway-8689985fc9-t5bnw method=POST path=/api/translations status=200 durationMs=602
[pod/gateway-8689985fc9-t5bnw/gateway] 2026-10-05T15:49:22.444+00:00 INFO  http.request requestId=3580e30a-c31b-4611-b120-aeb1d97d5258 role=api pod=gateway-8689985fc9-t5bnw method=POST path=/api/transcriptions status=200 durationMs=687
[pod/gateway-8689985fc9-t5bnw/gateway] 2026-10-05T15:49:22.452+00:00 INFO  http.request requestId=5bab459e-cf4d-4e19-ab41-41d310aaf933 role=api pod=gateway-8689985fc9-t5bnw method=POST path=/api/transcriptions status=200 durationMs=651
[pod/gateway-8689985fc9-t5bnw/gateway] 2026-10-05T15:49:22.458+00:00 INFO  http.request requestId=40e20088-302e-4329-a490-626fe9724de1 role=api pod=gateway-8689985fc9-t5bnw method=POST path=/api/transcriptions status=200 durationMs=778
[pod/gateway-8689985fc9-t5bnw/gateway] 2026-10-05T15:49:22.482+00:00 INFO  http.request requestId=85b2e0aa-3584-44de-af44-a16286200ae8 role=api pod=gateway-8689985fc9-t5bnw method=POST path=/api/transcriptions status=200 durationMs=847
[pod/gateway-8689985fc9-gpd27/gateway] 2026-10-05T15:49:22.474+00:00 INFO  http.request requestId=28d8db1d-f225-4eba-8d1b-52bdfef39f64 role=api pod=gateway-8689985fc9-gpd27 method=POST path=/api/translations status=200 durationMs=456
[pod/gateway-8689985fc9-gpd27/gateway] 2026-10-05T15:49:22.479+00:00 INFO  http.request requestId=5f249c34-b831-4312-a4f6-032ffd901955 role=api pod=gateway-8689985fc9-gpd27 method=POST path=/api/transcriptions status=200 durationMs=828
[pod/gateway-8689985fc9-gpd27/gateway] 2026-10-05T15:49:22.489+00:00 INFO  http.request requestId=a3d4f765-2f3d-406d-b83e-86b3c584375f role=api pod=gateway-8689985fc9-gpd27 method=POST path=/api/transcriptions status=200 durationMs=674
[pod/gateway-8689985fc9-gpd27/gateway] 2026-10-05T15:49:22.489+00:00 INFO  http.request requestId=e3e201cb-4394-40ad-a982-2fbc6403d82a role=api pod=gateway-8689985fc9-gpd27 method=POST path=/api/transcriptions status=200 durationMs=660
[pod/gateway-8689985fc9-gpd27/gateway] 2026-10-05T15:49:22.505+00:00 INFO  http.request requestId=ed672c06-0dac-4440-bf92-79348adb7259 role=api pod=gateway-8689985fc9-gpd27 method=POST path=/api/transcriptions status=200 durationMs=779
[pod/gateway-8689985fc9-gpd27/gateway] 2026-10-05T15:49:22.514+00:00 INFO  http.request requestId=8573063d-bfef-4f82-b621-d4643d24eb36 role=api pod=gateway-8689985fc9-gpd27 method=POST path=/api/translations status=200 durationMs=465
[pod/gateway-8689985fc9-gpd27/gateway] 2026-10-05T15:49:22.523+00:00 INFO  http.request requestId=2159b6ae-a57e-4716-9ec1-a7790f4743c0 role=api pod=gateway-8689985fc9-gpd27 method=POST path=/api/transcriptions status=200 durationMs=663
[pod/gateway-8689985fc9-t5bnw/gateway] 2026-10-05T15:49:22.532+00:00 INFO  http.request requestId=5e8d51fe-40eb-470f-9a08-fcbf77770c8b role=api pod=gateway-8689985fc9-t5bnw method=POST path=/api/translations status=200 durationMs=593
[pod/gateway-8689985fc9-gpd27/gateway] 2026-10-05T15:49:22.531+00:00 INFO  http.request requestId=b5652222-b952-4b03-8fe0-fc163726b796 role=api pod=gateway-8689985fc9-gpd27 method=POST path=/api/translations status=200 durationMs=604
[pod/gateway-8689985fc9-gpd27/gateway] 2026-10-05T15:49:22.535+00:00 INFO  http.request requestId=1a93cbad-8278-4dfb-8202-49af9cfc8443 role=api pod=gateway-8689985fc9-gpd27 method=POST path=/api/transcriptions status=200 durationMs=824
[pod/gateway-8689985fc9-t5bnw/gateway] 2026-10-05T15:49:22.568+00:00 INFO  http.request requestId=f0b7d5de-9f3e-4368-b853-8facdc5ca1f0 role=api pod=gateway-8689985fc9-t5bnw method=POST path=/api/translations status=200 durationMs=586
[pod/gateway-8689985fc9-t5bnw/gateway] 2026-10-05T15:49:22.583+00:00 INFO  http.request requestId=15fddd2d-bcc4-4e77-a8fb-dd3014eafa0b role=api pod=gateway-8689985fc9-t5bnw method=POST path=/api/transcriptions status=200 durationMs=738
[pod/gateway-8689985fc9-t5bnw/gateway] 2026-10-05T15:49:22.589+00:00 INFO  http.request requestId=5dac3e29-b947-4529-9a18-88a728a23bfe role=api pod=gateway-8689985fc9-t5bnw method=POST path=/api/translations status=200 durationMs=454
[pod/gateway-8689985fc9-t5bnw/gateway] 2026-10-05T15:49:22.589+00:00 INFO  http.request requestId=03f234cb-f096-415c-900e-554f8f832ec1 role=api pod=gateway-8689985fc9-t5bnw method=POST path=/api/translations status=200 durationMs=587
[pod/gateway-8689985fc9-gpd27/gateway] 2026-10-05T15:49:22.576+00:00 INFO  http.request requestId=3d699160-9755-43af-9616-ab49c17bb028 role=api pod=gateway-8689985fc9-gpd27 method=POST path=/api/translations status=200 durationMs=423
[pod/gateway-8689985fc9-gpd27/gateway] 2026-10-05T15:49:22.576+00:00 INFO  http.request requestId=fe5daedf-0dd3-4d6c-a696-401b3b6f0a76 role=api pod=gateway-8689985fc9-gpd27 method=POST path=/api/translations status=200 durationMs=415
[pod/gateway-8689985fc9-gpd27/gateway] 2026-10-05T15:49:22.596+00:00 INFO  http.request requestId=d05ddf22-e67c-4cda-9573-7182f16befe7 role=api pod=gateway-8689985fc9-gpd27 method=POST path=/api/translations status=200 durationMs=449
[pod/gateway-8689985fc9-gpd27/gateway] 2026-10-05T15:49:22.613+00:00 INFO  http.request requestId=ac03c2a8-2be7-4580-8ed0-51c638ea4292 role=api pod=gateway-8689985fc9-gpd27 method=POST path=/api/transcriptions status=200 durationMs=874
[pod/gateway-8689985fc9-gpd27/gateway] 2026-10-05T15:49:22.629+00:00 INFO  http.request requestId=e18d6582-8d5e-4baf-80c5-ea98e7f68d85 role=api pod=gateway-8689985fc9-gpd27 method=POST path=/api/transcriptions status=200 durationMs=664
[pod/gateway-8689985fc9-gpd27/gateway] 2026-10-05T15:49:22.636+00:00 INFO  http.request requestId=a8b2e8f1-d21a-47d5-b1d9-0cd35f28f1f9 role=api pod=gateway-8689985fc9-gpd27 method=POST path=/api/transcriptions status=200 durationMs=656
[pod/gateway-8689985fc9-gpd27/gateway] 2026-10-05T15:49:22.648+00:00 INFO  http.request requestId=b201b86b-353f-4938-a197-99897f3759d1 role=api pod=gateway-8689985fc9-gpd27 method=POST path=/api/translations status=200 durationMs=574
[pod/gateway-8689985fc9-t5bnw/gateway] 2026-10-05T15:49:22.628+00:00 INFO  http.request requestId=8dae2685-adc1-4e53-aa59-b1901d76be00 role=api pod=gateway-8689985fc9-t5bnw method=POST path=/api/translations status=200 durationMs=547
[pod/gateway-8689985fc9-t5bnw/gateway] 2026-10-05T15:49:22.635+00:00 INFO  http.request requestId=ea3de719-73b4-4dac-a6fe-31465f6a9fd7 role=api pod=gateway-8689985fc9-t5bnw method=POST path=/api/transcriptions status=200 durationMs=685
[pod/gateway-8689985fc9-t5bnw/gateway] 2026-10-05T15:49:22.648+00:00 INFO  http.request requestId=934d4771-6fb1-470a-b746-78969a3657a6 role=api pod=gateway-8689985fc9-t5bnw method=POST path=/api/transcriptions status=200 durationMs=878
[pod/gateway-8689985fc9-t5bnw/gateway] 2026-10-05T15:49:22.651+00:00 INFO  http.request requestId=603c4b87-7f0b-448e-a0b6-79bf628885c7 role=api pod=gateway-8689985fc9-t5bnw method=POST path=/api/transcriptions status=200 durationMs=731
[pod/gateway-8689985fc9-t5bnw/gateway] 2026-10-05T15:49:22.651+00:00 INFO  http.request requestId=c12eb0f4-e057-4cf2-9720-dd23a35596a0 role=api pod=gateway-8689985fc9-t5bnw method=POST path=/api/translations status=200 durationMs=546
[pod/gateway-8689985fc9-t5bnw/gateway] 2026-10-05T15:49:22.674+00:00 INFO  http.request requestId=924b1ea1-5b56-42a9-a277-f006028f9de7 role=api pod=gateway-8689985fc9-t5bnw method=POST path=/api/transcriptions status=200 durationMs=798
[pod/gateway-8689985fc9-t5bnw/gateway] 2026-10-05T15:49:22.675+00:00 INFO  http.request requestId=de66859f-02b1-4952-96dd-ad2a43e1c3ae role=api pod=gateway-8689985fc9-t5bnw method=POST path=/api/transcriptions status=200 durationMs=663
[pod/gateway-8689985fc9-t5bnw/gateway] 2026-10-05T15:49:22.690+00:00 INFO  http.request requestId=9799b353-9495-4130-8afe-03f9d99852ff role=api pod=gateway-8689985fc9-t5bnw method=POST path=/api/transcriptions status=200 durationMs=755
[pod/gateway-8689985fc9-gpd27/gateway] 2026-10-05T15:49:22.675+00:00 INFO  http.request requestId=5478f9b4-d71e-4639-a7ad-acedd8417023 role=api pod=gateway-8689985fc9-gpd27 method=POST path=/api/transcriptions status=200 durationMs=768
[pod/gateway-8689985fc9-gpd27/gateway] 2026-10-05T15:49:22.675+00:00 INFO  http.request requestId=8603fd75-6754-43da-acaa-fa6b91d5cebf role=api pod=gateway-8689985fc9-gpd27 method=POST path=/api/translations status=200 durationMs=508
[pod/gateway-8689985fc9-gpd27/gateway] 2026-10-05T15:49:22.693+00:00 INFO  http.request requestId=2e1780c4-f3fc-42e4-89ed-28fbbfa02d35 role=api pod=gateway-8689985fc9-gpd27 method=POST path=/api/translations status=200 durationMs=482
[pod/gateway-8689985fc9-t5bnw/gateway] 2026-10-05T15:49:22.709+00:00 INFO  http.request requestId=59f68c68-65fc-4e5e-b06d-367947477c08 role=api pod=gateway-8689985fc9-t5bnw method=POST path=/api/transcriptions status=200 durationMs=712
[pod/gateway-8689985fc9-t5bnw/gateway] 2026-10-05T15:49:22.711+00:00 INFO  http.request requestId=1166431f-2f1d-47f3-b0d1-805d21df1eb5 role=api pod=gateway-8689985fc9-t5bnw method=POST path=/api/translations status=200 durationMs=576
[pod/gateway-8689985fc9-t5bnw/gateway] 2026-10-05T15:49:22.723+00:00 INFO  http.request requestId=4a4cf3cf-39b5-4701-81bc-fb8b56ce5e84 role=api pod=gateway-8689985fc9-t5bnw method=POST path=/api/transcriptions status=200 durationMs=682
[pod/gateway-8689985fc9-t5bnw/gateway] 2026-10-05T15:49:22.743+00:00 INFO  http.request requestId=86f55661-ea0d-498e-8492-bb1fb49cd148 role=api pod=gateway-8689985fc9-t5bnw method=POST path=/api/translations status=200 durationMs=524
[pod/gateway-8689985fc9-gpd27/gateway] 2026-10-05T15:49:22.754+00:00 INFO  http.request requestId=889d51b2-12d7-4d31-9a0c-f2a307414c1f role=api pod=gateway-8689985fc9-gpd27 method=POST path=/api/transcriptions status=200 durationMs=864
[pod/gateway-8689985fc9-t5bnw/gateway] 2026-10-05T15:49:22.771+00:00 INFO  http.request requestId=aeeb7794-bc50-4df4-8d21-2619f4f7ccc0 role=api pod=gateway-8689985fc9-t5bnw method=POST path=/api/translations status=200 durationMs=426
[pod/gateway-8689985fc9-t5bnw/gateway] 2026-10-05T15:49:22.785+00:00 INFO  http.request requestId=9091c4b9-c6e1-4c45-a900-10565c8ba582 role=api pod=gateway-8689985fc9-t5bnw method=POST path=/api/translations status=200 durationMs=499
[pod/gateway-8689985fc9-t5bnw/gateway] 2026-10-05T15:49:22.797+00:00 INFO  http.request requestId=578fc642-8d92-4931-abae-c6f7c8f4ade3 role=api pod=gateway-8689985fc9-t5bnw method=POST path=/api/transcriptions status=200 durationMs=773
[pod/gateway-8689985fc9-gpd27/gateway] 2026-10-05T15:49:22.792+00:00 INFO  http.request requestId=308c2ef7-2aff-451e-962c-5833e1beb01a role=api pod=gateway-8689985fc9-gpd27 method=POST path=/api/translations status=200 durationMs=411
[pod/gateway-8689985fc9-gpd27/gateway] 2026-10-05T15:49:22.809+00:00 INFO  http.request requestId=492b8397-61f6-494d-bf62-d57d725a7228 role=api pod=gateway-8689985fc9-gpd27 method=POST path=/api/translations status=200 durationMs=500
[pod/gateway-8689985fc9-gpd27/gateway] 2026-10-05T15:49:22.825+00:00 INFO  http.request requestId=26519c50-13b3-4865-b052-963b773dc60f role=api pod=gateway-8689985fc9-gpd27 method=POST path=/api/transcriptions status=200 durationMs=666
[pod/gateway-8689985fc9-t5bnw/gateway] 2026-10-05T15:49:22.818+00:00 INFO  http.request requestId=34f19ef8-ee36-4c6f-bf71-28b8aa7fc832 role=api pod=gateway-8689985fc9-t5bnw method=POST path=/api/translations status=200 durationMs=537
[pod/gateway-8689985fc9-t5bnw/gateway] 2026-10-05T15:49:22.827+00:00 INFO  http.request requestId=79611d6e-0f64-43e7-baa8-1a457dbbf0bf role=api pod=gateway-8689985fc9-t5bnw method=POST path=/api/transcriptions status=200 durationMs=622
[pod/gateway-8689985fc9-t5bnw/gateway] 2026-10-05T15:49:22.845+00:00 INFO  http.request requestId=4822ce2a-cad4-4e11-91d2-a1cdc51f122b role=api pod=gateway-8689985fc9-t5bnw method=POST path=/api/translations status=200 durationMs=559
[pod/gateway-8689985fc9-t5bnw/gateway] 2026-10-05T15:49:22.850+00:00 INFO  http.request requestId=788f268e-c174-42ea-ba95-d874e7fb7b82 role=api pod=gateway-8689985fc9-t5bnw method=POST path=/api/translations status=200 durationMs=527
[pod/gateway-8689985fc9-gpd27/gateway] 2026-10-05T15:49:22.845+00:00 INFO  http.request requestId=13b83e2d-d9a5-4909-b1ce-11c103d0c9d4 role=api pod=gateway-8689985fc9-gpd27 method=POST path=/api/transcriptions status=200 durationMs=671
[pod/gateway-8689985fc9-gpd27/gateway] 2026-10-05T15:49:22.860+00:00 INFO  http.request requestId=61a50ca4-0792-417a-858a-aa2d32418e2b role=api pod=gateway-8689985fc9-gpd27 method=POST path=/api/translations status=200 durationMs=416
[pod/gateway-8689985fc9-t5bnw/gateway] 2026-10-05T15:49:22.885+00:00 INFO  http.request requestId=ac3093d2-e3a1-4206-a280-fc81f58bfd40 role=api pod=gateway-8689985fc9-t5bnw method=POST path=/api/transcriptions status=200 durationMs=635
[pod/gateway-8689985fc9-gpd27/gateway] 2026-10-05T15:49:22.906+00:00 INFO  http.request requestId=2672f3d1-ba7e-43a5-b735-5542e4c04394 role=api pod=gateway-8689985fc9-gpd27 method=POST path=/api/translations status=200 durationMs=481
[pod/gateway-8689985fc9-gpd27/gateway] 2026-10-05T15:49:22.907+00:00 INFO  http.request requestId=4a6307e8-3fce-4202-9f88-043e4ef1ede8 role=api pod=gateway-8689985fc9-gpd27 method=POST path=/api/translations status=200 durationMs=482
[pod/gateway-8689985fc9-gpd27/gateway] 2026-10-05T15:49:22.908+00:00 INFO  http.request requestId=c4c36604-ba58-4b23-b2ce-bb45c4e858ff role=api pod=gateway-8689985fc9-gpd27 method=POST path=/api/transcriptions status=200 durationMs=793
[pod/gateway-8689985fc9-gpd27/gateway] 2026-10-05T15:49:22.922+00:00 INFO  http.request requestId=b1fc1087-38a2-41be-85e1-bb6d471441b7 role=api pod=gateway-8689985fc9-gpd27 method=POST path=/api/transcriptions status=200 durationMs=865
[pod/gateway-8689985fc9-gpd27/gateway] 2026-10-05T15:49:22.922+00:00 INFO  http.request requestId=30184a5c-145f-412f-a187-2d8b0cc2e6ae role=api pod=gateway-8689985fc9-gpd27 method=POST path=/api/translations status=200 durationMs=516
[pod/gateway-8689985fc9-gpd27/gateway] 2026-10-05T15:49:22.922+00:00 INFO  http.request requestId=6b7f1df4-39c3-441a-a01c-4d43ec92051a role=api pod=gateway-8689985fc9-gpd27 method=POST path=/api/transcriptions status=200 durationMs=853
[pod/gateway-8689985fc9-t5bnw/gateway] 2026-10-05T15:49:22.914+00:00 INFO  http.request requestId=1700d6f3-b738-44de-92de-98d768cee67c role=api pod=gateway-8689985fc9-t5bnw method=POST path=/api/transcriptions status=200 durationMs=724
[pod/gateway-8689985fc9-t5bnw/gateway] 2026-10-05T15:49:22.917+00:00 INFO  http.request requestId=c55c5233-4edb-463f-93b7-6323cef47507 role=api pod=gateway-8689985fc9-t5bnw method=POST path=/api/translations status=200 durationMs=426
[pod/gateway-8689985fc9-t5bnw/gateway] 2026-10-05T15:49:22.917+00:00 INFO  http.request requestId=a7659694-ec02-4304-9814-1e90a4921de6 role=api pod=gateway-8689985fc9-t5bnw method=POST path=/api/translations status=200 durationMs=584
[pod/gateway-8689985fc9-t5bnw/gateway] 2026-10-05T15:49:22.988+00:00 INFO  http.request requestId=b111c6a7-f674-4601-9022-50949a99795d role=api pod=gateway-8689985fc9-t5bnw method=POST path=/api/transcriptions status=200 durationMs=903
[pod/gateway-8689985fc9-gpd27/gateway] 2026-10-05T15:49:22.929+00:00 INFO  http.request requestId=8ea9da95-5e47-4ea1-8a5a-3f33c55869b4 role=api pod=gateway-8689985fc9-gpd27 method=POST path=/api/translations status=200 durationMs=446
[pod/gateway-8689985fc9-gpd27/gateway] 2026-10-05T15:49:22.965+00:00 INFO  http.request requestId=dc21ef77-297e-4b9c-8e2b-eedf5cd6890b role=api pod=gateway-8689985fc9-gpd27 method=POST path=/api/transcriptions status=200 durationMs=866
[pod/gateway-8689985fc9-gpd27/gateway] 2026-10-05T15:49:22.974+00:00 INFO  http.request requestId=24b2379c-b112-4947-8f09-0a95b7a7eac3 role=api pod=gateway-8689985fc9-gpd27 method=POST path=/api/translations status=200 durationMs=519
[pod/gateway-8689985fc9-gpd27/gateway] 2026-10-05T15:49:22.997+00:00 INFO  http.request requestId=5b856a11-13cd-449b-91a2-288f52b1d319 role=api pod=gateway-8689985fc9-gpd27 method=POST path=/api/transcriptions status=200 durationMs=851
[pod/gateway-8689985fc9-gpd27/gateway] 2026-10-05T15:49:23.008+00:00 INFO  http.request requestId=833c308d-acca-4f51-aa90-d53bfe4519a4 role=api pod=gateway-8689985fc9-gpd27 method=POST path=/api/translations status=200 durationMs=611
[pod/gateway-8689985fc9-gpd27/gateway] 2026-10-05T15:49:23.008+00:00 INFO  http.request requestId=59dff4b7-563e-47fd-9f7a-2a0dcaa37b4f role=api pod=gateway-8689985fc9-gpd27 method=POST path=/api/translations status=200 durationMs=501
[pod/gateway-8689985fc9-gpd27/gateway] 2026-10-05T15:49:23.012+00:00 INFO  http.request requestId=d1923011-c68b-464e-9ba9-c46acb924029 role=api pod=gateway-8689985fc9-gpd27 method=POST path=/api/transcriptions status=200 durationMs=883
[pod/gateway-8689985fc9-t5bnw/gateway] 2026-10-05T15:49:23.015+00:00 INFO  http.request requestId=f35ee2af-8cb9-4c93-ac7c-79b54ca5ea2c role=api pod=gateway-8689985fc9-t5bnw method=POST path=/api/translations status=200 durationMs=555
[pod/gateway-8689985fc9-t5bnw/gateway] 2026-10-05T15:49:23.016+00:00 INFO  http.request requestId=c81e8aab-b99a-4404-88c4-ab7897634e76 role=api pod=gateway-8689985fc9-t5bnw method=POST path=/api/transcriptions status=200 durationMs=676
[pod/gateway-8689985fc9-t5bnw/gateway] 2026-10-05T15:49:23.064+00:00 INFO  http.request requestId=a69b1f24-c788-4e31-8629-230a5a4bb521 role=api pod=gateway-8689985fc9-t5bnw method=POST path=/api/translations status=200 durationMs=528
[pod/gateway-8689985fc9-t5bnw/gateway] 2026-10-05T15:49:23.075+00:00 INFO  http.request requestId=14b4cf2f-156e-4777-b23d-841a51c8060c role=api pod=gateway-8689985fc9-t5bnw method=POST path=/api/translations status=200 durationMs=460
[pod/gateway-8689985fc9-t5bnw/gateway] 2026-10-05T15:49:23.076+00:00 INFO  http.request requestId=03738154-6bd5-4a82-ad8f-f1ff3733c696 role=api pod=gateway-8689985fc9-t5bnw method=POST path=/api/transcriptions status=200 durationMs=752
[pod/gateway-8689985fc9-gpd27/gateway] 2026-10-05T15:49:23.028+00:00 INFO  http.request requestId=3b31b3f5-b280-4c0a-bb01-edbfd8d3f3fe role=api pod=gateway-8689985fc9-gpd27 method=POST path=/api/translations status=200 durationMs=537
[pod/gateway-8689985fc9-gpd27/gateway] 2026-10-05T15:49:23.061+00:00 INFO  http.request requestId=5ae2ab7e-8751-4296-bf99-4a2357b115a5 role=api pod=gateway-8689985fc9-gpd27 method=POST path=/api/transcriptions status=200 durationMs=705
[pod/gateway-8689985fc9-gpd27/gateway] 2026-10-05T15:49:23.082+00:00 INFO  http.request requestId=e13839f9-b051-4e50-8c09-56c6e8030cc6 role=api pod=gateway-8689985fc9-gpd27 method=POST path=/api/transcriptions status=200 durationMs=803
[pod/gateway-8689985fc9-gpd27/gateway] 2026-10-05T15:49:23.083+00:00 INFO  http.request requestId=a31c34e5-bbe8-4f38-be8c-456493f1ddf0 role=api pod=gateway-8689985fc9-gpd27 method=POST path=/api/transcriptions status=200 durationMs=848
[pod/gateway-8689985fc9-gpd27/gateway] 2026-10-05T15:49:23.085+00:00 INFO  http.request requestId=450f4e91-0b29-4b67-a464-420c8a744da8 role=api pod=gateway-8689985fc9-gpd27 method=POST path=/api/translations status=200 durationMs=605
[pod/gateway-8689985fc9-gpd27/gateway] 2026-10-05T15:49:23.085+00:00 INFO  http.request requestId=7b618793-d8ff-4178-ad5b-5666cfba8968 role=api pod=gateway-8689985fc9-gpd27 method=POST path=/api/transcriptions status=200 durationMs=866
[pod/gateway-8689985fc9-gpd27/gateway] 2026-10-05T15:49:23.090+00:00 INFO  http.request requestId=f8231e11-e0e8-4716-b49a-2832d7ed432c role=api pod=gateway-8689985fc9-gpd27 method=POST path=/api/transcriptions status=200 durationMs=661
[pod/gateway-8689985fc9-gpd27/gateway] 2026-10-05T15:49:23.091+00:00 INFO  http.request requestId=c11f48e8-0b3e-47dc-8573-a9e681e3af39 role=api pod=gateway-8689985fc9-gpd27 method=POST path=/api/translations status=200 durationMs=569
[pod/gateway-8689985fc9-gpd27/gateway] 2026-10-05T15:49:23.111+00:00 INFO  http.request requestId=8c993f1c-0b19-448c-a05d-d1c519a59043 role=api pod=gateway-8689985fc9-gpd27 method=POST path=/api/transcriptions status=200 durationMs=665
[pod/gateway-8689985fc9-gpd27/gateway] 2026-10-05T15:49:23.129+00:00 INFO  http.request requestId=6cf9b62f-e437-4ed1-a841-cb7ed914014c role=api pod=gateway-8689985fc9-gpd27 method=POST path=/api/transcriptions status=200 durationMs=621
[pod/gateway-8689985fc9-gpd27/gateway] 2026-10-05T15:49:23.138+00:00 INFO  http.request requestId=bfc656f1-db7a-4304-ab40-40d0a785eb04 role=api pod=gateway-8689985fc9-gpd27 method=POST path=/api/transcriptions status=200 durationMs=724
[pod/gateway-8689985fc9-t5bnw/gateway] 2026-10-05T15:49:23.123+00:00 INFO  http.request requestId=ce50efe2-c3d7-4b92-ab79-788c930aa979 role=api pod=gateway-8689985fc9-t5bnw method=POST path=/api/transcriptions status=200 durationMs=859
[pod/gateway-8689985fc9-t5bnw/gateway] 2026-10-05T15:49:23.125+00:00 INFO  http.request requestId=2b4f099e-a8a9-4602-bb10-74f5bf39c6ca role=api pod=gateway-8689985fc9-t5bnw method=POST path=/api/translations status=200 durationMs=542
[pod/gateway-8689985fc9-t5bnw/gateway] 2026-10-05T15:49:23.139+00:00 INFO  http.request requestId=008e7062-6ff9-49a8-affd-aed18d9e1081 role=api pod=gateway-8689985fc9-t5bnw method=POST path=/api/translations status=200 durationMs=484
[pod/gateway-8689985fc9-t5bnw/gateway] 2026-10-05T15:49:23.146+00:00 INFO  http.request requestId=497e7c1c-1645-404f-80be-37f92a53f4b6 role=api pod=gateway-8689985fc9-t5bnw method=POST path=/api/transcriptions status=200 durationMs=656
[pod/gateway-8689985fc9-t5bnw/gateway] 2026-10-05T15:49:23.152+00:00 INFO  http.request requestId=be0ef72b-f88b-4836-934e-8489fedb3afd role=api pod=gateway-8689985fc9-t5bnw method=POST path=/api/transcriptions status=200 durationMs=692
[pod/gateway-8689985fc9-t5bnw/gateway] 2026-10-05T15:49:23.162+00:00 INFO  http.request requestId=397dbe4b-62bc-4ab1-8945-86f937f025df role=api pod=gateway-8689985fc9-t5bnw method=POST path=/api/transcriptions status=200 durationMs=792
[pod/gateway-8689985fc9-t5bnw/gateway] 2026-10-05T15:49:23.163+00:00 INFO  http.request requestId=16e134f7-e63a-47ea-9b9d-0aab59225b91 role=api pod=gateway-8689985fc9-t5bnw method=POST path=/api/translations status=200 durationMs=534
[pod/gateway-8689985fc9-gpd27/gateway] 2026-10-05T15:49:23.150+00:00 INFO  gateway.quiescing role=api pod=gateway-8689985fc9-gpd27 activeRequests=48
[pod/gateway-8689985fc9-gpd27/gateway] 2026-10-05T15:49:23.155+00:00 INFO  http.request requestId=f575cd67-ae3b-4551-a202-2911d6d67b39 role=api pod=gateway-8689985fc9-gpd27 method=POST path=/api/transcriptions status=200 durationMs=755
[pod/gateway-8689985fc9-gpd27/gateway] 2026-10-05T15:49:23.161+00:00 INFO  http.request requestId=3587ea8d-fc01-469e-9b7c-61500443761c role=api pod=gateway-8689985fc9-gpd27 method=POST path=/api/transcriptions status=200 durationMs=641
[pod/gateway-8689985fc9-gpd27/gateway] 2026-10-05T15:49:23.178+00:00 INFO  http.request requestId=ff729233-59e3-44f8-b8a7-66b5fe19615c role=api pod=gateway-8689985fc9-gpd27 method=POST path=/api/transcriptions status=200 durationMs=867
[pod/gateway-8689985fc9-t5bnw/gateway] 2026-10-05T15:49:23.193+00:00 INFO  http.request requestId=f26481b0-e386-4f9e-b06f-87a2a06f120b role=api pod=gateway-8689985fc9-t5bnw method=POST path=/api/translations status=200 durationMs=438
[pod/gateway-8689985fc9-t5bnw/gateway] 2026-10-05T15:49:23.203+00:00 INFO  http.request requestId=7903c7e6-f688-4cf6-93f3-98eb70322b4e role=api pod=gateway-8689985fc9-t5bnw method=POST path=/api/translations status=200 durationMs=527
[pod/gateway-8689985fc9-gpd27/gateway] 2026-10-05T15:49:23.179+00:00 INFO  http.request requestId=d540f700-b2c0-489c-8dd4-fec067f61dac role=api pod=gateway-8689985fc9-gpd27 method=POST path=/api/translations status=200 durationMs=541
[pod/gateway-8689985fc9-gpd27/gateway] 2026-10-05T15:49:23.182+00:00 INFO  http.request requestId=bfb8c464-e9a1-4ae6-96b9-e6e09ab7f405 role=api pod=gateway-8689985fc9-gpd27 method=POST path=/api/transcriptions status=200 durationMs=887
[pod/gateway-8689985fc9-gpd27/gateway] 2026-10-05T15:49:23.222+00:00 INFO  http.request requestId=ae6ec7f2-71ed-4ad8-b72d-19d970bb3bb2 role=api pod=gateway-8689985fc9-gpd27 method=POST path=/api/translations status=200 durationMs=532
[pod/gateway-8689985fc9-t5bnw/gateway] 2026-10-05T15:49:23.230+00:00 INFO  http.request requestId=61241cb8-19a0-4279-8b58-c7d09f82ba22 role=api pod=gateway-8689985fc9-t5bnw method=POST path=/api/translations status=200 durationMs=506
[pod/gateway-8689985fc9-t5bnw/gateway] 2026-10-05T15:49:23.230+00:00 INFO  http.request requestId=549dff33-0069-4d6c-81bc-961235892dfa role=api pod=gateway-8689985fc9-t5bnw method=POST path=/api/translations status=200 durationMs=520
[pod/gateway-8689985fc9-t5bnw/gateway] 2026-10-05T15:49:23.234+00:00 INFO  http.request requestId=e67c9dc2-d26f-4e7c-bdf6-027dfd93a644 role=api pod=gateway-8689985fc9-t5bnw method=POST path=/api/translations status=200 durationMs=597
[pod/gateway-8689985fc9-t5bnw/gateway] 2026-10-05T15:49:23.254+00:00 INFO  http.request requestId=86ca337e-1045-4151-9466-3a5d31b52df4 role=api pod=gateway-8689985fc9-t5bnw method=POST path=/api/transcriptions status=200 durationMs=870
[pod/gateway-8689985fc9-gpd27/gateway] 2026-10-05T15:49:23.239+00:00 INFO  http.request requestId=cf1a2291-ce10-4ff9-977a-fb5421d02226 role=api pod=gateway-8689985fc9-gpd27 method=POST path=/api/translations status=200 durationMs=589
[pod/gateway-8689985fc9-gpd27/gateway] 2026-10-05T15:49:23.263+00:00 INFO  http.request requestId=71b3f5cb-e001-4c73-ba9e-a94e203ebcb2 role=api pod=gateway-8689985fc9-gpd27 method=POST path=/api/transcriptions status=200 durationMs=683
[pod/gateway-8689985fc9-gpd27/gateway] 2026-10-05T15:49:23.268+00:00 INFO  http.request requestId=59e1b353-f56f-4875-a9e6-4a23a0aed692 role=api pod=gateway-8689985fc9-gpd27 method=POST path=/api/transcriptions status=200 durationMs=718
[pod/gateway-8689985fc9-gpd27/gateway] 2026-10-05T15:49:23.316+00:00 INFO  http.request requestId=08082062-5f65-437f-ad47-988ed33938ca role=api pod=gateway-8689985fc9-gpd27 method=POST path=/api/translations status=200 durationMs=486
[pod/gateway-8689985fc9-t5bnw/gateway] 2026-10-05T15:49:23.267+00:00 INFO  http.request requestId=7f841feb-939f-444a-b534-e3c7d3fa8b24 role=api pod=gateway-8689985fc9-t5bnw method=POST path=/api/translations status=200 durationMs=589
[pod/gateway-8689985fc9-t5bnw/gateway] 2026-10-05T15:49:23.270+00:00 INFO  http.request requestId=e2f2adca-62bc-4b27-856c-375676939eb4 role=api pod=gateway-8689985fc9-t5bnw method=POST path=/api/transcriptions status=200 durationMs=796
[pod/gateway-8689985fc9-t5bnw/gateway] 2026-10-05T15:49:23.283+00:00 INFO  http.request requestId=67966113-ad86-4598-983e-9d1fbe19abbd role=api pod=gateway-8689985fc9-t5bnw method=POST path=/api/translations status=200 durationMs=605
[pod/gateway-8689985fc9-t5bnw/gateway] 2026-10-05T15:49:23.315+00:00 INFO  http.request requestId=1d806167-1272-44fc-8244-7b52d92f4458 role=api pod=gateway-8689985fc9-t5bnw method=POST path=/api/translations status=200 durationMs=489
[pod/gateway-8689985fc9-gpd27/gateway] 2026-10-05T15:49:23.332+00:00 INFO  http.request requestId=71316fad-6f91-4fc5-acbc-9e9e42086849 role=api pod=gateway-8689985fc9-gpd27 method=POST path=/api/translations status=200 durationMs=486
[pod/gateway-8689985fc9-gpd27/gateway] 2026-10-05T15:49:23.344+00:00 INFO  http.request requestId=bf651fd7-1022-4315-bff7-8f5336284090 role=api pod=gateway-8689985fc9-gpd27 method=POST path=/api/translations status=200 durationMs=546
[pod/gateway-8689985fc9-t5bnw/gateway] 2026-10-05T15:49:23.348+00:00 INFO  http.request requestId=67d723b3-491c-4242-8c89-962809d2edf8 role=api pod=gateway-8689985fc9-t5bnw method=POST path=/api/translations status=200 durationMs=423
[pod/gateway-8689985fc9-gpd27/gateway] 2026-10-05T15:49:23.349+00:00 INFO  http.request requestId=2941bfa1-3538-48fb-860f-7e0410dcd90a role=api pod=gateway-8689985fc9-gpd27 method=POST path=/api/translations status=200 durationMs=435
[pod/gateway-8689985fc9-gpd27/gateway] 2026-10-05T15:49:23.367+00:00 INFO  http.request requestId=ebadb600-67a2-421a-8964-84ff6872953b role=api pod=gateway-8689985fc9-gpd27 method=POST path=/api/transcriptions status=200 durationMs=742
[pod/gateway-8689985fc9-t5bnw/gateway] 2026-10-05T15:49:23.357+00:00 INFO  http.request requestId=7871ed4a-e335-4ece-9f56-91965fe6b274 role=api pod=gateway-8689985fc9-t5bnw method=POST path=/api/transcriptions status=200 durationMs=747
[pod/gateway-8689985fc9-t5bnw/gateway] 2026-10-05T15:49:23.409+00:00 INFO  http.request requestId=79535f5a-b822-42c2-8013-40b03deed2dc role=api pod=gateway-8689985fc9-t5bnw method=POST path=/api/transcriptions status=200 durationMs=634
[pod/gateway-8689985fc9-t5bnw/gateway] 2026-10-05T15:49:23.419+00:00 INFO  http.request requestId=0708a5dc-00d1-496b-9013-366e0c0e69c0 role=api pod=gateway-8689985fc9-t5bnw method=POST path=/api/transcriptions status=200 durationMs=675
[pod/gateway-8689985fc9-t5bnw/gateway] 2026-10-05T15:49:23.442+00:00 INFO  http.request requestId=2a3c14aa-a169-414d-a419-ff51718980ce role=api pod=gateway-8689985fc9-t5bnw method=POST path=/api/translations status=200 durationMs=518
[pod/gateway-8689985fc9-gpd27/gateway] 2026-10-05T15:49:23.391+00:00 INFO  http.request requestId=d8956311-d91e-42a7-a17c-84fe0bd5ab27 role=api pod=gateway-8689985fc9-gpd27 method=POST path=/api/transcriptions status=200 durationMs=856
[pod/gateway-8689985fc9-gpd27/gateway] 2026-10-05T15:49:23.411+00:00 INFO  http.request requestId=ba2f93c2-7b8c-41df-9771-c39c1eb4883a role=api pod=gateway-8689985fc9-gpd27 method=POST path=/api/translations status=200 durationMs=444
[pod/gateway-8689985fc9-gpd27/gateway] 2026-10-05T15:49:23.412+00:00 INFO  http.request requestId=7626eff4-0e69-49f1-9d16-a3bf52e1ef72 role=api pod=gateway-8689985fc9-gpd27 method=POST path=/api/transcriptions status=200 durationMs=772
[pod/gateway-8689985fc9-gpd27/gateway] 2026-10-05T15:49:23.439+00:00 INFO  http.request requestId=9cdf64ed-3cfc-483e-a2f1-74e640bb0d5d role=api pod=gateway-8689985fc9-gpd27 method=POST path=/api/transcriptions status=200 durationMs=875
[pod/gateway-8689985fc9-t5bnw/gateway] 2026-10-05T15:49:23.455+00:00 INFO  http.request requestId=54f55531-56d2-4436-b3aa-2ce94445a9ff role=api pod=gateway-8689985fc9-t5bnw method=POST path=/api/translations status=200 durationMs=569
[pod/gateway-8689985fc9-t5bnw/gateway] 2026-10-05T15:49:23.473+00:00 INFO  http.request requestId=fc3f4d26-bf1e-4331-96d9-e44196f3daa7 role=api pod=gateway-8689985fc9-t5bnw method=POST path=/api/transcriptions status=200 durationMs=878
[pod/gateway-8689985fc9-gpd27/gateway] 2026-10-05T15:49:23.448+00:00 INFO  http.request requestId=f4e7f169-42e4-4769-adc1-b5451118088b role=api pod=gateway-8689985fc9-gpd27 method=POST path=/api/transcriptions status=200 durationMs=793
[pod/gateway-8689985fc9-gpd27/gateway] 2026-10-05T15:49:23.459+00:00 INFO  http.request requestId=78e33df8-e509-4ce7-8929-1279655c84e6 role=api pod=gateway-8689985fc9-gpd27 method=POST path=/api/transcriptions status=200 durationMs=729
[pod/gateway-8689985fc9-gpd27/gateway] 2026-10-05T15:49:23.484+00:00 INFO  http.request requestId=386eff4b-85eb-4a3c-878c-7444a0d5e72b role=api pod=gateway-8689985fc9-gpd27 method=POST path=/api/translations status=200 durationMs=574
[pod/gateway-8689985fc9-t5bnw/gateway] 2026-10-05T15:49:23.487+00:00 INFO  http.request requestId=4ad35fe0-e859-4673-adc5-aba998401217 role=api pod=gateway-8689985fc9-t5bnw method=POST path=/api/transcriptions status=200 durationMs=680
[pod/gateway-8689985fc9-t5bnw/gateway] 2026-10-05T15:49:23.502+00:00 INFO  http.request requestId=7309dd3a-a16a-4599-8c87-bea82a4202bd role=api pod=gateway-8689985fc9-t5bnw method=POST path=/api/translations status=200 durationMs=511
[pod/gateway-8689985fc9-t5bnw/gateway] 2026-10-05T15:49:23.517+00:00 INFO  http.request requestId=d7ac8453-acf6-46ea-bdb0-8e3096bd1066 role=api pod=gateway-8689985fc9-t5bnw method=POST path=/api/translations status=200 durationMs=519
[pod/gateway-8689985fc9-t5bnw/gateway] 2026-10-05T15:49:23.521+00:00 INFO  http.request requestId=33d79a34-f02d-4b05-90eb-b0be3b1898b1 role=api pod=gateway-8689985fc9-t5bnw method=POST path=/api/translations status=200 durationMs=505
[pod/gateway-8689985fc9-gpd27/gateway] 2026-10-05T15:49:23.502+00:00 INFO  http.request requestId=8b716521-7dc3-41ba-85cf-6af6f0ef41a2 role=api pod=gateway-8689985fc9-gpd27 method=POST path=/api/transcriptions status=200 durationMs=742
[pod/gateway-8689985fc9-gpd27/gateway] 2026-10-05T15:49:23.534+00:00 INFO  http.request requestId=d5a06381-50dd-4dac-9f1f-10bfcaf5af50 role=api pod=gateway-8689985fc9-gpd27 method=POST path=/api/transcriptions status=200 durationMs=834
[pod/gateway-8689985fc9-t5bnw/gateway] 2026-10-05T15:49:23.544+00:00 INFO  http.request requestId=4fd84790-d496-41b1-87bf-faa2157404dd role=api pod=gateway-8689985fc9-t5bnw method=POST path=/api/transcriptions status=200 durationMs=874
[pod/gateway-8689985fc9-t5bnw/gateway] 2026-10-05T15:49:23.561+00:00 INFO  http.request requestId=5829dd8a-9db8-40c9-94a4-79f2978072fc role=api pod=gateway-8689985fc9-t5bnw method=POST path=/api/transcriptions status=200 durationMs=876
[pod/gateway-8689985fc9-gpd27/gateway] 2026-10-05T15:49:23.549+00:00 INFO  http.request requestId=93381a49-61fb-40d0-ba2b-0730bb5a75c2 role=api pod=gateway-8689985fc9-gpd27 method=POST path=/api/transcriptions status=200 durationMs=637
[pod/gateway-8689985fc9-gpd27/gateway] 2026-10-05T15:49:23.585+00:00 INFO  http.request requestId=b61fed89-f963-4039-af4b-7942fcca70eb role=api pod=gateway-8689985fc9-gpd27 method=POST path=/api/transcriptions status=200 durationMs=750
[pod/gateway-8689985fc9-gpd27/gateway] 2026-10-05T15:49:23.586+00:00 INFO  http.request requestId=a4359244-25a3-4584-936b-f18043fb24d0 role=api pod=gateway-8689985fc9-gpd27 method=POST path=/api/translations status=200 durationMs=573
[pod/gateway-8689985fc9-t5bnw/gateway] 2026-10-05T15:49:23.570+00:00 INFO  http.request requestId=dac2c430-690a-4d37-a53a-e763ddf3a639 role=api pod=gateway-8689985fc9-t5bnw method=POST path=/api/translations status=200 durationMs=437
[pod/gateway-8689985fc9-t5bnw/gateway] 2026-10-05T15:49:23.571+00:00 INFO  http.request requestId=c89a808e-ca49-48da-9de1-cfc7357adfec role=api pod=gateway-8689985fc9-t5bnw method=POST path=/api/transcriptions status=200 durationMs=857
[pod/gateway-8689985fc9-t5bnw/gateway] 2026-10-05T15:49:23.597+00:00 INFO  http.request requestId=c247d818-86dc-4577-a134-7f6324705c3d role=api pod=gateway-8689985fc9-t5bnw method=POST path=/api/translations status=200 durationMs=455
[pod/gateway-8689985fc9-t5bnw/gateway] 2026-10-05T15:49:23.601+00:00 INFO  http.request requestId=be8133ed-9f2b-45b9-a936-d9432264f05c role=api pod=gateway-8689985fc9-t5bnw method=POST path=/api/translations status=200 durationMs=536
[pod/gateway-8689985fc9-t5bnw/gateway] 2026-10-05T15:49:23.612+00:00 INFO  http.request requestId=1c417311-dc9b-47cd-b074-dd2c07e56503 role=api pod=gateway-8689985fc9-t5bnw method=POST path=/api/translations status=200 durationMs=525
[pod/gateway-8689985fc9-t5bnw/gateway] 2026-10-05T15:49:23.617+00:00 INFO  http.request requestId=879282ae-05e7-497c-afc8-a09834ca7073 role=api pod=gateway-8689985fc9-t5bnw method=POST path=/api/transcriptions status=200 durationMs=768
[pod/gateway-8689985fc9-t5bnw/gateway] 2026-10-05T15:49:23.622+00:00 INFO  http.request requestId=c0d86a6a-b064-47d9-9a67-357225c08217 role=api pod=gateway-8689985fc9-t5bnw method=POST path=/api/translations status=200 durationMs=457
[pod/gateway-8689985fc9-t5bnw/gateway] 2026-10-05T15:49:23.628+00:00 INFO  http.request requestId=bb62c2b0-f891-4c00-91ef-f697096302b8 role=api pod=gateway-8689985fc9-t5bnw method=POST path=/api/translations status=200 durationMs=3008
[pod/gateway-8689985fc9-gpd27/gateway] 2026-10-05T15:49:23.613+00:00 INFO  http.request requestId=519d69ed-427e-453f-815c-f3c9db815e8f role=api pod=gateway-8689985fc9-gpd27 method=POST path=/api/translations status=200 durationMs=522
[pod/gateway-8689985fc9-gpd27/gateway] 2026-10-05T15:49:23.618+00:00 INFO  http.request requestId=7228b8af-8ed6-4c83-8d8d-2ca0119847d6 role=api pod=gateway-8689985fc9-gpd27 method=POST path=/api/transcriptions status=200 durationMs=754
[pod/gateway-8689985fc9-gpd27/gateway] 2026-10-05T15:49:23.620+00:00 INFO  http.request requestId=f8589766-91d4-4c0f-87c5-8907e6faa20e role=api pod=gateway-8689985fc9-gpd27 method=POST path=/api/translations status=200 durationMs=508
[pod/gateway-8689985fc9-t5bnw/gateway] 2026-10-05T15:49:23.637+00:00 INFO  http.request requestId=b7d563d0-8f03-4409-b6f2-1a3623006e6d role=api pod=gateway-8689985fc9-t5bnw method=POST path=/api/translations status=200 durationMs=555
[pod/gateway-8689985fc9-t5bnw/gateway] 2026-10-05T15:49:23.657+00:00 INFO  http.request requestId=b5020c77-d573-498f-b7c7-821731d59cae role=api pod=gateway-8689985fc9-t5bnw method=POST path=/api/transcriptions status=200 durationMs=867
[pod/gateway-8689985fc9-gpd27/gateway] 2026-10-05T15:49:23.656+00:00 INFO  http.request requestId=61cf582c-8640-49d3-8290-3679fa517f00 role=api pod=gateway-8689985fc9-gpd27 method=POST path=/api/translations status=200 durationMs=569
[pod/gateway-8689985fc9-gpd27/gateway] 2026-10-05T15:49:23.677+00:00 INFO  http.request requestId=6586ad43-1147-4d53-9583-96b0d8945daa role=api pod=gateway-8689985fc9-gpd27 method=POST path=/api/transcriptions status=200 durationMs=857
[pod/gateway-8689985fc9-gpd27/gateway] 2026-10-05T15:49:23.678+00:00 INFO  http.request requestId=482edf3e-8e95-44e4-b10b-70925c483735 role=api pod=gateway-8689985fc9-gpd27 method=POST path=/api/translations status=200 durationMs=553
[pod/gateway-8689985fc9-gpd27/gateway] 2026-10-05T15:49:23.698+00:00 INFO  http.request requestId=0de7f253-2b59-4352-a339-21d9d5342b3b role=api pod=gateway-8689985fc9-gpd27 method=POST path=/api/translations status=200 durationMs=610
[pod/gateway-8689985fc9-t5bnw/gateway] 2026-10-05T15:49:23.678+00:00 INFO  http.request requestId=e5c18b0e-0256-4955-be4f-c3f45e9fabd0 role=api pod=gateway-8689985fc9-t5bnw method=POST path=/api/translations status=200 durationMs=519
[pod/gateway-8689985fc9-t5bnw/gateway] 2026-10-05T15:49:23.689+00:00 INFO  http.request requestId=6f9f2aaa-a807-4b6c-8438-7bdccb337d36 role=api pod=gateway-8689985fc9-t5bnw method=POST path=/api/transcriptions status=200 durationMs=794
[pod/gateway-8689985fc9-t5bnw/gateway] 2026-10-05T15:49:23.701+00:00 INFO  http.request requestId=da1db9b5-e6cd-4a34-8c25-9052929f9154 role=api pod=gateway-8689985fc9-t5bnw method=POST path=/api/translations status=200 durationMs=432
[pod/gateway-8689985fc9-t5bnw/gateway] 2026-10-05T15:49:23.732+00:00 INFO  http.request requestId=34bb36f2-075a-4625-bc63-2136f2a8fc17 role=api pod=gateway-8689985fc9-t5bnw method=POST path=/api/translations status=200 durationMs=578
[pod/gateway-8689985fc9-gpd27/gateway] 2026-10-05T15:49:23.714+00:00 INFO  http.request requestId=655e5fa1-658d-4b1c-ade8-516be472c732 role=api pod=gateway-8689985fc9-gpd27 method=POST path=/api/transcriptions status=200 durationMs=773
[pod/gateway-8689985fc9-gpd27/gateway] 2026-10-05T15:49:23.738+00:00 INFO  http.request requestId=46d91b3c-aaa2-4080-aaba-259d540cd12d role=api pod=gateway-8689985fc9-gpd27 method=POST path=/api/transcriptions status=200 durationMs=693
[pod/gateway-8689985fc9-gpd27/gateway] 2026-10-05T15:49:23.743+00:00 INFO  http.request requestId=c5cea58d-565e-439f-b580-73aa294cf742 role=api pod=gateway-8689985fc9-gpd27 method=POST path=/api/translations status=200 durationMs=592
[pod/gateway-8689985fc9-gpd27/gateway] 2026-10-05T15:49:23.743+00:00 INFO  http.request requestId=f97cbdf9-e50e-4847-b054-076e57aba51a role=api pod=gateway-8689985fc9-gpd27 method=POST path=/api/transcriptions status=200 durationMs=773
[pod/gateway-8689985fc9-gpd27/gateway] 2026-10-05T15:49:23.748+00:00 INFO  http.request requestId=1ca630fc-ff02-4831-ab63-b55d6a6236fa role=api pod=gateway-8689985fc9-gpd27 method=POST path=/api/transcriptions status=200 durationMs=823
[pod/gateway-8689985fc9-gpd27/gateway] 2026-10-05T15:49:23.750+00:00 INFO  http.request requestId=f3e248eb-3904-48fe-91f0-4efadc8ffda0 role=api pod=gateway-8689985fc9-gpd27 method=POST path=/api/transcriptions status=200 durationMs=795
[pod/gateway-8689985fc9-gpd27/gateway] 2026-10-05T15:49:23.761+00:00 INFO  http.request requestId=bd1defc4-954f-45b5-ae15-d9a0061a1b91 role=api pod=gateway-8689985fc9-gpd27 method=POST path=/api/transcriptions status=200 durationMs=654
[pod/gateway-8689985fc9-t5bnw/gateway] 2026-10-05T15:49:23.736+00:00 INFO  http.request requestId=7dfd457b-d7d2-40af-9393-735b02ee00f4 role=api pod=gateway-8689985fc9-t5bnw method=POST path=/api/translations status=200 durationMs=566
[pod/gateway-8689985fc9-t5bnw/gateway] 2026-10-05T15:49:23.756+00:00 INFO  http.request requestId=aa8f0672-3eb3-4b30-8e9e-a32bd3f20e72 role=api pod=gateway-8689985fc9-t5bnw method=POST path=/api/translations status=200 durationMs=568
[pod/gateway-8689985fc9-t5bnw/gateway] 2026-10-05T15:49:23.762+00:00 INFO  http.request requestId=c0d668d9-9285-49c3-b221-f06206161171 role=api pod=gateway-8689985fc9-t5bnw method=POST path=/api/translations status=200 durationMs=581
[pod/gateway-8689985fc9-gpd27/gateway] 2026-10-05T15:49:23.782+00:00 INFO  http.request requestId=ef2da052-7a7c-4e6d-947e-7982e75dfb1b role=api pod=gateway-8689985fc9-gpd27 method=POST path=/api/transcriptions status=200 durationMs=902
[pod/gateway-8689985fc9-gpd27/gateway] 2026-10-05T15:49:23.792+00:00 INFO  http.request requestId=4ed290de-a00d-47dd-94db-18cc7273497a role=api pod=gateway-8689985fc9-gpd27 method=POST path=/api/transcriptions status=200 durationMs=791
[pod/gateway-8689985fc9-gpd27/gateway] 2026-10-05T15:49:23.831+00:00 WARN  http.request requestId=c68a531c-ef0c-4af8-9b74-f51cd3a49d1e role=api pod=gateway-8689985fc9-gpd27 method=GET path=/readyz status=503 durationMs=0
[pod/gateway-8689985fc9-gpd27/gateway] 2026-10-05T15:49:23.838+00:00 INFO  http.request requestId=b8f62865-e5ab-40b4-adc8-ede82ef4f751 role=api pod=gateway-8689985fc9-gpd27 method=POST path=/api/transcriptions status=200 durationMs=777
[pod/gateway-8689985fc9-gpd27/gateway] 2026-10-05T15:49:23.847+00:00 INFO  http.request requestId=a6e61bff-b61e-48dd-94a4-d93126f7884f role=api pod=gateway-8689985fc9-gpd27 method=POST path=/api/transcriptions status=200 durationMs=861
[pod/gateway-8689985fc9-gpd27/gateway] 2026-10-05T15:49:23.851+00:00 INFO  http.request requestId=48a6028e-6c30-47f0-9d44-37db2bffb695 role=api pod=gateway-8689985fc9-gpd27 method=POST path=/api/transcriptions status=200 durationMs=834
[pod/gateway-8689985fc9-t5bnw/gateway] 2026-10-05T15:49:23.836+00:00 INFO  http.request requestId=2f80fcb2-3732-4da0-8a2e-71e4407f95d2 role=api pod=gateway-8689985fc9-t5bnw method=POST path=/api/translations status=200 durationMs=421
[pod/gateway-8689985fc9-t5bnw/gateway] 2026-10-05T15:49:23.853+00:00 INFO  http.request requestId=399f5307-815a-4218-8cbc-901fb46b885a role=api pod=gateway-8689985fc9-t5bnw method=POST path=/api/translations status=200 durationMs=599
[pod/gateway-8689985fc9-t5bnw/gateway] 2026-10-05T15:49:23.858+00:00 INFO  http.request requestId=f81791c1-109b-4bac-8cee-5f89299343ad role=api pod=gateway-8689985fc9-t5bnw method=POST path=/api/transcriptions status=200 durationMs=781
[pod/gateway-8689985fc9-t5bnw/gateway] 2026-10-05T15:49:23.861+00:00 INFO  http.request requestId=6ba775a6-6fe1-4bd6-8764-e53c95f6a05d role=api pod=gateway-8689985fc9-t5bnw method=POST path=/api/transcriptions status=200 durationMs=676
[pod/gateway-8689985fc9-t5bnw/gateway] 2026-10-05T15:49:23.878+00:00 INFO  http.request requestId=61538c73-efea-426c-8a25-13a0df1b4266 role=api pod=gateway-8689985fc9-t5bnw method=POST path=/api/transcriptions status=200 durationMs=667
[pod/gateway-8689985fc9-t5bnw/gateway] 2026-10-05T15:49:23.889+00:00 INFO  http.request requestId=471c47b6-745b-48a6-b85d-f1cd578529f2 role=api pod=gateway-8689985fc9-t5bnw method=POST path=/api/translations status=200 durationMs=494
[pod/gateway-8689985fc9-t5bnw/gateway] 2026-10-05T15:49:23.891+00:00 INFO  http.request requestId=48a5700a-8733-4316-9859-4b85bb15a0f9 role=api pod=gateway-8689985fc9-t5bnw method=POST path=/api/transcriptions status=200 durationMs=862
[pod/gateway-8689985fc9-t5bnw/gateway] 2026-10-05T15:49:23.895+00:00 INFO  http.request requestId=7f44b8a7-92ba-4790-9d60-0fb4d45d1d72 role=api pod=gateway-8689985fc9-t5bnw method=POST path=/api/translations status=200 durationMs=527
[pod/gateway-8689985fc9-t5bnw/gateway] 2026-10-05T15:49:23.913+00:00 INFO  http.request requestId=49deb7eb-1e33-47f9-8518-957d9ebf88f4 role=api pod=gateway-8689985fc9-t5bnw method=POST path=/api/translations status=200 durationMs=502
[pod/gateway-8689985fc9-t5bnw/gateway] 2026-10-05T15:49:23.916+00:00 INFO  http.request requestId=d2e10767-dd79-4f48-b649-28a9447e254a role=api pod=gateway-8689985fc9-t5bnw method=POST path=/api/transcriptions status=200 durationMs=631
[pod/gateway-8689985fc9-t5bnw/gateway] 2026-10-05T15:49:23.930+00:00 INFO  http.request requestId=5fd8c611-aadc-45fa-846a-5e2abf45073a role=api pod=gateway-8689985fc9-t5bnw method=POST path=/api/translations status=200 durationMs=571
[pod/gateway-8689985fc9-gpd27/gateway] 2026-10-05T15:49:23.876+00:00 INFO  http.request requestId=a5aea060-2c27-4a91-a66e-5e489f980f52 role=api pod=gateway-8689985fc9-gpd27 method=POST path=/api/transcriptions status=200 durationMs=756
[pod/gateway-8689985fc9-t5bnw/gateway] 2026-10-05T15:49:23.965+00:00 INFO  http.request requestId=e37187df-e139-497d-a364-d3f8c423cab6 role=api pod=gateway-8689985fc9-t5bnw method=POST path=/api/translations status=200 durationMs=462
[pod/gateway-8689985fc9-t5bnw/gateway] 2026-10-05T15:49:23.967+00:00 INFO  http.request requestId=cdaa7d84-ea9d-49be-9262-67c1dac96934 role=api pod=gateway-8689985fc9-t5bnw method=POST path=/api/translations status=200 durationMs=542
[pod/gateway-8689985fc9-t5bnw/gateway] 2026-10-05T15:49:23.968+00:00 INFO  http.request requestId=0c6ca8c1-382f-4026-8575-f6842f952605 role=api pod=gateway-8689985fc9-t5bnw method=POST path=/api/transcriptions status=200 durationMs=769
[pod/gateway-8689985fc9-t5bnw/gateway] 2026-10-05T15:49:23.969+00:00 INFO  http.request requestId=4e74ac90-9961-473e-8ff1-a6d086a4de53 role=api pod=gateway-8689985fc9-t5bnw method=POST path=/api/translations status=200 durationMs=423
[pod/gateway-8689985fc9-t5bnw/gateway] 2026-10-05T15:49:23.985+00:00 INFO  http.request requestId=1b907f09-b336-4be3-8a97-55ff63eed05a role=api pod=gateway-8689985fc9-t5bnw method=POST path=/api/translations status=200 durationMs=447
[pod/gateway-8689985fc9-t5bnw/gateway] 2026-10-05T15:49:24.004+00:00 INFO  http.request requestId=2a882eb2-08c6-442c-8725-665978565542 role=api pod=gateway-8689985fc9-t5bnw method=POST path=/api/translations status=200 durationMs=526
[pod/gateway-8689985fc9-t5bnw/gateway] 2026-10-05T15:49:24.008+00:00 INFO  http.request requestId=d3e574dd-d981-4600-a9be-ad08322a2fe9 role=api pod=gateway-8689985fc9-t5bnw method=POST path=/api/transcriptions status=200 durationMs=855
[pod/gateway-8689985fc9-t5bnw/gateway] 2026-10-05T15:49:24.018+00:00 INFO  http.request requestId=44c8c024-8b95-4b29-851c-44a6028388fe role=api pod=gateway-8689985fc9-t5bnw method=POST path=/api/transcriptions status=200 durationMs=704
[pod/gateway-8689985fc9-t5bnw/gateway] 2026-10-05T15:49:24.018+00:00 INFO  http.request requestId=a4ba01af-2825-415e-8281-f866dde401a3 role=api pod=gateway-8689985fc9-t5bnw method=POST path=/api/translations status=200 durationMs=558
[pod/gateway-8689985fc9-t5bnw/gateway] 2026-10-05T15:49:24.030+00:00 INFO  http.request requestId=05235ebd-1f93-4727-ab7b-b9c6fe29fcb7 role=api pod=gateway-8689985fc9-t5bnw method=POST path=/api/transcriptions status=200 durationMs=775
[pod/gateway-8689985fc9-t5bnw/gateway] 2026-10-05T15:49:24.044+00:00 INFO  http.request requestId=0bbedac2-24e6-4fbe-94d3-6e4f41777f16 role=api pod=gateway-8689985fc9-t5bnw method=POST path=/api/transcriptions status=200 durationMs=771
[pod/gateway-8689985fc9-t5bnw/gateway] 2026-10-05T15:49:24.050+00:00 INFO  http.request requestId=14287c2c-8515-41f2-ad86-e28906542d78 role=api pod=gateway-8689985fc9-t5bnw method=POST path=/api/transcriptions status=200 durationMs=705
[pod/gateway-8689985fc9-t5bnw/gateway] 2026-10-05T15:49:24.051+00:00 INFO  http.request requestId=0316b6d5-28d4-488a-a940-106ca13fc714 role=api pod=gateway-8689985fc9-t5bnw method=POST path=/api/translations status=200 durationMs=479
[pod/gateway-8689985fc9-gpd27/gateway] 2026-10-05T15:49:23.993+00:00 INFO  http.request requestId=d6cdaaef-6c9e-4b30-bee9-21505bb32324 role=api pod=gateway-8689985fc9-gpd27 method=POST path=/api/transcriptions status=200 durationMs=903
[pod/gateway-8689985fc9-gpd27/gateway] 2026-10-05T15:49:23.995+00:00 INFO  http.request requestId=8d9d56aa-0dae-4213-bff5-0b4615494eeb role=api pod=gateway-8689985fc9-gpd27 method=POST path=/api/transcriptions status=200 durationMs=857
[pod/gateway-8689985fc9-gpd27/gateway] 2026-10-05T15:49:24.041+00:00 INFO  http.request requestId=426c66b2-128a-4ee3-bef2-943114e7b8ad role=api pod=gateway-8689985fc9-gpd27 method=POST path=/api/translations status=200 durationMs=479
[pod/gateway-8689985fc9-t5bnw/gateway] 2026-10-05T15:49:24.072+00:00 INFO  http.request requestId=18c19148-8611-4f8d-98cf-19aad922c242 role=api pod=gateway-8689985fc9-t5bnw method=POST path=/api/transcriptions status=200 durationMs=622
[pod/gateway-8689985fc9-t5bnw/gateway] 2026-10-05T15:49:24.073+00:00 INFO  http.request requestId=89dc65b5-e752-4cd0-85a0-89b672e3db17 role=api pod=gateway-8689985fc9-t5bnw method=POST path=/api/translations status=200 durationMs=524
[pod/gateway-8689985fc9-t5bnw/gateway] 2026-10-05T15:49:24.079+00:00 INFO  http.request requestId=d11ad5ca-3ef4-4d9a-b9f9-c058b7fea560 role=api pod=gateway-8689985fc9-t5bnw method=POST path=/api/transcriptions status=200 durationMs=673
[pod/gateway-8689985fc9-t5bnw/gateway] 2026-10-05T15:49:24.107+00:00 INFO  http.request requestId=9c7e2d9c-33b7-4036-a30b-05f3afc1f041 role=api pod=gateway-8689985fc9-t5bnw method=POST path=/api/transcriptions status=200 durationMs=746
[pod/gateway-8689985fc9-t5bnw/gateway] 2026-10-05T15:49:24.111+00:00 INFO  http.request requestId=8503038d-8d52-460d-9b07-422c92acec11 role=api pod=gateway-8689985fc9-t5bnw method=POST path=/api/transcriptions status=200 durationMs=868
[pod/gateway-8689985fc9-t5bnw/gateway] 2026-10-05T15:49:24.129+00:00 INFO  http.request requestId=3c2c70db-d511-45d0-9937-9f3cc3e84de8 role=api pod=gateway-8689985fc9-t5bnw method=POST path=/api/translations status=200 durationMs=538
[pod/gateway-8689985fc9-t5bnw/gateway] 2026-10-05T15:49:24.141+00:00 INFO  http.request requestId=99dc65db-afb2-48c8-81de-66b1356131fc role=api pod=gateway-8689985fc9-t5bnw method=POST path=/api/transcriptions status=200 durationMs=706
[pod/gateway-8689985fc9-t5bnw/gateway] 2026-10-05T15:49:24.160+00:00 INFO  http.request requestId=2221e1b4-37e6-4bd4-8b0a-b295dba1a286 role=api pod=gateway-8689985fc9-t5bnw method=POST path=/api/translations status=200 durationMs=420
[pod/gateway-8689985fc9-t5bnw/gateway] 2026-10-05T15:49:24.174+00:00 INFO  http.request requestId=ca264357-125a-48b1-b5d7-46582d4f938b role=api pod=gateway-8689985fc9-t5bnw method=POST path=/api/transcriptions status=200 durationMs=753
[pod/gateway-8689985fc9-t5bnw/gateway] 2026-10-05T15:49:24.181+00:00 INFO  http.request requestId=683c2bb7-7329-486c-b982-dde9d54a710f role=api pod=gateway-8689985fc9-t5bnw method=POST path=/api/translations status=200 durationMs=418
[pod/gateway-8689985fc9-t5bnw/gateway] 2026-10-05T15:49:24.194+00:00 INFO  http.request requestId=a6e48827-ecd6-47cd-aa2e-8ab95ae943ce role=api pod=gateway-8689985fc9-t5bnw method=POST path=/api/transcriptions status=200 durationMs=894
[pod/gateway-8689985fc9-t5bnw/gateway] 2026-10-05T15:49:24.215+00:00 INFO  http.request requestId=2c8450ac-cb4b-4aec-a4ba-4489d80fdc1d role=api pod=gateway-8689985fc9-t5bnw method=POST path=/api/translations status=200 durationMs=526
[pod/gateway-8689985fc9-t5bnw/gateway] 2026-10-05T15:49:24.244+00:00 INFO  http.request requestId=067963c0-23be-4f92-a0ab-285eaca3ce2e role=api pod=gateway-8689985fc9-t5bnw method=POST path=/api/transcriptions status=200 durationMs=902
[pod/gateway-8689985fc9-t5bnw/gateway] 2026-10-05T15:49:24.252+00:00 INFO  http.request requestId=0cb54e15-2a9b-4e01-9635-fdc045ded1ee role=api pod=gateway-8689985fc9-t5bnw method=POST path=/api/translations status=200 durationMs=593
[pod/gateway-8689985fc9-t5bnw/gateway] 2026-10-05T15:49:24.296+00:00 INFO  http.request requestId=4301a18a-1d97-4281-a5bf-b1d5c817657d role=api pod=gateway-8689985fc9-t5bnw method=POST path=/api/transcriptions status=200 durationMs=650
[pod/gateway-8689985fc9-t5bnw/gateway] 2026-10-05T15:49:24.296+00:00 INFO  http.request requestId=5b4995c0-1559-45ba-bee8-bb97ab569ef4 role=api pod=gateway-8689985fc9-t5bnw method=POST path=/api/translations status=200 durationMs=446
[pod/gateway-8689985fc9-t5bnw/gateway] 2026-10-05T15:49:24.299+00:00 INFO  http.request requestId=8d822833-e61a-4ef9-b4da-5f3876242618 role=api pod=gateway-8689985fc9-t5bnw method=POST path=/api/transcriptions status=200 durationMs=12010
[pod/gateway-8689985fc9-t5bnw/gateway] 2026-10-05T15:49:24.304+00:00 INFO  http.request requestId=fe4b527f-a890-4c54-9d51-967fe7181765 role=api pod=gateway-8689985fc9-t5bnw method=POST path=/api/transcriptions status=200 durationMs=718
[pod/gateway-8689985fc9-t5bnw/gateway] 2026-10-05T15:49:24.305+00:00 INFO  http.request requestId=bc6d687b-70b2-469f-9a33-818f8fc1bb58 role=api pod=gateway-8689985fc9-t5bnw method=POST path=/api/transcriptions status=200 durationMs=735
[pod/gateway-8689985fc9-t5bnw/gateway] 2026-10-05T15:49:24.309+00:00 INFO  http.request requestId=bb5522e8-086b-4163-892a-5d43a975a696 role=api pod=gateway-8689985fc9-t5bnw method=POST path=/api/transcriptions status=200 durationMs=797
[pod/gateway-8689985fc9-t5bnw/gateway] 2026-10-05T15:49:24.310+00:00 INFO  http.request requestId=b2e348dc-45a6-4dc3-891b-dbd53ac12b82 role=api pod=gateway-8689985fc9-t5bnw method=POST path=/api/translations status=200 durationMs=471
[pod/gateway-8689985fc9-t5bnw/gateway] 2026-10-05T15:49:24.330+00:00 INFO  http.request requestId=3817f40e-7efc-4084-862f-08b2b8df15ee role=api pod=gateway-8689985fc9-t5bnw method=POST path=/api/transcriptions status=200 durationMs=773
[pod/gateway-8689985fc9-t5bnw/gateway] 2026-10-05T15:49:24.337+00:00 INFO  http.request requestId=27d857d3-3c93-4770-ae7a-39edf78f3b07 role=api pod=gateway-8689985fc9-t5bnw method=POST path=/api/transcriptions status=200 durationMs=662
[pod/gateway-8689985fc9-t5bnw/gateway] 2026-10-05T15:49:24.338+00:00 INFO  http.request requestId=0097d902-2882-4bda-8b12-dd89c7842cd7 role=api pod=gateway-8689985fc9-t5bnw method=POST path=/api/translations status=200 durationMs=476
[pod/gateway-8689985fc9-t5bnw/gateway] 2026-10-05T15:49:24.349+00:00 INFO  http.request requestId=06e9a14b-df56-4db4-a4bb-51d666b2b63f role=api pod=gateway-8689985fc9-t5bnw method=POST path=/api/translations status=200 durationMs=456
[pod/gateway-8689985fc9-t5bnw/gateway] 2026-10-05T15:49:24.349+00:00 INFO  http.request requestId=cbc4e879-673c-41ca-8f26-f8976f8456b4 role=api pod=gateway-8689985fc9-t5bnw method=POST path=/api/transcriptions status=200 durationMs=854
[pod/gateway-8689985fc9-t5bnw/gateway] 2026-10-05T15:49:24.354+00:00 INFO  http.request requestId=13daaf6e-860b-4f90-a652-0ad5df556ad7 role=api pod=gateway-8689985fc9-t5bnw method=POST path=/api/transcriptions status=200 durationMs=872
[pod/gateway-8689985fc9-t5bnw/gateway] 2026-10-05T15:49:24.371+00:00 INFO  http.request requestId=580b149e-1868-4816-bd46-19e0ba38dc1f role=api pod=gateway-8689985fc9-t5bnw method=POST path=/api/translations status=200 durationMs=575
[pod/gateway-8689985fc9-t5bnw/gateway] 2026-10-05T15:49:24.384+00:00 INFO  http.request requestId=9426670c-20b3-4210-b1ed-77dec8173b1c role=api pod=gateway-8689985fc9-t5bnw method=POST path=/api/translations status=200 durationMs=467
[pod/gateway-8689985fc9-t5bnw/gateway] 2026-10-05T15:49:24.386+00:00 INFO  http.request requestId=fa6124a3-78a6-483b-87a6-7472716294e4 role=api pod=gateway-8689985fc9-t5bnw method=POST path=/api/translations status=200 durationMs=460
[pod/gateway-8689985fc9-t5bnw/gateway] 2026-10-05T15:49:24.390+00:00 INFO  http.request requestId=d1c1c476-c0d8-4640-a996-241a96f363e4 role=api pod=gateway-8689985fc9-t5bnw method=POST path=/api/transcriptions status=200 durationMs=775
[pod/gateway-8689985fc9-t5bnw/gateway] 2026-10-05T15:49:24.404+00:00 INFO  http.request requestId=60b0c1b2-d2b3-480d-9a7b-1779f1f15d8b role=api pod=gateway-8689985fc9-t5bnw method=POST path=/api/transcriptions status=200 durationMs=863
[pod/gateway-8689985fc9-t5bnw/gateway] 2026-10-05T15:49:24.435+00:00 INFO  http.request requestId=8d9b4191-77a4-4052-bac1-ed78a015ff0c role=api pod=gateway-8689985fc9-t5bnw method=POST path=/api/translations status=200 durationMs=575
[pod/gateway-8689985fc9-t5bnw/gateway] 2026-10-05T15:49:24.438+00:00 INFO  http.request requestId=0b8d3ab8-a7d0-4726-825e-47aa7b892dd6 role=api pod=gateway-8689985fc9-t5bnw method=POST path=/api/transcriptions status=200 durationMs=914
[pod/gateway-8689985fc9-t5bnw/gateway] 2026-10-05T15:49:24.453+00:00 INFO  http.request requestId=1e897579-d1e7-415f-b8c2-033d86b38821 role=api pod=gateway-8689985fc9-t5bnw method=POST path=/api/translations status=200 durationMs=422
[pod/gateway-8689985fc9-t5bnw/gateway] 2026-10-05T15:49:24.465+00:00 INFO  http.request requestId=44ee45ad-8ba0-4eb2-bb35-dccf3fdd8435 role=api pod=gateway-8689985fc9-t5bnw method=POST path=/api/transcriptions status=200 durationMs=803
[pod/gateway-8689985fc9-t5bnw/gateway] 2026-10-05T15:49:24.465+00:00 INFO  http.request requestId=e71e45f8-cab2-461b-a8ac-0a3b744155d4 role=api pod=gateway-8689985fc9-t5bnw method=POST path=/api/transcriptions status=200 durationMs=760
[pod/gateway-8689985fc9-t5bnw/gateway] 2026-10-05T15:49:24.481+00:00 INFO  http.request requestId=d11645ba-e820-4856-82c3-1bf9d950e436 role=api pod=gateway-8689985fc9-t5bnw method=POST path=/api/translations status=200 durationMs=479
[pod/gateway-8689985fc9-t5bnw/gateway] 2026-10-05T15:49:24.482+00:00 INFO  http.request requestId=9dcafc89-0678-4306-ab7a-762721755cc4 role=api pod=gateway-8689985fc9-t5bnw method=POST path=/api/translations status=200 durationMs=513
[pod/gateway-8689985fc9-t5bnw/gateway] 2026-10-05T15:49:24.494+00:00 INFO  http.request requestId=8d1f5b36-25f4-4de3-b193-7aa37feaa76d role=api pod=gateway-8689985fc9-t5bnw method=POST path=/api/translations status=200 durationMs=420
[pod/gateway-8689985fc9-t5bnw/gateway] 2026-10-05T15:49:24.504+00:00 INFO  http.request requestId=2c09a813-a801-4330-ae54-327eda8ba5ef role=api pod=gateway-8689985fc9-t5bnw method=POST path=/api/translations status=200 durationMs=423
[pod/gateway-8689985fc9-t5bnw/gateway] 2026-10-05T15:49:24.506+00:00 INFO  http.request requestId=11b7c792-8d55-4e17-8c1d-2a168cf3e9f5 role=api pod=gateway-8689985fc9-t5bnw method=POST path=/api/translations status=200 durationMs=487
[pod/gateway-8689985fc9-t5bnw/gateway] 2026-10-05T15:49:24.506+00:00 INFO  http.request requestId=ece7252b-c4cb-4fbb-a486-37939f02baba role=api pod=gateway-8689985fc9-t5bnw method=POST path=/api/translations status=200 durationMs=462
[pod/gateway-8689985fc9-t5bnw/gateway] 2026-10-05T15:49:24.508+00:00 INFO  http.request requestId=080c19db-2991-4358-8544-70e9dac29a3f role=api pod=gateway-8689985fc9-t5bnw method=POST path=/api/transcriptions status=200 durationMs=906
[pod/gateway-8689985fc9-t5bnw/gateway] 2026-10-05T15:49:24.513+00:00 INFO  http.request requestId=e1da79e3-07e6-45f0-89af-d52543926e92 role=api pod=gateway-8689985fc9-t5bnw method=POST path=/api/transcriptions status=200 durationMs=671
[pod/gateway-8689985fc9-t5bnw/gateway] 2026-10-05T15:49:24.519+00:00 INFO  http.request requestId=425ebba5-0ce8-49fc-9e1f-6b6d399cecf9 role=api pod=gateway-8689985fc9-t5bnw method=POST path=/api/transcriptions status=200 durationMs=799
[pod/gateway-8689985fc9-t5bnw/gateway] 2026-10-05T15:49:24.534+00:00 INFO  http.request requestId=cd059dd8-50d8-4ce6-af99-e7f6136302b5 role=api pod=gateway-8689985fc9-t5bnw method=POST path=/api/translations status=200 durationMs=525
[pod/gateway-8689985fc9-t5bnw/gateway] 2026-10-05T15:49:24.541+00:00 INFO  http.request requestId=c70ae75e-c265-4686-8b9d-55eb47151ad7 role=api pod=gateway-8689985fc9-t5bnw method=POST path=/api/transcriptions status=200 durationMs=666
[pod/gateway-8689985fc9-t5bnw/gateway] 2026-10-05T15:49:24.560+00:00 INFO  http.request requestId=a1616cc6-cf01-4b6f-9e99-d7870c54fc47 role=api pod=gateway-8689985fc9-t5bnw method=POST path=/api/transcriptions status=200 durationMs=670
[pod/gateway-8689985fc9-t5bnw/gateway] 2026-10-05T15:49:24.576+00:00 INFO  http.request requestId=c2319db0-c129-4bd0-a753-cc62800f5509 role=api pod=gateway-8689985fc9-t5bnw method=POST path=/api/transcriptions status=200 durationMs=812
[pod/gateway-8689985fc9-t5bnw/gateway] 2026-10-05T15:49:24.582+00:00 INFO  http.request requestId=13879b54-8216-4cb0-b695-aa27ebc15ad1 role=api pod=gateway-8689985fc9-t5bnw method=POST path=/api/translations status=200 durationMs=444
[pod/gateway-8689985fc9-t5bnw/gateway] 2026-10-05T15:49:24.604+00:00 INFO  http.request requestId=8b5d3609-2d1f-430a-adcd-87c3b3dcf2f4 role=api pod=gateway-8689985fc9-t5bnw method=POST path=/api/transcriptions status=200 durationMs=869
[pod/gateway-8689985fc9-t5bnw/gateway] 2026-10-05T15:49:24.618+00:00 INFO  http.request requestId=4715d315-76a7-4eac-929f-f0392cd3c0c0 role=api pod=gateway-8689985fc9-t5bnw method=POST path=/api/translations status=200 durationMs=423
[pod/gateway-8689985fc9-t5bnw/gateway] 2026-10-05T15:49:24.623+00:00 INFO  http.request requestId=aee6292c-575d-4410-ad17-357bb364dd07 role=api pod=gateway-8689985fc9-t5bnw method=POST path=/api/translations status=200 durationMs=522
[pod/gateway-8689985fc9-t5bnw/gateway] 2026-10-05T15:49:24.629+00:00 INFO  http.request requestId=e3cb0792-be43-47c8-baaf-d3451c189b8f role=api pod=gateway-8689985fc9-t5bnw method=POST path=/api/translations status=200 durationMs=487
[pod/gateway-8689985fc9-t5bnw/gateway] 2026-10-05T15:49:24.655+00:00 INFO  http.request requestId=95c6e8ab-6523-4d47-840a-b28a899bdd6f role=api pod=gateway-8689985fc9-t5bnw method=POST path=/api/transcriptions status=200 durationMs=679
[pod/gateway-8689985fc9-t5bnw/gateway] 2026-10-05T15:49:24.655+00:00 INFO  http.request requestId=e303e72f-c339-437c-a615-ea550f77702b role=api pod=gateway-8689985fc9-t5bnw method=POST path=/api/transcriptions status=200 durationMs=619
[pod/gateway-8689985fc9-t5bnw/gateway] 2026-10-05T15:49:24.656+00:00 INFO  http.request requestId=e84eaa53-bd5a-40df-956a-8306b0538322 role=api pod=gateway-8689985fc9-t5bnw method=POST path=/api/transcriptions status=200 durationMs=846
[pod/gateway-8689985fc9-t5bnw/gateway] 2026-10-05T15:49:24.665+00:00 INFO  http.request requestId=629d1ba6-1419-403a-aeaf-7e6c467770a7 role=api pod=gateway-8689985fc9-t5bnw method=POST path=/api/translations status=200 durationMs=583
[pod/gateway-8689985fc9-t5bnw/gateway] 2026-10-05T15:49:24.679+00:00 INFO  http.request requestId=b372891b-2b84-4a4c-8ccd-df774cddb66c role=api pod=gateway-8689985fc9-t5bnw method=POST path=/api/transcriptions status=200 durationMs=777
[pod/gateway-8689985fc9-t5bnw/gateway] 2026-10-05T15:49:24.679+00:00 INFO  http.request requestId=e8b8d975-3484-4a48-b06c-3f14e52ee8e1 role=api pod=gateway-8689985fc9-t5bnw method=POST path=/api/transcriptions status=200 durationMs=853
[pod/gateway-8689985fc9-t5bnw/gateway] 2026-10-05T15:49:24.709+00:00 INFO  http.request requestId=ce6b5524-0363-4702-9316-a697d163487f role=api pod=gateway-8689985fc9-t5bnw method=POST path=/api/transcriptions status=200 durationMs=762
[pod/gateway-8689985fc9-t5bnw/gateway] 2026-10-05T15:49:24.722+00:00 INFO  http.request requestId=f89d3160-61b6-4ffb-8898-b369a9eb06d2 role=api pod=gateway-8689985fc9-t5bnw method=POST path=/api/transcriptions status=200 durationMs=611
[pod/gateway-8689985fc9-t5bnw/gateway] 2026-10-05T15:49:24.724+00:00 INFO  http.request requestId=762b68be-65c6-46e3-bd08-abec09b52e76 role=api pod=gateway-8689985fc9-t5bnw method=POST path=/api/translations status=200 durationMs=548
[pod/gateway-8689985fc9-t5bnw/gateway] 2026-10-05T15:49:24.730+00:00 INFO  http.request requestId=be24a20e-2a3e-4064-b727-a801a9a2f5d8 role=api pod=gateway-8689985fc9-t5bnw method=POST path=/api/transcriptions status=200 durationMs=876
[pod/gateway-8689985fc9-t5bnw/gateway] 2026-10-05T15:49:24.736+00:00 INFO  http.request requestId=4b1a2408-4cf6-48ff-98ed-512c0db2ed92 role=api pod=gateway-8689985fc9-t5bnw method=POST path=/api/translations status=200 durationMs=434
[pod/gateway-8689985fc9-t5bnw/gateway] 2026-10-05T15:49:24.757+00:00 INFO  http.request requestId=64a9bab2-41ae-4ef7-8665-e51d4c1940cb role=api pod=gateway-8689985fc9-t5bnw method=POST path=/api/translations status=200 durationMs=556
[pod/gateway-8689985fc9-t5bnw/gateway] 2026-10-05T15:49:24.775+00:00 INFO  http.request requestId=59e25dc5-7ba0-4482-9b58-7e9545346c9c role=api pod=gateway-8689985fc9-t5bnw method=POST path=/api/translations status=200 durationMs=474
[pod/gateway-8689985fc9-t5bnw/gateway] 2026-10-05T15:49:24.781+00:00 INFO  http.request requestId=814efb28-db8e-4122-90c0-245b02dd3812 role=api pod=gateway-8689985fc9-t5bnw method=POST path=/api/translations status=200 durationMs=471
[pod/gateway-8689985fc9-t5bnw/gateway] 2026-10-05T15:49:24.803+00:00 INFO  http.request requestId=e2662307-6ed0-4bf9-8c2e-ecd618d6ce56 role=api pod=gateway-8689985fc9-t5bnw method=POST path=/api/translations status=200 durationMs=408
[pod/gateway-8689985fc9-gpd27/gateway] 2026-10-05T15:49:24.831+00:00 WARN  http.request requestId=97ac1b3f-a5ee-47d8-85a6-957044c1f967 role=api pod=gateway-8689985fc9-gpd27 method=GET path=/readyz status=503 durationMs=0
[pod/gateway-8689985fc9-t5bnw/gateway] 2026-10-05T15:49:24.840+00:00 INFO  http.request requestId=7b4cc8c7-6ce7-4c76-9a0b-517149dd4897 role=api pod=gateway-8689985fc9-t5bnw method=POST path=/api/translations status=200 durationMs=527
[pod/gateway-8689985fc9-t5bnw/gateway] 2026-10-05T15:49:24.848+00:00 INFO  http.request requestId=806b6e1c-fc19-4b08-91f9-7e7bb5da7c1d role=api pod=gateway-8689985fc9-t5bnw method=POST path=/api/translations status=200 durationMs=456
[pod/gateway-8689985fc9-t5bnw/gateway] 2026-10-05T15:49:24.859+00:00 INFO  http.request requestId=6d4942e1-750c-4b81-b6ab-445a18b1dcf5 role=api pod=gateway-8689985fc9-t5bnw method=POST path=/api/transcriptions status=200 durationMs=672
[pod/gateway-8689985fc9-t5bnw/gateway] 2026-10-05T15:49:24.886+00:00 INFO  http.request requestId=14759251-9071-40b9-8796-7c13e737f6b4 role=api pod=gateway-8689985fc9-t5bnw method=POST path=/api/translations status=200 durationMs=552
[pod/gateway-8689985fc9-t5bnw/gateway] 2026-10-05T15:49:24.887+00:00 INFO  http.request requestId=43afa1b0-d6d6-480f-9b79-6f0bbf3baced role=api pod=gateway-8689985fc9-t5bnw method=POST path=/api/transcriptions status=200 durationMs=867
[pod/gateway-8689985fc9-t5bnw/gateway] 2026-10-05T15:49:24.890+00:00 INFO  http.request requestId=d36f01e9-5ea3-410b-bfe5-93654fa6de2f role=api pod=gateway-8689985fc9-t5bnw method=POST path=/api/transcriptions status=200 durationMs=824
[pod/gateway-8689985fc9-t5bnw/gateway] 2026-10-05T15:49:24.891+00:00 INFO  http.request requestId=cc281501-c648-4cf4-a4a5-4e526b49507d role=api pod=gateway-8689985fc9-t5bnw method=POST path=/api/translations status=200 durationMs=541
[pod/gateway-8689985fc9-t5bnw/gateway] 2026-10-05T15:49:24.893+00:00 INFO  http.request requestId=f7853976-108b-4473-a5a7-2b53238d072b role=api pod=gateway-8689985fc9-t5bnw method=POST path=/api/translations status=200 durationMs=552
[pod/gateway-8689985fc9-t5bnw/gateway] 2026-10-05T15:49:24.901+00:00 INFO  http.request requestId=1c8bbedb-b034-41db-9296-13d7e5824132 role=api pod=gateway-8689985fc9-t5bnw method=POST path=/api/translations status=200 durationMs=547
[pod/gateway-8689985fc9-t5bnw/gateway] 2026-10-05T15:49:24.906+00:00 INFO  http.request requestId=80ad6291-c370-4c75-8d92-71686c78bc95 role=api pod=gateway-8689985fc9-t5bnw method=POST path=/api/transcriptions status=200 durationMs=780
[pod/gateway-8689985fc9-t5bnw/gateway] 2026-10-05T15:49:24.911+00:00 INFO  http.request requestId=840c30d5-3619-4cfd-86a3-b1c26e82c1fb role=api pod=gateway-8689985fc9-t5bnw method=POST path=/api/translations status=200 durationMs=506
[pod/gateway-8689985fc9-t5bnw/gateway] 2026-10-05T15:49:24.912+00:00 INFO  http.request requestId=e7874f29-2d28-4751-b48e-70d6bfa4281f role=api pod=gateway-8689985fc9-t5bnw method=POST path=/api/translations status=200 durationMs=603
[pod/gateway-8689985fc9-t5bnw/gateway] 2026-10-05T15:49:24.913+00:00 INFO  http.request requestId=12ca2ece-7531-463c-9fdf-894bedc8ffa3 role=api pod=gateway-8689985fc9-t5bnw method=POST path=/api/transcriptions status=200 durationMs=863
[pod/gateway-8689985fc9-t5bnw/gateway] 2026-10-05T15:49:24.948+00:00 INFO  http.request requestId=fc1ca6d6-9cc8-4bec-ae4d-a4f8b7562920 role=api pod=gateway-8689985fc9-t5bnw method=POST path=/api/transcriptions status=200 durationMs=636
[pod/gateway-8689985fc9-t5bnw/gateway] 2026-10-05T15:49:24.952+00:00 INFO  http.request requestId=2f2002fa-4c2b-4baf-97ef-318ab14c4a3b role=api pod=gateway-8689985fc9-t5bnw method=POST path=/api/translations status=200 durationMs=442
[pod/gateway-8689985fc9-t5bnw/gateway] 2026-10-05T15:49:24.958+00:00 INFO  http.request requestId=f224b4be-15ef-4c0f-aae1-9108f5835651 role=api pod=gateway-8689985fc9-t5bnw method=POST path=/api/translations status=200 durationMs=491
[pod/gateway-8689985fc9-t5bnw/gateway] 2026-10-05T15:49:24.993+00:00 INFO  http.request requestId=d4425764-6a75-4b06-a1cf-982653190955 role=api pod=gateway-8689985fc9-t5bnw method=POST path=/api/translations status=200 durationMs=478
[pod/gateway-8689985fc9-t5bnw/gateway] 2026-10-05T15:49:24.994+00:00 INFO  http.request requestId=df16774d-d0a0-4648-961d-03e56dbb4c47 role=api pod=gateway-8689985fc9-t5bnw method=POST path=/api/transcriptions status=200 durationMs=745
[pod/gateway-8689985fc9-t5bnw/gateway] 2026-10-05T15:49:25.023+00:00 INFO  http.request requestId=2ba15ef1-e97f-4f99-9f01-802f923f1f8d role=api pod=gateway-8689985fc9-t5bnw method=POST path=/api/transcriptions status=200 durationMs=748
[pod/gateway-8689985fc9-t5bnw/gateway] 2026-10-05T15:49:25.043+00:00 INFO  http.request requestId=8f76722f-abe2-44f3-a7ba-e8e6c7d9896c role=api pod=gateway-8689985fc9-t5bnw method=POST path=/api/translations status=200 durationMs=577
[pod/gateway-8689985fc9-t5bnw/gateway] 2026-10-05T15:49:25.044+00:00 INFO  http.request requestId=ea03c04d-77aa-4d9b-bfc3-4ec79c06f361 role=api pod=gateway-8689985fc9-t5bnw method=POST path=/api/transcriptions status=200 durationMs=889
[pod/gateway-8689985fc9-t5bnw/gateway] 2026-10-05T15:49:25.055+00:00 INFO  http.request requestId=ded83e4b-30a9-4032-b9ff-c4ce37114702 role=api pod=gateway-8689985fc9-t5bnw method=POST path=/api/translations status=200 durationMs=494
[pod/gateway-8689985fc9-t5bnw/gateway] 2026-10-05T15:49:25.064+00:00 INFO  http.request requestId=c42da5cd-d5be-4bc1-9ef0-b0f118956dd5 role=api pod=gateway-8689985fc9-t5bnw method=POST path=/api/transcriptions status=200 durationMs=743
[pod/gateway-8689985fc9-t5bnw/gateway] 2026-10-05T15:49:25.087+00:00 INFO  http.request requestId=4ee1a1a1-efd0-414c-a43f-eabf30222542 role=api pod=gateway-8689985fc9-t5bnw method=POST path=/api/translations status=200 durationMs=592
[pod/gateway-8689985fc9-t5bnw/gateway] 2026-10-05T15:49:25.110+00:00 INFO  http.request requestId=7d6a0bad-4658-44cf-956d-b5e2920cb955 role=api pod=gateway-8689985fc9-t5bnw method=POST path=/api/transcriptions status=200 durationMs=729
[pod/gateway-8689985fc9-t5bnw/gateway] 2026-10-05T15:49:25.110+00:00 INFO  http.request requestId=3e97ef0f-8698-40d5-b557-71df165f7c78 role=api pod=gateway-8689985fc9-t5bnw method=POST path=/api/transcriptions status=200 durationMs=880
[pod/gateway-8689985fc9-t5bnw/gateway] 2026-10-05T15:49:25.111+00:00 INFO  http.request requestId=25bc7551-f3b1-4cad-a3f2-5b312ad59eae role=api pod=gateway-8689985fc9-t5bnw method=POST path=/api/transcriptions status=200 durationMs=776
[pod/gateway-8689985fc9-t5bnw/gateway] 2026-10-05T15:49:25.123+00:00 INFO  http.request requestId=2a8d1d1d-2039-41b7-b1d8-99427db61140 role=api pod=gateway-8689985fc9-t5bnw method=POST path=/api/translations status=200 durationMs=428
[pod/gateway-8689985fc9-t5bnw/gateway] 2026-10-05T15:49:25.125+00:00 INFO  http.request requestId=67075089-c8d8-4fb6-9775-b0ccd4adae40 role=api pod=gateway-8689985fc9-t5bnw method=POST path=/api/translations status=200 durationMs=576
[pod/gateway-8689985fc9-t5bnw/gateway] 2026-10-05T15:49:25.136+00:00 INFO  http.request requestId=09c45842-6fea-412a-bac6-ac9f22d3229a role=api pod=gateway-8689985fc9-t5bnw method=POST path=/api/transcriptions status=200 durationMs=680
[pod/gateway-8689985fc9-t5bnw/gateway] 2026-10-05T15:49:25.140+00:00 INFO  http.request requestId=db54326d-0583-47dc-9a43-53b14ea5bdf0 role=api pod=gateway-8689985fc9-t5bnw method=POST path=/api/transcriptions status=200 durationMs=729
[pod/gateway-8689985fc9-t5bnw/gateway] 2026-10-05T15:49:25.147+00:00 INFO  http.request requestId=519db4a2-7bd6-4a96-a3a2-5d326721c955 role=api pod=gateway-8689985fc9-t5bnw method=POST path=/api/translations status=200 durationMs=569
[pod/gateway-8689985fc9-t5bnw/gateway] 2026-10-05T15:49:25.147+00:00 INFO  http.request requestId=9ef75fd1-b42b-41b5-9027-eef5277e3b27 role=api pod=gateway-8689985fc9-t5bnw method=POST path=/api/translations status=200 durationMs=462
[pod/gateway-8689985fc9-t5bnw/gateway] 2026-10-05T15:49:25.179+00:00 INFO  http.request requestId=4e237fbf-78fd-451d-bfc9-dfec301db5f5 role=api pod=gateway-8689985fc9-t5bnw method=POST path=/api/translations status=200 durationMs=518
[pod/gateway-8689985fc9-t5bnw/gateway] 2026-10-05T15:49:25.189+00:00 INFO  http.request requestId=53be6fa1-2973-4879-88ae-f927be23fb8a role=api pod=gateway-8689985fc9-t5bnw method=POST path=/api/transcriptions status=200 durationMs=645
[pod/gateway-8689985fc9-t5bnw/gateway] 2026-10-05T15:49:25.190+00:00 INFO  http.request requestId=0f7d758b-ff8e-4b67-b2a0-c9c2f16459ad role=api pod=gateway-8689985fc9-t5bnw method=POST path=/api/translations status=200 durationMs=470
[pod/gateway-8689985fc9-t5bnw/gateway] 2026-10-05T15:49:25.191+00:00 INFO  http.request requestId=b42ed6ed-35cb-4adc-b854-e50a53c3d056 role=api pod=gateway-8689985fc9-t5bnw method=POST path=/api/translations status=200 durationMs=517
[pod/gateway-8689985fc9-t5bnw/gateway] 2026-10-05T15:49:25.214+00:00 INFO  http.request requestId=0d395d21-db3b-4762-a488-16d19a600fb9 role=api pod=gateway-8689985fc9-t5bnw method=POST path=/api/transcriptions status=200 durationMs=624
[pod/gateway-8689985fc9-t5bnw/gateway] 2026-10-05T15:49:25.215+00:00 INFO  http.request requestId=2405ff7d-e6b3-452c-b99b-ae40b623721d role=api pod=gateway-8689985fc9-t5bnw method=POST path=/api/translations status=200 durationMs=559
[pod/gateway-8689985fc9-t5bnw/gateway] 2026-10-05T15:49:25.215+00:00 INFO  http.request requestId=9fba41e4-65c3-4fbb-b7cc-121ac60868fa role=api pod=gateway-8689985fc9-t5bnw method=POST path=/api/transcriptions status=200 durationMs=786
[pod/gateway-8689985fc9-t5bnw/gateway] 2026-10-05T15:49:25.234+00:00 INFO  http.request requestId=ec7df351-475a-425e-aad8-8e3b158f8b10 role=api pod=gateway-8689985fc9-t5bnw method=POST path=/api/translations status=200 durationMs=528
[pod/gateway-8689985fc9-t5bnw/gateway] 2026-10-05T15:49:25.237+00:00 INFO  http.request requestId=4cb2eb2c-fcc1-45e4-a1ac-c55410355b18 role=api pod=gateway-8689985fc9-t5bnw method=POST path=/api/transcriptions status=200 durationMs=886
[pod/gateway-8689985fc9-t5bnw/gateway] 2026-10-05T15:49:25.241+00:00 INFO  http.request requestId=527c7c8d-3029-47d9-99c8-0c600b698680 role=api pod=gateway-8689985fc9-t5bnw method=POST path=/api/transcriptions status=200 durationMs=636
[pod/gateway-8689985fc9-t5bnw/gateway] 2026-10-05T15:49:25.245+00:00 INFO  http.request requestId=ebec72b1-ad09-4696-a70f-91d116409c1b role=api pod=gateway-8689985fc9-t5bnw method=POST path=/api/transcriptions status=200 durationMs=804
[pod/gateway-8689985fc9-t5bnw/gateway] 2026-10-05T15:49:25.254+00:00 INFO  http.request requestId=eef3d9d3-ce63-46c8-b962-4ec190eec84f role=api pod=gateway-8689985fc9-t5bnw method=POST path=/api/transcriptions status=200 durationMs=634
[pod/gateway-8689985fc9-t5bnw/gateway] 2026-10-05T15:49:25.278+00:00 INFO  http.request requestId=ddb69ee8-a913-4115-87f8-54aec7698fd5 role=api pod=gateway-8689985fc9-t5bnw method=POST path=/api/transcriptions status=200 durationMs=762
[pod/gateway-8689985fc9-t5bnw/gateway] 2026-10-05T15:49:25.289+00:00 INFO  http.request requestId=d6831df4-dce7-4863-8e95-3c4417fe7da5 role=api pod=gateway-8689985fc9-t5bnw method=POST path=/api/translations status=200 durationMs=558
[pod/gateway-8689985fc9-t5bnw/gateway] 2026-10-05T15:49:25.307+00:00 INFO  http.request requestId=60b2ed83-c512-4296-ba10-b677153ea9bb role=api pod=gateway-8689985fc9-t5bnw method=POST path=/api/translations status=200 durationMs=525
[pod/gateway-8689985fc9-t5bnw/gateway] 2026-10-05T15:49:25.327+00:00 INFO  http.request requestId=f3b4e3c4-c218-427d-88bc-c42fdb020045 role=api pod=gateway-8689985fc9-t5bnw method=POST path=/api/translations status=200 durationMs=437
[pod/gateway-8689985fc9-t5bnw/gateway] 2026-10-05T15:49:25.330+00:00 INFO  http.request requestId=5f77512c-e7b9-48b9-81e5-9e0173cf6407 role=api pod=gateway-8689985fc9-t5bnw method=POST path=/api/transcriptions status=200 durationMs=695
[pod/gateway-8689985fc9-t5bnw/gateway] 2026-10-05T15:49:25.350+00:00 INFO  http.request requestId=db7b01d9-eb1a-462a-93e5-c0a069073dea role=api pod=gateway-8689985fc9-t5bnw method=POST path=/api/transcriptions status=200 durationMs=821
[pod/gateway-8689985fc9-t5bnw/gateway] 2026-10-05T15:49:25.357+00:00 INFO  http.request requestId=07fd296a-ebc6-4d5e-9c4d-36ed9377718d role=api pod=gateway-8689985fc9-t5bnw method=POST path=/api/transcriptions status=200 durationMs=873
[pod/gateway-8689985fc9-t5bnw/gateway] 2026-10-05T15:49:25.375+00:00 INFO  http.request requestId=99103d0e-246b-4e15-b171-97c44610abcf role=api pod=gateway-8689985fc9-t5bnw method=POST path=/api/translations status=200 durationMs=459
[pod/gateway-8689985fc9-t5bnw/gateway] 2026-10-05T15:49:25.376+00:00 INFO  http.request requestId=458c3f33-8316-4a91-afb2-3ce3e5ef225b role=api pod=gateway-8689985fc9-t5bnw method=POST path=/api/transcriptions status=200 durationMs=907
[pod/gateway-8689985fc9-t5bnw/gateway] 2026-10-05T15:49:25.377+00:00 INFO  http.request requestId=d3e36164-866a-4969-a03d-06426ff29980 role=api pod=gateway-8689985fc9-t5bnw method=POST path=/api/translations status=200 durationMs=428
[pod/gateway-8689985fc9-t5bnw/gateway] 2026-10-05T15:49:25.391+00:00 INFO  http.request requestId=26d2fa86-33d2-44d9-8502-a66315113030 role=api pod=gateway-8689985fc9-t5bnw method=POST path=/api/translations status=200 durationMs=482
[pod/gateway-8689985fc9-t5bnw/gateway] 2026-10-05T15:49:25.400+00:00 INFO  http.request requestId=d1263626-7fae-4270-b575-6a4c7f18c842 role=api pod=gateway-8689985fc9-t5bnw method=POST path=/api/transcriptions status=200 durationMs=645
[pod/gateway-8689985fc9-t5bnw/gateway] 2026-10-05T15:49:25.422+00:00 INFO  http.request requestId=6b2edfa5-ec37-451e-90b4-3fb947e0f01e role=api pod=gateway-8689985fc9-t5bnw method=POST path=/api/translations status=200 durationMs=563
[pod/gateway-8689985fc9-t5bnw/gateway] 2026-10-05T15:49:25.432+00:00 INFO  http.request requestId=5df4fa2a-788f-440e-81a1-84cb4b9b6732 role=api pod=gateway-8689985fc9-t5bnw method=POST path=/api/translations status=200 durationMs=454
[pod/gateway-8689985fc9-t5bnw/gateway] 2026-10-05T15:49:25.439+00:00 INFO  http.request requestId=5956c421-9996-42ed-be6b-0607e7b57397 role=api pod=gateway-8689985fc9-t5bnw method=POST path=/api/transcriptions status=200 durationMs=714
[pod/gateway-8689985fc9-t5bnw/gateway] 2026-10-05T15:49:25.440+00:00 INFO  http.request requestId=23f26234-fb77-4a6a-9fc4-c8641bde6de9 role=api pod=gateway-8689985fc9-t5bnw method=POST path=/api/translations status=200 durationMs=445
[pod/gateway-8689985fc9-t5bnw/gateway] 2026-10-05T15:49:25.450+00:00 INFO  http.request requestId=cafe198b-a85c-42b6-b810-fa0a76ca55db role=api pod=gateway-8689985fc9-t5bnw method=POST path=/api/transcriptions status=200 durationMs=680
[pod/gateway-8689985fc9-t5bnw/gateway] 2026-10-05T15:49:25.457+00:00 INFO  http.request requestId=e4f31f7d-8e49-43f8-ae89-173b67f393f0 role=api pod=gateway-8689985fc9-t5bnw method=POST path=/api/transcriptions status=200 durationMs=882
[pod/gateway-8689985fc9-t5bnw/gateway] 2026-10-05T15:49:25.459+00:00 INFO  http.request requestId=254f2bc0-6878-47f4-915a-a47480a53c25 role=api pod=gateway-8689985fc9-t5bnw method=POST path=/api/translations status=200 durationMs=414
[pod/gateway-8689985fc9-t5bnw/gateway] 2026-10-05T15:49:25.465+00:00 INFO  http.request requestId=370115cf-407a-49d6-8689-a8dff641169b role=api pod=gateway-8689985fc9-t5bnw method=POST path=/api/translations status=200 durationMs=574
[pod/gateway-8689985fc9-t5bnw/gateway] 2026-10-05T15:49:25.483+00:00 INFO  http.request requestId=dbb585fb-b0d4-4cfb-8138-a15671fe5b50 role=api pod=gateway-8689985fc9-t5bnw method=POST path=/api/transcriptions status=200 durationMs=833
[pod/gateway-8689985fc9-t5bnw/gateway] 2026-10-05T15:49:25.483+00:00 INFO  http.request requestId=4ac15c18-c19b-44bd-bc37-3e4964bf8c1f role=api pod=gateway-8689985fc9-t5bnw method=POST path=/api/transcriptions status=200 durationMs=743
[pod/gateway-8689985fc9-t5bnw/gateway] 2026-10-05T15:49:25.483+00:00 INFO  http.request requestId=80474ed4-a69f-48a2-9fd8-2fc15caa465d role=api pod=gateway-8689985fc9-t5bnw method=POST path=/api/transcriptions status=200 durationMs=816
[pod/gateway-8689985fc9-t5bnw/gateway] 2026-10-05T15:49:25.512+00:00 INFO  http.request requestId=f7218e1e-320e-4162-8868-070dbea976ec role=api pod=gateway-8689985fc9-t5bnw method=POST path=/api/transcriptions status=200 durationMs=682
[pod/gateway-8689985fc9-t5bnw/gateway] 2026-10-05T15:49:25.515+00:00 INFO  http.request requestId=0e5fa05d-13e8-4f2d-ada7-87cbbd48fa30 role=api pod=gateway-8689985fc9-t5bnw method=POST path=/api/transcriptions status=200 durationMs=640
[pod/gateway-8689985fc9-t5bnw/gateway] 2026-10-05T15:49:25.516+00:00 INFO  http.request requestId=2e7e755d-b141-4768-9356-a17b5c8b6238 role=api pod=gateway-8689985fc9-t5bnw method=POST path=/api/transcriptions status=200 durationMs=671
[pod/gateway-8689985fc9-t5bnw/gateway] 2026-10-05T15:49:25.559+00:00 INFO  http.request requestId=734d6acf-d23e-4f8a-9eb5-7f3c03f92a30 role=api pod=gateway-8689985fc9-t5bnw method=POST path=/api/translations status=200 durationMs=446
[pod/gateway-8689985fc9-t5bnw/gateway] 2026-10-05T15:49:25.569+00:00 INFO  http.request requestId=90181761-13a9-46ef-b6d2-ddb61bfe788b role=api pod=gateway-8689985fc9-t5bnw method=POST path=/api/translations status=200 durationMs=458
[pod/gateway-8689985fc9-t5bnw/gateway] 2026-10-05T15:49:25.582+00:00 INFO  http.request requestId=0d8d8a78-213f-4f24-86aa-908393b548a9 role=api pod=gateway-8689985fc9-t5bnw method=POST path=/api/transcriptions status=200 durationMs=692
[pod/gateway-8689985fc9-t5bnw/gateway] 2026-10-05T15:49:25.584+00:00 INFO  http.request requestId=f50a8592-719a-4ff5-a36c-9639c878f3a2 role=api pod=gateway-8689985fc9-t5bnw method=POST path=/api/transcriptions status=200 durationMs=724
[pod/gateway-8689985fc9-t5bnw/gateway] 2026-10-05T15:49:25.619+00:00 INFO  http.request requestId=c0f47469-f2a4-4b4f-954f-1d57d040dbc9 role=api pod=gateway-8689985fc9-t5bnw method=POST path=/api/transcriptions status=200 durationMs=805
[pod/gateway-8689985fc9-t5bnw/gateway] 2026-10-05T15:49:25.620+00:00 INFO  http.request requestId=46dc58ce-108e-4390-813b-cfba3420b55a role=api pod=gateway-8689985fc9-t5bnw method=POST path=/api/translations status=200 durationMs=483
[pod/gateway-8689985fc9-t5bnw/gateway] 2026-10-05T15:49:25.624+00:00 INFO  http.request requestId=e558fc16-b3cd-457d-9f56-8b3623693a5d role=api pod=gateway-8689985fc9-t5bnw method=POST path=/api/translations status=200 durationMs=483
[pod/gateway-8689985fc9-t5bnw/gateway] 2026-10-05T15:49:25.627+00:00 INFO  http.request requestId=c0b6be8d-ac18-4351-9182-24c04eaa906b role=api pod=gateway-8689985fc9-t5bnw method=POST path=/api/translations status=200 durationMs=412
[pod/gateway-8689985fc9-t5bnw/gateway] 2026-10-05T15:49:25.633+00:00 INFO  http.request requestId=066abf89-6123-4c1b-a261-916a15585411 role=api pod=gateway-8689985fc9-t5bnw method=POST path=/api/transcriptions status=200 durationMs=683
[pod/gateway-8689985fc9-t5bnw/gateway] 2026-10-05T15:49:25.644+00:00 INFO  http.request requestId=9985fc88-3798-4dcf-975d-2fd94fdc845d role=api pod=gateway-8689985fc9-t5bnw method=POST path=/api/translations status=200 durationMs=554
[pod/gateway-8689985fc9-t5bnw/gateway] 2026-10-05T15:49:25.657+00:00 INFO  http.request requestId=94f340c2-a904-4b80-8f6b-8b4d822ac3b2 role=api pod=gateway-8689985fc9-t5bnw method=POST path=/api/translations status=200 durationMs=608
[pod/gateway-8689985fc9-t5bnw/gateway] 2026-10-05T15:49:25.682+00:00 INFO  http.request requestId=5cff5f43-97f8-4be2-b91e-4a148d315ddc role=api pod=gateway-8689985fc9-t5bnw method=POST path=/api/translations status=200 durationMs=441
[pod/gateway-8689985fc9-t5bnw/gateway] 2026-10-05T15:49:25.682+00:00 INFO  http.request requestId=3c7a1474-1a10-4a58-81f4-bd114ea5f6f4 role=api pod=gateway-8689985fc9-t5bnw method=POST path=/api/transcriptions status=200 durationMs=672
[pod/gateway-8689985fc9-t5bnw/gateway] 2026-10-05T15:49:25.721+00:00 INFO  http.request requestId=2ad6b0b8-5181-48f2-a05b-f9ddffc3ac6a role=api pod=gateway-8689985fc9-t5bnw method=POST path=/api/transcriptions status=200 durationMs=697
[pod/gateway-8689985fc9-t5bnw/gateway] 2026-10-05T15:49:25.736+00:00 INFO  http.request requestId=9e8c26ef-5406-42f0-b9c9-2b35c0f379b0 role=api pod=gateway-8689985fc9-t5bnw method=POST path=/api/translations status=200 durationMs=520
[pod/gateway-8689985fc9-t5bnw/gateway] 2026-10-05T15:49:25.737+00:00 INFO  http.request requestId=7059a3da-f1b7-441d-9aef-28145636c390 role=api pod=gateway-8689985fc9-t5bnw method=POST path=/api/transcriptions status=200 durationMs=696
[pod/gateway-8689985fc9-t5bnw/gateway] 2026-10-05T15:49:25.740+00:00 INFO  http.request requestId=7292b7c1-05ed-412f-b0ac-81847eb4530f role=api pod=gateway-8689985fc9-t5bnw method=POST path=/api/translations status=200 durationMs=498
[pod/gateway-8689985fc9-t5bnw/gateway] 2026-10-05T15:49:25.747+00:00 INFO  http.request requestId=a2f953c8-2583-463f-be41-71b9c5a6053b role=api pod=gateway-8689985fc9-t5bnw method=POST path=/api/transcriptions status=200 durationMs=782
[pod/gateway-8689985fc9-t5bnw/gateway] 2026-10-05T15:49:25.750+00:00 INFO  http.request requestId=6f3e98ff-ae5b-472e-abb1-fcf1809e8e0c role=api pod=gateway-8689985fc9-t5bnw method=POST path=/api/transcriptions status=200 durationMs=815
[pod/gateway-8689985fc9-t5bnw/gateway] 2026-10-05T15:49:25.753+00:00 INFO  http.request requestId=f86fb78c-771c-42ea-9979-8b4fa8251aaf role=api pod=gateway-8689985fc9-t5bnw method=POST path=/api/translations status=200 durationMs=422
[pod/gateway-8689985fc9-t5bnw/gateway] 2026-10-05T15:49:25.765+00:00 INFO  http.request requestId=efc9181a-14a1-44f4-b34c-8048db7d77c3 role=api pod=gateway-8689985fc9-t5bnw method=POST path=/api/transcriptions status=200 durationMs=649
[pod/gateway-8689985fc9-t5bnw/gateway] 2026-10-05T15:49:25.766+00:00 INFO  http.request requestId=7d5b8ef7-7b9d-4a6e-871c-ccf1d530251e role=api pod=gateway-8689985fc9-t5bnw method=POST path=/api/transcriptions status=200 durationMs=844
[pod/gateway-8689985fc9-t5bnw/gateway] 2026-10-05T15:49:25.769+00:00 INFO  http.request requestId=82959581-7005-4962-b4f2-6eb918799b3a role=api pod=gateway-8689985fc9-t5bnw method=POST path=/api/transcriptions status=200 durationMs=861
[pod/gateway-8689985fc9-t5bnw/gateway] 2026-10-05T15:49:25.784+00:00 INFO  http.request requestId=2c3dec56-81e4-44ba-8988-8a115d37d39d role=api pod=gateway-8689985fc9-t5bnw method=POST path=/api/transcriptions status=200 durationMs=699
[pod/gateway-8689985fc9-t5bnw/gateway] 2026-10-05T15:49:25.794+00:00 INFO  http.request requestId=5d7b24da-c47e-42e4-b982-90a5b5bceb45 role=api pod=gateway-8689985fc9-t5bnw method=POST path=/api/translations status=200 durationMs=470
[pod/gateway-8689985fc9-t5bnw/gateway] 2026-10-05T15:49:25.802+00:00 INFO  http.request requestId=3be6fb85-163c-4619-9695-382994bbb316 role=api pod=gateway-8689985fc9-t5bnw method=POST path=/api/translations status=200 durationMs=433
[pod/gateway-8689985fc9-gpd27/gateway] 2026-10-05T15:49:25.830+00:00 WARN  http.request requestId=76443917-7d56-4633-ac68-a32744da5e78 role=api pod=gateway-8689985fc9-gpd27 method=GET path=/readyz status=503 durationMs=0
[pod/gateway-8689985fc9-t5bnw/gateway] 2026-10-05T15:49:25.844+00:00 INFO  http.request requestId=8e98a1aa-838c-49d8-a104-1bcb37606b3f role=api pod=gateway-8689985fc9-t5bnw method=POST path=/api/translations status=200 durationMs=565
[pod/gateway-8689985fc9-t5bnw/gateway] 2026-10-05T15:49:25.856+00:00 INFO  http.request requestId=45f78974-8e76-4169-905b-3060ee88d953 role=api pod=gateway-8689985fc9-t5bnw method=POST path=/api/translations status=200 durationMs=479
[pod/gateway-8689985fc9-t5bnw/gateway] 2026-10-05T15:49:25.857+00:00 INFO  http.request requestId=f48fb630-4364-44be-9075-051c16b25650 role=api pod=gateway-8689985fc9-t5bnw method=POST path=/api/translations status=200 durationMs=602
[pod/gateway-8689985fc9-t5bnw/gateway] 2026-10-05T15:49:25.867+00:00 INFO  http.request requestId=86f3a328-eaf1-4072-af68-00cae5ef0d4d role=api pod=gateway-8689985fc9-t5bnw method=POST path=/api/transcriptions status=200 durationMs=707
[pod/gateway-8689985fc9-t5bnw/gateway] 2026-10-05T15:49:25.877+00:00 INFO  http.request requestId=2b10b1f3-fbce-4b5f-b100-9152471450c4 role=api pod=gateway-8689985fc9-t5bnw method=POST path=/api/translations status=200 durationMs=419
[pod/gateway-8689985fc9-t5bnw/gateway] 2026-10-05T15:49:25.882+00:00 INFO  http.request requestId=6a625a60-1a72-4a35-bc49-43d17246c2f8 role=api pod=gateway-8689985fc9-t5bnw method=POST path=/api/transcriptions status=200 durationMs=811
[pod/gateway-8689985fc9-t5bnw/gateway] 2026-10-05T15:49:25.897+00:00 INFO  http.request requestId=9be70e2f-39e0-4302-869b-da2f2c7a4a53 role=api pod=gateway-8689985fc9-t5bnw method=POST path=/api/transcriptions status=200 durationMs=752
[pod/gateway-8689985fc9-t5bnw/gateway] 2026-10-05T15:49:25.913+00:00 INFO  http.request requestId=21845258-05bd-40b0-a294-8b07a6bbab49 role=api pod=gateway-8689985fc9-t5bnw method=POST path=/api/transcriptions status=200 durationMs=701
[pod/gateway-8689985fc9-t5bnw/gateway] 2026-10-05T15:49:25.921+00:00 INFO  http.request requestId=f8e2ee64-559d-47fd-b4cd-6e5939dd4e9e role=api pod=gateway-8689985fc9-t5bnw method=POST path=/api/transcriptions status=200 durationMs=729
[pod/gateway-8689985fc9-t5bnw/gateway] 2026-10-05T15:49:25.947+00:00 INFO  http.request requestId=3519f471-bf66-42e6-bb1e-94c91c7af81b role=api pod=gateway-8689985fc9-t5bnw method=POST path=/api/translations status=200 durationMs=547
[pod/gateway-8689985fc9-t5bnw/gateway] 2026-10-05T15:49:25.960+00:00 INFO  http.request requestId=198b2c96-7788-4434-8cc3-411292636631 role=api pod=gateway-8689985fc9-t5bnw method=POST path=/api/translations status=200 durationMs=549
[pod/gateway-8689985fc9-t5bnw/gateway] 2026-10-05T15:49:25.967+00:00 INFO  http.request requestId=512ee65c-c2b5-4a4a-b473-d231dc93da34 role=api pod=gateway-8689985fc9-t5bnw method=POST path=/api/translations status=200 durationMs=527
[pod/gateway-8689985fc9-t5bnw/gateway] 2026-10-05T15:49:25.978+00:00 INFO  http.request requestId=405e21ad-354b-4064-8476-766c0377df1b role=api pod=gateway-8689985fc9-t5bnw method=POST path=/api/transcriptions status=200 durationMs=758
[pod/gateway-8689985fc9-t5bnw/gateway] 2026-10-05T15:49:25.984+00:00 INFO  http.request requestId=5424c5b6-4373-44bb-bd3f-f9cacf6ff320 role=api pod=gateway-8689985fc9-t5bnw method=POST path=/api/transcriptions status=200 durationMs=749
[pod/gateway-8689985fc9-t5bnw/gateway] 2026-10-05T15:49:25.988+00:00 INFO  http.request requestId=c5b0e608-ea32-4992-b97f-28a1f43db578 role=api pod=gateway-8689985fc9-t5bnw method=POST path=/api/translations status=200 durationMs=417
[pod/gateway-8689985fc9-t5bnw/gateway] 2026-10-05T15:49:26.027+00:00 INFO  http.request requestId=1c406049-ccc6-4596-87c2-85ddbe33c014 role=api pod=gateway-8689985fc9-t5bnw method=POST path=/api/translations status=200 durationMs=544
[pod/gateway-8689985fc9-t5bnw/gateway] 2026-10-05T15:49:26.030+00:00 INFO  http.request requestId=c2554366-e4b2-4ee6-b9f1-2bb2e822ce64 role=api pod=gateway-8689985fc9-t5bnw method=POST path=/api/translations status=200 durationMs=546
[pod/gateway-8689985fc9-t5bnw/gateway] 2026-10-05T15:49:26.031+00:00 INFO  http.request requestId=9f6155ed-f565-4347-b769-be2938dfcffb role=api pod=gateway-8689985fc9-t5bnw method=POST path=/api/transcriptions status=200 durationMs=720
[pod/gateway-8689985fc9-t5bnw/gateway] 2026-10-05T15:49:26.034+00:00 INFO  http.request requestId=dee03710-b354-4d56-aa32-e057ce94a175 role=api pod=gateway-8689985fc9-t5bnw method=POST path=/api/transcriptions status=200 durationMs=903
[pod/gateway-8689985fc9-t5bnw/gateway] 2026-10-05T15:49:26.040+00:00 INFO  http.request requestId=51bc10a9-fe3c-4408-bd4d-9c7cd76d523e role=api pod=gateway-8689985fc9-t5bnw method=POST path=/api/translations status=200 durationMs=589
[pod/gateway-8689985fc9-t5bnw/gateway] 2026-10-05T15:49:26.040+00:00 INFO  http.request requestId=95a84427-abe0-43fe-b442-a384ced464ee role=api pod=gateway-8689985fc9-t5bnw method=POST path=/api/translations status=200 durationMs=556
[pod/gateway-8689985fc9-t5bnw/gateway] 2026-10-05T15:49:26.062+00:00 INFO  http.request requestId=269f669f-5c6b-45a5-b8c0-117f4a6128b0 role=api pod=gateway-8689985fc9-t5bnw method=POST path=/api/transcriptions status=200 durationMs=630
[pod/gateway-8689985fc9-t5bnw/gateway] 2026-10-05T15:49:26.062+00:00 INFO  http.request requestId=3ac2577d-fb9a-4299-919d-bc4a8ff30c70 role=api pod=gateway-8689985fc9-t5bnw method=POST path=/api/translations status=200 durationMs=544
[pod/gateway-8689985fc9-t5bnw/gateway] 2026-10-05T15:49:26.068+00:00 INFO  http.request requestId=57a83214-273d-4129-993d-da226ffec014 role=api pod=gateway-8689985fc9-t5bnw method=POST path=/api/translations status=200 durationMs=511
[pod/gateway-8689985fc9-t5bnw/gateway] 2026-10-05T15:49:26.068+00:00 INFO  http.request requestId=4ddf38af-8282-462d-a81e-fd5896368521 role=api pod=gateway-8689985fc9-t5bnw method=POST path=/api/translations status=200 durationMs=483
[pod/gateway-8689985fc9-t5bnw/gateway] 2026-10-05T15:49:26.074+00:00 INFO  http.request requestId=3e8abec5-b6f6-47fd-a83e-84a39c567ec3 role=api pod=gateway-8689985fc9-t5bnw method=POST path=/api/transcriptions status=200 durationMs=809
[pod/gateway-8689985fc9-t5bnw/gateway] 2026-10-05T15:49:26.093+00:00 INFO  http.request requestId=86834b1e-d386-449d-b2f9-ad3f84437623 role=api pod=gateway-8689985fc9-t5bnw method=POST path=/api/translations status=200 durationMs=430
[pod/gateway-8689985fc9-t5bnw/gateway] 2026-10-05T15:49:26.109+00:00 INFO  http.request requestId=645939e6-1ea9-4f73-bd65-6ee2ce2162d5 role=api pod=gateway-8689985fc9-t5bnw method=POST path=/api/transcriptions status=200 durationMs=769
[pod/gateway-8689985fc9-t5bnw/gateway] 2026-10-05T15:49:26.111+00:00 INFO  http.request requestId=e7bfd6a6-eed8-43d3-b36e-3e9b31dd67eb role=api pod=gateway-8689985fc9-t5bnw method=POST path=/api/transcriptions status=200 durationMs=830
[pod/gateway-8689985fc9-t5bnw/gateway] 2026-10-05T15:49:26.128+00:00 INFO  http.request requestId=051ffa26-3672-4f61-94c4-41f5883fdb66 role=api pod=gateway-8689985fc9-t5bnw method=POST path=/api/transcriptions status=200 durationMs=638
[pod/gateway-8689985fc9-t5bnw/gateway] 2026-10-05T15:49:26.149+00:00 INFO  http.request requestId=99d10edd-927e-4416-8bca-f90f51d6dd46 role=api pod=gateway-8689985fc9-t5bnw method=POST path=/api/transcriptions status=200 durationMs=897
[pod/gateway-8689985fc9-t5bnw/gateway] 2026-10-05T15:49:26.151+00:00 INFO  http.request requestId=47c06d62-8776-412e-8f63-f77e383f636b role=api pod=gateway-8689985fc9-t5bnw method=POST path=/api/translations status=200 durationMs=468
[pod/gateway-8689985fc9-t5bnw/gateway] 2026-10-05T15:49:26.159+00:00 INFO  http.request requestId=bef5944e-6992-4608-9118-07bdcfc2a11e role=api pod=gateway-8689985fc9-t5bnw method=POST path=/api/transcriptions status=200 durationMs=786
[pod/gateway-8689985fc9-t5bnw/gateway] 2026-10-05T15:49:26.163+00:00 INFO  http.request requestId=e8c481eb-e579-46b5-b966-566e16fbe986 role=api pod=gateway-8689985fc9-t5bnw method=POST path=/api/translations status=200 durationMs=415
[pod/gateway-8689985fc9-t5bnw/gateway] 2026-10-05T15:49:26.208+00:00 INFO  http.request requestId=d45497fd-b0fe-41d5-97fd-75443f0f0a88 role=api pod=gateway-8689985fc9-t5bnw method=POST path=/api/translations status=200 durationMs=441
[pod/gateway-8689985fc9-t5bnw/gateway] 2026-10-05T15:49:26.222+00:00 INFO  http.request requestId=e1a82cba-4999-42c1-89fc-796301fe5bd9 role=api pod=gateway-8689985fc9-t5bnw method=POST path=/api/transcriptions status=200 durationMs=863
[pod/gateway-8689985fc9-t5bnw/gateway] 2026-10-05T15:49:26.232+00:00 INFO  http.request requestId=72cf5c7a-620b-4b37-b935-c10d3e63edcc role=api pod=gateway-8689985fc9-t5bnw method=POST path=/api/transcriptions status=200 durationMs=845
[pod/gateway-8689985fc9-t5bnw/gateway] 2026-10-05T15:49:26.235+00:00 INFO  http.request requestId=48fdf8d8-4668-4887-9e83-7b39c2c6b9cb role=api pod=gateway-8689985fc9-t5bnw method=POST path=/api/translations status=200 durationMs=588
[pod/gateway-8689985fc9-t5bnw/gateway] 2026-10-05T15:49:26.255+00:00 INFO  http.request requestId=9d4cd81d-bd5e-46c6-846f-28f245191cd2 role=api pod=gateway-8689985fc9-t5bnw method=POST path=/api/transcriptions status=200 durationMs=721
[pod/gateway-8689985fc9-t5bnw/gateway] 2026-10-05T15:49:26.260+00:00 INFO  http.request requestId=0cd174e2-0b0a-4305-8601-74a03d04e1d2 role=api pod=gateway-8689985fc9-t5bnw method=POST path=/api/translations status=200 durationMs=522
[pod/gateway-8689985fc9-t5bnw/gateway] 2026-10-05T15:49:26.282+00:00 INFO  http.request requestId=cf32e5a7-2daf-48f9-b690-0ba51341b6e8 role=api pod=gateway-8689985fc9-t5bnw method=POST path=/api/translations status=200 durationMs=530
[pod/gateway-8689985fc9-t5bnw/gateway] 2026-10-05T15:49:26.285+00:00 INFO  http.request requestId=fb99221f-c873-4af6-9c49-8e6317dcb7b1 role=api pod=gateway-8689985fc9-t5bnw method=POST path=/api/transcriptions status=200 durationMs=764
[pod/gateway-8689985fc9-t5bnw/gateway] 2026-10-05T15:49:26.298+00:00 INFO  http.request requestId=2abc2f24-724f-4f89-a5aa-20e86b6832dd role=api pod=gateway-8689985fc9-t5bnw method=POST path=/api/translations status=200 durationMs=528
[pod/gateway-8689985fc9-t5bnw/gateway] 2026-10-05T15:49:26.308+00:00 INFO  http.request requestId=b524bb57-1bd5-462f-9f97-404f718b5a24 role=api pod=gateway-8689985fc9-t5bnw method=POST path=/api/transcriptions status=200 durationMs=684
[pod/gateway-8689985fc9-t5bnw/gateway] 2026-10-05T15:49:26.322+00:00 INFO  http.request requestId=a5bdbf63-6286-4863-afdb-46e35e726529 role=api pod=gateway-8689985fc9-t5bnw method=POST path=/api/transcriptions status=200 durationMs=859
[pod/gateway-8689985fc9-t5bnw/gateway] 2026-10-05T15:49:26.324+00:00 INFO  http.request requestId=42178fa8-17f8-48b8-abd4-3480aa5ccec9 role=api pod=gateway-8689985fc9-t5bnw method=POST path=/api/transcriptions status=200 durationMs=848
[pod/gateway-8689985fc9-t5bnw/gateway] 2026-10-05T15:49:26.329+00:00 INFO  http.request requestId=b48e5167-3212-4944-be5f-f8b8d06d4209 role=api pod=gateway-8689985fc9-t5bnw method=POST path=/api/translations status=200 durationMs=470
[pod/gateway-8689985fc9-t5bnw/gateway] 2026-10-05T15:49:26.329+00:00 INFO  http.request requestId=fa3b431b-8e0f-447d-8860-693c024b5cf3 role=api pod=gateway-8689985fc9-t5bnw method=POST path=/api/transcriptions status=200 durationMs=885
[pod/gateway-8689985fc9-t5bnw/gateway] 2026-10-05T15:49:26.334+00:00 INFO  http.request requestId=c89aef31-e3e1-4e86-b3ee-df24c7c399c6 role=api pod=gateway-8689985fc9-t5bnw method=POST path=/api/translations status=200 durationMs=569
[pod/gateway-8689985fc9-t5bnw/gateway] 2026-10-05T15:49:26.352+00:00 INFO  http.request requestId=6f776e0f-5e36-4647-bedc-85a7239384f0 role=api pod=gateway-8689985fc9-t5bnw method=POST path=/api/translations status=200 durationMs=469
[pod/gateway-8689985fc9-t5bnw/gateway] 2026-10-05T15:49:26.356+00:00 INFO  http.request requestId=db2962ca-048e-4d8f-add1-eabd03b31348 role=api pod=gateway-8689985fc9-t5bnw method=POST path=/api/transcriptions status=200 durationMs=626
[pod/gateway-8689985fc9-t5bnw/gateway] 2026-10-05T15:49:26.383+00:00 INFO  http.request requestId=0e9a30cd-bab9-4c1d-bd3a-564cffb07e42 role=api pod=gateway-8689985fc9-t5bnw method=POST path=/api/translations status=200 durationMs=582
[pod/gateway-8689985fc9-t5bnw/gateway] 2026-10-05T15:49:26.396+00:00 INFO  http.request requestId=3772a7b5-1790-4e3a-baa7-4c1f6e3c9727 role=api pod=gateway-8689985fc9-t5bnw method=POST path=/api/translations status=200 durationMs=499
[pod/gateway-8689985fc9-t5bnw/gateway] 2026-10-05T15:49:26.419+00:00 INFO  http.request requestId=57328692-396f-463d-a38d-eb59ce47496a role=api pod=gateway-8689985fc9-t5bnw method=POST path=/api/translations status=200 durationMs=505
[pod/gateway-8689985fc9-t5bnw/gateway] 2026-10-05T15:49:26.422+00:00 INFO  http.request requestId=4149480d-571c-466f-998b-29dfa7bb7980 role=api pod=gateway-8689985fc9-t5bnw method=POST path=/api/transcriptions status=200 durationMs=737
[pod/gateway-8689985fc9-t5bnw/gateway] 2026-10-05T15:49:26.428+00:00 INFO  http.request requestId=7a116700-fd7c-4375-a600-83c8da2385e7 role=api pod=gateway-8689985fc9-t5bnw method=POST path=/api/translations status=200 durationMs=497
[pod/gateway-8689985fc9-t5bnw/gateway] 2026-10-05T15:49:26.451+00:00 INFO  http.request requestId=9bd4f94f-127b-4a78-a96e-9402e316f057 role=api pod=gateway-8689985fc9-t5bnw method=POST path=/api/translations status=200 durationMs=530
[pod/gateway-8689985fc9-t5bnw/gateway] 2026-10-05T15:49:26.473+00:00 INFO  http.request requestId=c0a85672-4f8b-4583-a898-b1dbcbef7b07 role=api pod=gateway-8689985fc9-t5bnw method=POST path=/api/transcriptions status=200 durationMs=908
[pod/gateway-8689985fc9-t5bnw/gateway] 2026-10-05T15:49:26.478+00:00 INFO  http.request requestId=97394824-5abe-4715-9e7b-22c467f0b8e4 role=api pod=gateway-8689985fc9-t5bnw method=POST path=/api/transcriptions status=200 durationMs=733
[pod/gateway-8689985fc9-t5bnw/gateway] 2026-10-05T15:49:26.479+00:00 INFO  http.request requestId=84e28e70-9d44-4e74-b82f-dc2e9deb391d role=api pod=gateway-8689985fc9-t5bnw method=POST path=/api/translations status=200 durationMs=448
[pod/gateway-8689985fc9-t5bnw/gateway] 2026-10-05T15:49:26.488+00:00 INFO  http.request requestId=6c928f4d-7101-4f3c-9d73-71b4c729c923 role=api pod=gateway-8689985fc9-t5bnw method=POST path=/api/translations status=200 durationMs=451
[pod/gateway-8689985fc9-t5bnw/gateway] 2026-10-05T15:49:26.495+00:00 INFO  http.request requestId=b7c367cf-4ace-4154-be9c-4afa8c48417e role=api pod=gateway-8689985fc9-t5bnw method=POST path=/api/transcriptions status=200 durationMs=901
[pod/gateway-8689985fc9-t5bnw/gateway] 2026-10-05T15:49:26.519+00:00 INFO  http.request requestId=de126db8-bb0a-4a29-88d3-a64f564b2463 role=api pod=gateway-8689985fc9-t5bnw method=POST path=/api/transcriptions status=200 durationMs=878
[pod/gateway-8689985fc9-t5bnw/gateway] 2026-10-05T15:49:26.527+00:00 INFO  http.request requestId=b51d8d60-2d54-40d0-a154-a4b76e85ce5c role=api pod=gateway-8689985fc9-t5bnw method=POST path=/api/translations status=200 durationMs=475
[pod/gateway-8689985fc9-t5bnw/gateway] 2026-10-05T15:49:26.550+00:00 INFO  http.request requestId=1010c651-5391-43a3-8983-0d606d92dc8d role=api pod=gateway-8689985fc9-t5bnw method=POST path=/api/translations status=200 durationMs=572
[pod/gateway-8689985fc9-t5bnw/gateway] 2026-10-05T15:49:26.604+00:00 INFO  http.request requestId=a1878bb0-77e9-4def-9ba7-2ecdbe0e9f40 role=api pod=gateway-8689985fc9-t5bnw method=POST path=/api/transcriptions status=200 durationMs=768
[pod/gateway-8689985fc9-t5bnw/gateway] 2026-10-05T15:49:26.604+00:00 INFO  http.request requestId=81bd2dff-41c0-41be-94dc-be1ddb305bb7 role=api pod=gateway-8689985fc9-t5bnw method=POST path=/api/transcriptions status=200 durationMs=829
[pod/gateway-8689985fc9-t5bnw/gateway] 2026-10-05T15:49:26.617+00:00 INFO  http.request requestId=6d0b500f-4fc8-4a0a-b22a-0f5e6733f858 role=api pod=gateway-8689985fc9-t5bnw method=POST path=/api/transcriptions status=200 durationMs=858
[pod/gateway-8689985fc9-t5bnw/gateway] 2026-10-05T15:49:26.622+00:00 INFO  http.request requestId=036614ee-3762-48f1-8e46-56e6f54971a1 role=api pod=gateway-8689985fc9-t5bnw method=POST path=/api/translations status=200 durationMs=472
[pod/gateway-8689985fc9-t5bnw/gateway] 2026-10-05T15:49:26.626+00:00 INFO  http.request requestId=a540560c-c874-44db-b213-f5bff6d0369a role=api pod=gateway-8689985fc9-t5bnw method=POST path=/api/translations status=200 durationMs=3006
[pod/gateway-8689985fc9-t5bnw/gateway] 2026-10-05T15:49:26.630+00:00 INFO  http.request requestId=223d5312-610f-4010-914a-dcd25df85611 role=api pod=gateway-8689985fc9-t5bnw method=POST path=/api/translations status=200 durationMs=555
[pod/gateway-8689985fc9-t5bnw/gateway] 2026-10-05T15:49:26.645+00:00 INFO  http.request requestId=3d381c61-8ccb-4990-95cb-1c77080bf9b8 role=api pod=gateway-8689985fc9-t5bnw method=POST path=/api/transcriptions status=200 durationMs=735
[pod/gateway-8689985fc9-t5bnw/gateway] 2026-10-05T15:49:26.650+00:00 INFO  http.request requestId=cb4f7a65-516c-47cd-b665-fec16a10dc21 role=api pod=gateway-8689985fc9-t5bnw method=POST path=/api/transcriptions status=200 durationMs=756
[pod/gateway-8689985fc9-t5bnw/gateway] 2026-10-05T15:49:26.651+00:00 INFO  http.request requestId=7623d342-6c26-4fec-994d-1dee45ebaabd role=api pod=gateway-8689985fc9-t5bnw method=POST path=/api/transcriptions status=200 durationMs=696
[pod/gateway-8689985fc9-t5bnw/gateway] 2026-10-05T15:49:26.651+00:00 INFO  http.request requestId=19292652-0d29-4b7a-8202-18cbbcd6eab2 role=api pod=gateway-8689985fc9-t5bnw method=POST path=/api/translations status=200 durationMs=540
[pod/gateway-8689985fc9-t5bnw/gateway] 2026-10-05T15:49:26.656+00:00 INFO  http.request requestId=2fafb073-a35a-44c7-a088-171649cc979a role=api pod=gateway-8689985fc9-t5bnw method=POST path=/api/transcriptions status=200 durationMs=731
[pod/gateway-8689985fc9-t5bnw/gateway] 2026-10-05T15:49:26.665+00:00 INFO  http.request requestId=d753b4f2-efe7-4846-9a53-25c566bc63a8 role=api pod=gateway-8689985fc9-t5bnw method=POST path=/api/translations status=200 durationMs=430
[pod/gateway-8689985fc9-t5bnw/gateway] 2026-10-05T15:49:26.691+00:00 INFO  http.request requestId=1720cb64-3b4d-49e7-b96d-fe16b05be569 role=api pod=gateway-8689985fc9-t5bnw method=POST path=/api/transcriptions status=200 durationMs=840
[pod/gateway-8689985fc9-t5bnw/gateway] 2026-10-05T15:49:26.692+00:00 INFO  http.request requestId=725bd77d-e45b-46fb-9529-c4167a45d2c4 role=api pod=gateway-8689985fc9-t5bnw method=POST path=/api/transcriptions status=200 durationMs=663
[pod/gateway-8689985fc9-t5bnw/gateway] 2026-10-05T15:49:26.706+00:00 INFO  http.request requestId=0a77c009-8dcb-4aed-bb68-e03c28850788 role=api pod=gateway-8689985fc9-t5bnw method=POST path=/api/transcriptions status=200 durationMs=662
[pod/gateway-8689985fc9-t5bnw/gateway] 2026-10-05T15:49:26.728+00:00 INFO  http.request requestId=1da91bc6-ece1-47fb-a91a-bb9765629142 role=api pod=gateway-8689985fc9-t5bnw method=POST path=/api/transcriptions status=200 durationMs=713
[pod/gateway-8689985fc9-t5bnw/gateway] 2026-10-05T15:49:26.737+00:00 INFO  http.request requestId=2884124b-d8bc-4037-a1b8-9fbd2a86182a role=api pod=gateway-8689985fc9-t5bnw method=POST path=/api/translations status=200 durationMs=576
[pod/gateway-8689985fc9-t5bnw/gateway] 2026-10-05T15:49:26.742+00:00 INFO  http.request requestId=16e0300f-213d-485c-94d2-ee34a41247a0 role=api pod=gateway-8689985fc9-t5bnw method=POST path=/api/translations status=200 durationMs=525
[pod/gateway-8689985fc9-t5bnw/gateway] 2026-10-05T15:49:26.745+00:00 INFO  http.request requestId=52adf70c-9855-47e2-b2ee-dff82d5fb6ba role=api pod=gateway-8689985fc9-t5bnw method=POST path=/api/transcriptions status=200 durationMs=655
[pod/gateway-8689985fc9-t5bnw/gateway] 2026-10-05T15:49:26.748+00:00 INFO  http.request requestId=e7d314a0-934d-4549-9a7e-22ed09674fa5 role=api pod=gateway-8689985fc9-t5bnw method=POST path=/api/transcriptions status=200 durationMs=869
[pod/gateway-8689985fc9-t5bnw/gateway] 2026-10-05T15:49:26.751+00:00 INFO  http.request requestId=e3549e02-9282-4077-89d9-04654f5356e6 role=api pod=gateway-8689985fc9-t5bnw method=POST path=/api/transcriptions status=200 durationMs=645
[pod/gateway-8689985fc9-t5bnw/gateway] 2026-10-05T15:49:26.769+00:00 INFO  http.request requestId=8479b218-70f6-48c1-961b-44f2bdb6000c role=api pod=gateway-8689985fc9-t5bnw method=POST path=/api/transcriptions status=200 durationMs=693
[pod/gateway-8689985fc9-t5bnw/gateway] 2026-10-05T15:49:26.769+00:00 INFO  http.request requestId=92179e5d-18af-4ff2-a55a-aa1f0f963e76 role=api pod=gateway-8689985fc9-t5bnw method=POST path=/api/translations status=200 durationMs=438
[pod/gateway-8689985fc9-t5bnw/gateway] 2026-10-05T15:49:26.774+00:00 INFO  http.request requestId=2ec3060f-3b06-4b73-9a9c-c08763d7c4e1 role=api pod=gateway-8689985fc9-t5bnw method=POST path=/api/translations status=200 durationMs=547
[pod/gateway-8689985fc9-t5bnw/gateway] 2026-10-05T15:49:26.800+00:00 INFO  http.request requestId=469c4f04-40e3-4c09-b6fd-ecfe75ec7ba5 role=api pod=gateway-8689985fc9-t5bnw method=POST path=/api/translations status=200 durationMs=488
[pod/gateway-8689985fc9-gpd27/gateway] 2026-10-05T15:49:26.830+00:00 WARN  http.request requestId=3ab196a8-be8e-400b-a7fe-bcb5af5dbc00 role=api pod=gateway-8689985fc9-gpd27 method=GET path=/readyz status=503 durationMs=1
[pod/gateway-8689985fc9-t5bnw/gateway] 2026-10-05T15:49:26.823+00:00 INFO  http.request requestId=d7147cda-95a1-4537-bc31-68553d6166be role=api pod=gateway-8689985fc9-t5bnw method=POST path=/api/transcriptions status=200 durationMs=854
[pod/gateway-8689985fc9-t5bnw/gateway] 2026-10-05T15:49:26.831+00:00 INFO  http.request requestId=0e1b5736-b96f-4e2e-b7fd-80edd45708cf role=api pod=gateway-8689985fc9-t5bnw method=POST path=/api/transcriptions status=200 durationMs=696
[pod/gateway-8689985fc9-t5bnw/gateway] 2026-10-05T15:49:26.833+00:00 INFO  http.request requestId=01c9f860-83f4-404b-9352-a0bb0068720e role=api pod=gateway-8689985fc9-t5bnw method=POST path=/api/translations status=200 durationMs=635
[pod/gateway-8689985fc9-t5bnw/gateway] 2026-10-05T15:49:26.837+00:00 INFO  http.request requestId=86b62aa6-a9e1-4d0b-97a0-536cc5082667 role=api pod=gateway-8689985fc9-t5bnw method=POST path=/api/transcriptions status=200 durationMs=657
[pod/gateway-8689985fc9-t5bnw/gateway] 2026-10-05T15:49:26.837+00:00 INFO  http.request requestId=b2431964-6e8a-41ee-b031-5fe644b58f3c role=api pod=gateway-8689985fc9-t5bnw method=POST path=/api/transcriptions status=200 durationMs=837
[pod/gateway-8689985fc9-t5bnw/gateway] 2026-10-05T15:49:26.844+00:00 INFO  http.request requestId=f4754ca7-b82b-4134-9638-7361edbfa6c7 role=api pod=gateway-8689985fc9-t5bnw method=POST path=/api/transcriptions status=200 durationMs=860
[pod/gateway-8689985fc9-t5bnw/gateway] 2026-10-05T15:49:26.844+00:00 INFO  http.request requestId=71a85b16-c38d-4754-bb56-d5233b7539be role=api pod=gateway-8689985fc9-t5bnw method=POST path=/api/translations status=200 durationMs=421
[pod/gateway-8689985fc9-t5bnw/gateway] 2026-10-05T15:49:26.862+00:00 INFO  http.request requestId=9a6be192-d761-4ed8-8e09-d2eac64ccc1f role=api pod=gateway-8689985fc9-t5bnw method=POST path=/api/translations status=200 durationMs=537
[pod/gateway-8689985fc9-t5bnw/gateway] 2026-10-05T15:49:26.863+00:00 INFO  http.request requestId=240cf87e-ba56-455c-afc9-10af98ce591c role=api pod=gateway-8689985fc9-t5bnw method=POST path=/api/translations status=200 durationMs=554
[pod/gateway-8689985fc9-t5bnw/gateway] 2026-10-05T15:49:26.882+00:00 INFO  http.request requestId=43a9e2ce-aaf8-4491-a598-67a268e1d777 role=api pod=gateway-8689985fc9-t5bnw method=POST path=/api/translations status=200 durationMs=526
[pod/gateway-8689985fc9-t5bnw/gateway] 2026-10-05T15:49:26.886+00:00 INFO  http.request requestId=980f2c4f-8806-47b8-9e73-8b05be4906ad role=api pod=gateway-8689985fc9-t5bnw method=POST path=/api/transcriptions status=200 durationMs=720
[pod/gateway-8689985fc9-t5bnw/gateway] 2026-10-05T15:49:26.908+00:00 INFO  http.request requestId=fbe14039-06b0-421d-ae78-98ea45e7e95b role=api pod=gateway-8689985fc9-t5bnw method=POST path=/api/translations status=200 durationMs=495
[pod/gateway-8689985fc9-t5bnw/gateway] 2026-10-05T15:49:26.916+00:00 INFO  http.request requestId=329ae7a8-d1ac-42c8-8afb-78bacae887dd role=api pod=gateway-8689985fc9-t5bnw method=POST path=/api/translations status=200 durationMs=487
[pod/gateway-8689985fc9-t5bnw/gateway] 2026-10-05T15:49:26.927+00:00 INFO  http.request requestId=753dfa6e-693e-419b-8141-9383147062e8 role=api pod=gateway-8689985fc9-t5bnw method=POST path=/api/transcriptions status=200 durationMs=777
[pod/gateway-8689985fc9-t5bnw/gateway] 2026-10-05T15:49:26.951+00:00 INFO  http.request requestId=964c8e42-726e-4c07-8897-e4b4a75a53d2 role=api pod=gateway-8689985fc9-t5bnw method=POST path=/api/transcriptions status=200 durationMs=620
[pod/gateway-8689985fc9-t5bnw/gateway] 2026-10-05T15:49:26.954+00:00 INFO  http.request requestId=2e1d96b8-eef9-4e06-8ca7-967003012b42 role=api pod=gateway-8689985fc9-t5bnw method=POST path=/api/translations status=200 durationMs=458
[pod/gateway-8689985fc9-t5bnw/gateway] 2026-10-05T15:49:26.965+00:00 INFO  http.request requestId=cb730ecb-20e8-43f3-b183-29b5ca335d1a role=api pod=gateway-8689985fc9-t5bnw method=POST path=/api/transcriptions status=200 durationMs=666
[pod/gateway-8689985fc9-t5bnw/gateway] 2026-10-05T15:49:26.965+00:00 INFO  http.request requestId=7b2e709a-8e2b-4293-ab7d-c107b5f45edf role=api pod=gateway-8689985fc9-t5bnw method=POST path=/api/translations status=200 durationMs=487
[pod/gateway-8689985fc9-t5bnw/gateway] 2026-10-05T15:49:26.965+00:00 INFO  http.request requestId=2a6ac9e9-5ff7-4495-946d-91c3f1e7e58a role=api pod=gateway-8689985fc9-t5bnw method=POST path=/api/transcriptions status=200 durationMs=724
[pod/gateway-8689985fc9-t5bnw/gateway] 2026-10-05T15:49:27.024+00:00 INFO  http.request requestId=7cf2575a-7599-4265-908c-8e7c540d8d38 role=api pod=gateway-8689985fc9-t5bnw method=POST path=/api/transcriptions status=200 durationMs=738
[pod/gateway-8689985fc9-t5bnw/gateway] 2026-10-05T15:49:27.044+00:00 INFO  http.request requestId=2c0bd0cc-ed85-4216-868d-4cb1daef6695 role=api pod=gateway-8689985fc9-t5bnw method=POST path=/api/transcriptions status=200 durationMs=775
[pod/gateway-8689985fc9-t5bnw/gateway] 2026-10-05T15:49:27.045+00:00 INFO  http.request requestId=59e32680-2ca0-4e98-8231-02f4609d3779 role=api pod=gateway-8689985fc9-t5bnw method=POST path=/api/translations status=200 durationMs=512
[pod/gateway-8689985fc9-t5bnw/gateway] 2026-10-05T15:49:27.045+00:00 INFO  http.request requestId=d7bfbaca-232e-429c-b18c-7f614f184613 role=api pod=gateway-8689985fc9-t5bnw method=POST path=/api/translations status=200 durationMs=441
[pod/gateway-8689985fc9-t5bnw/gateway] 2026-10-05T15:49:27.060+00:00 INFO  http.request requestId=fea871e5-cd58-4413-adec-908e49a8eff3 role=api pod=gateway-8689985fc9-t5bnw method=POST path=/api/transcriptions status=200 durationMs=686
[pod/gateway-8689985fc9-t5bnw/gateway] 2026-10-05T15:49:27.095+00:00 INFO  http.request requestId=74671641-5cc1-4345-86c0-201b14691728 role=api pod=gateway-8689985fc9-t5bnw method=POST path=/api/transcriptions status=200 durationMs=614
[pod/gateway-8689985fc9-t5bnw/gateway] 2026-10-05T15:49:27.102+00:00 INFO  http.request requestId=078df19d-b0fd-448b-8512-c9d74ad01014 role=api pod=gateway-8689985fc9-t5bnw method=POST path=/api/transcriptions status=200 durationMs=752
[pod/gateway-8689985fc9-t5bnw/gateway] 2026-10-05T15:49:27.112+00:00 INFO  http.request requestId=3b242b02-c9b7-4ce0-ad1e-1a4ece2b7404 role=api pod=gateway-8689985fc9-t5bnw method=POST path=/api/translations status=200 durationMs=456
[pod/gateway-8689985fc9-t5bnw/gateway] 2026-10-05T15:49:27.113+00:00 INFO  http.request requestId=595472d6-aa8d-41d8-a3fc-9a105f2fc7ad role=api pod=gateway-8689985fc9-t5bnw method=POST path=/api/translations status=200 durationMs=588
[pod/gateway-8689985fc9-t5bnw/gateway] 2026-10-05T15:49:27.116+00:00 INFO  http.request requestId=1a5010bf-466c-49a9-be09-0d49a4301210 role=api pod=gateway-8689985fc9-t5bnw method=POST path=/api/translations status=200 durationMs=509
[pod/gateway-8689985fc9-t5bnw/gateway] 2026-10-05T15:49:27.119+00:00 INFO  http.request requestId=422d4129-26ce-44e4-baad-3d53b907efdd role=api pod=gateway-8689985fc9-t5bnw method=POST path=/api/translations status=200 durationMs=467
[pod/gateway-8689985fc9-t5bnw/gateway] 2026-10-05T15:49:27.141+00:00 INFO  http.request requestId=729e6eba-5869-4354-96e9-66499d44fc2d role=api pod=gateway-8689985fc9-t5bnw method=POST path=/api/translations status=200 durationMs=495
[pod/gateway-8689985fc9-t5bnw/gateway] 2026-10-05T15:49:27.144+00:00 INFO  http.request requestId=ca2835a8-4edd-48b4-91cc-62eb375deb1f role=api pod=gateway-8689985fc9-t5bnw method=POST path=/api/transcriptions status=200 durationMs=889
[pod/gateway-8689985fc9-t5bnw/gateway] 2026-10-05T15:49:27.158+00:00 INFO  http.request requestId=98f9a889-c18a-4c4f-bb84-90a19a73e34c role=api pod=gateway-8689985fc9-t5bnw method=POST path=/api/transcriptions status=200 durationMs=693
[pod/gateway-8689985fc9-t5bnw/gateway] 2026-10-05T15:49:27.180+00:00 INFO  http.request requestId=22d1eebe-7325-4b1a-9182-77879243e204 role=api pod=gateway-8689985fc9-t5bnw method=POST path=/api/transcriptions status=200 durationMs=819
[pod/gateway-8689985fc9-t5bnw/gateway] 2026-10-05T15:49:27.195+00:00 INFO  http.request requestId=c03d8d98-8f97-4570-b193-550195e90116 role=api pod=gateway-8689985fc9-t5bnw method=POST path=/api/translations status=200 durationMs=445
[pod/gateway-8689985fc9-t5bnw/gateway] 2026-10-05T15:49:27.202+00:00 INFO  http.request requestId=d30a3568-3eec-4ea4-a66e-42a6ff65a6c3 role=api pod=gateway-8689985fc9-t5bnw method=POST path=/api/transcriptions status=200 durationMs=692
[pod/gateway-8689985fc9-t5bnw/gateway] 2026-10-05T15:49:27.212+00:00 INFO  http.request requestId=70f8d1c7-f89d-4784-941e-60bc6bebb144 role=api pod=gateway-8689985fc9-t5bnw method=POST path=/api/transcriptions status=200 durationMs=611
[pod/gateway-8689985fc9-t5bnw/gateway] 2026-10-05T15:49:27.228+00:00 INFO  http.request requestId=0caeb364-9f86-4146-9925-b920c72c1a52 role=api pod=gateway-8689985fc9-t5bnw method=POST path=/api/translations status=200 durationMs=458
[pod/gateway-8689985fc9-t5bnw/gateway] 2026-10-05T15:49:27.240+00:00 INFO  http.request requestId=65a22cc9-649d-4768-a5f7-5841d8b2d912 role=api pod=gateway-8689985fc9-t5bnw method=POST path=/api/translations status=200 durationMs=470
[pod/gateway-8689985fc9-t5bnw/gateway] 2026-10-05T15:49:27.247+00:00 INFO  http.request requestId=5cf2366d-3bdc-4a6c-914e-fa1aaf59496b role=api pod=gateway-8689985fc9-t5bnw method=POST path=/api/transcriptions status=200 durationMs=842
[pod/gateway-8689985fc9-t5bnw/gateway] 2026-10-05T15:49:27.249+00:00 INFO  http.request requestId=10ff1beb-8ed0-4b2d-9ee4-a9dc37d20d45 role=api pod=gateway-8689985fc9-t5bnw method=POST path=/api/transcriptions status=200 durationMs=619
[pod/gateway-8689985fc9-t5bnw/gateway] 2026-10-05T15:49:27.253+00:00 INFO  http.request requestId=07a4420d-4dfd-4808-a846-70b541598a47 role=api pod=gateway-8689985fc9-t5bnw method=POST path=/api/translations status=200 durationMs=562
[pod/gateway-8689985fc9-t5bnw/gateway] 2026-10-05T15:49:27.255+00:00 INFO  http.request requestId=6a80620a-d41f-480a-8959-5bc78fa66acf role=api pod=gateway-8689985fc9-t5bnw method=POST path=/api/transcriptions status=200 durationMs=806
[pod/gateway-8689985fc9-t5bnw/gateway] 2026-10-05T15:49:27.290+00:00 INFO  http.request requestId=ccbc52c9-bd45-427a-85f0-8b8df8dcf8db role=api pod=gateway-8689985fc9-t5bnw method=POST path=/api/translations status=200 durationMs=486
[pod/gateway-8689985fc9-t5bnw/gateway] 2026-10-05T15:49:27.300+00:00 INFO  http.request requestId=dc2d2680-c674-4200-928c-4b7f842efb37 role=api pod=gateway-8689985fc9-t5bnw method=POST path=/api/translations status=200 durationMs=462
[pod/gateway-8689985fc9-t5bnw/gateway] 2026-10-05T15:49:27.310+00:00 INFO  http.request requestId=06e364b0-22ca-4e57-a544-7420fb62130e role=api pod=gateway-8689985fc9-t5bnw method=POST path=/api/translations status=200 durationMs=486
[pod/gateway-8689985fc9-t5bnw/gateway] 2026-10-05T15:49:27.310+00:00 INFO  http.request requestId=9c14a535-d0e9-435c-92ee-cdc61397d8aa role=api pod=gateway-8689985fc9-t5bnw method=POST path=/api/translations status=200 durationMs=559
[pod/gateway-8689985fc9-t5bnw/gateway] 2026-10-05T15:49:27.316+00:00 INFO  http.request requestId=3f7c9387-3d30-48a6-b6b6-f4f63bef0d48 role=api pod=gateway-8689985fc9-t5bnw method=POST path=/api/transcriptions status=200 durationMs=746
[pod/gateway-8689985fc9-t5bnw/gateway] 2026-10-05T15:49:27.316+00:00 INFO  http.request requestId=2ddaacc3-9bcc-48e4-8b4f-21b57377bb69 role=api pod=gateway-8689985fc9-t5bnw method=POST path=/api/translations status=200 durationMs=571
[pod/gateway-8689985fc9-t5bnw/gateway] 2026-10-05T15:49:27.322+00:00 INFO  http.request requestId=9d1736c7-2e5e-4f95-8983-e434bdd7c155 role=api pod=gateway-8689985fc9-t5bnw method=POST path=/api/translations status=200 durationMs=436
[pod/gateway-8689985fc9-t5bnw/gateway] 2026-10-05T15:49:27.349+00:00 INFO  http.request requestId=a890f85b-befa-4b78-ad13-900641021c64 role=api pod=gateway-8689985fc9-t5bnw method=POST path=/api/transcriptions status=200 durationMs=630
[pod/gateway-8689985fc9-t5bnw/gateway] 2026-10-05T15:49:27.358+00:00 INFO  http.request requestId=30a7813a-3937-48d3-a16f-c5be69f4af56 role=api pod=gateway-8689985fc9-t5bnw method=POST path=/api/translations status=200 durationMs=430
[pod/gateway-8689985fc9-t5bnw/gateway] 2026-10-05T15:49:27.369+00:00 INFO  http.request requestId=57206187-873b-4b43-a7ea-2c37a3280e31 role=api pod=gateway-8689985fc9-t5bnw method=POST path=/api/translations status=200 durationMs=523
[pod/gateway-8689985fc9-t5bnw/gateway] 2026-10-05T15:49:27.374+00:00 INFO  http.request requestId=51e7b48b-32f4-41a9-bdfb-aa887dd6d4a5 role=api pod=gateway-8689985fc9-t5bnw method=POST path=/api/translations status=200 durationMs=541
[pod/gateway-8689985fc9-t5bnw/gateway] 2026-10-05T15:49:27.380+00:00 INFO  http.request requestId=cece316b-adb5-4479-b6fc-001bdf7c9281 role=api pod=gateway-8689985fc9-t5bnw method=POST path=/api/transcriptions status=200 durationMs=614
[pod/gateway-8689985fc9-t5bnw/gateway] 2026-10-05T15:49:27.384+00:00 INFO  http.request requestId=531d1f1e-5358-4c19-a844-dddbeedba96d role=api pod=gateway-8689985fc9-t5bnw method=POST path=/api/transcriptions status=200 durationMs=887
[pod/gateway-8689985fc9-t5bnw/gateway] 2026-10-05T15:49:27.386+00:00 INFO  http.request requestId=e6fd3111-2573-4e6f-b0cd-4b1cfb411963 role=api pod=gateway-8689985fc9-t5bnw method=POST path=/api/transcriptions status=200 durationMs=771
[pod/gateway-8689985fc9-t5bnw/gateway] 2026-10-05T15:49:27.414+00:00 INFO  http.request requestId=0218d905-3719-4989-9c93-ef7f0c5efb9d role=api pod=gateway-8689985fc9-t5bnw method=POST path=/api/translations status=200 durationMs=576
[pod/gateway-8689985fc9-t5bnw/gateway] 2026-10-05T15:49:27.448+00:00 INFO  http.request requestId=18465eb0-09f2-47bf-a6ff-00b5401b71c8 role=api pod=gateway-8689985fc9-t5bnw method=POST path=/api/translations status=200 durationMs=481
[pod/gateway-8689985fc9-t5bnw/gateway] 2026-10-05T15:49:27.467+00:00 INFO  http.request requestId=158783bc-5ce8-4ebe-8ebd-bb5f926cb1a2 role=api pod=gateway-8689985fc9-t5bnw method=POST path=/api/translations status=200 durationMs=500
[pod/gateway-8689985fc9-t5bnw/gateway] 2026-10-05T15:49:27.476+00:00 INFO  http.request requestId=35d9ccbf-ea92-4a82-bd4b-196ed27a7e2c role=api pod=gateway-8689985fc9-t5bnw method=POST path=/api/translations status=200 durationMs=523
[pod/gateway-8689985fc9-t5bnw/gateway] 2026-10-05T15:49:27.482+00:00 INFO  http.request requestId=cb10602c-06cf-411a-a5a9-9c109bcf9eb9 role=api pod=gateway-8689985fc9-t5bnw method=POST path=/api/transcriptions status=200 durationMs=639
[pod/gateway-8689985fc9-t5bnw/gateway] 2026-10-05T15:49:27.487+00:00 INFO  http.request requestId=6d1ffc56-8ebf-4184-a75d-db8cebb9cc39 role=api pod=gateway-8689985fc9-t5bnw method=POST path=/api/transcriptions status=200 durationMs=842
[pod/gateway-8689985fc9-t5bnw/gateway] 2026-10-05T15:49:27.492+00:00 INFO  http.request requestId=9e961087-69ff-4263-8323-988a08bf8e11 role=api pod=gateway-8689985fc9-t5bnw method=POST path=/api/transcriptions status=200 durationMs=622
[pod/gateway-8689985fc9-t5bnw/gateway] 2026-10-05T15:49:27.500+00:00 INFO  http.request requestId=392efbad-924e-4289-b65d-6b975a1d0084 role=api pod=gateway-8689985fc9-t5bnw method=POST path=/api/transcriptions status=200 durationMs=796
[pod/gateway-8689985fc9-t5bnw/gateway] 2026-10-05T15:49:27.528+00:00 INFO  http.request requestId=37bf6f79-2641-4ba2-bdbe-a2ed5a98c3a4 role=api pod=gateway-8689985fc9-t5bnw method=POST path=/api/transcriptions status=200 durationMs=869
[pod/gateway-8689985fc9-t5bnw/gateway] 2026-10-05T15:49:27.531+00:00 INFO  http.request requestId=715c5578-d0ee-4ed9-acae-a1e00426c6df role=api pod=gateway-8689985fc9-t5bnw method=POST path=/api/transcriptions status=200 durationMs=855
[pod/gateway-8689985fc9-t5bnw/gateway] 2026-10-05T15:49:27.557+00:00 INFO  http.request requestId=7269c985-c29e-44e3-a211-aa6636a9ea1a role=api pod=gateway-8689985fc9-t5bnw method=POST path=/api/translations status=200 durationMs=543
[pod/gateway-8689985fc9-t5bnw/gateway] 2026-10-05T15:49:27.557+00:00 INFO  http.request requestId=3774eac0-fe1e-4d10-ae42-e0bb7c3e7bbe role=api pod=gateway-8689985fc9-t5bnw method=POST path=/api/transcriptions status=200 durationMs=730
[pod/gateway-8689985fc9-t5bnw/gateway] 2026-10-05T15:49:27.565+00:00 INFO  http.request requestId=9af610ff-4d60-4fbd-b111-ac85c6baecf6 role=api pod=gateway-8689985fc9-t5bnw method=POST path=/api/transcriptions status=200 durationMs=874
[pod/gateway-8689985fc9-t5bnw/gateway] 2026-10-05T15:49:27.596+00:00 INFO  http.request requestId=52fb58f4-7be0-4dca-90d3-815eb34c47df role=api pod=gateway-8689985fc9-t5bnw method=POST path=/api/transcriptions status=200 durationMs=681
[pod/gateway-8689985fc9-t5bnw/gateway] 2026-10-05T15:49:27.604+00:00 INFO  http.request requestId=e8ee998f-5121-4d3b-879e-986f21706404 role=api pod=gateway-8689985fc9-t5bnw method=POST path=/api/transcriptions status=200 durationMs=705
[pod/gateway-8689985fc9-t5bnw/gateway] 2026-10-05T15:49:27.608+00:00 INFO  http.request requestId=4c56313d-676c-4ed6-963f-b32a1a0aacfa role=api pod=gateway-8689985fc9-t5bnw method=POST path=/api/translations status=200 durationMs=575
[pod/gateway-8689985fc9-t5bnw/gateway] 2026-10-05T15:49:27.610+00:00 INFO  http.request requestId=22c3c4fe-c97e-4902-83bb-dfaba1c47c06 role=api pod=gateway-8689985fc9-t5bnw method=POST path=/api/transcriptions status=200 durationMs=860
[pod/gateway-8689985fc9-t5bnw/gateway] 2026-10-05T15:49:27.621+00:00 INFO  http.request requestId=c5402872-519e-4d42-81e4-f4ca59e94de8 role=api pod=gateway-8689985fc9-t5bnw method=POST path=/api/translations status=200 durationMs=477
[pod/gateway-8689985fc9-t5bnw/gateway] 2026-10-05T15:49:27.622+00:00 INFO  http.request requestId=41783094-1900-4c2b-8690-fcc16b6df9f1 role=api pod=gateway-8689985fc9-t5bnw method=POST path=/api/translations status=200 durationMs=567
[pod/gateway-8689985fc9-t5bnw/gateway] 2026-10-05T15:49:27.624+00:00 INFO  http.request requestId=73447329-191f-413c-a3ba-6909bbedb638 role=api pod=gateway-8689985fc9-t5bnw method=POST path=/api/translations status=200 durationMs=443
[pod/gateway-8689985fc9-t5bnw/gateway] 2026-10-05T15:49:27.626+00:00 INFO  http.request requestId=a06888c5-bd08-4972-b1e1-4e12a89fc59b role=api pod=gateway-8689985fc9-t5bnw method=POST path=/api/translations status=200 durationMs=529
[pod/gateway-8689985fc9-t5bnw/gateway] 2026-10-05T15:49:27.638+00:00 INFO  http.request requestId=5ec19208-72ff-4ebb-9ccb-d37e23c140c2 role=api pod=gateway-8689985fc9-t5bnw method=POST path=/api/transcriptions status=200 durationMs=649
[pod/gateway-8689985fc9-t5bnw/gateway] 2026-10-05T15:49:27.645+00:00 INFO  http.request requestId=2b7ccb32-bbea-4f48-abf6-037aeb43580c role=api pod=gateway-8689985fc9-t5bnw method=POST path=/api/translations status=200 durationMs=599
[pod/gateway-8689985fc9-t5bnw/gateway] 2026-10-05T15:49:27.682+00:00 INFO  http.request requestId=de5cc09a-7f87-41ab-8fac-0edba81e475c role=api pod=gateway-8689985fc9-t5bnw method=POST path=/api/translations status=200 durationMs=580
[pod/gateway-8689985fc9-t5bnw/gateway] 2026-10-05T15:49:27.683+00:00 INFO  http.request requestId=8b93d6e8-8c64-4686-a6ea-1416f86b14df role=api pod=gateway-8689985fc9-t5bnw method=POST path=/api/translations status=200 durationMs=442
[pod/gateway-8689985fc9-t5bnw/gateway] 2026-10-05T15:49:27.701+00:00 INFO  http.request requestId=10a3a594-29b5-4234-96f3-d609ece7a92a role=api pod=gateway-8689985fc9-t5bnw method=POST path=/api/translations status=200 durationMs=445
[pod/gateway-8689985fc9-t5bnw/gateway] 2026-10-05T15:49:27.702+00:00 INFO  http.request requestId=bf533fda-fb06-4732-a658-00b535c01bf6 role=api pod=gateway-8689985fc9-t5bnw method=POST path=/api/transcriptions status=200 durationMs=847
[pod/gateway-8689985fc9-t5bnw/gateway] 2026-10-05T15:49:27.718+00:00 INFO  http.request requestId=f05c906d-018b-4eaa-beb8-06f7470a2c3d role=api pod=gateway-8689985fc9-t5bnw method=POST path=/api/translations status=200 durationMs=596
[pod/gateway-8689985fc9-t5bnw/gateway] 2026-10-05T15:49:27.730+00:00 INFO  http.request requestId=447927ee-c343-4705-8d0c-205caa32d974 role=api pod=gateway-8689985fc9-t5bnw method=POST path=/api/translations status=200 durationMs=571
[pod/gateway-8689985fc9-t5bnw/gateway] 2026-10-05T15:49:27.745+00:00 INFO  http.request requestId=50987a00-a37f-47ee-ac1e-afc3ba824490 role=api pod=gateway-8689985fc9-t5bnw method=POST path=/api/transcriptions status=200 durationMs=636
[pod/gateway-8689985fc9-t5bnw/gateway] 2026-10-05T15:49:27.751+00:00 INFO  http.request requestId=89d48c39-b75c-4793-8e8f-ddebb62d97f2 role=api pod=gateway-8689985fc9-t5bnw method=POST path=/api/transcriptions status=200 durationMs=792
[pod/gateway-8689985fc9-t5bnw/gateway] 2026-10-05T15:49:27.776+00:00 INFO  http.request requestId=50b78e99-d185-411a-97af-e9427bbec66d role=api pod=gateway-8689985fc9-t5bnw method=POST path=/api/transcriptions status=200 durationMs=846
[pod/gateway-8689985fc9-t5bnw/gateway] 2026-10-05T15:49:27.782+00:00 INFO  http.request requestId=9f771d7d-85da-414a-994f-58314eec66db role=api pod=gateway-8689985fc9-t5bnw method=POST path=/api/transcriptions status=200 durationMs=808
[pod/gateway-8689985fc9-t5bnw/gateway] 2026-10-05T15:49:27.801+00:00 INFO  http.request requestId=a6a9c3c7-a0e0-4356-b016-cf022e0b1b24 role=api pod=gateway-8689985fc9-t5bnw method=POST path=/api/translations status=200 durationMs=452
[pod/gateway-8689985fc9-t5bnw/gateway] 2026-10-05T15:49:27.820+00:00 INFO  http.request requestId=3ad48017-2dd9-4800-9191-4d4207f9e7a8 role=api pod=gateway-8689985fc9-t5bnw method=POST path=/api/transcriptions status=200 durationMs=634
[pod/gateway-8689985fc9-gpd27/gateway] 2026-10-05T15:49:27.830+00:00 WARN  http.request requestId=7de9f251-aa92-4ec9-b1db-d8311752ff52 role=api pod=gateway-8689985fc9-gpd27 method=GET path=/readyz status=503 durationMs=1
[pod/gateway-8689985fc9-t5bnw/gateway] 2026-10-05T15:49:27.836+00:00 INFO  http.request requestId=62136249-faba-427a-8cd8-c950a0cfd500 role=api pod=gateway-8689985fc9-t5bnw method=POST path=/api/translations status=200 durationMs=592
[pod/gateway-8689985fc9-t5bnw/gateway] 2026-10-05T15:49:27.837+00:00 INFO  http.request requestId=345c79a2-7af3-4a6a-be55-95fecc9d7f81 role=api pod=gateway-8689985fc9-t5bnw method=POST path=/api/transcriptions status=200 durationMs=637
[pod/gateway-8689985fc9-t5bnw/gateway] 2026-10-05T15:49:27.851+00:00 INFO  http.request requestId=c5c5db8d-517e-46e7-becd-ffa59099db10 role=api pod=gateway-8689985fc9-t5bnw method=POST path=/api/transcriptions status=200 durationMs=906
[pod/gateway-8689985fc9-t5bnw/gateway] 2026-10-05T15:49:27.885+00:00 INFO  http.request requestId=8fe481ca-2c11-4a13-92ef-1dff2d1809d1 role=api pod=gateway-8689985fc9-t5bnw method=POST path=/api/translations status=200 durationMs=568
[pod/gateway-8689985fc9-t5bnw/gateway] 2026-10-05T15:49:27.886+00:00 INFO  http.request requestId=1d92dedd-339f-44c6-9732-b76e9b7bc611 role=api pod=gateway-8689985fc9-t5bnw method=POST path=/api/translations status=200 durationMs=451
[pod/gateway-8689985fc9-t5bnw/gateway] 2026-10-05T15:49:27.888+00:00 INFO  http.request requestId=3214047f-d6dc-4f7c-a50f-baf543dff571 role=api pod=gateway-8689985fc9-t5bnw method=POST path=/api/translations status=200 durationMs=444
[pod/gateway-8689985fc9-t5bnw/gateway] 2026-10-05T15:49:27.904+00:00 INFO  http.request requestId=349acd30-a25a-49ae-bd79-18394f4f2bc3 role=api pod=gateway-8689985fc9-t5bnw method=POST path=/api/translations status=200 durationMs=481
[pod/gateway-8689985fc9-t5bnw/gateway] 2026-10-05T15:49:27.907+00:00 INFO  http.request requestId=c1143e8c-855d-41e0-83ed-f535d2ab0de9 role=api pod=gateway-8689985fc9-t5bnw method=POST path=/api/translations status=200 durationMs=425
[pod/gateway-8689985fc9-t5bnw/gateway] 2026-10-05T15:49:27.911+00:00 INFO  http.request requestId=defcab0f-a0ba-4a93-a039-ba18546ba8f1 role=api pod=gateway-8689985fc9-t5bnw method=POST path=/api/transcriptions status=200 durationMs=651
[pod/gateway-8689985fc9-t5bnw/gateway] 2026-10-05T15:49:27.931+00:00 INFO  http.request requestId=df31566e-2dd4-4b6e-a766-c495dacd5f11 role=api pod=gateway-8689985fc9-t5bnw method=POST path=/api/transcriptions status=200 durationMs=882
[pod/gateway-8689985fc9-t5bnw/gateway] 2026-10-05T15:49:27.943+00:00 INFO  http.request requestId=13e251d7-1513-4aa8-8c1e-9382c583cc44 role=api pod=gateway-8689985fc9-t5bnw method=POST path=/api/translations status=200 durationMs=451
[pod/gateway-8689985fc9-t5bnw/gateway] 2026-10-05T15:49:27.955+00:00 INFO  http.request requestId=4554955b-1067-4566-bfab-f49756d0be20 role=api pod=gateway-8689985fc9-t5bnw method=POST path=/api/translations status=200 durationMs=425
[pod/gateway-8689985fc9-t5bnw/gateway] 2026-10-05T15:49:27.958+00:00 INFO  http.request requestId=3d114342-9ce0-4613-8b0b-439901da229a role=api pod=gateway-8689985fc9-t5bnw method=POST path=/api/transcriptions status=200 durationMs=834
[pod/gateway-8689985fc9-t5bnw/gateway] 2026-10-05T15:49:27.969+00:00 INFO  http.request requestId=9d0718ab-cea5-4d77-bc67-1af89485ca57 role=api pod=gateway-8689985fc9-t5bnw method=POST path=/api/translations status=200 durationMs=583
[pod/gateway-8689985fc9-t5bnw/gateway] 2026-10-05T15:49:27.970+00:00 INFO  http.request requestId=de69df3b-e4b2-4ba4-a4e4-91469d0d3886 role=api pod=gateway-8689985fc9-t5bnw method=POST path=/api/transcriptions status=200 durationMs=636
[pod/gateway-8689985fc9-t5bnw/gateway] 2026-10-05T15:49:27.972+00:00 INFO  http.request requestId=b96ca0b5-6ab2-481a-a120-53c13de8ab8c role=api pod=gateway-8689985fc9-t5bnw method=POST path=/api/translations status=200 durationMs=510
[pod/gateway-8689985fc9-t5bnw/gateway] 2026-10-05T15:49:27.978+00:00 INFO  http.request requestId=23cf05fa-7cfb-4031-98ed-a0cd6772677b role=api pod=gateway-8689985fc9-t5bnw method=POST path=/api/transcriptions status=200 durationMs=898
[pod/gateway-8689985fc9-t5bnw/gateway] 2026-10-05T15:49:27.985+00:00 INFO  http.request requestId=c32ab671-2ab4-4575-878f-4d4f0be8123d role=api pod=gateway-8689985fc9-t5bnw method=POST path=/api/translations status=200 durationMs=599
[pod/gateway-8689985fc9-t5bnw/gateway] 2026-10-05T15:49:27.985+00:00 INFO  http.request requestId=29cb6eef-83e5-49ba-bb50-408cd3fd4d1a role=api pod=gateway-8689985fc9-t5bnw method=POST path=/api/translations status=200 durationMs=498
[pod/gateway-8689985fc9-t5bnw/gateway] 2026-10-05T15:49:28.000+00:00 INFO  http.request requestId=ccbcce29-a635-4d15-b276-4d8c04d2313b role=api pod=gateway-8689985fc9-t5bnw method=POST path=/api/translations status=200 durationMs=453
[pod/gateway-8689985fc9-t5bnw/gateway] 2026-10-05T15:49:28.000+00:00 INFO  http.request requestId=2f7c48c1-19d1-4a53-b576-67359ca09879 role=api pod=gateway-8689985fc9-t5bnw method=POST path=/api/transcriptions status=200 durationMs=786
[pod/gateway-8689985fc9-t5bnw/gateway] 2026-10-05T15:49:28.025+00:00 INFO  http.request requestId=01e5b5eb-39d0-4809-9269-859c5d8fb499 role=api pod=gateway-8689985fc9-t5bnw method=POST path=/api/transcriptions status=200 durationMs=855
[pod/gateway-8689985fc9-t5bnw/gateway] 2026-10-05T15:49:28.025+00:00 INFO  http.request requestId=74967563-ed42-401f-a2d3-6ef04cb713de role=api pod=gateway-8689985fc9-t5bnw method=POST path=/api/transcriptions status=200 durationMs=721
[pod/gateway-8689985fc9-t5bnw/gateway] 2026-10-05T15:49:28.037+00:00 INFO  http.request requestId=93fe63cd-af17-4a81-aeca-aafc9396a1a5 role=api pod=gateway-8689985fc9-t5bnw method=POST path=/api/transcriptions status=200 durationMs=762
[pod/gateway-8689985fc9-t5bnw/gateway] 2026-10-05T15:49:28.043+00:00 INFO  http.request requestId=d28bf5c8-cd4d-40ac-90ee-6b561652f14b role=api pod=gateway-8689985fc9-t5bnw method=POST path=/api/translations status=200 durationMs=438
[pod/gateway-8689985fc9-t5bnw/gateway] 2026-10-05T15:49:28.066+00:00 INFO  http.request requestId=a5ff5fde-6786-4d3d-b9c2-e90cebcfb5ac role=api pod=gateway-8689985fc9-t5bnw method=POST path=/api/translations status=200 durationMs=531
[pod/gateway-8689985fc9-t5bnw/gateway] 2026-10-05T15:49:28.102+00:00 INFO  http.request requestId=333f0ca1-1258-40a5-b5f8-51878045e42c role=api pod=gateway-8689985fc9-t5bnw method=POST path=/api/transcriptions status=200 durationMs=752
[pod/gateway-8689985fc9-t5bnw/gateway] 2026-10-05T15:49:28.110+00:00 INFO  http.request requestId=5c78b35b-3f50-4495-8a76-2c96aa024b61 role=api pod=gateway-8689985fc9-t5bnw method=POST path=/api/transcriptions status=200 durationMs=611
[pod/gateway-8689985fc9-t5bnw/gateway] 2026-10-05T15:49:28.122+00:00 INFO  http.request requestId=62c36691-cd9f-440a-9bd8-a35184e30f90 role=api pod=gateway-8689985fc9-t5bnw method=POST path=/api/transcriptions status=200 durationMs=637
[pod/gateway-8689985fc9-t5bnw/gateway] 2026-10-05T15:49:28.155+00:00 INFO  http.request requestId=2201b4d9-45f9-4415-90ae-c5562590cf69 role=api pod=gateway-8689985fc9-t5bnw method=POST path=/api/translations status=200 durationMs=500
[pod/gateway-8689985fc9-t5bnw/gateway] 2026-10-05T15:49:28.158+00:00 INFO  http.request requestId=16130f54-eb7a-4191-a41b-704163b407a3 role=api pod=gateway-8689985fc9-t5bnw method=POST path=/api/translations status=200 durationMs=593
[pod/gateway-8689985fc9-t5bnw/gateway] 2026-10-05T15:49:28.168+00:00 INFO  http.request requestId=0fec39c6-5188-4da5-a398-30beb8016269 role=api pod=gateway-8689985fc9-t5bnw method=POST path=/api/translations status=200 durationMs=552
[pod/gateway-8689985fc9-t5bnw/gateway] 2026-10-05T15:49:28.168+00:00 INFO  http.request requestId=ce240afa-9fa5-4c72-81d3-e90432f148ad role=api pod=gateway-8689985fc9-t5bnw method=POST path=/api/transcriptions status=200 durationMs=848
[pod/gateway-8689985fc9-t5bnw/gateway] 2026-10-05T15:49:28.170+00:00 INFO  http.request requestId=5fd52cdf-7309-42ff-941a-7b7aa19a6278 role=api pod=gateway-8689985fc9-t5bnw method=POST path=/api/transcriptions status=200 durationMs=656
[pod/gateway-8689985fc9-t5bnw/gateway] 2026-10-05T15:49:28.181+00:00 INFO  http.request requestId=441f0f46-ab2c-42fa-b457-5f5b7a4a34d2 role=api pod=gateway-8689985fc9-t5bnw method=POST path=/api/transcriptions status=200 durationMs=800
[pod/gateway-8689985fc9-t5bnw/gateway] 2026-10-05T15:49:28.207+00:00 INFO  http.request requestId=52662183-d3c5-42ba-adc1-e3f84d19995c role=api pod=gateway-8689985fc9-t5bnw method=POST path=/api/translations status=200 durationMs=594
[pod/gateway-8689985fc9-t5bnw/gateway] 2026-10-05T15:49:28.208+00:00 INFO  http.request requestId=51510468-9152-4c17-b386-71dd75387b9e role=api pod=gateway-8689985fc9-t5bnw method=POST path=/api/transcriptions status=200 durationMs=842
[pod/gateway-8689985fc9-t5bnw/gateway] 2026-10-05T15:49:28.211+00:00 INFO  http.request requestId=fa823a37-e822-4c2e-b0a2-271e2fc1acac role=api pod=gateway-8689985fc9-t5bnw method=POST path=/api/translations status=200 durationMs=472
[pod/gateway-8689985fc9-t5bnw/gateway] 2026-10-05T15:49:28.211+00:00 INFO  http.request requestId=5b31ae63-5197-4b48-8c2d-577b2af6fa7b role=api pod=gateway-8689985fc9-t5bnw method=POST path=/api/translations status=200 durationMs=508
[pod/gateway-8689985fc9-t5bnw/gateway] 2026-10-05T15:49:28.242+00:00 INFO  http.request requestId=234ce8f0-9b6b-478c-b253-f718230cffc2 role=api pod=gateway-8689985fc9-t5bnw method=POST path=/api/translations status=200 durationMs=459
[pod/gateway-8689985fc9-t5bnw/gateway] 2026-10-05T15:49:28.255+00:00 INFO  http.request requestId=40c7a37f-85d0-4142-9328-d9218b8404c0 role=api pod=gateway-8689985fc9-t5bnw method=POST path=/api/transcriptions status=200 durationMs=649
[pod/gateway-8689985fc9-t5bnw/gateway] 2026-10-05T15:49:28.258+00:00 INFO  http.request requestId=a20a352e-e7e2-4e21-acfe-be7ecfd70ce9 role=api pod=gateway-8689985fc9-t5bnw method=POST path=/api/transcriptions status=200 durationMs=848
[pod/gateway-8689985fc9-t5bnw/gateway] 2026-10-05T15:49:28.259+00:00 INFO  http.request requestId=46876969-d31e-4bde-95a0-e99bcf280719 role=api pod=gateway-8689985fc9-t5bnw method=POST path=/api/transcriptions status=200 durationMs=684
[pod/gateway-8689985fc9-t5bnw/gateway] 2026-10-05T15:49:28.267+00:00 INFO  http.request requestId=29105cd9-f301-48ce-9e94-2ce28eb940cc role=api pod=gateway-8689985fc9-t5bnw method=POST path=/api/transcriptions status=200 durationMs=826
[pod/gateway-8689985fc9-t5bnw/gateway] 2026-10-05T15:49:28.283+00:00 INFO  http.request requestId=7db9c62b-5d5e-498a-999c-b8c10a7441cc role=api pod=gateway-8689985fc9-t5bnw method=POST path=/api/translations status=200 durationMs=446
[pod/gateway-8689985fc9-t5bnw/gateway] 2026-10-05T15:49:28.298+00:00 INFO  http.request requestId=100cceaa-3a52-4a4f-96eb-7ec73bc905c1 role=api pod=gateway-8689985fc9-t5bnw method=POST path=/api/transcriptions status=200 durationMs=903
[pod/gateway-8689985fc9-t5bnw/gateway] 2026-10-05T15:49:28.307+00:00 INFO  http.request requestId=42893f62-cabe-46da-8cbb-fa60b3d9fb63 role=api pod=gateway-8689985fc9-t5bnw method=POST path=/api/translations status=200 durationMs=487
[pod/gateway-8689985fc9-t5bnw/gateway] 2026-10-05T15:49:28.328+00:00 INFO  http.request requestId=0d757079-60eb-4fef-b460-7184e7dbdc64 role=api pod=gateway-8689985fc9-t5bnw method=POST path=/api/translations status=200 durationMs=577
[pod/gateway-8689985fc9-t5bnw/gateway] 2026-10-05T15:49:28.345+00:00 INFO  http.request requestId=1d170c22-c57a-4461-b0ff-19f2f1aa18d9 role=api pod=gateway-8689985fc9-t5bnw method=POST path=/api/translations status=200 durationMs=568
[pod/gateway-8689985fc9-t5bnw/gateway] 2026-10-05T15:49:28.383+00:00 INFO  http.request requestId=9193928e-f562-4636-bf2b-93910da75039 role=api pod=gateway-8689985fc9-t5bnw method=POST path=/api/transcriptions status=200 durationMs=853
[pod/gateway-8689985fc9-t5bnw/gateway] 2026-10-05T15:49:28.390+00:00 INFO  http.request requestId=e61db1c9-aea5-4c03-b585-7259604bfb78 role=api pod=gateway-8689985fc9-t5bnw method=POST path=/api/transcriptions status=200 durationMs=725
[pod/gateway-8689985fc9-t5bnw/gateway] 2026-10-05T15:49:28.393+00:00 INFO  http.request requestId=cb876c7a-001d-4c7f-b94d-d87cbdbc53f0 role=api pod=gateway-8689985fc9-t5bnw method=POST path=/api/transcriptions status=200 durationMs=698
[pod/gateway-8689985fc9-t5bnw/gateway] 2026-10-05T15:49:28.394+00:00 INFO  http.request requestId=b8e20465-4618-44ce-a882-e1ed127c879d role=api pod=gateway-8689985fc9-t5bnw method=POST path=/api/translations status=200 durationMs=415
[pod/gateway-8689985fc9-t5bnw/gateway] 2026-10-05T15:49:28.414+00:00 INFO  http.request requestId=7eb20fa2-32f1-4aba-8e0b-493ce91a2d40 role=api pod=gateway-8689985fc9-t5bnw method=POST path=/api/translations status=200 durationMs=502
[pod/gateway-8689985fc9-t5bnw/gateway] 2026-10-05T15:49:28.416+00:00 INFO  http.request requestId=9cc30c56-38f6-4f50-8c92-86f353971e50 role=api pod=gateway-8689985fc9-t5bnw method=POST path=/api/translations status=200 durationMs=421
[pod/gateway-8689985fc9-t5bnw/gateway] 2026-10-05T15:49:28.449+00:00 INFO  http.request requestId=124d0eb7-a379-4d4d-bea4-c20c33208ef3 role=api pod=gateway-8689985fc9-t5bnw method=POST path=/api/transcriptions status=200 durationMs=795
[pod/gateway-8689985fc9-t5bnw/gateway] 2026-10-05T15:49:28.453+00:00 INFO  http.request requestId=fba8241d-ce2c-40c3-b5c6-32dbe3a4e74d role=api pod=gateway-8689985fc9-t5bnw method=POST path=/api/transcriptions status=200 durationMs=894
[pod/gateway-8689985fc9-t5bnw/gateway] 2026-10-05T15:49:28.455+00:00 INFO  http.request requestId=786ff400-4532-4c15-9f21-d9b976b20902 role=api pod=gateway-8689985fc9-t5bnw method=POST path=/api/translations status=200 durationMs=484
[pod/gateway-8689985fc9-t5bnw/gateway] 2026-10-05T15:49:28.476+00:00 INFO  http.request requestId=bf1c976b-4570-4d29-abe7-34146c4a779b role=api pod=gateway-8689985fc9-t5bnw method=POST path=/api/translations status=200 durationMs=438
[pod/gateway-8689985fc9-t5bnw/gateway] 2026-10-05T15:49:28.480+00:00 INFO  http.request requestId=bc2e8270-4613-4607-b508-0e85498688cc role=api pod=gateway-8689985fc9-t5bnw method=POST path=/api/translations status=200 durationMs=548
[pod/gateway-8689985fc9-t5bnw/gateway] 2026-10-05T15:49:28.481+00:00 INFO  http.request requestId=93e3242b-e960-4475-baa7-eeb326718f1d role=api pod=gateway-8689985fc9-t5bnw method=POST path=/api/translations status=200 durationMs=481
[pod/gateway-8689985fc9-t5bnw/gateway] 2026-10-05T15:49:28.485+00:00 INFO  http.request requestId=16d92c36-33d7-4900-ae84-522d9507c894 role=api pod=gateway-8689985fc9-t5bnw method=POST path=/api/translations status=200 durationMs=459
[pod/gateway-8689985fc9-t5bnw/gateway] 2026-10-05T15:49:28.495+00:00 INFO  http.request requestId=f137804a-f71c-4186-b8cf-3310cee7a46b role=api pod=gateway-8689985fc9-t5bnw method=POST path=/api/transcriptions status=200 durationMs=709
[pod/gateway-8689985fc9-t5bnw/gateway] 2026-10-05T15:49:28.506+00:00 INFO  http.request requestId=9ad63cf5-2efe-496f-8d98-2aa73703d00c role=api pod=gateway-8689985fc9-t5bnw method=POST path=/api/transcriptions status=200 durationMs=677
[pod/gateway-8689985fc9-t5bnw/gateway] 2026-10-05T15:49:28.514+00:00 INFO  http.request requestId=ba847007-aef9-4399-a8be-842127c25015 role=api pod=gateway-8689985fc9-t5bnw method=POST path=/api/transcriptions status=200 durationMs=877
[pod/gateway-8689985fc9-t5bnw/gateway] 2026-10-05T15:49:28.516+00:00 INFO  http.request requestId=d1707c01-d1d2-4624-9ca2-23b1c090e7ba role=api pod=gateway-8689985fc9-t5bnw method=POST path=/api/transcriptions status=200 durationMs=791
[pod/gateway-8689985fc9-t5bnw/gateway] 2026-10-05T15:49:28.526+00:00 INFO  http.request requestId=53b24d16-0cff-45c5-be50-aa12b80cc94a role=api pod=gateway-8689985fc9-t5bnw method=POST path=/api/translations status=200 durationMs=595
[pod/gateway-8689985fc9-t5bnw/gateway] 2026-10-05T15:49:28.531+00:00 INFO  http.request requestId=5a28023e-e607-4840-b4ef-f1a27b75beae role=api pod=gateway-8689985fc9-t5bnw method=POST path=/api/translations status=200 durationMs=429
[pod/gateway-8689985fc9-t5bnw/gateway] 2026-10-05T15:49:28.532+00:00 INFO  http.request requestId=493d0cde-f9d3-4a52-b77e-c5a24b544faa role=api pod=gateway-8689985fc9-t5bnw method=POST path=/api/translations status=200 durationMs=507
[pod/gateway-8689985fc9-t5bnw/gateway] 2026-10-05T15:49:28.550+00:00 INFO  http.request requestId=15eca77b-2682-4f1b-add2-07285864943a role=api pod=gateway-8689985fc9-t5bnw method=POST path=/api/translations status=200 durationMs=591
[pod/gateway-8689985fc9-t5bnw/gateway] 2026-10-05T15:49:28.605+00:00 INFO  http.request requestId=e4eda513-4424-4f36-ae68-5311c48f4436 role=api pod=gateway-8689985fc9-t5bnw method=POST path=/api/transcriptions status=200 durationMs=655
[pod/gateway-8689985fc9-t5bnw/gateway] 2026-10-05T15:49:28.615+00:00 INFO  http.request requestId=828fbd55-3867-4707-95d5-f4d5508b55e8 role=api pod=gateway-8689985fc9-t5bnw method=POST path=/api/transcriptions status=200 durationMs=651
[pod/gateway-8689985fc9-t5bnw/gateway] 2026-10-05T15:49:28.619+00:00 INFO  http.request requestId=8a475faa-6090-4168-b107-4781b8d0317a role=api pod=gateway-8689985fc9-t5bnw method=POST path=/api/transcriptions status=200 durationMs=865
[pod/gateway-8689985fc9-t5bnw/gateway] 2026-10-05T15:49:28.626+00:00 INFO  http.request requestId=86bb5a20-f0c0-4caa-884c-dc0f2739b52e role=api pod=gateway-8689985fc9-t5bnw method=POST path=/api/transcriptions status=200 durationMs=812
[pod/gateway-8689985fc9-t5bnw/gateway] 2026-10-05T15:49:28.630+00:00 INFO  http.request requestId=24bc6d27-9a48-4121-8efc-3d265f1c21a5 role=api pod=gateway-8689985fc9-t5bnw method=POST path=/api/translations status=200 durationMs=519
[pod/gateway-8689985fc9-t5bnw/gateway] 2026-10-05T15:49:28.659+00:00 INFO  http.request requestId=47eb8d61-4563-4c55-9f8f-f4d23560d753 role=api pod=gateway-8689985fc9-t5bnw method=POST path=/api/transcriptions status=200 durationMs=814
[pod/gateway-8689985fc9-t5bnw/gateway] 2026-10-05T15:49:28.659+00:00 INFO  http.request requestId=8778cbd0-b665-416b-b337-58d7293cfefc role=api pod=gateway-8689985fc9-t5bnw method=POST path=/api/transcriptions status=200 durationMs=679
[pod/gateway-8689985fc9-t5bnw/gateway] 2026-10-05T15:49:28.673+00:00 INFO  http.request requestId=289b3fc2-2708-450e-a043-99182cb4cceb role=api pod=gateway-8689985fc9-t5bnw method=POST path=/api/translations status=200 durationMs=464
[pod/gateway-8689985fc9-t5bnw/gateway] 2026-10-05T15:49:28.687+00:00 INFO  http.request requestId=db37ec9e-575c-4d38-9daf-b719cf8abdf9 role=api pod=gateway-8689985fc9-t5bnw method=POST path=/api/translations status=200 durationMs=516
[pod/gateway-8689985fc9-t5bnw/gateway] 2026-10-05T15:49:28.688+00:00 INFO  http.request requestId=5b9c80e7-a0ff-41ed-b294-3d286f7acd45 role=api pod=gateway-8689985fc9-t5bnw method=POST path=/api/translations status=200 durationMs=519
[pod/gateway-8689985fc9-t5bnw/gateway] 2026-10-05T15:49:28.691+00:00 INFO  http.request requestId=1161b69b-b247-4d78-b875-27f6e1cf0c0b role=api pod=gateway-8689985fc9-t5bnw method=POST path=/api/translations status=200 durationMs=509
[pod/gateway-8689985fc9-t5bnw/gateway] 2026-10-05T15:49:28.694+00:00 INFO  http.request requestId=704ae41d-a9e1-4544-86a3-514a18dfb14a role=api pod=gateway-8689985fc9-t5bnw method=POST path=/api/transcriptions status=200 durationMs=833
[pod/gateway-8689985fc9-t5bnw/gateway] 2026-10-05T15:49:28.720+00:00 INFO  http.request requestId=10889aca-dc55-4ffd-8c55-2c45f6b90d43 role=api pod=gateway-8689985fc9-t5bnw method=POST path=/api/transcriptions status=200 durationMs=680
[pod/gateway-8689985fc9-t5bnw/gateway] 2026-10-05T15:49:28.721+00:00 INFO  http.request requestId=f9b0e5be-5e7a-4f88-9abd-c9f2fa21fa0a role=api pod=gateway-8689985fc9-t5bnw method=POST path=/api/transcriptions status=200 durationMs=801
[pod/gateway-8689985fc9-t5bnw/gateway] 2026-10-05T15:49:28.721+00:00 INFO  http.request requestId=b33e5262-bb1e-465c-8049-dc9900be4009 role=api pod=gateway-8689985fc9-t5bnw method=POST path=/api/transcriptions status=200 durationMs=786
[pod/gateway-8689985fc9-t5bnw/gateway] 2026-10-05T15:49:28.739+00:00 INFO  http.request requestId=ef239a97-6204-41ec-8e33-21f55f3ccbb7 role=api pod=gateway-8689985fc9-t5bnw method=POST path=/api/translations status=200 durationMs=482
[pod/gateway-8689985fc9-t5bnw/gateway] 2026-10-05T15:49:28.745+00:00 INFO  http.request requestId=81b39700-51cd-4b7a-91a6-a6eadc05b60c role=api pod=gateway-8689985fc9-t5bnw method=POST path=/api/transcriptions status=200 durationMs=691
[pod/gateway-8689985fc9-t5bnw/gateway] 2026-10-05T15:49:28.752+00:00 INFO  http.request requestId=9d9b5fe8-84a8-41fb-81b5-b11d27a8d050 role=api pod=gateway-8689985fc9-t5bnw method=POST path=/api/translations status=200 durationMs=495
[pod/gateway-8689985fc9-t5bnw/gateway] 2026-10-05T15:49:28.755+00:00 INFO  http.request requestId=c98f0b6c-d99d-4a03-bdf2-50429e13f607 role=api pod=gateway-8689985fc9-t5bnw method=POST path=/api/translations status=200 durationMs=526
[pod/gateway-8689985fc9-t5bnw/gateway] 2026-10-05T15:49:28.774+00:00 INFO  http.request requestId=028cb803-3edd-4990-afea-a1d61902b712 role=api pod=gateway-8689985fc9-t5bnw method=POST path=/api/transcriptions status=200 durationMs=899
[pod/gateway-8689985fc9-t5bnw/gateway] 2026-10-05T15:49:28.784+00:00 INFO  http.request requestId=4f5cfe1f-ede9-4427-9561-368fa97cc49e role=api pod=gateway-8689985fc9-t5bnw method=POST path=/api/transcriptions status=200 durationMs=893
[pod/gateway-8689985fc9-t5bnw/gateway] 2026-10-05T15:49:28.798+00:00 INFO  http.request requestId=e97c22c9-86a0-4a63-b2df-740ddc0a99c3 role=api pod=gateway-8689985fc9-t5bnw method=POST path=/api/transcriptions status=200 durationMs=12008
[pod/gateway-8689985fc9-t5bnw/gateway] 2026-10-05T15:49:28.803+00:00 INFO  http.request requestId=5286a1a1-df4b-4d56-9b99-cdcae72e7f48 role=api pod=gateway-8689985fc9-t5bnw method=POST path=/api/translations status=200 durationMs=535
[pod/gateway-8689985fc9-gpd27/gateway] 2026-10-05T15:49:28.830+00:00 WARN  http.request requestId=007236e7-4015-44f1-9ef2-684815cee137 role=api pod=gateway-8689985fc9-gpd27 method=GET path=/readyz status=503 durationMs=0
[pod/gateway-8689985fc9-t5bnw/gateway] 2026-10-05T15:49:28.855+00:00 INFO  http.request requestId=4be2661d-6b0b-4561-9d58-85c95f820bce role=api pod=gateway-8689985fc9-t5bnw method=POST path=/api/translations status=200 durationMs=544
[pod/gateway-8689985fc9-t5bnw/gateway] 2026-10-05T15:49:28.857+00:00 INFO  http.request requestId=502bc81b-e625-4773-b31d-be4f2c8c6d8d role=api pod=gateway-8689985fc9-t5bnw method=POST path=/api/translations status=200 durationMs=466
[pod/gateway-8689985fc9-t5bnw/gateway] 2026-10-05T15:49:28.870+00:00 INFO  http.request requestId=3f2d79ad-b186-42a2-b9c1-a1e768b964f3 role=api pod=gateway-8689985fc9-t5bnw method=POST path=/api/translations status=200 durationMs=582
[pod/gateway-8689985fc9-t5bnw/gateway] 2026-10-05T15:49:28.875+00:00 INFO  http.request requestId=22e1bbef-d888-41e3-bdc3-d0a0d8d6cb0c role=api pod=gateway-8689985fc9-t5bnw method=POST path=/api/transcriptions status=200 durationMs=759
[pod/gateway-8689985fc9-t5bnw/gateway] 2026-10-05T15:49:28.879+00:00 INFO  http.request requestId=c446dc3b-de18-448f-9903-2d003545a621 role=api pod=gateway-8689985fc9-t5bnw method=POST path=/api/translations status=200 durationMs=580
[pod/gateway-8689985fc9-t5bnw/gateway] 2026-10-05T15:49:28.885+00:00 INFO  http.request requestId=1ddc6472-a2f4-46af-895b-517fe46f380c role=api pod=gateway-8689985fc9-t5bnw method=POST path=/api/translations status=200 durationMs=520
[pod/gateway-8689985fc9-t5bnw/gateway] 2026-10-05T15:49:28.891+00:00 INFO  http.request requestId=15ef3e5e-60cc-49b1-80fc-17ecf7870923 role=api pod=gateway-8689985fc9-t5bnw method=POST path=/api/transcriptions status=200 durationMs=642
[pod/gateway-8689985fc9-t5bnw/gateway] 2026-10-05T15:49:28.893+00:00 INFO  http.request requestId=61fe8dfc-5da0-4b5e-b41e-8207c3da6c22 role=api pod=gateway-8689985fc9-t5bnw method=POST path=/api/translations status=200 durationMs=439
[pod/gateway-8689985fc9-t5bnw/gateway] 2026-10-05T15:49:28.904+00:00 INFO  http.request requestId=2db2ab30-5a07-414f-bdd5-2fc6d9bc1029 role=api pod=gateway-8689985fc9-t5bnw method=POST path=/api/transcriptions status=200 durationMs=893
[pod/gateway-8689985fc9-t5bnw/gateway] 2026-10-05T15:49:28.911+00:00 INFO  http.request requestId=b9eb1c52-c6cf-4555-92e4-23f0f768b3d8 role=api pod=gateway-8689985fc9-t5bnw method=POST path=/api/transcriptions status=200 durationMs=737
[pod/gateway-8689985fc9-t5bnw/gateway] 2026-10-05T15:49:28.918+00:00 INFO  http.request requestId=d747a3fe-f65d-4cde-979c-5452d2583731 role=api pod=gateway-8689985fc9-t5bnw method=POST path=/api/transcriptions status=200 durationMs=726
[pod/gateway-8689985fc9-t5bnw/gateway] 2026-10-05T15:49:28.928+00:00 INFO  http.request requestId=4c3d928c-75ae-485f-bd08-d55a18406444 role=api pod=gateway-8689985fc9-t5bnw method=POST path=/api/transcriptions status=200 durationMs=858
[pod/gateway-8689985fc9-t5bnw/gateway] 2026-10-05T15:49:28.945+00:00 INFO  http.request requestId=1973d748-aca7-4148-965b-82034cccbdf5 role=api pod=gateway-8689985fc9-t5bnw method=POST path=/api/translations status=200 durationMs=561
[pod/gateway-8689985fc9-t5bnw/gateway] 2026-10-05T15:49:28.952+00:00 INFO  http.request requestId=f0a217c3-57d8-469e-96bc-dd390fb992d3 role=api pod=gateway-8689985fc9-t5bnw method=POST path=/api/translations status=200 durationMs=432
[pod/gateway-8689985fc9-t5bnw/gateway] 2026-10-05T15:49:28.956+00:00 INFO  http.request requestId=b4131eed-2536-4d36-8f87-4b2eea1f7647 role=api pod=gateway-8689985fc9-t5bnw method=POST path=/api/transcriptions status=200 durationMs=827
[pod/gateway-8689985fc9-t5bnw/gateway] 2026-10-05T15:49:28.966+00:00 INFO  http.request requestId=db81140f-c344-48ad-a600-cd9b1e6da1bd role=api pod=gateway-8689985fc9-t5bnw method=POST path=/api/translations status=200 durationMs=488
[pod/gateway-8689985fc9-t5bnw/gateway] 2026-10-05T15:49:28.967+00:00 INFO  http.request requestId=6f0852cd-f6b9-4a62-b901-0bcf8f553d76 role=api pod=gateway-8689985fc9-t5bnw method=POST path=/api/translations status=200 durationMs=583
[pod/gateway-8689985fc9-t5bnw/gateway] 2026-10-05T15:49:28.975+00:00 INFO  http.request requestId=d54716b7-1d45-44c9-b37c-000f0fe94939 role=api pod=gateway-8689985fc9-t5bnw method=POST path=/api/translations status=200 durationMs=581
[pod/gateway-8689985fc9-t5bnw/gateway] 2026-10-05T15:49:28.985+00:00 INFO  http.request requestId=bbdd4f1d-4b29-4447-8b45-d78d879e0dcf role=api pod=gateway-8689985fc9-t5bnw method=POST path=/api/transcriptions status=200 durationMs=721
[pod/gateway-8689985fc9-t5bnw/gateway] 2026-10-05T15:49:29.006+00:00 INFO  http.request requestId=e4ecad9e-414b-42fb-bab8-f7fd6e6df8f2 role=api pod=gateway-8689985fc9-t5bnw method=POST path=/api/transcriptions status=200 durationMs=786
[pod/gateway-8689985fc9-t5bnw/gateway] 2026-10-05T15:49:29.015+00:00 INFO  http.request requestId=2259d338-9558-4a29-a583-af21dcfa4f1b role=api pod=gateway-8689985fc9-t5bnw method=POST path=/api/translations status=200 durationMs=565
[pod/gateway-8689985fc9-t5bnw/gateway] 2026-10-05T15:49:29.047+00:00 INFO  http.request requestId=a300bae6-9c91-40ef-89b2-b4d7dcc46a6a role=api pod=gateway-8689985fc9-t5bnw method=POST path=/api/transcriptions status=200 durationMs=631
[pod/gateway-8689985fc9-t5bnw/gateway] 2026-10-05T15:49:29.053+00:00 INFO  http.request requestId=4a11f3d2-a85e-41ce-b677-69c15a38bcec role=api pod=gateway-8689985fc9-t5bnw method=POST path=/api/translations status=200 durationMs=443
[pod/gateway-8689985fc9-t5bnw/gateway] 2026-10-05T15:49:29.061+00:00 INFO  http.request requestId=ca2ca256-9df6-48a1-8d51-5f78fc305a1d role=api pod=gateway-8689985fc9-t5bnw method=POST path=/api/translations status=200 durationMs=549
[pod/gateway-8689985fc9-t5bnw/gateway] 2026-10-05T15:49:29.065+00:00 INFO  http.request requestId=4ea62076-839d-46cd-a125-0a7732f7775f role=api pod=gateway-8689985fc9-t5bnw method=POST path=/api/transcriptions status=200 durationMs=860
[pod/gateway-8689985fc9-t5bnw/gateway] 2026-10-05T15:49:29.074+00:00 INFO  http.request requestId=8d5c561e-f596-440d-b4c1-d6c433bf066c role=api pod=gateway-8689985fc9-t5bnw method=POST path=/api/translations status=200 durationMs=578
[pod/gateway-8689985fc9-t5bnw/gateway] 2026-10-05T15:49:29.114+00:00 INFO  http.request requestId=d37f3f81-b55b-44dc-baea-de74e6133aec role=api pod=gateway-8689985fc9-t5bnw method=POST path=/api/translations status=200 durationMs=419
[pod/gateway-8689985fc9-t5bnw/gateway] 2026-10-05T15:49:29.126+00:00 INFO  http.request requestId=34c6dc2f-d582-4498-b025-525837468818 role=api pod=gateway-8689985fc9-t5bnw method=POST path=/api/transcriptions status=200 durationMs=651
[pod/gateway-8689985fc9-t5bnw/gateway] 2026-10-05T15:49:29.127+00:00 INFO  http.request requestId=427f6060-254d-407d-ba1c-bc1664fabbee role=api pod=gateway-8689985fc9-t5bnw method=POST path=/api/translations status=200 durationMs=507
[pod/gateway-8689985fc9-t5bnw/gateway] 2026-10-05T15:49:29.134+00:00 INFO  http.request requestId=94777ce9-db46-4013-a3a0-f4ff2309af6a role=api pod=gateway-8689985fc9-t5bnw method=POST path=/api/translations status=200 durationMs=474
[pod/gateway-8689985fc9-t5bnw/gateway] 2026-10-05T15:49:29.135+00:00 INFO  http.request requestId=46fc9cc9-abca-4da3-9d69-21dd54913c4f role=api pod=gateway-8689985fc9-t5bnw method=POST path=/api/transcriptions status=200 durationMs=825
[pod/gateway-8689985fc9-t5bnw/gateway] 2026-10-05T15:49:29.137+00:00 INFO  http.request requestId=f3c40573-d3cd-48db-ada3-1c0e68d94b31 role=api pod=gateway-8689985fc9-t5bnw method=POST path=/api/transcriptions status=200 durationMs=798
[pod/gateway-8689985fc9-t5bnw/gateway] 2026-10-05T15:49:29.146+00:00 INFO  http.request requestId=672237b4-a920-4440-bc52-70b552b5c7e1 role=api pod=gateway-8689985fc9-t5bnw method=POST path=/api/translations status=200 durationMs=518
[pod/gateway-8689985fc9-t5bnw/gateway] 2026-10-05T15:49:29.159+00:00 INFO  http.request requestId=0bf30df9-84a0-4a4c-9afe-4877ddce44fe role=api pod=gateway-8689985fc9-t5bnw method=POST path=/api/transcriptions status=200 durationMs=758
[pod/gateway-8689985fc9-t5bnw/gateway] 2026-10-05T15:49:29.177+00:00 INFO  http.request requestId=7b278c1b-a98f-4de7-a214-4abf2852ca7f role=api pod=gateway-8689985fc9-t5bnw method=POST path=/api/translations status=200 durationMs=471
[pod/gateway-8689985fc9-t5bnw/gateway] 2026-10-05T15:49:29.178+00:00 INFO  http.request requestId=baf13f35-6410-478b-8a97-711c19d3a8c4 role=api pod=gateway-8689985fc9-t5bnw method=POST path=/api/translations status=200 durationMs=572
[pod/gateway-8689985fc9-t5bnw/gateway] 2026-10-05T15:49:29.189+00:00 INFO  http.request requestId=8fa756aa-87ee-48ed-aa3c-8c9c9810f23a role=api pod=gateway-8689985fc9-t5bnw method=POST path=/api/translations status=200 durationMs=529
[pod/gateway-8689985fc9-t5bnw/gateway] 2026-10-05T15:49:29.208+00:00 INFO  http.request requestId=8c4a805e-cbc3-44e5-ae34-9abba65467bd role=api pod=gateway-8689985fc9-t5bnw method=POST path=/api/translations status=200 durationMs=591
[pod/gateway-8689985fc9-t5bnw/gateway] 2026-10-05T15:49:29.218+00:00 INFO  http.request requestId=2667da87-166a-4db3-b66c-6e436609416d role=api pod=gateway-8689985fc9-t5bnw method=POST path=/api/transcriptions status=200 durationMs=696
[pod/gateway-8689985fc9-t5bnw/gateway] 2026-10-05T15:49:29.242+00:00 INFO  http.request requestId=1d36e22a-73cc-42bf-ade9-2f69d25cc973 role=api pod=gateway-8689985fc9-t5bnw method=POST path=/api/translations status=200 durationMs=467
[pod/gateway-8689985fc9-t5bnw/gateway] 2026-10-05T15:49:29.256+00:00 INFO  http.request requestId=0921f47e-c678-4d0d-bb93-4ba7e7cfad02 role=api pod=gateway-8689985fc9-t5bnw method=POST path=/api/translations status=200 durationMs=533
[pod/gateway-8689985fc9-t5bnw/gateway] 2026-10-05T15:49:29.264+00:00 INFO  http.request requestId=ef79f834-0141-4d92-8ef9-3d29b732e0bb role=api pod=gateway-8689985fc9-t5bnw method=POST path=/api/translations status=200 durationMs=451
[pod/gateway-8689985fc9-t5bnw/gateway] 2026-10-05T15:49:29.270+00:00 INFO  http.request requestId=8f6d09d0-0da9-4965-9eaf-8f0375e7e00a role=api pod=gateway-8689985fc9-t5bnw method=POST path=/api/translations status=200 durationMs=549
[pod/gateway-8689985fc9-t5bnw/gateway] 2026-10-05T15:49:29.280+00:00 INFO  http.request requestId=1674c2ee-8c8e-4876-93ab-de3648d7b52e role=api pod=gateway-8689985fc9-t5bnw method=POST path=/api/transcriptions status=200 durationMs=820
[pod/gateway-8689985fc9-t5bnw/gateway] 2026-10-05T15:49:29.293+00:00 INFO  http.request requestId=28c9bb5e-79a7-47b3-b2ed-7de818391e3b role=api pod=gateway-8689985fc9-t5bnw method=POST path=/api/transcriptions status=200 durationMs=757
[pod/gateway-8689985fc9-t5bnw/gateway] 2026-10-05T15:49:29.318+00:00 INFO  http.request requestId=021f2cc6-94fe-4d1f-b3c4-93ebd34b2f41 role=api pod=gateway-8689985fc9-t5bnw method=POST path=/api/translations status=200 durationMs=593
[pod/gateway-8689985fc9-t5bnw/gateway] 2026-10-05T15:49:29.327+00:00 INFO  http.request requestId=e202f2df-9a49-446c-bc86-26de23913f94 role=api pod=gateway-8689985fc9-t5bnw method=POST path=/api/transcriptions status=200 durationMs=686
[pod/gateway-8689985fc9-t5bnw/gateway] 2026-10-05T15:49:29.329+00:00 INFO  http.request requestId=bcda62b6-e7cf-4601-893f-7d4f45840c32 role=api pod=gateway-8689985fc9-t5bnw method=POST path=/api/transcriptions status=200 durationMs=824
[pod/gateway-8689985fc9-t5bnw/gateway] 2026-10-05T15:49:29.333+00:00 INFO  http.request requestId=aa18c637-5560-4366-8f2d-ecf9d05585e2 role=api pod=gateway-8689985fc9-t5bnw method=POST path=/api/translations status=200 durationMs=587
[pod/gateway-8689985fc9-t5bnw/gateway] 2026-10-05T15:49:29.355+00:00 INFO  http.request requestId=11bfc0bc-e254-49cc-86ea-5d63647cfb95 role=api pod=gateway-8689985fc9-t5bnw method=POST path=/api/translations status=200 durationMs=426
[pod/gateway-8689985fc9-t5bnw/gateway] 2026-10-05T15:49:29.367+00:00 INFO  http.request requestId=9a108294-3e75-4b07-a9f2-985de56ab6cc role=api pod=gateway-8689985fc9-t5bnw method=POST path=/api/transcriptions status=200 durationMs=787
[pod/gateway-8689985fc9-t5bnw/gateway] 2026-10-05T15:49:29.378+00:00 INFO  http.request requestId=317837c7-8bad-44fd-b731-8889eddbe495 role=api pod=gateway-8689985fc9-t5bnw method=POST path=/api/translations status=200 durationMs=459
[pod/gateway-8689985fc9-t5bnw/gateway] 2026-10-05T15:49:29.380+00:00 INFO  http.request requestId=f4e8c72e-1c3a-42e4-8c37-f82385313598 role=api pod=gateway-8689985fc9-t5bnw method=POST path=/api/translations status=200 durationMs=484
[pod/gateway-8689985fc9-t5bnw/gateway] 2026-10-05T15:49:29.397+00:00 INFO  http.request requestId=32560080-38b0-47b4-b1e4-bbaf293ff742 role=api pod=gateway-8689985fc9-t5bnw method=POST path=/api/transcriptions status=200 durationMs=772
[pod/gateway-8689985fc9-t5bnw/gateway] 2026-10-05T15:49:29.411+00:00 INFO  http.request requestId=80fbcac7-b20b-405d-979a-a81ca7e09ad8 role=api pod=gateway-8689985fc9-t5bnw method=POST path=/api/transcriptions status=200 durationMs=861
[pod/gateway-8689985fc9-t5bnw/gateway] 2026-10-05T15:49:29.426+00:00 INFO  http.request requestId=bf1b3a53-365c-4078-b018-6514fdb34727 role=api pod=gateway-8689985fc9-t5bnw method=POST path=/api/transcriptions status=200 durationMs=682
[pod/gateway-8689985fc9-t5bnw/gateway] 2026-10-05T15:49:29.434+00:00 INFO  http.request requestId=844c4ab2-3421-4ddc-a60a-acc76b8999af role=api pod=gateway-8689985fc9-t5bnw method=POST path=/api/translations status=200 durationMs=562
[pod/gateway-8689985fc9-t5bnw/gateway] 2026-10-05T15:49:29.446+00:00 INFO  http.request requestId=5a3108bb-d327-4012-a823-91e25e6a505a role=api pod=gateway-8689985fc9-t5bnw method=POST path=/api/translations status=200 durationMs=588
[pod/gateway-8689985fc9-t5bnw/gateway] 2026-10-05T15:49:29.464+00:00 INFO  http.request requestId=a56ea6c0-2b76-4dd6-a16b-2e5b8557ac39 role=api pod=gateway-8689985fc9-t5bnw method=POST path=/api/transcriptions status=200 durationMs=764
[pod/gateway-8689985fc9-t5bnw/gateway] 2026-10-05T15:49:29.480+00:00 INFO  http.request requestId=cb0b4c2b-0b12-479a-aa64-77769230146a role=api pod=gateway-8689985fc9-t5bnw method=POST path=/api/transcriptions status=200 durationMs=705
[pod/gateway-8689985fc9-t5bnw/gateway] 2026-10-05T15:49:29.487+00:00 INFO  http.request requestId=3c23a0d4-f02f-408f-aeae-81dc096c3e25 role=api pod=gateway-8689985fc9-t5bnw method=POST path=/api/transcriptions status=200 durationMs=697
[pod/gateway-8689985fc9-t5bnw/gateway] 2026-10-05T15:49:29.488+00:00 INFO  http.request requestId=fe90dc91-9460-430b-a625-6a5ad622c7aa role=api pod=gateway-8689985fc9-t5bnw method=POST path=/api/translations status=200 durationMs=502
[pod/gateway-8689985fc9-t5bnw/gateway] 2026-10-05T15:49:29.498+00:00 INFO  http.request requestId=e3c10bee-2ec7-49e7-9d1e-102c31474aef role=api pod=gateway-8689985fc9-t5bnw method=POST path=/api/translations status=200 durationMs=433
[pod/gateway-8689985fc9-t5bnw/gateway] 2026-10-05T15:49:29.514+00:00 INFO  http.request requestId=1ea368ea-6826-4f72-a728-9d41669828ef role=api pod=gateway-8689985fc9-t5bnw method=POST path=/api/translations status=200 durationMs=609
[pod/gateway-8689985fc9-t5bnw/gateway] 2026-10-05T15:49:29.521+00:00 INFO  http.request requestId=dbe12df6-7d37-4d47-9e61-87a70e3a5e48 role=api pod=gateway-8689985fc9-t5bnw method=POST path=/api/translations status=200 durationMs=473
[pod/gateway-8689985fc9-t5bnw/gateway] 2026-10-05T15:49:29.523+00:00 INFO  http.request requestId=7411ae2e-af77-490b-a5c2-5d43efac9f0e role=api pod=gateway-8689985fc9-t5bnw method=POST path=/api/translations status=200 durationMs=549
[pod/gateway-8689985fc9-t5bnw/gateway] 2026-10-05T15:49:29.523+00:00 INFO  http.request requestId=0cd7d247-7392-493a-9107-744512f76fb2 role=api pod=gateway-8689985fc9-t5bnw method=POST path=/api/transcriptions status=200 durationMs=838
[pod/gateway-8689985fc9-t5bnw/gateway] 2026-10-05T15:49:29.524+00:00 INFO  http.request requestId=66080792-0617-4212-9d90-65e46d18d919 role=api pod=gateway-8689985fc9-t5bnw method=POST path=/api/translations status=200 durationMs=567
[pod/gateway-8689985fc9-t5bnw/gateway] 2026-10-05T15:49:29.526+00:00 INFO  http.request requestId=29fd6549-c22a-48c1-abbf-7be70140c495 role=api pod=gateway-8689985fc9-t5bnw method=POST path=/api/translations status=200 durationMs=518
[pod/gateway-8689985fc9-t5bnw/gateway] 2026-10-05T15:49:29.531+00:00 INFO  http.request requestId=6b2a3eee-714a-4686-b255-69c3f455d70f role=api pod=gateway-8689985fc9-t5bnw method=POST path=/api/transcriptions status=200 durationMs=876
[pod/gateway-8689985fc9-t5bnw/gateway] 2026-10-05T15:49:29.535+00:00 INFO  http.request requestId=fd4c5e39-29fc-4163-bc0e-12810528b5c4 role=api pod=gateway-8689985fc9-t5bnw method=POST path=/api/transcriptions status=200 durationMs=638
[pod/gateway-8689985fc9-t5bnw/gateway] 2026-10-05T15:49:29.555+00:00 INFO  http.request requestId=e6d7c89a-53c1-442f-b03d-97af60d899cc role=api pod=gateway-8689985fc9-t5bnw method=POST path=/api/translations status=200 durationMs=413
[pod/gateway-8689985fc9-t5bnw/gateway] 2026-10-05T15:49:29.555+00:00 INFO  http.request requestId=6e875856-6d72-481c-9cdd-f0cc4923f219 role=api pod=gateway-8689985fc9-t5bnw method=POST path=/api/translations status=200 durationMs=563
[pod/gateway-8689985fc9-t5bnw/gateway] 2026-10-05T15:49:29.580+00:00 INFO  http.request requestId=1eb00085-b9b9-40e2-9623-f215574c7c26 role=api pod=gateway-8689985fc9-t5bnw method=POST path=/api/transcriptions status=200 durationMs=910
[pod/gateway-8689985fc9-t5bnw/gateway] 2026-10-05T15:49:29.581+00:00 INFO  http.request requestId=b047b3dd-94a7-4df4-8d93-bc5dac773ef4 role=api pod=gateway-8689985fc9-t5bnw method=POST path=/api/translations status=200 durationMs=487
[pod/gateway-8689985fc9-t5bnw/gateway] 2026-10-05T15:49:29.594+00:00 INFO  http.request requestId=6b277350-ca6d-4222-bdb9-5a9c42e4362f role=api pod=gateway-8689985fc9-t5bnw method=POST path=/api/transcriptions status=200 durationMs=650
[pod/gateway-8689985fc9-t5bnw/gateway] 2026-10-05T15:49:29.615+00:00 INFO  http.request requestId=8a998e61-677d-4c90-8df1-e7f7afc64741 role=api pod=gateway-8689985fc9-t5bnw method=POST path=/api/translations status=200 durationMs=463
[pod/gateway-8689985fc9-t5bnw/gateway] 2026-10-05T15:49:29.615+00:00 INFO  http.request requestId=407e8b6a-d4a0-41c1-938d-e0a36eef38f1 role=api pod=gateway-8689985fc9-t5bnw method=POST path=/api/transcriptions status=200 durationMs=885
[pod/gateway-8689985fc9-t5bnw/gateway] 2026-10-05T15:49:29.628+00:00 INFO  http.request requestId=59fdd6c8-c53f-49df-8b6d-ce585e3f0ea3 role=api pod=gateway-8689985fc9-t5bnw method=POST path=/api/translations status=200 durationMs=3010
[pod/gateway-8689985fc9-t5bnw/gateway] 2026-10-05T15:49:29.640+00:00 INFO  http.request requestId=da04c6e4-c10c-40ae-821d-46b0cf860315 role=api pod=gateway-8689985fc9-t5bnw method=POST path=/api/transcriptions status=200 durationMs=880
[pod/gateway-8689985fc9-t5bnw/gateway] 2026-10-05T15:49:29.651+00:00 INFO  http.request requestId=9bbfc923-763d-4efa-ae35-ae27ccce792f role=api pod=gateway-8689985fc9-t5bnw method=POST path=/api/transcriptions status=200 durationMs=816
[pod/gateway-8689985fc9-t5bnw/gateway] 2026-10-05T15:49:29.652+00:00 INFO  http.request requestId=50b603fe-5c22-4171-9a23-907aeba9aa8a role=api pod=gateway-8689985fc9-t5bnw method=POST path=/api/transcriptions status=200 durationMs=772
[pod/gateway-8689985fc9-t5bnw/gateway] 2026-10-05T15:49:29.657+00:00 INFO  http.request requestId=8e84c08c-2a33-49af-918e-0f3fd054031c role=api pod=gateway-8689985fc9-t5bnw method=POST path=/api/transcriptions status=200 durationMs=687
[pod/gateway-8689985fc9-t5bnw/gateway] 2026-10-05T15:49:29.668+00:00 INFO  http.request requestId=ddfbb34b-f31e-47f1-a8dc-7412a2194b26 role=api pod=gateway-8689985fc9-t5bnw method=POST path=/api/transcriptions status=200 durationMs=862
[pod/gateway-8689985fc9-t5bnw/gateway] 2026-10-05T15:49:29.679+00:00 INFO  http.request requestId=26ac4c46-cf18-405e-8946-e2b477d365f1 role=api pod=gateway-8689985fc9-t5bnw method=POST path=/api/transcriptions status=200 durationMs=619
[pod/gateway-8689985fc9-t5bnw/gateway] 2026-10-05T15:49:29.691+00:00 INFO  http.request requestId=903ae30d-7b73-401c-9355-922d4771526b role=api pod=gateway-8689985fc9-t5bnw method=POST path=/api/translations status=200 durationMs=428
[pod/gateway-8689985fc9-t5bnw/gateway] 2026-10-05T15:49:29.694+00:00 INFO  http.request requestId=8010934d-27d4-424c-b6ce-f2aef204df7d role=api pod=gateway-8689985fc9-t5bnw method=POST path=/api/transcriptions status=200 durationMs=740
[pod/gateway-8689985fc9-t5bnw/gateway] 2026-10-05T15:49:29.699+00:00 INFO  http.request requestId=28220cd8-2f58-4765-851e-e6d7f3af8a46 role=api pod=gateway-8689985fc9-t5bnw method=POST path=/api/translations status=200 durationMs=480
[pod/gateway-8689985fc9-t5bnw/gateway] 2026-10-05T15:49:29.726+00:00 INFO  http.request requestId=369a852a-e27a-4586-8df2-468dfbb25f44 role=api pod=gateway-8689985fc9-t5bnw method=POST path=/api/translations status=200 durationMs=591
[pod/gateway-8689985fc9-t5bnw/gateway] 2026-10-05T15:49:29.727+00:00 INFO  http.request requestId=35d6c7de-15d4-4d09-8685-73b7bdeaef3b role=api pod=gateway-8689985fc9-t5bnw method=POST path=/api/translations status=200 durationMs=542
[pod/gateway-8689985fc9-t5bnw/gateway] 2026-10-05T15:49:29.767+00:00 INFO  http.request requestId=e9ca9b31-d46f-4a62-8b8e-e5176764d110 role=api pod=gateway-8689985fc9-t5bnw method=POST path=/api/transcriptions status=200 durationMs=693
[pod/gateway-8689985fc9-t5bnw/gateway] 2026-10-05T15:49:29.773+00:00 INFO  http.request requestId=da017b6b-fa00-4047-948e-76142774cedc role=api pod=gateway-8689985fc9-t5bnw method=POST path=/api/transcriptions status=200 durationMs=728
[pod/gateway-8689985fc9-t5bnw/gateway] 2026-10-05T15:49:29.783+00:00 INFO  http.request requestId=6d11940e-0e7d-4bb6-a8e0-ab7af096fd15 role=api pod=gateway-8689985fc9-t5bnw method=POST path=/api/translations status=200 durationMs=454
[pod/gateway-8689985fc9-t5bnw/gateway] 2026-10-05T15:49:29.794+00:00 INFO  http.request requestId=9b589df1-1763-4690-bae7-d1af5608a752 role=api pod=gateway-8689985fc9-t5bnw method=POST path=/api/translations status=200 durationMs=466
[pod/gateway-8689985fc9-t5bnw/gateway] 2026-10-05T15:49:29.801+00:00 INFO  http.request requestId=76322175-4969-4ceb-9db2-2c8186002fe9 role=api pod=gateway-8689985fc9-t5bnw method=POST path=/api/translations status=200 durationMs=518
[pod/gateway-8689985fc9-t5bnw/gateway] 2026-10-05T15:49:29.822+00:00 INFO  http.request requestId=7e995c6a-327b-4d58-b80f-fa8577cc2216 role=api pod=gateway-8689985fc9-t5bnw method=POST path=/api/translations status=200 durationMs=533
[pod/gateway-8689985fc9-gpd27/gateway] 2026-10-05T15:49:29.830+00:00 WARN  http.request requestId=6c42a95c-b431-4203-8680-c589b2ef3aa2 role=api pod=gateway-8689985fc9-gpd27 method=GET path=/readyz status=503 durationMs=0
[pod/gateway-8689985fc9-t5bnw/gateway] 2026-10-05T15:49:29.828+00:00 INFO  http.request requestId=20fab2ba-0670-4333-a452-296905424c3e role=api pod=gateway-8689985fc9-t5bnw method=POST path=/api/transcriptions status=200 durationMs=708
[pod/gateway-8689985fc9-t5bnw/gateway] 2026-10-05T15:49:29.835+00:00 INFO  http.request requestId=4707cfd4-63dc-4169-b7d0-619b3a62827e role=api pod=gateway-8689985fc9-t5bnw method=POST path=/api/transcriptions status=200 durationMs=909
[pod/gateway-8689985fc9-t5bnw/gateway] 2026-10-05T15:49:29.842+00:00 INFO  http.request requestId=ba5d9b6f-429c-4bf1-aef5-4177e2e7e840 role=api pod=gateway-8689985fc9-t5bnw method=POST path=/api/translations status=200 durationMs=474
[pod/gateway-8689985fc9-t5bnw/gateway] 2026-10-05T15:49:29.882+00:00 INFO  http.request requestId=3c2515ff-c6eb-41b0-8b6c-4ea42a4bff87 role=api pod=gateway-8689985fc9-t5bnw method=POST path=/api/transcriptions status=200 durationMs=791
[pod/gateway-8689985fc9-t5bnw/gateway] 2026-10-05T15:49:29.882+00:00 INFO  http.request requestId=bd1669b4-46de-4720-b6cf-9e71b9b4ebcd role=api pod=gateway-8689985fc9-t5bnw method=POST path=/api/transcriptions status=200 durationMs=852
[pod/gateway-8689985fc9-t5bnw/gateway] 2026-10-05T15:49:29.908+00:00 INFO  http.request requestId=e64afe68-5a6d-4c88-b03c-5e86d43e3269 role=api pod=gateway-8689985fc9-t5bnw method=POST path=/api/translations status=200 durationMs=421
[pod/gateway-8689985fc9-t5bnw/gateway] 2026-10-05T15:49:29.918+00:00 INFO  http.request requestId=785ea224-cd1a-4474-8308-ccdedb8e23ad role=api pod=gateway-8689985fc9-t5bnw method=POST path=/api/translations status=200 durationMs=549
[pod/gateway-8689985fc9-t5bnw/gateway] 2026-10-05T15:49:29.932+00:00 INFO  http.request requestId=b539b3a5-c57c-43d8-8312-9daeaf11c65f role=api pod=gateway-8689985fc9-t5bnw method=POST path=/api/transcriptions status=200 durationMs=754
[pod/gateway-8689985fc9-t5bnw/gateway] 2026-10-05T15:49:29.962+00:00 INFO  http.request requestId=daf8d096-3c41-4e77-9581-a6ef863c18e1 role=api pod=gateway-8689985fc9-t5bnw method=POST path=/api/translations status=200 durationMs=422
[pod/gateway-8689985fc9-t5bnw/gateway] 2026-10-05T15:49:29.962+00:00 INFO  http.request requestId=43b032a6-782d-48ce-8b12-fdcc28a251e0 role=api pod=gateway-8689985fc9-t5bnw method=POST path=/api/translations status=200 durationMs=437
[pod/gateway-8689985fc9-t5bnw/gateway] 2026-10-05T15:49:29.964+00:00 INFO  http.request requestId=68677da6-bb8e-4222-b8c5-80bcd701efe1 role=api pod=gateway-8689985fc9-t5bnw method=POST path=/api/transcriptions status=200 durationMs=725
[pod/gateway-8689985fc9-t5bnw/gateway] 2026-10-05T15:49:29.970+00:00 INFO  http.request requestId=e36a6dbe-748e-4de0-9031-209aa253b014 role=api pod=gateway-8689985fc9-t5bnw method=POST path=/api/transcriptions status=200 durationMs=714
[pod/gateway-8689985fc9-t5bnw/gateway] 2026-10-05T15:49:29.982+00:00 INFO  http.request requestId=dbfddc1d-84ce-4073-8106-5b65090b7298 role=api pod=gateway-8689985fc9-t5bnw method=POST path=/api/transcriptions status=200 durationMs=848
[pod/gateway-8689985fc9-t5bnw/gateway] 2026-10-05T15:49:29.983+00:00 INFO  http.request requestId=e021d223-27c0-4a0b-b2e4-554285f3ce04 role=api pod=gateway-8689985fc9-t5bnw method=POST path=/api/translations status=200 durationMs=585
[pod/gateway-8689985fc9-t5bnw/gateway] 2026-10-05T15:49:30.002+00:00 INFO  http.request requestId=556cee92-227a-4e0f-b520-03720b9bf3ca role=api pod=gateway-8689985fc9-t5bnw method=POST path=/api/transcriptions status=200 durationMs=702
[pod/gateway-8689985fc9-t5bnw/gateway] 2026-10-05T15:49:30.003+00:00 INFO  http.request requestId=8cd6f7b3-d2cc-43d5-85c0-4b6fb13dca1a role=api pod=gateway-8689985fc9-t5bnw method=POST path=/api/translations status=200 durationMs=468
[pod/gateway-8689985fc9-t5bnw/gateway] 2026-10-05T15:49:30.014+00:00 INFO  http.request requestId=2b266406-3487-4914-91ef-a2aeed267581 role=api pod=gateway-8689985fc9-t5bnw method=POST path=/api/transcriptions status=200 durationMs=624
[pod/gateway-8689985fc9-t5bnw/gateway] 2026-10-05T15:49:30.040+00:00 INFO  http.request requestId=ba1ac5b6-3240-43d0-a2ae-a63485f319ab role=api pod=gateway-8689985fc9-t5bnw method=POST path=/api/transcriptions status=200 durationMs=890
[pod/gateway-8689985fc9-t5bnw/gateway] 2026-10-05T15:49:30.055+00:00 INFO  http.request requestId=d8f26e53-5e4d-4fad-a561-2f146bfea189 role=api pod=gateway-8689985fc9-t5bnw method=POST path=/api/translations status=200 durationMs=590
[pod/gateway-8689985fc9-t5bnw/gateway] 2026-10-05T15:49:30.066+00:00 INFO  http.request requestId=2fca296f-f514-4425-845d-c99c84ef41be role=api pod=gateway-8689985fc9-t5bnw method=POST path=/api/transcriptions status=200 durationMs=902
[pod/gateway-8689985fc9-t5bnw/gateway] 2026-10-05T15:49:30.067+00:00 INFO  http.request requestId=4c01412f-abf0-4dc1-a4c0-c23eeda08f56 role=api pod=gateway-8689985fc9-t5bnw method=POST path=/api/transcriptions status=200 durationMs=722
[pod/gateway-8689985fc9-t5bnw/gateway] 2026-10-05T15:49:30.086+00:00 INFO  http.request requestId=6e1cf406-f238-43bc-bdee-30a3bb3bd847 role=api pod=gateway-8689985fc9-t5bnw method=POST path=/api/transcriptions status=200 durationMs=667
[pod/gateway-8689985fc9-t5bnw/gateway] 2026-10-05T15:49:30.090+00:00 INFO  http.request requestId=352d56d0-bd54-4d44-bd38-ca6e88d6b66a role=api pod=gateway-8689985fc9-t5bnw method=POST path=/api/translations status=200 durationMs=558
[pod/gateway-8689985fc9-t5bnw/gateway] 2026-10-05T15:49:30.100+00:00 INFO  http.request requestId=e6dcff14-5d88-40b7-8dfb-c83bd7ba97c5 role=api pod=gateway-8689985fc9-t5bnw method=POST path=/api/translations status=200 durationMs=602
[pod/gateway-8689985fc9-t5bnw/gateway] 2026-10-05T15:49:30.107+00:00 INFO  http.request requestId=16890d32-2ad9-4cf1-a75e-21fbe4db5bda role=api pod=gateway-8689985fc9-t5bnw method=POST path=/api/transcriptions status=200 durationMs=896
[pod/gateway-8689985fc9-t5bnw/gateway] 2026-10-05T15:49:30.120+00:00 INFO  http.request requestId=b6be0e41-3145-4492-bb79-ce4529f228b5 role=api pod=gateway-8689985fc9-t5bnw method=POST path=/api/translations status=200 durationMs=424
[pod/gateway-8689985fc9-t5bnw/gateway] 2026-10-05T15:49:30.123+00:00 INFO  http.request requestId=87349a1b-63e3-49c6-ab50-dd0c747125cd role=api pod=gateway-8689985fc9-t5bnw method=POST path=/api/translations status=200 durationMs=471
[pod/gateway-8689985fc9-t5bnw/gateway] 2026-10-05T15:49:30.123+00:00 INFO  http.request requestId=aaa8976b-4386-460f-b224-70c081958b4f role=api pod=gateway-8689985fc9-t5bnw method=POST path=/api/transcriptions status=200 durationMs=793
[pod/gateway-8689985fc9-t5bnw/gateway] 2026-10-05T15:49:30.166+00:00 INFO  http.request requestId=0a4494ca-64f6-471d-a51b-a0cdeb9d1b60 role=api pod=gateway-8689985fc9-t5bnw method=POST path=/api/transcriptions status=200 durationMs=762
[pod/gateway-8689985fc9-t5bnw/gateway] 2026-10-05T15:49:30.166+00:00 INFO  http.request requestId=a36bf73e-2500-4a20-8175-183785c39887 role=api pod=gateway-8689985fc9-t5bnw method=POST path=/api/translations status=200 durationMs=572
[pod/gateway-8689985fc9-t5bnw/gateway] 2026-10-05T15:49:30.177+00:00 INFO  http.request requestId=0cffd0eb-9680-48f8-a725-ed866307068c role=api pod=gateway-8689985fc9-t5bnw method=POST path=/api/translations status=200 durationMs=520
[pod/gateway-8689985fc9-t5bnw/gateway] 2026-10-05T15:49:30.196+00:00 INFO  http.request requestId=5d91ad10-fa5b-4ffb-a645-4d84e7532e95 role=api pod=gateway-8689985fc9-t5bnw method=POST path=/api/transcriptions status=200 durationMs=641
[pod/gateway-8689985fc9-t5bnw/gateway] 2026-10-05T15:49:30.200+00:00 INFO  http.request requestId=fc3ae37e-5aaf-472b-b84a-98a7f5dbaa51 role=api pod=gateway-8689985fc9-t5bnw method=POST path=/api/translations status=200 durationMs=548
[pod/gateway-8689985fc9-t5bnw/gateway] 2026-10-05T15:49:30.207+00:00 INFO  http.request requestId=7e64bd4e-c570-47ed-90d0-f7b40536015f role=api pod=gateway-8689985fc9-t5bnw method=POST path=/api/translations status=200 durationMs=578
[pod/gateway-8689985fc9-t5bnw/gateway] 2026-10-05T15:49:30.210+00:00 INFO  http.request requestId=4b1d5532-741a-4eef-821e-4d95b2d07635 role=api pod=gateway-8689985fc9-t5bnw method=POST path=/api/transcriptions status=200 durationMs=850
[pod/gateway-8689985fc9-t5bnw/gateway] 2026-10-05T15:49:30.234+00:00 INFO  http.request requestId=64df9e39-2b2b-40f4-b52e-5c94cf445b1d role=api pod=gateway-8689985fc9-t5bnw method=POST path=/api/transcriptions status=200 durationMs=723
[pod/gateway-8689985fc9-t5bnw/gateway] 2026-10-05T15:49:30.245+00:00 INFO  http.request requestId=505aa211-a9c0-465f-9fb3-2f07244aabdc role=api pod=gateway-8689985fc9-t5bnw method=POST path=/api/transcriptions status=200 durationMs=750
[pod/gateway-8689985fc9-t5bnw/gateway] 2026-10-05T15:49:30.253+00:00 INFO  http.request requestId=b3296778-ef69-4f36-a2d7-151aeb8156d7 role=api pod=gateway-8689985fc9-t5bnw method=POST path=/api/translations status=200 durationMs=571
[pod/gateway-8689985fc9-t5bnw/gateway] 2026-10-05T15:49:30.256+00:00 INFO  http.request requestId=5e405c36-247b-47d3-b834-07d16afcf533 role=api pod=gateway-8689985fc9-t5bnw method=POST path=/api/transcriptions status=200 durationMs=820
[pod/gateway-8689985fc9-t5bnw/gateway] 2026-10-05T15:49:30.261+00:00 INFO  http.request requestId=58c97730-e8f7-43d8-ac43-af1944ea1889 role=api pod=gateway-8689985fc9-t5bnw method=POST path=/api/translations status=200 durationMs=431
[pod/gateway-8689985fc9-t5bnw/gateway] 2026-10-05T15:49:30.277+00:00 INFO  http.request requestId=2b2767f1-84b3-4da0-aaaf-daed22caceaa role=api pod=gateway-8689985fc9-t5bnw method=POST path=/api/transcriptions status=200 durationMs=707
[pod/gateway-8689985fc9-t5bnw/gateway] 2026-10-05T15:49:30.279+00:00 INFO  http.request requestId=3d6cf4fe-dd87-4fd2-9708-995983b39599 role=api pod=gateway-8689985fc9-t5bnw method=POST path=/api/transcriptions status=200 durationMs=665
[pod/gateway-8689985fc9-t5bnw/gateway] 2026-10-05T15:49:30.281+00:00 INFO  http.request requestId=45723447-bc85-42a0-b047-99b964febddd role=api pod=gateway-8689985fc9-t5bnw method=POST path=/api/transcriptions status=200 durationMs=816
[pod/gateway-8689985fc9-t5bnw/gateway] 2026-10-05T15:49:30.285+00:00 INFO  http.request requestId=c7ce2fb3-649f-4bbd-a10a-180ac829ee73 role=api pod=gateway-8689985fc9-t5bnw method=POST path=/api/translations status=200 durationMs=503
[pod/gateway-8689985fc9-t5bnw/gateway] 2026-10-05T15:49:30.288+00:00 INFO  http.request requestId=8383b5bd-c8a2-4321-ae3e-3af8c94081d3 role=api pod=gateway-8689985fc9-t5bnw method=POST path=/api/translations status=200 durationMs=577
[pod/gateway-8689985fc9-t5bnw/gateway] 2026-10-05T15:49:30.303+00:00 INFO  http.request requestId=32532b79-6d8f-4a0d-a9f4-9bd4ce3b2691 role=api pod=gateway-8689985fc9-t5bnw method=POST path=/api/translations status=200 durationMs=572
[pod/gateway-8689985fc9-t5bnw/gateway] 2026-10-05T15:49:30.327+00:00 INFO  http.request requestId=a5dbaf6d-77ef-4fee-8cfc-d2f529fb4f00 role=api pod=gateway-8689985fc9-t5bnw method=POST path=/api/transcriptions status=200 durationMs=665
[pod/gateway-8689985fc9-t5bnw/gateway] 2026-10-05T15:49:30.330+00:00 INFO  http.request requestId=94bcf997-50e8-4817-9e14-3e54fec6a9c2 role=api pod=gateway-8689985fc9-t5bnw method=POST path=/api/transcriptions status=200 durationMs=880
[pod/gateway-8689985fc9-t5bnw/gateway] 2026-10-05T15:49:30.331+00:00 INFO  http.request requestId=675fa8ff-7404-4df5-a971-651c7426c4fb role=api pod=gateway-8689985fc9-t5bnw method=POST path=/api/transcriptions status=200 durationMs=746
[pod/gateway-8689985fc9-t5bnw/gateway] 2026-10-05T15:49:30.338+00:00 INFO  http.request requestId=14c1ed63-9cad-4441-a029-d3fb032df321 role=api pod=gateway-8689985fc9-t5bnw method=POST path=/api/translations status=200 durationMs=564
[pod/gateway-8689985fc9-t5bnw/gateway] 2026-10-05T15:49:30.352+00:00 INFO  http.request requestId=40d9c704-49b3-4a7a-8a40-9b96a7e7a534 role=api pod=gateway-8689985fc9-t5bnw method=POST path=/api/transcriptions status=200 durationMs=647
[pod/gateway-8689985fc9-t5bnw/gateway] 2026-10-05T15:49:30.359+00:00 INFO  http.request requestId=39446f43-a9eb-4a6f-95f8-77d925eacae4 role=api pod=gateway-8689985fc9-t5bnw method=POST path=/api/translations status=200 durationMs=477
[pod/gateway-8689985fc9-t5bnw/gateway] 2026-10-05T15:49:30.362+00:00 INFO  http.request requestId=6b468175-af41-425b-ac66-e39cd6f0122d role=api pod=gateway-8689985fc9-t5bnw method=POST path=/api/translations status=200 durationMs=534
[pod/gateway-8689985fc9-t5bnw/gateway] 2026-10-05T15:49:30.371+00:00 INFO  http.request requestId=aa44a726-58fc-4381-8eb4-8772e3121531 role=api pod=gateway-8689985fc9-t5bnw method=POST path=/api/transcriptions status=200 durationMs=680
[pod/gateway-8689985fc9-t5bnw/gateway] 2026-10-05T15:49:30.376+00:00 INFO  http.request requestId=4d40437f-921e-4f1d-a3c4-67fd35b2c075 role=api pod=gateway-8689985fc9-t5bnw method=POST path=/api/transcriptions status=200 durationMs=699
[pod/gateway-8689985fc9-t5bnw/gateway] 2026-10-05T15:49:30.390+00:00 INFO  http.request requestId=4c711b8a-9e7c-4f62-870f-3537ca4ea848 role=api pod=gateway-8689985fc9-t5bnw method=POST path=/api/transcriptions status=200 durationMs=609
[pod/gateway-8689985fc9-t5bnw/gateway] 2026-10-05T15:49:30.417+00:00 INFO  http.request requestId=8c99b461-b0cb-4130-b802-7e203ebee980 role=api pod=gateway-8689985fc9-t5bnw method=POST path=/api/transcriptions status=200 durationMs=623
[pod/gateway-8689985fc9-t5bnw/gateway] 2026-10-05T15:49:30.418+00:00 INFO  http.request requestId=deba0fd1-71b9-448c-9e07-2c354729973d role=api pod=gateway-8689985fc9-t5bnw method=POST path=/api/translations status=200 durationMs=435
[pod/gateway-8689985fc9-t5bnw/gateway] 2026-10-05T15:49:30.443+00:00 INFO  http.request requestId=37a7c5fa-276b-4960-bbd3-74c8ce3e127e role=api pod=gateway-8689985fc9-t5bnw method=POST path=/api/transcriptions status=200 durationMs=843
[pod/gateway-8689985fc9-t5bnw/gateway] 2026-10-05T15:49:30.444+00:00 INFO  http.request requestId=cee85d1c-17b5-4c3b-a4cd-908b5c47dd6c role=api pod=gateway-8689985fc9-t5bnw method=POST path=/api/transcriptions status=200 durationMs=634
[pod/gateway-8689985fc9-t5bnw/gateway] 2026-10-05T15:49:30.485+00:00 INFO  http.request requestId=bb2f8626-9add-4661-b584-20d6f399a597 role=api pod=gateway-8689985fc9-t5bnw method=POST path=/api/translations status=200 durationMs=444
[pod/gateway-8689985fc9-t5bnw/gateway] 2026-10-05T15:49:30.485+00:00 INFO  http.request requestId=b58e4a48-d0de-4e96-b617-a7eef35bc9e1 role=api pod=gateway-8689985fc9-t5bnw method=POST path=/api/transcriptions status=200 durationMs=616
[pod/gateway-8689985fc9-t5bnw/gateway] 2026-10-05T15:49:30.492+00:00 INFO  http.request requestId=dcafb45b-65b7-4033-a4c2-c5a8f6a7d4b6 role=api pod=gateway-8689985fc9-t5bnw method=POST path=/api/translations status=200 durationMs=488
[pod/gateway-8689985fc9-t5bnw/gateway] 2026-10-05T15:49:30.506+00:00 INFO  http.request requestId=61df1ffc-3b7b-4df2-9299-1b165534632f role=api pod=gateway-8689985fc9-t5bnw method=POST path=/api/translations status=200 durationMs=548
[pod/gateway-8689985fc9-t5bnw/gateway] 2026-10-05T15:49:30.510+00:00 INFO  http.request requestId=cb5b9326-fee6-45b1-9f66-f6e88f75efb6 role=api pod=gateway-8689985fc9-t5bnw method=POST path=/api/transcriptions status=200 durationMs=865
[pod/gateway-8689985fc9-t5bnw/gateway] 2026-10-05T15:49:30.523+00:00 INFO  http.request requestId=23d9cdb3-14d9-446a-9f97-7c42ffff7f57 role=api pod=gateway-8689985fc9-t5bnw method=POST path=/api/transcriptions status=200 durationMs=759
[pod/gateway-8689985fc9-t5bnw/gateway] 2026-10-05T15:49:30.535+00:00 INFO  http.request requestId=4b8aa8ce-7222-4443-8960-14802e66cea6 role=api pod=gateway-8689985fc9-t5bnw method=POST path=/api/transcriptions status=200 durationMs=695
[pod/gateway-8689985fc9-t5bnw/gateway] 2026-10-05T15:49:30.544+00:00 INFO  http.request requestId=a09dba1b-344d-41b1-be3b-f5855dc2280b role=api pod=gateway-8689985fc9-t5bnw method=POST path=/api/translations status=200 durationMs=457
[pod/gateway-8689985fc9-t5bnw/gateway] 2026-10-05T15:49:30.556+00:00 INFO  http.request requestId=5d4bfba4-88bd-42ec-a2fc-81f74b36863e role=api pod=gateway-8689985fc9-t5bnw method=POST path=/api/translations status=200 durationMs=591
[pod/gateway-8689985fc9-t5bnw/gateway] 2026-10-05T15:49:30.563+00:00 INFO  http.request requestId=661714ba-c75a-496e-9c42-b1792032f9ad role=api pod=gateway-8689985fc9-t5bnw method=POST path=/api/translations status=200 durationMs=593
[pod/gateway-8689985fc9-t5bnw/gateway] 2026-10-05T15:49:30.577+00:00 INFO  http.request requestId=51a09293-82b9-428b-8bb0-d6c803463cee role=api pod=gateway-8689985fc9-t5bnw method=POST path=/api/translations status=200 durationMs=566
[pod/gateway-8689985fc9-t5bnw/gateway] 2026-10-05T15:49:30.584+00:00 INFO  http.request requestId=d97ce34a-51ee-4ab4-ba05-e977d967b1e7 role=api pod=gateway-8689985fc9-t5bnw method=POST path=/api/translations status=200 durationMs=516
[pod/gateway-8689985fc9-t5bnw/gateway] 2026-10-05T15:49:30.584+00:00 INFO  http.request requestId=42e83280-9cca-48c7-99b0-2effdcf84262 role=api pod=gateway-8689985fc9-t5bnw method=POST path=/api/translations status=200 durationMs=477
[pod/gateway-8689985fc9-t5bnw/gateway] 2026-10-05T15:49:30.615+00:00 INFO  http.request requestId=8329e657-6310-4ef7-89c7-48d9eb21720f role=api pod=gateway-8689985fc9-t5bnw method=POST path=/api/transcriptions status=200 durationMs=624
[pod/gateway-8689985fc9-t5bnw/gateway] 2026-10-05T15:49:30.621+00:00 INFO  http.request requestId=10dc2112-92b8-4e7f-bb73-8bee76fdde7b role=api pod=gateway-8689985fc9-t5bnw method=POST path=/api/transcriptions status=200 durationMs=677
[pod/gateway-8689985fc9-t5bnw/gateway] 2026-10-05T15:49:30.622+00:00 INFO  http.request requestId=821b1487-35b0-4025-849c-510554086a8e role=api pod=gateway-8689985fc9-t5bnw method=POST path=/api/transcriptions status=200 durationMs=617
[pod/gateway-8689985fc9-t5bnw/gateway] 2026-10-05T15:49:30.630+00:00 INFO  http.request requestId=636616a8-645c-4653-b67a-343a4a157066 role=api pod=gateway-8689985fc9-t5bnw method=POST path=/api/translations status=200 durationMs=480
[pod/gateway-8689985fc9-t5bnw/gateway] 2026-10-05T15:49:30.652+00:00 INFO  http.request requestId=3160c658-e5c8-4f3e-acf4-fda531c1b260 role=api pod=gateway-8689985fc9-t5bnw method=POST path=/api/translations status=200 durationMs=586
[pod/gateway-8689985fc9-t5bnw/gateway] 2026-10-05T15:49:30.661+00:00 INFO  http.request requestId=68d0b1ad-e866-4c99-88d9-2e82f9dcbbd3 role=api pod=gateway-8689985fc9-t5bnw method=POST path=/api/transcriptions status=200 durationMs=761
[pod/gateway-8689985fc9-t5bnw/gateway] 2026-10-05T15:49:30.661+00:00 INFO  http.request requestId=f41a1eff-1ab7-4f9e-a924-c2aded4ccf0a role=api pod=gateway-8689985fc9-t5bnw method=POST path=/api/transcriptions status=200 durationMs=611
[pod/gateway-8689985fc9-t5bnw/gateway] 2026-10-05T15:49:30.680+00:00 INFO  http.request requestId=d0f52ced-2af7-46a0-b397-382b92992072 role=api pod=gateway-8689985fc9-t5bnw method=POST path=/api/transcriptions status=200 durationMs=751
[pod/gateway-8689985fc9-t5bnw/gateway] 2026-10-05T15:49:30.699+00:00 INFO  http.request requestId=788d3f86-0b5b-49cc-88e3-9d7da14302bc role=api pod=gateway-8689985fc9-t5bnw method=POST path=/api/translations status=200 durationMs=489
[pod/gateway-8689985fc9-t5bnw/gateway] 2026-10-05T15:49:30.711+00:00 INFO  http.request requestId=9ef71477-3656-4f1f-b6fe-b2f25de8a659 role=api pod=gateway-8689985fc9-t5bnw method=POST path=/api/transcriptions status=200 durationMs=737
[pod/gateway-8689985fc9-t5bnw/gateway] 2026-10-05T15:49:30.721+00:00 INFO  http.request requestId=4c54cd1b-27f0-433e-9756-108ee3cee3c5 role=api pod=gateway-8689985fc9-t5bnw method=POST path=/api/translations status=200 durationMs=441
[pod/gateway-8689985fc9-t5bnw/gateway] 2026-10-05T15:49:30.721+00:00 INFO  http.request requestId=46d949af-813f-4f87-90c2-bb20804564f3 role=api pod=gateway-8689985fc9-t5bnw method=POST path=/api/translations status=200 durationMs=551
[pod/gateway-8689985fc9-t5bnw/gateway] 2026-10-05T15:49:30.722+00:00 INFO  http.request requestId=6347df4a-372f-4daa-846a-91ee5cd44021 role=api pod=gateway-8689985fc9-t5bnw method=POST path=/api/translations status=200 durationMs=602
[pod/gateway-8689985fc9-t5bnw/gateway] 2026-10-05T15:49:30.734+00:00 INFO  http.request requestId=2ce07a54-0f7c-4c03-b046-661aba16e898 role=api pod=gateway-8689985fc9-t5bnw method=POST path=/api/transcriptions status=200 durationMs=715
[pod/gateway-8689985fc9-t5bnw/gateway] 2026-10-05T15:49:30.762+00:00 INFO  http.request requestId=73ee312a-a456-420c-ab34-e57e4370b896 role=api pod=gateway-8689985fc9-t5bnw method=POST path=/api/transcriptions status=200 durationMs=877
[pod/gateway-8689985fc9-t5bnw/gateway] 2026-10-05T15:49:30.766+00:00 INFO  http.request requestId=4fb65bff-5982-4fac-ac0a-1a2868a1ab0d role=api pod=gateway-8689985fc9-t5bnw method=POST path=/api/translations status=200 durationMs=484
[pod/gateway-8689985fc9-t5bnw/gateway] 2026-10-05T15:49:30.776+00:00 INFO  http.request requestId=2dc944e1-e1d1-402d-9db0-a1775522b0fa role=api pod=gateway-8689985fc9-t5bnw method=POST path=/api/translations status=200 durationMs=542
[pod/gateway-8689985fc9-t5bnw/gateway] 2026-10-05T15:49:30.785+00:00 INFO  http.request requestId=cf4cf19f-85c9-4263-80bd-5c92644b33ed role=api pod=gateway-8689985fc9-t5bnw method=POST path=/api/translations status=200 durationMs=529
[pod/gateway-8689985fc9-gpd27/gateway] 2026-10-05T15:49:30.830+00:00 WARN  http.request requestId=0b1941a0-d307-43cc-9428-71d5d451dd50 role=api pod=gateway-8689985fc9-gpd27 method=GET path=/readyz status=503 durationMs=0
[pod/gateway-8689985fc9-t5bnw/gateway] 2026-10-05T15:49:30.811+00:00 INFO  http.request requestId=4c3ba120-4712-4727-9893-1cd93b81f855 role=api pod=gateway-8689985fc9-t5bnw method=POST path=/api/translations status=200 durationMs=480
[pod/gateway-8689985fc9-t5bnw/gateway] 2026-10-05T15:49:30.826+00:00 INFO  http.request requestId=e67293d3-a2f4-4211-9cdd-733286eac899 role=api pod=gateway-8689985fc9-t5bnw method=POST path=/api/translations status=200 durationMs=547
[pod/gateway-8689985fc9-t5bnw/gateway] 2026-10-05T15:49:30.834+00:00 INFO  http.request requestId=07247fb9-f48e-4543-a137-56716c99e9e6 role=api pod=gateway-8689985fc9-t5bnw method=POST path=/api/transcriptions status=200 durationMs=695
[pod/gateway-8689985fc9-t5bnw/gateway] 2026-10-05T15:49:30.838+00:00 INFO  http.request requestId=10ab37fd-0fc6-4588-9523-2d24004d24d9 role=api pod=gateway-8689985fc9-t5bnw method=POST path=/api/translations status=200 durationMs=495
[pod/gateway-8689985fc9-t5bnw/gateway] 2026-10-05T15:49:30.850+00:00 INFO  http.request requestId=321b3391-793e-4244-8f7f-9de0400ee544 role=api pod=gateway-8689985fc9-t5bnw method=POST path=/api/translations status=200 durationMs=424
[pod/gateway-8689985fc9-t5bnw/gateway] 2026-10-05T15:49:30.859+00:00 INFO  http.request requestId=4510455d-1521-4284-aea0-9dd646332c08 role=api pod=gateway-8689985fc9-t5bnw method=POST path=/api/transcriptions status=200 durationMs=629
[pod/gateway-8689985fc9-t5bnw/gateway] 2026-10-05T15:49:30.863+00:00 INFO  http.request requestId=4b9e7c90-53c6-4f4b-90fb-d07622be32db role=api pod=gateway-8689985fc9-t5bnw method=POST path=/api/translations status=200 durationMs=531
[pod/gateway-8689985fc9-t5bnw/gateway] 2026-10-05T15:49:30.880+00:00 INFO  http.request requestId=d1bbfe35-533d-45f4-a62c-13f912c60923 role=api pod=gateway-8689985fc9-t5bnw method=POST path=/api/transcriptions status=200 durationMs=679
[pod/gateway-8689985fc9-t5bnw/gateway] 2026-10-05T15:49:30.892+00:00 INFO  http.request requestId=2e4ed246-a1c2-42f9-be58-8ef41073f298 role=api pod=gateway-8689985fc9-t5bnw method=POST path=/api/translations status=200 durationMs=497
[pod/gateway-8689985fc9-t5bnw/gateway] 2026-10-05T15:49:30.897+00:00 INFO  http.request requestId=caaf5640-c829-4c9e-92b9-47ad962006f0 role=api pod=gateway-8689985fc9-t5bnw method=POST path=/api/translations status=200 durationMs=452
[pod/gateway-8689985fc9-t5bnw/gateway] 2026-10-05T15:49:30.903+00:00 INFO  http.request requestId=cdf09e95-6edf-4cce-8beb-1a340632ff29 role=api pod=gateway-8689985fc9-t5bnw method=POST path=/api/translations status=200 durationMs=458
[pod/gateway-8689985fc9-t5bnw/gateway] 2026-10-05T15:49:30.910+00:00 INFO  http.request requestId=a607430e-7e37-4324-a4d2-5ad8017bce60 role=api pod=gateway-8689985fc9-t5bnw method=POST path=/api/transcriptions status=200 durationMs=696
[pod/gateway-8689985fc9-t5bnw/gateway] 2026-10-05T15:49:30.923+00:00 INFO  http.request requestId=6dc03557-4535-43d7-8c2e-76fc23176bb5 role=api pod=gateway-8689985fc9-t5bnw method=POST path=/api/translations status=200 durationMs=547
[pod/gateway-8689985fc9-t5bnw/gateway] 2026-10-05T15:49:30.942+00:00 INFO  http.request requestId=de28cf9a-9829-4725-8f9e-248fa6f105d0 role=api pod=gateway-8689985fc9-t5bnw method=POST path=/api/transcriptions status=200 durationMs=623
[pod/gateway-8689985fc9-t5bnw/gateway] 2026-10-05T15:49:30.952+00:00 INFO  http.request requestId=190f9e27-2527-4215-9a6d-eafcd7f89490 role=api pod=gateway-8689985fc9-t5bnw method=POST path=/api/transcriptions status=200 durationMs=858
[pod/gateway-8689985fc9-t5bnw/gateway] 2026-10-05T15:49:30.953+00:00 INFO  http.request requestId=6f038060-78e8-4d50-bb6e-6a2bb27e47f0 role=api pod=gateway-8689985fc9-t5bnw method=POST path=/api/translations status=200 durationMs=601
[pod/gateway-8689985fc9-t5bnw/gateway] 2026-10-05T15:49:30.968+00:00 INFO  http.request requestId=b6d4e2de-01b6-4845-9ee3-1856d7756bf9 role=api pod=gateway-8689985fc9-t5bnw method=POST path=/api/translations status=200 durationMs=432
[pod/gateway-8689985fc9-t5bnw/gateway] 2026-10-05T15:49:30.975+00:00 INFO  http.request requestId=3bab9033-8a25-4083-ba53-cb8ce7e1f756 role=api pod=gateway-8689985fc9-t5bnw method=POST path=/api/transcriptions status=200 durationMs=895
[pod/gateway-8689985fc9-t5bnw/gateway] 2026-10-05T15:49:30.985+00:00 INFO  http.request requestId=fb6eb3ba-1451-4987-8a37-d4c7fa0cd61c role=api pod=gateway-8689985fc9-t5bnw method=POST path=/api/transcriptions status=200 durationMs=875
[pod/gateway-8689985fc9-t5bnw/gateway] 2026-10-05T15:49:30.985+00:00 INFO  http.request requestId=01479ee3-8527-4369-8c85-83e3300048ef role=api pod=gateway-8689985fc9-t5bnw method=POST path=/api/transcriptions status=200 durationMs=815
[pod/gateway-8689985fc9-t5bnw/gateway] 2026-10-05T15:49:31.036+00:00 INFO  http.request requestId=8f3517bb-4bca-4158-b30f-dba580f56b04 role=api pod=gateway-8689985fc9-t5bnw method=POST path=/api/transcriptions status=200 durationMs=911
[pod/gateway-8689985fc9-t5bnw/gateway] 2026-10-05T15:49:31.037+00:00 INFO  http.request requestId=8b03b5b3-9101-47eb-9dba-bae99d8683d2 role=api pod=gateway-8689985fc9-t5bnw method=POST path=/api/transcriptions status=200 durationMs=762
[pod/gateway-8689985fc9-t5bnw/gateway] 2026-10-05T15:49:31.046+00:00 INFO  http.request requestId=3fd1bae4-7f05-48c9-a8c4-77f97a1ac37c role=api pod=gateway-8689985fc9-t5bnw method=POST path=/api/transcriptions status=200 durationMs=667
[pod/gateway-8689985fc9-t5bnw/gateway] 2026-10-05T15:49:31.050+00:00 INFO  http.request requestId=4590be23-09b0-4d00-b8ff-b37526242750 role=api pod=gateway-8689985fc9-t5bnw method=POST path=/api/translations status=200 durationMs=539
[pod/gateway-8689985fc9-t5bnw/gateway] 2026-10-05T15:49:31.052+00:00 INFO  http.request requestId=4e18d9b7-b946-4cc8-b3f9-e37e9d9d83d9 role=api pod=gateway-8689985fc9-t5bnw method=POST path=/api/transcriptions status=200 durationMs=627
[pod/gateway-8689985fc9-t5bnw/gateway] 2026-10-05T15:49:31.052+00:00 INFO  http.request requestId=7a5a2a22-c82f-4c2a-8be3-2047f29a3e1f role=api pod=gateway-8689985fc9-t5bnw method=POST path=/api/transcriptions status=200 durationMs=656
[pod/gateway-8689985fc9-t5bnw/gateway] 2026-10-05T15:49:31.056+00:00 INFO  http.request requestId=a7556bc2-afe5-440f-b4e2-84b8c8233126 role=api pod=gateway-8689985fc9-t5bnw method=POST path=/api/transcriptions status=200 durationMs=812
[pod/gateway-8689985fc9-t5bnw/gateway] 2026-10-05T15:49:31.068+00:00 INFO  http.request requestId=5673bab3-60df-484d-b37e-c44cbe6c6b05 role=api pod=gateway-8689985fc9-t5bnw method=POST path=/api/translations status=200 durationMs=574
[pod/gateway-8689985fc9-t5bnw/gateway] 2026-10-05T15:49:31.068+00:00 INFO  http.request requestId=0dc59619-4da6-4ba3-a4d8-6e8e989c098e role=api pod=gateway-8689985fc9-t5bnw method=POST path=/api/transcriptions status=200 durationMs=764
[pod/gateway-8689985fc9-t5bnw/gateway] 2026-10-05T15:49:31.072+00:00 INFO  http.request requestId=83bf8d44-1210-4fbd-91d3-bd11e4b9343d role=api pod=gateway-8689985fc9-t5bnw method=POST path=/api/translations status=200 durationMs=528
[pod/gateway-8689985fc9-t5bnw/gateway] 2026-10-05T15:49:31.078+00:00 INFO  http.request requestId=efb3f83e-9334-42b6-831f-cdf7be67c031 role=api pod=gateway-8689985fc9-t5bnw method=POST path=/api/translations status=200 durationMs=553
[pod/gateway-8689985fc9-t5bnw/gateway] 2026-10-05T15:49:31.103+00:00 INFO  http.request requestId=ba7d374c-6894-4983-a11d-0f20bc225976 role=api pod=gateway-8689985fc9-t5bnw method=POST path=/api/transcriptions status=200 durationMs=843
[pod/gateway-8689985fc9-t5bnw/gateway] 2026-10-05T15:49:31.107+00:00 INFO  gateway.quiescing role=api pod=gateway-8689985fc9-t5bnw activeRequests=60
[pod/gateway-8689985fc9-t5bnw/gateway] 2026-10-05T15:49:31.125+00:00 INFO  http.request requestId=a491d828-66eb-4aab-bcba-de0614928d9b role=api pod=gateway-8689985fc9-t5bnw method=POST path=/api/transcriptions status=200 durationMs=760
[pod/gateway-8689985fc9-t5bnw/gateway] 2026-10-05T15:49:31.144+00:00 INFO  http.request requestId=1cf45e5c-de11-45e6-9aeb-a8cebd3e5770 role=api pod=gateway-8689985fc9-t5bnw method=POST path=/api/transcriptions status=200 durationMs=629
[pod/gateway-8689985fc9-t5bnw/gateway] 2026-10-05T15:49:31.147+00:00 INFO  http.request requestId=e3b62ee3-944b-4a66-b765-3ef8ae774cd3 role=api pod=gateway-8689985fc9-t5bnw method=POST path=/api/transcriptions status=200 durationMs=811
[pod/gateway-8689985fc9-t5bnw/gateway] 2026-10-05T15:49:31.149+00:00 INFO  http.request requestId=c9e87558-10eb-4d04-82b4-f4aaf402048a role=api pod=gateway-8689985fc9-t5bnw method=POST path=/api/translations status=200 durationMs=527
[pod/gateway-8689985fc9-t5bnw/gateway] 2026-10-05T15:49:31.153+00:00 INFO  http.request requestId=288778cd-a0fa-4762-8d6d-2414010a0d8a role=api pod=gateway-8689985fc9-t5bnw method=POST path=/api/translations status=200 durationMs=601
[pod/gateway-8689985fc9-t5bnw/gateway] 2026-10-05T15:49:31.158+00:00 INFO  http.request requestId=12046cce-bc64-4733-977b-5efd05d243b6 role=api pod=gateway-8689985fc9-t5bnw method=POST path=/api/translations status=200 durationMs=574
[pod/gateway-8689985fc9-t5bnw/gateway] 2026-10-05T15:49:31.191+00:00 WARN  http.request requestId=cf7a7efb-d47c-46df-b0ae-6769a625906f role=api pod=gateway-8689985fc9-t5bnw method=GET path=/readyz status=503 durationMs=0
[pod/gateway-8689985fc9-t5bnw/gateway] 2026-10-05T15:49:31.218+00:00 INFO  http.request requestId=f98a4e6d-b52a-483d-85df-f52efdcb2f76 role=api pod=gateway-8689985fc9-t5bnw method=POST path=/api/transcriptions status=200 durationMs=761
[pod/gateway-8689985fc9-t5bnw/gateway] 2026-10-05T15:49:31.227+00:00 INFO  http.request requestId=b2b31bc1-1d44-4e65-942c-edf04a49e33b role=api pod=gateway-8689985fc9-t5bnw method=POST path=/api/translations status=200 durationMs=447
[pod/gateway-8689985fc9-t5bnw/gateway] 2026-10-05T15:49:31.240+00:00 INFO  http.request requestId=e8451386-0af0-426c-898a-d9cd939d48ff role=api pod=gateway-8689985fc9-t5bnw method=POST path=/api/transcriptions status=200 durationMs=620
[pod/gateway-8689985fc9-t5bnw/gateway] 2026-10-05T15:49:31.258+00:00 INFO  http.request requestId=a4f579b2-ee04-4488-85f0-8f0295bb376d role=api pod=gateway-8689985fc9-t5bnw method=POST path=/api/transcriptions status=200 durationMs=848
[pod/gateway-8689985fc9-t5bnw/gateway] 2026-10-05T15:49:31.259+00:00 INFO  http.request requestId=4f86392e-a2e2-4721-bd74-817895da8141 role=api pod=gateway-8689985fc9-t5bnw method=POST path=/api/transcriptions status=200 durationMs=729
[pod/gateway-8689985fc9-t5bnw/gateway] 2026-10-05T15:49:31.259+00:00 INFO  http.request requestId=89878a8b-ecb6-4fcc-87f8-f6d6bd70ec7e role=api pod=gateway-8689985fc9-t5bnw method=POST path=/api/translations status=200 durationMs=595
[pod/gateway-8689985fc9-t5bnw/gateway] 2026-10-05T15:49:31.286+00:00 INFO  http.request requestId=b78f9aa6-bc16-4b1c-be02-95fb3efc6942 role=api pod=gateway-8689985fc9-t5bnw method=POST path=/api/translations status=200 durationMs=522
[pod/gateway-8689985fc9-t5bnw/gateway] 2026-10-05T15:49:31.315+00:00 INFO  http.request requestId=1f1d9be2-3401-4bbe-b96f-ff6f09522566 role=api pod=gateway-8689985fc9-t5bnw method=POST path=/api/translations status=200 durationMs=581
[pod/gateway-8689985fc9-t5bnw/gateway] 2026-10-05T15:49:31.319+00:00 INFO  http.request requestId=4ebbeccc-fd6a-4808-99b6-0a5072e09fc7 role=api pod=gateway-8689985fc9-t5bnw method=POST path=/api/translations status=200 durationMs=607
[pod/gateway-8689985fc9-t5bnw/gateway] 2026-10-05T15:49:31.337+00:00 INFO  http.request requestId=c8b10b33-5ba0-43d9-846f-2ce782a923f8 role=api pod=gateway-8689985fc9-t5bnw method=POST path=/api/translations status=200 durationMs=543
[pod/gateway-8689985fc9-t5bnw/gateway] 2026-10-05T15:49:31.339+00:00 INFO  http.request requestId=3316bdf3-5973-4d7b-9b4a-70c80a4fdf72 role=api pod=gateway-8689985fc9-t5bnw method=POST path=/api/translations status=200 durationMs=534
[pod/gateway-8689985fc9-t5bnw/gateway] 2026-10-05T15:49:31.355+00:00 INFO  http.request requestId=2f406b91-a685-4165-a806-38ed8dd98a1d role=api pod=gateway-8689985fc9-t5bnw method=POST path=/api/transcriptions status=200 durationMs=780
[pod/gateway-8689985fc9-t5bnw/gateway] 2026-10-05T15:49:31.357+00:00 INFO  http.request requestId=568e2882-602b-4fcc-bdd1-4acd4fd0af38 role=api pod=gateway-8689985fc9-t5bnw method=POST path=/api/translations status=200 durationMs=594
[pod/gateway-8689985fc9-t5bnw/gateway] 2026-10-05T15:49:31.357+00:00 INFO  http.request requestId=71112043-f897-44be-8461-63b2b86cb14a role=api pod=gateway-8689985fc9-t5bnw method=POST path=/api/translations status=200 durationMs=477
[pod/gateway-8689985fc9-t5bnw/gateway] 2026-10-05T15:49:31.368+00:00 INFO  http.request requestId=9653a75a-7ce2-4266-8f2b-ba18bcdc9e00 role=api pod=gateway-8689985fc9-t5bnw method=POST path=/api/transcriptions status=200 durationMs=687
[pod/gateway-8689985fc9-t5bnw/gateway] 2026-10-05T15:49:31.391+00:00 INFO  http.request requestId=346c4f9c-6410-49c9-b6c2-67fdbb5c9b4a role=api pod=gateway-8689985fc9-t5bnw method=POST path=/api/translations status=200 durationMs=481
[pod/gateway-8689985fc9-t5bnw/gateway] 2026-10-05T15:49:31.410+00:00 INFO  http.request requestId=65574a63-057e-41b8-85dd-1b11f8f972e1 role=api pod=gateway-8689985fc9-t5bnw method=POST path=/api/transcriptions status=200 durationMs=850
[pod/gateway-8689985fc9-t5bnw/gateway] 2026-10-05T15:49:31.411+00:00 INFO  http.request requestId=d4ce9750-0ff0-41e9-b03d-68d402f57982 role=api pod=gateway-8689985fc9-t5bnw method=POST path=/api/transcriptions status=200 durationMs=685
[pod/gateway-8689985fc9-t5bnw/gateway] 2026-10-05T15:49:31.433+00:00 INFO  http.request requestId=91ae875f-178e-4086-b004-9da6d8a30712 role=api pod=gateway-8689985fc9-t5bnw method=POST path=/api/transcriptions status=200 durationMs=634
[pod/gateway-8689985fc9-t5bnw/gateway] 2026-10-05T15:49:31.439+00:00 INFO  http.request requestId=8881eb48-1add-4953-883e-df38a711b11a role=api pod=gateway-8689985fc9-t5bnw method=POST path=/api/transcriptions status=200 durationMs=774
[pod/gateway-8689985fc9-t5bnw/gateway] 2026-10-05T15:49:31.456+00:00 INFO  http.request requestId=72d22bca-67b2-41cb-b812-a6d651ada5ba role=api pod=gateway-8689985fc9-t5bnw method=POST path=/api/transcriptions status=200 durationMs=762
[pod/gateway-8689985fc9-t5bnw/gateway] 2026-10-05T15:49:31.467+00:00 INFO  http.request requestId=049a4ad7-2fc9-4eb2-b487-257253a85b29 role=api pod=gateway-8689985fc9-t5bnw method=POST path=/api/transcriptions status=200 durationMs=832
[pod/gateway-8689985fc9-t5bnw/gateway] 2026-10-05T15:49:31.480+00:00 INFO  http.request requestId=62e53691-aaa5-4723-82a9-014f24c059b6 role=api pod=gateway-8689985fc9-t5bnw method=POST path=/api/transcriptions status=200 durationMs=635
[pod/gateway-8689985fc9-t5bnw/gateway] 2026-10-05T15:49:31.492+00:00 INFO  http.request requestId=b382da35-6604-41f7-97d3-1ab1cc671a26 role=api pod=gateway-8689985fc9-t5bnw method=POST path=/api/transcriptions status=200 durationMs=752
[pod/gateway-8689985fc9-t5bnw/gateway] 2026-10-05T15:49:31.508+00:00 INFO  http.request requestId=294d434b-3671-489e-97ac-ba676c162086 role=api pod=gateway-8689985fc9-t5bnw method=POST path=/api/translations status=200 durationMs=555
[pod/gateway-8689985fc9-t5bnw/gateway] 2026-10-05T15:49:31.521+00:00 INFO  http.request requestId=b1e06a7a-4f61-4efb-ac22-43e5ddf5de97 role=api pod=gateway-8689985fc9-t5bnw method=POST path=/api/transcriptions status=200 durationMs=617
[pod/gateway-8689985fc9-t5bnw/gateway] 2026-10-05T15:49:31.525+00:00 INFO  http.request requestId=be7aeed8-0d4b-4366-847a-3edf5cf1247a role=api pod=gateway-8689985fc9-t5bnw method=POST path=/api/transcriptions status=200 durationMs=815
[pod/gateway-8689985fc9-t5bnw/gateway] 2026-10-05T15:49:31.525+00:00 INFO  http.request requestId=4a946527-80a4-49eb-9973-ae9f6feb580d role=api pod=gateway-8689985fc9-t5bnw method=POST path=/api/translations status=200 durationMs=471
[pod/gateway-8689985fc9-t5bnw/gateway] 2026-10-05T15:49:31.526+00:00 INFO  http.request requestId=1de9aa36-a8f0-42b9-80a3-8f7a6969eade role=api pod=gateway-8689985fc9-t5bnw method=POST path=/api/transcriptions status=200 durationMs=696
[pod/gateway-8689985fc9-t5bnw/gateway] 2026-10-05T15:49:31.545+00:00 INFO  http.request requestId=2408732b-e9f4-4a8c-b194-d57335d2f256 role=api pod=gateway-8689985fc9-t5bnw method=POST path=/api/translations status=200 durationMs=558
[pod/gateway-8689985fc9-t5bnw/gateway] 2026-10-05T15:49:31.564+00:00 INFO  http.request requestId=009d303b-6954-49dc-8412-9b149020ad3f role=api pod=gateway-8689985fc9-t5bnw method=POST path=/api/translations status=200 durationMs=578
[pod/gateway-8689985fc9-t5bnw/gateway] 2026-10-05T15:49:31.565+00:00 INFO  http.request requestId=c93eccc1-ac9e-45b0-937a-a22a4f1ce677 role=api pod=gateway-8689985fc9-t5bnw method=POST path=/api/transcriptions status=200 durationMs=690
[pod/gateway-8689985fc9-t5bnw/gateway] 2026-10-05T15:49:31.565+00:00 INFO  http.request requestId=4a02fef9-9681-497d-a65a-4c5c41af6202 role=api pod=gateway-8689985fc9-t5bnw method=POST path=/api/transcriptions status=200 durationMs=811
[pod/gateway-8689985fc9-t5bnw/gateway] 2026-10-05T15:49:31.591+00:00 INFO  http.request requestId=c4007fd8-6768-4fe0-a30b-26538fcfae01 role=api pod=gateway-8689985fc9-t5bnw method=POST path=/api/translations status=200 durationMs=534
[pod/gateway-8689985fc9-t5bnw/gateway] 2026-10-05T15:49:31.599+00:00 INFO  http.request requestId=1c53e1d3-c9c4-4b00-9e22-82755c4ab433 role=api pod=gateway-8689985fc9-t5bnw method=POST path=/api/translations status=200 durationMs=558
[pod/gateway-8689985fc9-t5bnw/gateway] 2026-10-05T15:49:31.605+00:00 INFO  http.request requestId=2955114f-da30-4af9-8d24-f3ba1979de23 role=api pod=gateway-8689985fc9-t5bnw method=POST path=/api/translations status=200 durationMs=535
[pod/gateway-8689985fc9-t5bnw/gateway] 2026-10-05T15:49:31.610+00:00 INFO  http.request requestId=2a748d60-b7d3-4832-964d-47c59f7dfea6 role=api pod=gateway-8689985fc9-t5bnw method=POST path=/api/transcriptions status=200 durationMs=720
[pod/gateway-8689985fc9-t5bnw/gateway] 2026-10-05T15:49:31.619+00:00 INFO  http.request requestId=638bf7ec-f325-49e5-b7b8-07fa3b02c37f role=api pod=gateway-8689985fc9-t5bnw method=POST path=/api/transcriptions status=200 durationMs=625
[pod/gateway-8689985fc9-t5bnw/gateway] 2026-10-05T15:49:31.620+00:00 INFO  http.request requestId=7860b959-71cc-4605-bbdd-8ff982d18a22 role=api pod=gateway-8689985fc9-t5bnw method=POST path=/api/translations status=200 durationMs=571
[pod/gateway-8689985fc9-t5bnw/gateway] 2026-10-05T15:49:31.633+00:00 INFO  http.request requestId=be04e528-3004-4aa7-af45-9a5c47b636ba role=api pod=gateway-8689985fc9-t5bnw method=POST path=/api/translations status=200 durationMs=578
[pod/gateway-8689985fc9-t5bnw/gateway] 2026-10-05T15:49:31.674+00:00 INFO  http.request requestId=33b973fa-c26f-42bf-a31b-23564f84227e role=api pod=gateway-8689985fc9-t5bnw method=POST path=/api/translations status=200 durationMs=529
[pod/gateway-8689985fc9-t5bnw/gateway] 2026-10-05T15:49:31.675+00:00 INFO  http.request requestId=4c18cb66-50e7-4baa-8ef3-58472d97e8a3 role=api pod=gateway-8689985fc9-t5bnw method=POST path=/api/translations status=200 durationMs=598
[pod/gateway-8689985fc9-t5bnw/gateway] 2026-10-05T15:49:31.694+00:00 INFO  http.request requestId=f4f37a32-ae28-425e-ad2b-52ea065b35a9 role=api pod=gateway-8689985fc9-t5bnw method=POST path=/api/transcriptions status=200 durationMs=833
[pod/gateway-8689985fc9-t5bnw/gateway] 2026-10-05T15:49:31.696+00:00 INFO  http.request requestId=0e28e6ba-9d51-49f8-9dbb-792278c9bbf5 role=api pod=gateway-8689985fc9-t5bnw method=POST path=/api/transcriptions status=200 durationMs=762
[pod/gateway-8689985fc9-gpd27/gateway] 2026-10-05T15:49:31.831+00:00 WARN  http.request requestId=a792dec0-f6a9-439b-93c2-bac14bdb99a0 role=api pod=gateway-8689985fc9-gpd27 method=GET path=/readyz status=503 durationMs=0
[pod/gateway-8689985fc9-t5bnw/gateway] 2026-10-05T15:49:31.713+00:00 INFO  http.request requestId=71a04c34-56e2-452e-b43f-9ce2d0c33f1a role=api pod=gateway-8689985fc9-t5bnw method=POST path=/api/translations status=200 durationMs=493
[pod/gateway-8689985fc9-t5bnw/gateway] 2026-10-05T15:49:31.724+00:00 INFO  http.request requestId=2adabc35-24f2-4bac-91a0-beec1819e728 role=api pod=gateway-8689985fc9-t5bnw method=POST path=/api/transcriptions status=200 durationMs=804
[pod/gateway-8689985fc9-t5bnw/gateway] 2026-10-05T15:49:31.753+00:00 INFO  http.request requestId=e89d9439-9e5a-4d87-a93d-782cd976b63b role=api pod=gateway-8689985fc9-t5bnw method=POST path=/api/transcriptions status=200 durationMs=653
[pod/gateway-8689985fc9-t5bnw/gateway] 2026-10-05T15:49:31.767+00:00 INFO  http.request requestId=a287e86c-ba0f-4b94-baa4-0bb1a25f968b role=api pod=gateway-8689985fc9-t5bnw method=POST path=/api/transcriptions status=200 durationMs=801
[pod/gateway-8689985fc9-t5bnw/gateway] 2026-10-05T15:49:31.781+00:00 INFO  http.request requestId=997ebe2e-70f0-40ab-bf2b-51f9657647e3 role=api pod=gateway-8689985fc9-t5bnw method=POST path=/api/transcriptions status=200 durationMs=711
[pod/gateway-8689985fc9-t5bnw/gateway] 2026-10-05T15:49:31.795+00:00 INFO  http.request requestId=204d6058-d3fa-4bc3-a1b0-ab51ec2a6f75 role=api pod=gateway-8689985fc9-t5bnw method=POST path=/api/transcriptions status=200 durationMs=813
[pod/gateway-8689985fc9-t5bnw/gateway] 2026-10-05T15:49:31.819+00:00 INFO  http.request requestId=ecb789b0-b4ca-4a40-a5a5-6d4b50fe7e81 role=api pod=gateway-8689985fc9-t5bnw method=POST path=/api/transcriptions status=200 durationMs=777
[pod/gateway-8689985fc9-t5bnw/gateway] 2026-10-05T15:49:31.858+00:00 INFO  http.request requestId=9528432c-dfbe-4ccb-9221-09a876e29593 role=api pod=gateway-8689985fc9-t5bnw method=POST path=/api/transcriptions status=200 durationMs=848
[pod/gateway-8689985fc9-t5bnw/gateway] 2026-10-05T15:49:31.930+00:00 INFO  http.request requestId=b267c26a-10ac-4b8c-8d6e-55829fa71a28 role=api pod=gateway-8689985fc9-t5bnw method=POST path=/api/transcriptions status=200 durationMs=905
[pod/gateway-8689985fc9-t5bnw/gateway] 2026-10-05T15:49:31.939+00:00 INFO  http.request requestId=6f77e954-e72a-402a-a058-77717c6e6a46 role=api pod=gateway-8689985fc9-t5bnw method=POST path=/api/transcriptions status=200 durationMs=824
[pod/gateway-8689985fc9-t5bnw/gateway] 2026-10-05T15:49:31.946+00:00 INFO  http.request requestId=375f735c-f9ab-4801-ab7f-fa0a27bbb6b3 role=api pod=gateway-8689985fc9-t5bnw method=POST path=/api/transcriptions status=200 durationMs=891
[pod/gateway-8689985fc9-t5bnw/gateway] 2026-10-05T15:49:32.036+00:00 INFO  http.request requestId=69674004-b2f2-4835-b4f6-0a6e2ad98faf role=api pod=gateway-8689985fc9-t5bnw method=POST path=/api/translations status=200 durationMs=469
[pod/gateway-8689985fc9-t5bnw/gateway] 2026-10-05T15:49:32.071+00:00 INFO  http.request requestId=09e8c41e-394e-4b08-85c1-40bfd2fb30af role=api pod=gateway-8689985fc9-t5bnw method=POST path=/api/translations status=200 durationMs=549
[pod/gateway-8689985fc9-t5bnw/gateway] 2026-10-05T15:49:32.191+00:00 WARN  http.request requestId=4e321e08-bca1-4d5f-8c6f-d1b8c281c201 role=api pod=gateway-8689985fc9-t5bnw method=GET path=/readyz status=503 durationMs=0
[pod/gateway-8689985fc9-gpd27/gateway] 2026-10-05T15:49:32.830+00:00 WARN  http.request requestId=60ea43c8-ad80-4aa5-92b1-f5abc3a18151 role=api pod=gateway-8689985fc9-gpd27 method=GET path=/readyz status=503 durationMs=0
[pod/gateway-8689985fc9-gpd27/gateway] 2026-10-05T15:49:33.151+00:00 INFO  gateway.shutdown role=api pod=gateway-8689985fc9-gpd27 graceMs=15000 activeJob=false
[pod/gateway-8689985fc9-t5bnw/gateway] 2026-10-05T15:49:33.190+00:00 WARN  http.request requestId=350bc21d-228f-44b0-9383-35d0f7041558 role=api pod=gateway-8689985fc9-t5bnw method=GET path=/readyz status=503 durationMs=0
[pod/gateway-8689985fc9-gpd27/gateway] 2026-10-05T15:49:33.299+00:00 INFO  http.request requestId=64fc2b44-dce3-40f3-a769-8ebb838f1d2f role=api pod=gateway-8689985fc9-gpd27 method=POST path=/api/transcriptions status=200 durationMs=12010
[pod/gateway-8689985fc9-t5bnw/gateway] 2026-10-05T15:49:34.190+00:00 WARN  http.request requestId=9eb7ecbc-41b0-4f42-bdca-881e20afc420 role=api pod=gateway-8689985fc9-t5bnw method=GET path=/readyz status=503 durationMs=1
[pod/gateway-8689985fc9-t5bnw/gateway] 2026-10-05T15:49:35.191+00:00 WARN  http.request requestId=04f52a49-4932-4d95-a21c-4c2bd4738f18 role=api pod=gateway-8689985fc9-t5bnw method=GET path=/readyz status=503 durationMs=0
[pod/gateway-8689985fc9-t5bnw/gateway] 2026-10-05T15:49:36.194+00:00 WARN  http.request requestId=a27705b6-f38f-4846-b0c4-b39215fd299c role=api pod=gateway-8689985fc9-t5bnw method=GET path=/readyz status=503 durationMs=1
[pod/gateway-8689985fc9-t5bnw/gateway] 2026-10-05T15:49:37.190+00:00 WARN  http.request requestId=33a0055e-20dd-4563-92e9-dc5867402626 role=api pod=gateway-8689985fc9-t5bnw method=GET path=/readyz status=503 durationMs=0
[pod/gateway-8689985fc9-t5bnw/gateway] 2026-10-05T15:49:37.798+00:00 INFO  http.request requestId=59090448-9e03-43b3-8e70-0d1634aed09f role=api pod=gateway-8689985fc9-t5bnw method=POST path=/api/transcriptions status=200 durationMs=12008
[pod/gateway-8689985fc9-t5bnw/gateway] 2026-10-05T15:49:38.191+00:00 WARN  http.request requestId=2dd394ea-df53-48fa-b0e4-cf5d512e0d08 role=api pod=gateway-8689985fc9-t5bnw method=GET path=/readyz status=503 durationMs=0
[pod/gateway-8689985fc9-t5bnw/gateway] 2026-10-05T15:49:39.191+00:00 WARN  http.request requestId=36bfe73e-c019-433d-aee2-383757f91ea2 role=api pod=gateway-8689985fc9-t5bnw method=GET path=/readyz status=503 durationMs=0
[pod/gateway-8689985fc9-t5bnw/gateway] 2026-10-05T15:49:40.190+00:00 WARN  http.request requestId=8b39ee75-bc6b-4b0d-8696-722b912a0ea3 role=api pod=gateway-8689985fc9-t5bnw method=GET path=/readyz status=503 durationMs=0
[pod/gateway-8689985fc9-t5bnw/gateway] 2026-10-05T15:49:41.125+00:00 INFO  gateway.shutdown role=api pod=gateway-8689985fc9-t5bnw graceMs=15000 activeJob=false
[pod/gateway-8689985fc9-t5bnw/gateway] 2026-10-05T15:49:42.297+00:00 INFO  http.request requestId=cd52a923-4a98-4889-a0bb-4c514cfae9fd role=api pod=gateway-8689985fc9-t5bnw method=POST path=/api/transcriptions status=200 durationMs=12007
