2026-10-05T14:40:02Z
NAME                CPU(cores)   CPU(%)   MEMORY(bytes)   MEMORY(%)   
colima-s2t-stress   3530m        58%      1497Mi          15%         
NAME                           CPU(cores)   MEMORY(bytes)   
audio-worker-d76f954bc-n56fh   4m           38Mi            
etcd-9cf796568-ltvpl           4m           12Mi            
gateway-7d77cf5fc6-94vkc       380m         39Mi            
gateway-7d77cf5fc6-m5sch       376m         40Mi            
load-client                    4m           7Mi             
milvus-6448ff498f-6x4v5        27m          100Mi           
minio-76786f845d-jfz9r         6m           59Mi            
mock-models-8658f56dd7-zddbw   1m           8Mi             
postgres-669f66469b-vc2rg      3m           82Mi            
redis-0                        7m           3Mi             
redis-1                        8m           3Mi             
redis-2                        7m           3Mi             
sentinel-0                     8m           3Mi             
sentinel-1                     8m           3Mi             
sentinel-2                     7m           3Mi             
2026-10-05T14:40:12Z
NAME                CPU(cores)   CPU(%)   MEMORY(bytes)   MEMORY(%)   
colima-s2t-stress   1470m        24%      1457Mi          14%         
NAME                           CPU(cores)   MEMORY(bytes)   
audio-worker-d76f954bc-n56fh   3m           38Mi            
etcd-9cf796568-ltvpl           4m           12Mi            
gateway-7d77cf5fc6-94vkc       3m           40Mi            
gateway-7d77cf5fc6-m5sch       3m           40Mi            
load-client                    6m           7Mi             
milvus-6448ff498f-6x4v5        24m          103Mi           
minio-76786f845d-jfz9r         1m           59Mi            
mock-models-8658f56dd7-zddbw   1m           8Mi             
postgres-669f66469b-vc2rg      1m           81Mi            
redis-0                        7m           3Mi             
redis-1                        7m           3Mi             
redis-2                        8m           3Mi             
sentinel-0                     8m           3Mi             
sentinel-1                     7m           3Mi             
sentinel-2                     7m           3Mi             
2026-10-05T14:40:22Z
NAME                CPU(cores)   CPU(%)   MEMORY(bytes)   MEMORY(%)   
colima-s2t-stress   1470m        24%      1457Mi          14%         
NAME                           CPU(cores)   MEMORY(bytes)   
audio-worker-d76f954bc-n56fh   3m           38Mi            
etcd-9cf796568-ltvpl           4m           12Mi            
gateway-7d77cf5fc6-94vkc       3m           40Mi            
gateway-7d77cf5fc6-m5sch       3m           40Mi            
load-client                    6m           7Mi             
milvus-6448ff498f-6x4v5        24m          103Mi           
minio-76786f845d-jfz9r         1m           59Mi            
mock-models-8658f56dd7-zddbw   1m           8Mi             
postgres-669f66469b-vc2rg      1m           81Mi            
redis-0                        7m           3Mi             
redis-1                        7m           3Mi             
redis-2                        8m           3Mi             
sentinel-0                     8m           3Mi             
sentinel-1                     7m           3Mi             
sentinel-2                     7m           3Mi             
2026-10-05T14:40:32Z
NAME                CPU(cores)   CPU(%)   MEMORY(bytes)   MEMORY(%)   
colima-s2t-stress   1422m        23%      1453Mi          14%         
NAME                           CPU(cores)   MEMORY(bytes)   
audio-worker-d76f954bc-n56fh   3m           38Mi            
etcd-9cf796568-ltvpl           4m           12Mi            
gateway-7d77cf5fc6-94vkc       6m           40Mi            
gateway-7d77cf5fc6-m5sch       3m           40Mi            
load-client                    5m           22Mi            
milvus-6448ff498f-6x4v5        23m          93Mi            
minio-76786f845d-jfz9r         1m           59Mi            
mock-models-8658f56dd7-zddbw   1m           9Mi             
postgres-669f66469b-vc2rg      2m           76Mi            
redis-0                        7m           4Mi             
redis-1                        7m           4Mi             
redis-2                        7m           4Mi             
sentinel-0                     7m           3Mi             
sentinel-1                     7m           3Mi             
sentinel-2                     7m           3Mi             
2026-10-05T14:40:42Z
NAME                CPU(cores)   CPU(%)   MEMORY(bytes)   MEMORY(%)   
colima-s2t-stress   1983m        33%      1764Mi          17%         
NAME                           CPU(cores)   MEMORY(bytes)   
audio-worker-d76f954bc-n56fh   15m          41Mi            
etcd-9cf796568-ltvpl           4m           12Mi            
gateway-7d77cf5fc6-94vkc       189m         64Mi            
gateway-7d77cf5fc6-m5sch       152m         62Mi            
load-client                    131m         47Mi            
milvus-6448ff498f-6x4v5        24m          93Mi            
minio-76786f845d-jfz9r         116m         311Mi           
mock-models-8658f56dd7-zddbw   10m          14Mi            
postgres-669f66469b-vc2rg      103m         108Mi           
redis-0                        12m          4Mi             
redis-1                        10m          4Mi             
redis-2                        10m          4Mi             
sentinel-0                     8m           3Mi             
sentinel-1                     7m           3Mi             
sentinel-2                     7m           3Mi             
2026-10-05T14:40:52Z
NAME                CPU(cores)   CPU(%)   MEMORY(bytes)   MEMORY(%)   
colima-s2t-stress   1983m        33%      1764Mi          17%         
NAME                           CPU(cores)   MEMORY(bytes)   
audio-worker-d76f954bc-n56fh   15m          41Mi            
etcd-9cf796568-ltvpl           4m           12Mi            
gateway-7d77cf5fc6-94vkc       189m         64Mi            
gateway-7d77cf5fc6-m5sch       152m         62Mi            
load-client                    131m         47Mi            
milvus-6448ff498f-6x4v5        24m          93Mi            
minio-76786f845d-jfz9r         116m         311Mi           
mock-models-8658f56dd7-zddbw   10m          14Mi            
postgres-669f66469b-vc2rg      103m         108Mi           
redis-0                        12m          4Mi             
redis-1                        10m          4Mi             
redis-2                        10m          4Mi             
sentinel-0                     8m           3Mi             
sentinel-1                     7m           3Mi             
sentinel-2                     7m           3Mi             
2026-10-05T14:41:03Z
NAME                CPU(cores)   CPU(%)   MEMORY(bytes)   MEMORY(%)   
colima-s2t-stress   1563m        26%      1771Mi          17%         
NAME                           CPU(cores)   MEMORY(bytes)   
audio-worker-d76f954bc-n56fh   6m           44Mi            
etcd-9cf796568-ltvpl           5m           12Mi            
gateway-7d77cf5fc6-94vkc       50m          66Mi            
gateway-7d77cf5fc6-m5sch       17m          64Mi            
load-client                    20m          55Mi            
milvus-6448ff498f-6x4v5        22m          93Mi            
minio-76786f845d-jfz9r         15m          313Mi           
mock-models-8658f56dd7-zddbw   9m           15Mi            
postgres-669f66469b-vc2rg      20m          109Mi           
redis-0                        12m          4Mi             
redis-1                        10m          4Mi             
redis-2                        10m          4Mi             
sentinel-0                     8m           3Mi             
sentinel-1                     7m           3Mi             
sentinel-2                     7m           3Mi             
2026-10-05T14:41:13Z
NAME                CPU(cores)   CPU(%)   MEMORY(bytes)   MEMORY(%)   
colima-s2t-stress   1521m        25%      1718Mi          17%         
NAME                           CPU(cores)   MEMORY(bytes)   
audio-worker-d76f954bc-n56fh   7m           47Mi            
etcd-9cf796568-ltvpl           4m           12Mi            
gateway-7d77cf5fc6-94vkc       4m           66Mi            
gateway-7d77cf5fc6-m5sch       3m           65Mi            
load-client                    1m           7Mi             
milvus-6448ff498f-6x4v5        23m          93Mi            
minio-76786f845d-jfz9r         2m           313Mi           
mock-models-8658f56dd7-zddbw   1m           15Mi            
postgres-669f66469b-vc2rg      4m           82Mi            
redis-0                        7m           4Mi             
redis-1                        7m           4Mi             
redis-2                        7m           4Mi             
sentinel-0                     7m           3Mi             
sentinel-1                     7m           3Mi             
sentinel-2                     7m           3Mi             
2026-10-05T14:41:23Z
NAME                CPU(cores)   CPU(%)   MEMORY(bytes)   MEMORY(%)   
colima-s2t-stress   1521m        25%      1718Mi          17%         
NAME                           CPU(cores)   MEMORY(bytes)   
audio-worker-d76f954bc-n56fh   7m           47Mi            
etcd-9cf796568-ltvpl           4m           12Mi            
gateway-7d77cf5fc6-94vkc       4m           66Mi            
gateway-7d77cf5fc6-m5sch       3m           65Mi            
load-client                    1m           7Mi             
milvus-6448ff498f-6x4v5        23m          93Mi            
minio-76786f845d-jfz9r         2m           313Mi           
mock-models-8658f56dd7-zddbw   1m           15Mi            
postgres-669f66469b-vc2rg      4m           82Mi            
redis-0                        7m           4Mi             
redis-1                        7m           4Mi             
redis-2                        7m           4Mi             
sentinel-0                     7m           3Mi             
sentinel-1                     7m           3Mi             
sentinel-2                     7m           3Mi             
2026-10-05T14:41:33Z
NAME                CPU(cores)   CPU(%)   MEMORY(bytes)   MEMORY(%)   
colima-s2t-stress   2151m        35%      1798Mi          18%         
NAME                           CPU(cores)   MEMORY(bytes)   
audio-worker-d76f954bc-n56fh   8m           47Mi            
etcd-9cf796568-ltvpl           5m           12Mi            
gateway-7d77cf5fc6-94vkc       291m         69Mi            
gateway-7d77cf5fc6-m5sch       251m         69Mi            
load-client                    146m         58Mi            
milvus-6448ff498f-6x4v5        24m          93Mi            
minio-76786f845d-jfz9r         2m           313Mi           
mock-models-8658f56dd7-zddbw   52m          42Mi            
postgres-669f66469b-vc2rg      148m         95Mi            
redis-0                        45m          5Mi             
redis-1                        28m          5Mi             
redis-2                        29m          5Mi             
sentinel-0                     9m           3Mi             
sentinel-1                     7m           3Mi             
sentinel-2                     7m           3Mi             
2026-10-05T14:41:43Z
NAME                CPU(cores)   CPU(%)   MEMORY(bytes)   MEMORY(%)   
colima-s2t-stress   2475m        41%      1880Mi          18%         
NAME                           CPU(cores)   MEMORY(bytes)   
audio-worker-d76f954bc-n56fh   7m           47Mi            
etcd-9cf796568-ltvpl           5m           12Mi            
gateway-7d77cf5fc6-94vkc       320m         74Mi            
gateway-7d77cf5fc6-m5sch       261m         73Mi            
load-client                    163m         97Mi            
milvus-6448ff498f-6x4v5        26m          93Mi            
minio-76786f845d-jfz9r         2m           313Mi           
mock-models-8658f56dd7-zddbw   50m          40Mi            
postgres-669f66469b-vc2rg      176m         127Mi           
redis-0                        46m          6Mi             
redis-1                        28m          6Mi             
redis-2                        30m          6Mi             
sentinel-0                     8m           3Mi             
sentinel-1                     7m           3Mi             
sentinel-2                     7m           3Mi             
2026-10-05T14:41:53Z
NAME                CPU(cores)   CPU(%)   MEMORY(bytes)   MEMORY(%)   
colima-s2t-stress   2744m        45%      1899Mi          19%         
NAME                           CPU(cores)   MEMORY(bytes)   
audio-worker-d76f954bc-n56fh   8m           48Mi            
etcd-9cf796568-ltvpl           5m           12Mi            
gateway-7d77cf5fc6-94vkc       334m         77Mi            
gateway-7d77cf5fc6-m5sch       284m         74Mi            
load-client                    176m         104Mi           
milvus-6448ff498f-6x4v5        27m          93Mi            
minio-76786f845d-jfz9r         6m           313Mi           
mock-models-8658f56dd7-zddbw   44m          39Mi            
postgres-669f66469b-vc2rg      219m         130Mi           
redis-0                        48m          6Mi             
redis-1                        30m          6Mi             
redis-2                        31m          6Mi             
sentinel-0                     8m           3Mi             
sentinel-1                     7m           3Mi             
sentinel-2                     7m           3Mi             
2026-10-05T14:42:03Z
NAME                CPU(cores)   CPU(%)   MEMORY(bytes)   MEMORY(%)   
colima-s2t-stress   2744m        45%      1899Mi          19%         
NAME                           CPU(cores)   MEMORY(bytes)   
audio-worker-d76f954bc-n56fh   8m           48Mi            
etcd-9cf796568-ltvpl           5m           12Mi            
gateway-7d77cf5fc6-94vkc       334m         77Mi            
gateway-7d77cf5fc6-m5sch       284m         74Mi            
load-client                    176m         104Mi           
milvus-6448ff498f-6x4v5        27m          93Mi            
minio-76786f845d-jfz9r         6m           313Mi           
mock-models-8658f56dd7-zddbw   44m          39Mi            
postgres-669f66469b-vc2rg      219m         130Mi           
redis-0                        48m          6Mi             
redis-1                        30m          6Mi             
redis-2                        31m          6Mi             
sentinel-0                     8m           3Mi             
sentinel-1                     7m           3Mi             
sentinel-2                     7m           3Mi             
2026-10-05T14:42:13Z
NAME                CPU(cores)   CPU(%)   MEMORY(bytes)   MEMORY(%)   
colima-s2t-stress   2601m        43%      1901Mi          19%         
NAME                           CPU(cores)   MEMORY(bytes)   
audio-worker-d76f954bc-n56fh   6m           50Mi            
etcd-9cf796568-ltvpl           5m           12Mi            
gateway-7d77cf5fc6-94vkc       305m         79Mi            
gateway-7d77cf5fc6-m5sch       278m         76Mi            
load-client                    153m         107Mi           
milvus-6448ff498f-6x4v5        27m          93Mi            
minio-76786f845d-jfz9r         2m           313Mi           
mock-models-8658f56dd7-zddbw   41m          41Mi            
postgres-669f66469b-vc2rg      194m         133Mi           
redis-0                        45m          7Mi             
redis-1                        30m          7Mi             
redis-2                        30m          7Mi             
sentinel-0                     8m           3Mi             
sentinel-1                     7m           3Mi             
sentinel-2                     7m           3Mi             
2026-10-05T14:42:24Z
NAME                CPU(cores)   CPU(%)   MEMORY(bytes)   MEMORY(%)   
colima-s2t-stress   2507m        41%      1910Mi          19%         
NAME                           CPU(cores)   MEMORY(bytes)   
audio-worker-d76f954bc-n56fh   8m           52Mi            
etcd-9cf796568-ltvpl           5m           12Mi            
gateway-7d77cf5fc6-94vkc       304m         79Mi            
gateway-7d77cf5fc6-m5sch       263m         76Mi            
load-client                    146m         108Mi           
milvus-6448ff498f-6x4v5        24m          93Mi            
minio-76786f845d-jfz9r         2m           313Mi           
mock-models-8658f56dd7-zddbw   38m          42Mi            
postgres-669f66469b-vc2rg      191m         135Mi           
redis-0                        45m          6Mi             
redis-1                        30m          7Mi             
redis-2                        30m          7Mi             
sentinel-0                     8m           3Mi             
sentinel-1                     7m           3Mi             
sentinel-2                     7m           3Mi             
2026-10-05T14:42:34Z
NAME                CPU(cores)   CPU(%)   MEMORY(bytes)   MEMORY(%)   
colima-s2t-stress   2507m        41%      1910Mi          19%         
NAME                           CPU(cores)   MEMORY(bytes)   
audio-worker-d76f954bc-n56fh   8m           52Mi            
etcd-9cf796568-ltvpl           5m           12Mi            
gateway-7d77cf5fc6-94vkc       304m         79Mi            
gateway-7d77cf5fc6-m5sch       263m         76Mi            
load-client                    146m         108Mi           
milvus-6448ff498f-6x4v5        24m          93Mi            
minio-76786f845d-jfz9r         2m           313Mi           
mock-models-8658f56dd7-zddbw   38m          42Mi            
postgres-669f66469b-vc2rg      191m         135Mi           
redis-0                        45m          6Mi             
redis-1                        30m          7Mi             
redis-2                        30m          7Mi             
sentinel-0                     8m           3Mi             
sentinel-1                     7m           3Mi             
sentinel-2                     7m           3Mi             
2026-10-05T14:42:44Z
NAME                CPU(cores)   CPU(%)   MEMORY(bytes)   MEMORY(%)   
colima-s2t-stress   2521m        42%      1773Mi          17%         
NAME                           CPU(cores)   MEMORY(bytes)   
audio-worker-d76f954bc-n56fh   6m           52Mi            
etcd-9cf796568-ltvpl           5m           12Mi            
gateway-7d77cf5fc6-94vkc       294m         77Mi            
gateway-7d77cf5fc6-m5sch       253m         76Mi            
load-client                    138m         108Mi           
milvus-6448ff498f-6x4v5        24m          93Mi            
minio-76786f845d-jfz9r         6m           171Mi           
mock-models-8658f56dd7-zddbw   39m          43Mi            
postgres-669f66469b-vc2rg      191m         137Mi           
redis-0                        45m          7Mi             
redis-1                        29m          7Mi             
redis-2                        30m          7Mi             
sentinel-0                     8m           3Mi             
sentinel-1                     7m           3Mi             
sentinel-2                     7m           3Mi             
2026-10-05T14:42:54Z
NAME                CPU(cores)   CPU(%)   MEMORY(bytes)   MEMORY(%)   
colima-s2t-stress   2551m        42%      1777Mi          17%         
NAME                           CPU(cores)   MEMORY(bytes)   
audio-worker-d76f954bc-n56fh   7m           52Mi            
etcd-9cf796568-ltvpl           6m           12Mi            
gateway-7d77cf5fc6-94vkc       308m         78Mi            
gateway-7d77cf5fc6-m5sch       272m         74Mi            
load-client                    140m         109Mi           
milvus-6448ff498f-6x4v5        30m          97Mi            
minio-76786f845d-jfz9r         7m           166Mi           
mock-models-8658f56dd7-zddbw   42m          48Mi            
postgres-669f66469b-vc2rg      242m         140Mi           
redis-0                        46m          6Mi             
redis-1                        30m          7Mi             
redis-2                        31m          7Mi             
sentinel-0                     9m           3Mi             
sentinel-1                     7m           3Mi             
sentinel-2                     8m           3Mi             
2026-10-05T14:43:04Z
NAME                CPU(cores)   CPU(%)   MEMORY(bytes)   MEMORY(%)   
colima-s2t-stress   2551m        42%      1777Mi          17%         
NAME                           CPU(cores)   MEMORY(bytes)   
audio-worker-d76f954bc-n56fh   7m           52Mi            
etcd-9cf796568-ltvpl           6m           12Mi            
gateway-7d77cf5fc6-94vkc       308m         78Mi            
gateway-7d77cf5fc6-m5sch       272m         74Mi            
load-client                    140m         109Mi           
milvus-6448ff498f-6x4v5        30m          97Mi            
minio-76786f845d-jfz9r         7m           166Mi           
mock-models-8658f56dd7-zddbw   42m          48Mi            
postgres-669f66469b-vc2rg      242m         140Mi           
redis-0                        46m          6Mi             
redis-1                        30m          7Mi             
redis-2                        31m          7Mi             
sentinel-0                     9m           3Mi             
sentinel-1                     7m           3Mi             
sentinel-2                     8m           3Mi             
2026-10-05T14:43:14Z
NAME                CPU(cores)   CPU(%)   MEMORY(bytes)   MEMORY(%)   
colima-s2t-stress   2608m        43%      1795Mi          18%         
NAME                           CPU(cores)   MEMORY(bytes)   
audio-worker-d76f954bc-n56fh   5m           52Mi            
etcd-9cf796568-ltvpl           5m           12Mi            
gateway-7d77cf5fc6-94vkc       296m         78Mi            
gateway-7d77cf5fc6-m5sch       258m         75Mi            
load-client                    136m         110Mi           
milvus-6448ff498f-6x4v5        26m          97Mi            
minio-76786f845d-jfz9r         2m           166Mi           
mock-models-8658f56dd7-zddbw   40m          42Mi            
postgres-669f66469b-vc2rg      191m         159Mi           
redis-0                        45m          7Mi             
redis-1                        30m          7Mi             
redis-2                        31m          6Mi             
sentinel-0                     8m           3Mi             
sentinel-1                     8m           3Mi             
sentinel-2                     7m           3Mi             
2026-10-05T14:43:24Z
NAME                CPU(cores)   CPU(%)   MEMORY(bytes)   MEMORY(%)   
colima-s2t-stress   2504m        41%      1792Mi          18%         
NAME                           CPU(cores)   MEMORY(bytes)   
audio-worker-d76f954bc-n56fh   6m           52Mi            
etcd-9cf796568-ltvpl           5m           12Mi            
gateway-7d77cf5fc6-94vkc       291m         78Mi            
gateway-7d77cf5fc6-m5sch       250m         76Mi            
load-client                    158m         111Mi           
milvus-6448ff498f-6x4v5        25m          97Mi            
minio-76786f845d-jfz9r         2m           166Mi           
mock-models-8658f56dd7-zddbw   37m          42Mi            
postgres-669f66469b-vc2rg      189m         162Mi           
redis-0                        44m          7Mi             
redis-1                        29m          7Mi             
redis-2                        30m          6Mi             
sentinel-0                     8m           3Mi             
sentinel-1                     7m           3Mi             
sentinel-2                     7m           3Mi             
2026-10-05T14:43:35Z
NAME                CPU(cores)   CPU(%)   MEMORY(bytes)   MEMORY(%)   
colima-s2t-stress   2504m        41%      1792Mi          18%         
NAME                           CPU(cores)   MEMORY(bytes)   
audio-worker-d76f954bc-n56fh   6m           52Mi            
etcd-9cf796568-ltvpl           5m           12Mi            
gateway-7d77cf5fc6-94vkc       291m         78Mi            
gateway-7d77cf5fc6-m5sch       250m         76Mi            
load-client                    158m         111Mi           
milvus-6448ff498f-6x4v5        25m          97Mi            
minio-76786f845d-jfz9r         2m           166Mi           
mock-models-8658f56dd7-zddbw   37m          42Mi            
postgres-669f66469b-vc2rg      189m         162Mi           
redis-0                        44m          7Mi             
redis-1                        29m          7Mi             
redis-2                        30m          6Mi             
sentinel-0                     8m           3Mi             
sentinel-1                     7m           3Mi             
sentinel-2                     7m           3Mi             
2026-10-05T14:43:45Z
NAME                CPU(cores)   CPU(%)   MEMORY(bytes)   MEMORY(%)   
colima-s2t-stress   2489m        41%      1800Mi          18%         
NAME                           CPU(cores)   MEMORY(bytes)   
audio-worker-d76f954bc-n56fh   7m           53Mi            
etcd-9cf796568-ltvpl           5m           13Mi            
gateway-7d77cf5fc6-94vkc       300m         78Mi            
gateway-7d77cf5fc6-m5sch       252m         76Mi            
load-client                    138m         112Mi           
milvus-6448ff498f-6x4v5        26m          97Mi            
minio-76786f845d-jfz9r         2m           167Mi           
mock-models-8658f56dd7-zddbw   37m          44Mi            
postgres-669f66469b-vc2rg      199m         163Mi           
redis-0                        46m          7Mi             
redis-1                        30m          7Mi             
redis-2                        31m          6Mi             
sentinel-0                     8m           3Mi             
sentinel-1                     7m           3Mi             
sentinel-2                     7m           3Mi             
2026-10-05T14:43:55Z
NAME                CPU(cores)   CPU(%)   MEMORY(bytes)   MEMORY(%)   
colima-s2t-stress   2643m        44%      1801Mi          18%         
NAME                           CPU(cores)   MEMORY(bytes)   
audio-worker-d76f954bc-n56fh   5m           53Mi            
etcd-9cf796568-ltvpl           5m           13Mi            
gateway-7d77cf5fc6-94vkc       284m         78Mi            
gateway-7d77cf5fc6-m5sch       246m         77Mi            
load-client                    135m         63Mi            
milvus-6448ff498f-6x4v5        26m          97Mi            
minio-76786f845d-jfz9r         4m           169Mi           
mock-models-8658f56dd7-zddbw   39m          42Mi            
postgres-669f66469b-vc2rg      248m         166Mi           
redis-0                        45m          7Mi             
redis-1                        29m          6Mi             
redis-2                        30m          6Mi             
sentinel-0                     8m           3Mi             
sentinel-1                     7m           3Mi             
sentinel-2                     7m           3Mi             
2026-10-05T14:44:05Z
NAME                CPU(cores)   CPU(%)   MEMORY(bytes)   MEMORY(%)   
colima-s2t-stress   2643m        44%      1801Mi          18%         
NAME                           CPU(cores)   MEMORY(bytes)   
audio-worker-d76f954bc-n56fh   5m           53Mi            
etcd-9cf796568-ltvpl           5m           13Mi            
gateway-7d77cf5fc6-94vkc       284m         78Mi            
gateway-7d77cf5fc6-m5sch       246m         77Mi            
load-client                    135m         63Mi            
milvus-6448ff498f-6x4v5        26m          97Mi            
minio-76786f845d-jfz9r         4m           169Mi           
mock-models-8658f56dd7-zddbw   39m          42Mi            
postgres-669f66469b-vc2rg      248m         166Mi           
redis-0                        45m          7Mi             
redis-1                        29m          6Mi             
redis-2                        30m          6Mi             
sentinel-0                     8m           3Mi             
sentinel-1                     7m           3Mi             
sentinel-2                     7m           3Mi             
2026-10-05T14:44:15Z
NAME                CPU(cores)   CPU(%)   MEMORY(bytes)   MEMORY(%)   
colima-s2t-stress   2365m        39%      1760Mi          17%         
NAME                           CPU(cores)   MEMORY(bytes)   
audio-worker-d76f954bc-n56fh   3m           53Mi            
etcd-9cf796568-ltvpl           5m           13Mi            
gateway-7d77cf5fc6-94vkc       268m         78Mi            
gateway-7d77cf5fc6-m5sch       218m         76Mi            
load-client                    112m         63Mi            
milvus-6448ff498f-6x4v5        24m          97Mi            
minio-76786f845d-jfz9r         1m           169Mi           
mock-models-8658f56dd7-zddbw   36m          43Mi            
postgres-669f66469b-vc2rg      144m         169Mi           
redis-0                        43m          6Mi             
redis-1                        28m          6Mi             
redis-2                        30m          6Mi             
sentinel-0                     8m           3Mi             
sentinel-1                     7m           3Mi             
sentinel-2                     7m           3Mi             
2026-10-05T14:44:25Z
NAME                CPU(cores)   CPU(%)   MEMORY(bytes)   MEMORY(%)   
colima-s2t-stress   1876m        31%      1700Mi          17%         
NAME                           CPU(cores)   MEMORY(bytes)   
audio-worker-d76f954bc-n56fh   4m           53Mi            
etcd-9cf796568-ltvpl           5m           13Mi            
gateway-7d77cf5fc6-94vkc       55m          62Mi            
gateway-7d77cf5fc6-m5sch       45m          61Mi            
load-client                    21m          7Mi             
milvus-6448ff498f-6x4v5        25m          97Mi            
minio-76786f845d-jfz9r         1m           169Mi           
mock-models-8658f56dd7-zddbw   8m           43Mi            
postgres-669f66469b-vc2rg      31m          170Mi           
redis-0                        14m          6Mi             
redis-1                        11m          6Mi             
redis-2                        12m          6Mi             
sentinel-0                     8m           3Mi             
sentinel-1                     7m           3Mi             
sentinel-2                     7m           3Mi             
2026-10-05T14:44:35Z
NAME                CPU(cores)   CPU(%)   MEMORY(bytes)   MEMORY(%)   
colima-s2t-stress   1876m        31%      1700Mi          17%         
NAME                           CPU(cores)   MEMORY(bytes)   
audio-worker-d76f954bc-n56fh   4m           53Mi            
etcd-9cf796568-ltvpl           5m           13Mi            
gateway-7d77cf5fc6-94vkc       55m          62Mi            
gateway-7d77cf5fc6-m5sch       45m          61Mi            
load-client                    21m          7Mi             
milvus-6448ff498f-6x4v5        25m          97Mi            
minio-76786f845d-jfz9r         1m           169Mi           
mock-models-8658f56dd7-zddbw   8m           43Mi            
postgres-669f66469b-vc2rg      31m          170Mi           
redis-0                        14m          6Mi             
redis-1                        11m          6Mi             
redis-2                        12m          6Mi             
sentinel-0                     8m           3Mi             
sentinel-1                     7m           3Mi             
sentinel-2                     7m           3Mi             
2026-10-05T14:44:46Z
NAME                CPU(cores)   CPU(%)   MEMORY(bytes)   MEMORY(%)   
colima-s2t-stress   1477m        24%      1662Mi          16%         
NAME                           CPU(cores)   MEMORY(bytes)   
audio-worker-d76f954bc-n56fh   4m           53Mi            
etcd-9cf796568-ltvpl           5m           13Mi            
gateway-7d77cf5fc6-94vkc       4m           63Mi            
gateway-7d77cf5fc6-m5sch       4m           62Mi            
load-client                    5m           7Mi             
milvus-6448ff498f-6x4v5        23m          97Mi            
minio-76786f845d-jfz9r         6m           156Mi           
mock-models-8658f56dd7-zddbw   1m           43Mi            
postgres-669f66469b-vc2rg      15m          170Mi           
redis-0                        7m           6Mi             
redis-1                        7m           6Mi             
redis-2                        8m           6Mi             
sentinel-0                     8m           3Mi             
sentinel-1                     7m           3Mi             
sentinel-2                     7m           3Mi             
2026-10-05T14:44:56Z
NAME                CPU(cores)   CPU(%)   MEMORY(bytes)   MEMORY(%)   
colima-s2t-stress   1514m        25%      1655Mi          16%         
NAME                           CPU(cores)   MEMORY(bytes)   
audio-worker-d76f954bc-n56fh   3m           53Mi            
etcd-9cf796568-ltvpl           4m           13Mi            
gateway-7d77cf5fc6-94vkc       3m           64Mi            
gateway-7d77cf5fc6-m5sch       3m           62Mi            
load-client                    0m           7Mi             
milvus-6448ff498f-6x4v5        24m          97Mi            
minio-76786f845d-jfz9r         3m           156Mi           
mock-models-8658f56dd7-zddbw   1m           43Mi            
postgres-669f66469b-vc2rg      76m          159Mi           
redis-0                        7m           6Mi             
redis-1                        7m           6Mi             
redis-2                        7m           6Mi             
sentinel-0                     8m           3Mi             
sentinel-1                     7m           3Mi             
sentinel-2                     7m           3Mi             
2026-10-05T14:45:06Z
NAME                CPU(cores)   CPU(%)   MEMORY(bytes)   MEMORY(%)   
colima-s2t-stress   1514m        25%      1655Mi          16%         
NAME                           CPU(cores)   MEMORY(bytes)   
audio-worker-d76f954bc-n56fh   3m           53Mi            
etcd-9cf796568-ltvpl           4m           13Mi            
gateway-7d77cf5fc6-94vkc       3m           64Mi            
gateway-7d77cf5fc6-m5sch       3m           62Mi            
load-client                    0m           7Mi             
milvus-6448ff498f-6x4v5        24m          97Mi            
minio-76786f845d-jfz9r         3m           156Mi           
mock-models-8658f56dd7-zddbw   1m           43Mi            
postgres-669f66469b-vc2rg      76m          159Mi           
redis-0                        7m           6Mi             
redis-1                        7m           6Mi             
redis-2                        7m           6Mi             
sentinel-0                     8m           3Mi             
sentinel-1                     7m           3Mi             
sentinel-2                     7m           3Mi             
2026-10-05T14:45:16Z
NAME                CPU(cores)   CPU(%)   MEMORY(bytes)   MEMORY(%)   
colima-s2t-stress   3487m        58%      1865Mi          18%         
NAME                           CPU(cores)   MEMORY(bytes)   
audio-worker-d76f954bc-n56fh   4m           53Mi            
etcd-9cf796568-ltvpl           7m           13Mi            
gateway-7d77cf5fc6-94vkc       650m         89Mi            
gateway-7d77cf5fc6-m5sch       727m         89Mi            
load-client                    539m         73Mi            
milvus-6448ff498f-6x4v5        70m          117Mi           
minio-76786f845d-jfz9r         1m           156Mi           
mock-models-8658f56dd7-zddbw   40m          43Mi            
postgres-669f66469b-vc2rg      655m         197Mi           
redis-0                        87m          7Mi             
redis-1                        39m          8Mi             
redis-2                        41m          7Mi             
sentinel-0                     10m          3Mi             
sentinel-1                     9m           3Mi             
sentinel-2                     8m           3Mi             
2026-10-05T14:45:26Z
NAME                CPU(cores)   CPU(%)   MEMORY(bytes)   MEMORY(%)   
colima-s2t-stress   2479m        41%      1747Mi          17%         
NAME                           CPU(cores)   MEMORY(bytes)   
audio-worker-d76f954bc-n56fh   5m           53Mi            
etcd-9cf796568-ltvpl           5m           13Mi            
gateway-7d77cf5fc6-94vkc       92m          89Mi            
gateway-7d77cf5fc6-m5sch       74m          89Mi            
load-client                    49m          7Mi             
milvus-6448ff498f-6x4v5        31m          117Mi           
minio-76786f845d-jfz9r         2m           156Mi           
mock-models-8658f56dd7-zddbw   9m           44Mi            
postgres-669f66469b-vc2rg      78m          198Mi           
redis-0                        19m          7Mi             
redis-1                        13m          7Mi             
redis-2                        13m          7Mi             
sentinel-0                     9m           3Mi             
sentinel-1                     8m           3Mi             
sentinel-2                     7m           3Mi             
2026-10-05T14:45:36Z
NAME                CPU(cores)   CPU(%)   MEMORY(bytes)   MEMORY(%)   
colima-s2t-stress   1658m        27%      1765Mi          17%         
NAME                           CPU(cores)   MEMORY(bytes)   
audio-worker-d76f954bc-n56fh   14m          53Mi            
etcd-9cf796568-ltvpl           43m          13Mi            
gateway-7d77cf5fc6-94vkc       12m          89Mi            
gateway-7d77cf5fc6-m5sch       12m          89Mi            
load-client                    0m           7Mi             
milvus-6448ff498f-6x4v5        64m          133Mi           
minio-76786f845d-jfz9r         2m           156Mi           
mock-models-8658f56dd7-zddbw   3m           44Mi            
postgres-669f66469b-vc2rg      22m          198Mi           
redis-0                        43m          7Mi             
redis-1                        15m          7Mi             
redis-2                        15m          7Mi             
sentinel-0                     15m          3Mi             
sentinel-1                     16m          3Mi             
sentinel-2                     14m          3Mi             
2026-10-05T14:45:46Z
NAME                CPU(cores)   CPU(%)   MEMORY(bytes)   MEMORY(%)   
colima-s2t-stress   1658m        27%      1765Mi          17%         
NAME                           CPU(cores)   MEMORY(bytes)   
audio-worker-d76f954bc-n56fh   14m          53Mi            
etcd-9cf796568-ltvpl           43m          13Mi            
gateway-7d77cf5fc6-94vkc       12m          89Mi            
gateway-7d77cf5fc6-m5sch       12m          89Mi            
load-client                    0m           7Mi             
milvus-6448ff498f-6x4v5        64m          133Mi           
minio-76786f845d-jfz9r         2m           156Mi           
mock-models-8658f56dd7-zddbw   3m           44Mi            
postgres-669f66469b-vc2rg      22m          198Mi           
redis-0                        43m          7Mi             
redis-1                        15m          7Mi             
redis-2                        15m          7Mi             
sentinel-0                     15m          3Mi             
sentinel-1                     16m          3Mi             
sentinel-2                     14m          3Mi             
2026-10-05T14:45:57Z
NAME                CPU(cores)   CPU(%)   MEMORY(bytes)   MEMORY(%)   
colima-s2t-stress   1741m        29%      1751Mi          17%         
NAME                           CPU(cores)   MEMORY(bytes)   
audio-worker-d76f954bc-n56fh   4m           53Mi            
etcd-9cf796568-ltvpl           6m           13Mi            
gateway-7d77cf5fc6-94vkc       71m          89Mi            
gateway-7d77cf5fc6-m5sch       82m          90Mi            
load-client                    59m          60Mi            
milvus-6448ff498f-6x4v5        35m          150Mi           
minio-76786f845d-jfz9r         3m           156Mi           
mock-models-8658f56dd7-zddbw   12m          44Mi            
postgres-669f66469b-vc2rg      145m         182Mi           
redis-0                        19m          7Mi             
redis-1                        14m          7Mi             
redis-2                        14m          7Mi             
sentinel-0                     9m           3Mi             
sentinel-1                     8m           3Mi             
sentinel-2                     9m           3Mi             
2026-10-05T14:46:07Z
NAME                CPU(cores)   CPU(%)   MEMORY(bytes)   MEMORY(%)   
colima-s2t-stress   2683m        44%      1834Mi          18%         
NAME                           CPU(cores)   MEMORY(bytes)   
audio-worker-d76f954bc-n56fh   3m           54Mi            
etcd-9cf796568-ltvpl           8m           13Mi            
gateway-7d77cf5fc6-94vkc       297m         89Mi            
gateway-7d77cf5fc6-m5sch       361m         88Mi            
load-client                    170m         66Mi            
milvus-6448ff498f-6x4v5        32m          150Mi           
minio-76786f845d-jfz9r         1m           156Mi           
mock-models-8658f56dd7-zddbw   50m          45Mi            
postgres-669f66469b-vc2rg      196m         196Mi           
redis-0                        58m          8Mi             
redis-1                        33m          7Mi             
redis-2                        35m          7Mi             
sentinel-0                     9m           3Mi             
sentinel-1                     8m           3Mi             
sentinel-2                     8m           3Mi             
2026-10-05T14:46:17Z
NAME                CPU(cores)   CPU(%)   MEMORY(bytes)   MEMORY(%)   
colima-s2t-stress   2683m        44%      1834Mi          18%         
NAME                           CPU(cores)   MEMORY(bytes)   
audio-worker-d76f954bc-n56fh   3m           54Mi            
etcd-9cf796568-ltvpl           8m           13Mi            
gateway-7d77cf5fc6-94vkc       297m         89Mi            
gateway-7d77cf5fc6-m5sch       361m         88Mi            
load-client                    170m         66Mi            
milvus-6448ff498f-6x4v5        32m          150Mi           
minio-76786f845d-jfz9r         1m           156Mi           
mock-models-8658f56dd7-zddbw   50m          45Mi            
postgres-669f66469b-vc2rg      196m         196Mi           
redis-0                        58m          8Mi             
redis-1                        33m          7Mi             
redis-2                        35m          7Mi             
sentinel-0                     9m           3Mi             
sentinel-1                     8m           3Mi             
sentinel-2                     8m           3Mi             
2026-10-05T14:46:27Z
NAME                CPU(cores)   CPU(%)   MEMORY(bytes)   MEMORY(%)   
colima-s2t-stress   2536m        42%      1835Mi          18%         
NAME                           CPU(cores)   MEMORY(bytes)   
audio-worker-d76f954bc-n56fh   3m           54Mi            
etcd-9cf796568-ltvpl           5m           13Mi            
gateway-7d77cf5fc6-94vkc       263m         89Mi            
gateway-7d77cf5fc6-m5sch       329m         88Mi            
load-client                    148m         67Mi            
milvus-6448ff498f-6x4v5        29m          150Mi           
minio-76786f845d-jfz9r         1m           156Mi           
mock-models-8658f56dd7-zddbw   46m          43Mi            
postgres-669f66469b-vc2rg      181m         198Mi           
redis-0                        55m          6Mi             
redis-1                        31m          7Mi             
redis-2                        33m          7Mi             
sentinel-0                     9m           3Mi             
sentinel-1                     8m           3Mi             
sentinel-2                     8m           3Mi             
2026-10-05T14:46:37Z
NAME                CPU(cores)   CPU(%)   MEMORY(bytes)   MEMORY(%)   
colima-s2t-stress   3148m        52%      2015Mi          20%         
NAME                           CPU(cores)   MEMORY(bytes)   
audio-worker-d76f954bc-n56fh   3m           54Mi            
etcd-9cf796568-ltvpl           6m           13Mi            
gateway-7d77cf5fc6-94vkc       274m         90Mi            
gateway-7d77cf5fc6-m5sch       338m         88Mi            
load-client                    153m         67Mi            
milvus-6448ff498f-6x4v5        31m          150Mi           
minio-76786f845d-jfz9r         4m           147Mi           
mock-models-8658f56dd7-zddbw   49m          43Mi            
postgres-669f66469b-vc2rg      217m         189Mi           
redis-0                        59m          7Mi             
redis-1                        34m          7Mi             
redis-2                        34m          7Mi             
sentinel-0                     9m           3Mi             
sentinel-1                     8m           3Mi             
sentinel-2                     8m           3Mi             
2026-10-05T14:46:47Z
NAME                CPU(cores)   CPU(%)   MEMORY(bytes)   MEMORY(%)   
colima-s2t-stress   3148m        52%      2015Mi          20%         
NAME                           CPU(cores)   MEMORY(bytes)   
audio-worker-d76f954bc-n56fh   3m           54Mi            
etcd-9cf796568-ltvpl           6m           13Mi            
gateway-7d77cf5fc6-94vkc       274m         90Mi            
gateway-7d77cf5fc6-m5sch       338m         88Mi            
load-client                    153m         67Mi            
milvus-6448ff498f-6x4v5        31m          150Mi           
minio-76786f845d-jfz9r         4m           147Mi           
mock-models-8658f56dd7-zddbw   49m          43Mi            
postgres-669f66469b-vc2rg      217m         189Mi           
redis-0                        59m          7Mi             
redis-1                        34m          7Mi             
redis-2                        34m          7Mi             
sentinel-0                     9m           3Mi             
sentinel-1                     8m           3Mi             
sentinel-2                     8m           3Mi             
2026-10-05T14:46:57Z
NAME                CPU(cores)   CPU(%)   MEMORY(bytes)   MEMORY(%)   
colima-s2t-stress   3363m        56%      2018Mi          20%         
NAME                           CPU(cores)   MEMORY(bytes)   
audio-worker-d76f954bc-n56fh   4m           54Mi            
etcd-9cf796568-ltvpl           6m           13Mi            
gateway-7d77cf5fc6-94vkc       229m         90Mi            
gateway-7d77cf5fc6-m5sch       266m         88Mi            
load-client                    120m         7Mi             
milvus-6448ff498f-6x4v5        32m          150Mi           
minio-76786f845d-jfz9r         4m           147Mi           
mock-models-8658f56dd7-zddbw   40m          43Mi            
postgres-669f66469b-vc2rg      286m         196Mi           
redis-0                        49m          7Mi             
redis-1                        28m          7Mi             
redis-2                        29m          7Mi             
sentinel-0                     9m           3Mi             
sentinel-1                     8m           3Mi             
sentinel-2                     8m           3Mi             
2026-10-05T14:47:08Z
NAME                CPU(cores)   CPU(%)   MEMORY(bytes)   MEMORY(%)   
colima-s2t-stress   2517m        41%      1804Mi          18%         
NAME                           CPU(cores)   MEMORY(bytes)   
audio-worker-d76f954bc-n56fh   4m           54Mi            
etcd-9cf796568-ltvpl           7m           13Mi            
gateway-7d77cf5fc6-94vkc       4m           90Mi            
gateway-7d77cf5fc6-m5sch       6m           88Mi            
load-client                    0m           7Mi             
milvus-6448ff498f-6x4v5        41m          149Mi           
minio-76786f845d-jfz9r         1m           147Mi           
mock-models-8658f56dd7-zddbw   2m           43Mi            
postgres-669f66469b-vc2rg      1m           196Mi           
redis-0                        9m           7Mi             
redis-1                        9m           7Mi             
redis-2                        9m           7Mi             
sentinel-0                     10m          3Mi             
sentinel-1                     9m           3Mi             
sentinel-2                     9m           3Mi             
2026-10-05T14:47:18Z
NAME                CPU(cores)   CPU(%)   MEMORY(bytes)   MEMORY(%)   
colima-s2t-stress   2517m        41%      1804Mi          18%         
NAME                           CPU(cores)   MEMORY(bytes)   
audio-worker-d76f954bc-n56fh   4m           54Mi            
etcd-9cf796568-ltvpl           7m           13Mi            
gateway-7d77cf5fc6-94vkc       4m           90Mi            
gateway-7d77cf5fc6-m5sch       6m           88Mi            
load-client                    0m           7Mi             
milvus-6448ff498f-6x4v5        41m          149Mi           
minio-76786f845d-jfz9r         1m           147Mi           
mock-models-8658f56dd7-zddbw   2m           43Mi            
postgres-669f66469b-vc2rg      1m           196Mi           
redis-0                        9m           7Mi             
redis-1                        9m           7Mi             
redis-2                        9m           7Mi             
sentinel-0                     10m          3Mi             
sentinel-1                     9m           3Mi             
sentinel-2                     9m           3Mi             
2026-10-05T14:47:28Z
NAME                CPU(cores)   CPU(%)   MEMORY(bytes)   MEMORY(%)   
colima-s2t-stress   2863m        47%      1812Mi          18%         
NAME                           CPU(cores)   MEMORY(bytes)   
audio-worker-d76f954bc-n56fh   5m           54Mi            
etcd-9cf796568-ltvpl           7m           13Mi            
gateway-7d77cf5fc6-94vkc       6m           90Mi            
gateway-7d77cf5fc6-m5sch       5m           88Mi            
load-client                    0m           7Mi             
milvus-6448ff498f-6x4v5        41m          149Mi           
minio-76786f845d-jfz9r         2m           146Mi           
mock-models-8658f56dd7-zddbw   2m           43Mi            
postgres-669f66469b-vc2rg      6m           170Mi           
redis-0                        27m          7Mi             
redis-1                        13m          7Mi             
redis-2                        11m          7Mi             
sentinel-0                     11m          3Mi             
sentinel-1                     11m          3Mi             
sentinel-2                     9m           3Mi             
2026-10-05T14:47:38Z
NAME                CPU(cores)   CPU(%)   MEMORY(bytes)   MEMORY(%)   
colima-s2t-stress   2928m        48%      2107Mi          21%         
NAME                           CPU(cores)   MEMORY(bytes)   
audio-worker-d76f954bc-n56fh   7m           54Mi            
etcd-9cf796568-ltvpl           9m           13Mi            
gateway-7d77cf5fc6-94vkc       173m         89Mi            
gateway-7d77cf5fc6-m5sch       195m         89Mi            
load-client                    125m         65Mi            
milvus-6448ff498f-6x4v5        45m          149Mi           
minio-76786f845d-jfz9r         3m           144Mi           
mock-models-8658f56dd7-zddbw   31m          43Mi            
postgres-669f66469b-vc2rg      149m         198Mi           
redis-0                        37m          7Mi             
redis-1                        26m          7Mi             
redis-2                        26m          7Mi             
sentinel-0                     13m          3Mi             
sentinel-1                     11m          3Mi             
sentinel-2                     10m          3Mi             
2026-10-05T14:47:48Z
NAME                CPU(cores)   CPU(%)   MEMORY(bytes)   MEMORY(%)   
colima-s2t-stress   2928m        48%      2107Mi          21%         
NAME                           CPU(cores)   MEMORY(bytes)   
audio-worker-d76f954bc-n56fh   7m           54Mi            
etcd-9cf796568-ltvpl           9m           13Mi            
gateway-7d77cf5fc6-94vkc       173m         89Mi            
gateway-7d77cf5fc6-m5sch       195m         89Mi            
load-client                    125m         65Mi            
milvus-6448ff498f-6x4v5        45m          149Mi           
minio-76786f845d-jfz9r         3m           144Mi           
mock-models-8658f56dd7-zddbw   31m          43Mi            
postgres-669f66469b-vc2rg      149m         198Mi           
redis-0                        37m          7Mi             
redis-1                        26m          7Mi             
redis-2                        26m          7Mi             
sentinel-0                     13m          3Mi             
sentinel-1                     11m          3Mi             
sentinel-2                     10m          3Mi             
2026-10-05T14:47:59Z
NAME                CPU(cores)   CPU(%)   MEMORY(bytes)   MEMORY(%)   
colima-s2t-stress   4165m        69%      2102Mi          21%         
NAME                           CPU(cores)   MEMORY(bytes)   
audio-worker-d76f954bc-n56fh   6m           54Mi            
etcd-9cf796568-ltvpl           7m           13Mi            
gateway-7d77cf5fc6-94vkc       337m         90Mi            
gateway-7d77cf5fc6-m5sch       390m         89Mi            
load-client                    189m         69Mi            
milvus-6448ff498f-6x4v5        42m          119Mi           
minio-76786f845d-jfz9r         7m           142Mi           
mock-models-8658f56dd7-zddbw   56m          43Mi            
postgres-669f66469b-vc2rg      403m         198Mi           
redis-0                        68m          7Mi             
redis-1                        41m          7Mi             
redis-2                        43m          7Mi             
sentinel-0                     13m          3Mi             
sentinel-1                     9m           3Mi             
sentinel-2                     11m          3Mi             
2026-10-05T14:48:09Z
NAME                CPU(cores)   CPU(%)   MEMORY(bytes)   MEMORY(%)   
colima-s2t-stress   3685m        61%      1865Mi          18%         
NAME                           CPU(cores)   MEMORY(bytes)   
audio-worker-d76f954bc-n56fh   4m           54Mi            
etcd-9cf796568-ltvpl           6m           13Mi            
gateway-7d77cf5fc6-94vkc       321m         90Mi            
gateway-7d77cf5fc6-m5sch       360m         89Mi            
load-client                    178m         70Mi            
milvus-6448ff498f-6x4v5        35m          119Mi           
minio-76786f845d-jfz9r         1m           140Mi           
mock-models-8658f56dd7-zddbw   54m          43Mi            
postgres-669f66469b-vc2rg      227m         199Mi           
redis-0                        65m          7Mi             
redis-1                        35m          6Mi             
redis-2                        38m          6Mi             
sentinel-0                     15m          3Mi             
sentinel-1                     9m           3Mi             
sentinel-2                     9m           3Mi             
2026-10-05T14:48:19Z
NAME                CPU(cores)   CPU(%)   MEMORY(bytes)   MEMORY(%)   
colima-s2t-stress   3685m        61%      1865Mi          18%         
NAME                           CPU(cores)   MEMORY(bytes)   
audio-worker-d76f954bc-n56fh   4m           54Mi            
etcd-9cf796568-ltvpl           6m           13Mi            
gateway-7d77cf5fc6-94vkc       321m         90Mi            
gateway-7d77cf5fc6-m5sch       360m         89Mi            
load-client                    178m         70Mi            
milvus-6448ff498f-6x4v5        35m          119Mi           
minio-76786f845d-jfz9r         1m           140Mi           
mock-models-8658f56dd7-zddbw   54m          43Mi            
postgres-669f66469b-vc2rg      227m         199Mi           
redis-0                        65m          7Mi             
redis-1                        35m          6Mi             
redis-2                        38m          6Mi             
sentinel-0                     15m          3Mi             
sentinel-1                     9m           3Mi             
sentinel-2                     9m           3Mi             
2026-10-05T14:48:29Z
NAME                CPU(cores)   CPU(%)   MEMORY(bytes)   MEMORY(%)   
colima-s2t-stress   3941m        65%      1871Mi          18%         
NAME                           CPU(cores)   MEMORY(bytes)   
audio-worker-d76f954bc-n56fh   5m           54Mi            
etcd-9cf796568-ltvpl           7m           13Mi            
gateway-7d77cf5fc6-94vkc       348m         90Mi            
gateway-7d77cf5fc6-m5sch       379m         89Mi            
load-client                    167m         71Mi            
milvus-6448ff498f-6x4v5        38m          119Mi           
minio-76786f845d-jfz9r         2m           137Mi           
mock-models-8658f56dd7-zddbw   59m          43Mi            
postgres-669f66469b-vc2rg      250m         216Mi           
redis-0                        68m          7Mi             
redis-1                        36m          6Mi             
redis-2                        39m          7Mi             
sentinel-0                     15m          3Mi             
sentinel-1                     10m          3Mi             
sentinel-2                     9m           3Mi             
2026-10-05T14:48:39Z
NAME                CPU(cores)   CPU(%)   MEMORY(bytes)   MEMORY(%)   
colima-s2t-stress   4258m        70%      1867Mi          18%         
NAME                           CPU(cores)   MEMORY(bytes)   
audio-worker-d76f954bc-n56fh   4m           54Mi            
etcd-9cf796568-ltvpl           7m           13Mi            
gateway-7d77cf5fc6-94vkc       235m         90Mi            
gateway-7d77cf5fc6-m5sch       256m         89Mi            
load-client                    115m         7Mi             
milvus-6448ff498f-6x4v5        43m          119Mi           
minio-76786f845d-jfz9r         8m           133Mi           
mock-models-8658f56dd7-zddbw   39m          43Mi            
postgres-669f66469b-vc2rg      186m         218Mi           
redis-0                        48m          7Mi             
redis-1                        27m          7Mi             
redis-2                        29m          7Mi             
sentinel-0                     11m          3Mi             
sentinel-1                     10m          3Mi             
sentinel-2                     10m          3Mi             
2026-10-05T14:48:49Z
NAME                CPU(cores)   CPU(%)   MEMORY(bytes)   MEMORY(%)   
colima-s2t-stress   2239m        37%      1788Mi          18%         
NAME                           CPU(cores)   MEMORY(bytes)   
audio-worker-d76f954bc-n56fh   4m           54Mi            
etcd-9cf796568-ltvpl           6m           13Mi            
gateway-7d77cf5fc6-94vkc       3m           90Mi            
gateway-7d77cf5fc6-m5sch       3m           89Mi            
load-client                    0m           7Mi             
milvus-6448ff498f-6x4v5        32m          119Mi           
minio-76786f845d-jfz9r         6m           133Mi           
mock-models-8658f56dd7-zddbw   1m           43Mi            
postgres-669f66469b-vc2rg      142m         218Mi           
redis-0                        8m           7Mi             
redis-1                        9m           7Mi             
redis-2                        8m           7Mi             
sentinel-0                     9m           3Mi             
sentinel-1                     8m           3Mi             
sentinel-2                     9m           3Mi             
2026-10-05T14:48:59Z
NAME                CPU(cores)   CPU(%)   MEMORY(bytes)   MEMORY(%)   
colima-s2t-stress   2239m        37%      1788Mi          18%         
NAME                           CPU(cores)   MEMORY(bytes)   
audio-worker-d76f954bc-n56fh   4m           54Mi            
etcd-9cf796568-ltvpl           6m           13Mi            
gateway-7d77cf5fc6-94vkc       3m           90Mi            
gateway-7d77cf5fc6-m5sch       3m           89Mi            
load-client                    0m           7Mi             
milvus-6448ff498f-6x4v5        32m          119Mi           
minio-76786f845d-jfz9r         6m           133Mi           
mock-models-8658f56dd7-zddbw   1m           43Mi            
postgres-669f66469b-vc2rg      142m         218Mi           
redis-0                        8m           7Mi             
redis-1                        9m           7Mi             
redis-2                        8m           7Mi             
sentinel-0                     9m           3Mi             
sentinel-1                     8m           3Mi             
sentinel-2                     9m           3Mi             
2026-10-05T14:49:10Z
NAME                CPU(cores)   CPU(%)   MEMORY(bytes)   MEMORY(%)   
colima-s2t-stress   1453m        24%      1778Mi          17%         
NAME                           CPU(cores)   MEMORY(bytes)   
audio-worker-d76f954bc-n56fh   3m           55Mi            
etcd-9cf796568-ltvpl           5m           13Mi            
gateway-7d77cf5fc6-94vkc       4m           90Mi            
gateway-7d77cf5fc6-m5sch       4m           89Mi            
load-client                    1m           7Mi             
milvus-6448ff498f-6x4v5        31m          119Mi           
minio-76786f845d-jfz9r         1m           133Mi           
mock-models-8658f56dd7-zddbw   1m           43Mi            
postgres-669f66469b-vc2rg      6m           193Mi           
redis-0                        8m           7Mi             
redis-1                        8m           7Mi             
redis-2                        8m           7Mi             
sentinel-0                     9m           3Mi             
sentinel-1                     8m           3Mi             
sentinel-2                     7m           3Mi             
2026-10-05T14:49:20Z
NAME                CPU(cores)   CPU(%)   MEMORY(bytes)   MEMORY(%)   
colima-s2t-stress   1511m        25%      1782Mi          17%         
NAME                           CPU(cores)   MEMORY(bytes)   
audio-worker-d76f954bc-n56fh   3m           55Mi            
etcd-9cf796568-ltvpl           8m           13Mi            
gateway-7d77cf5fc6-94vkc       4m           90Mi            
gateway-7d77cf5fc6-m5sch       3m           89Mi            
load-client                    0m           7Mi             
milvus-6448ff498f-6x4v5        48m          118Mi           
minio-76786f845d-jfz9r         3m           133Mi           
mock-models-8658f56dd7-zddbw   1m           43Mi            
postgres-669f66469b-vc2rg      7m           189Mi           
redis-0                        10m          7Mi             
redis-1                        9m           7Mi             
redis-2                        9m           7Mi             
sentinel-0                     12m          3Mi             
sentinel-1                     11m          3Mi             
sentinel-2                     10m          3Mi             
2026-10-05T14:49:30Z
NAME                CPU(cores)   CPU(%)   MEMORY(bytes)   MEMORY(%)   
colima-s2t-stress   1511m        25%      1782Mi          17%         
NAME                           CPU(cores)   MEMORY(bytes)   
audio-worker-d76f954bc-n56fh   3m           55Mi            
etcd-9cf796568-ltvpl           8m           13Mi            
gateway-7d77cf5fc6-94vkc       4m           90Mi            
gateway-7d77cf5fc6-m5sch       3m           89Mi            
load-client                    0m           7Mi             
milvus-6448ff498f-6x4v5        48m          118Mi           
minio-76786f845d-jfz9r         3m           133Mi           
mock-models-8658f56dd7-zddbw   1m           43Mi            
postgres-669f66469b-vc2rg      7m           189Mi           
redis-0                        10m          7Mi             
redis-1                        9m           7Mi             
redis-2                        9m           7Mi             
sentinel-0                     12m          3Mi             
sentinel-1                     11m          3Mi             
sentinel-2                     10m          3Mi             
2026-10-05T14:49:40Z
NAME                CPU(cores)   CPU(%)   MEMORY(bytes)   MEMORY(%)   
colima-s2t-stress   1437m        23%      1787Mi          18%         
NAME                           CPU(cores)   MEMORY(bytes)   
audio-worker-d76f954bc-n56fh   3m           55Mi            
etcd-9cf796568-ltvpl           5m           13Mi            
gateway-7d77cf5fc6-94vkc       3m           89Mi            
gateway-7d77cf5fc6-m5sch       3m           89Mi            
load-client                    0m           7Mi             
milvus-6448ff498f-6x4v5        31m          118Mi           
minio-76786f845d-jfz9r         1m           133Mi           
mock-models-8658f56dd7-zddbw   1m           43Mi            
postgres-669f66469b-vc2rg      3m           189Mi           
redis-0                        8m           7Mi             
redis-1                        8m           7Mi             
redis-2                        8m           7Mi             
sentinel-0                     8m           3Mi             
sentinel-1                     8m           3Mi             
sentinel-2                     7m           3Mi             
2026-10-05T14:49:50Z
NAME                CPU(cores)   CPU(%)   MEMORY(bytes)   MEMORY(%)   
colima-s2t-stress   1631m        27%      1789Mi          18%         
NAME                           CPU(cores)   MEMORY(bytes)   
audio-worker-d76f954bc-n56fh   4m           55Mi            
etcd-9cf796568-ltvpl           5m           13Mi            
gateway-7d77cf5fc6-94vkc       4m           89Mi            
gateway-7d77cf5fc6-m5sch       4m           89Mi            
load-client                    0m           7Mi             
milvus-6448ff498f-6x4v5        32m          118Mi           
minio-76786f845d-jfz9r         8m           134Mi           
mock-models-8658f56dd7-zddbw   1m           43Mi            
postgres-669f66469b-vc2rg      156m         192Mi           
redis-0                        8m           7Mi             
redis-1                        8m           6Mi             
redis-2                        8m           7Mi             
sentinel-0                     9m           3Mi             
sentinel-1                     8m           3Mi             
sentinel-2                     8m           3Mi             
2026-10-05T14:50:00Z
NAME                CPU(cores)   CPU(%)   MEMORY(bytes)   MEMORY(%)   
colima-s2t-stress   1631m        27%      1789Mi          18%         
NAME                           CPU(cores)   MEMORY(bytes)   
audio-worker-d76f954bc-n56fh   4m           55Mi            
etcd-9cf796568-ltvpl           5m           13Mi            
gateway-7d77cf5fc6-94vkc       4m           89Mi            
gateway-7d77cf5fc6-m5sch       4m           89Mi            
load-client                    0m           7Mi             
milvus-6448ff498f-6x4v5        32m          118Mi           
minio-76786f845d-jfz9r         8m           134Mi           
mock-models-8658f56dd7-zddbw   1m           43Mi            
postgres-669f66469b-vc2rg      156m         192Mi           
redis-0                        8m           7Mi             
redis-1                        8m           6Mi             
redis-2                        8m           7Mi             
sentinel-0                     9m           3Mi             
sentinel-1                     8m           3Mi             
sentinel-2                     8m           3Mi             
2026-10-05T14:50:11Z
NAME                CPU(cores)   CPU(%)   MEMORY(bytes)   MEMORY(%)   
colima-s2t-stress   1432m        23%      1791Mi          18%         
NAME                           CPU(cores)   MEMORY(bytes)   
audio-worker-d76f954bc-n56fh   4m           55Mi            
etcd-9cf796568-ltvpl           5m           13Mi            
gateway-7d77cf5fc6-94vkc       3m           90Mi            
gateway-7d77cf5fc6-m5sch       3m           89Mi            
load-client                    0m           7Mi             
milvus-6448ff498f-6x4v5        32m          118Mi           
minio-76786f845d-jfz9r         1m           134Mi           
mock-models-8658f56dd7-zddbw   1m           43Mi            
postgres-669f66469b-vc2rg      2m           192Mi           
redis-0                        7m           7Mi             
redis-1                        8m           6Mi             
redis-2                        8m           7Mi             
sentinel-0                     8m           3Mi             
sentinel-1                     8m           3Mi             
sentinel-2                     7m           3Mi             
2026-10-05T14:50:21Z
NAME                CPU(cores)   CPU(%)   MEMORY(bytes)   MEMORY(%)   
colima-s2t-stress   1501m        25%      1783Mi          17%         
NAME                           CPU(cores)   MEMORY(bytes)   
audio-worker-d76f954bc-n56fh   3m           55Mi            
etcd-9cf796568-ltvpl           5m           13Mi            
gateway-7d77cf5fc6-94vkc       4m           89Mi            
gateway-7d77cf5fc6-m5sch       4m           90Mi            
load-client                    0m           7Mi             
milvus-6448ff498f-6x4v5        30m          118Mi           
minio-76786f845d-jfz9r         1m           134Mi           
mock-models-8658f56dd7-zddbw   1m           43Mi            
postgres-669f66469b-vc2rg      3m           189Mi           
redis-0                        8m           6Mi             
redis-1                        8m           6Mi             
redis-2                        8m           7Mi             
sentinel-0                     9m           3Mi             
sentinel-1                     7m           3Mi             
sentinel-2                     8m           3Mi             
2026-10-05T14:50:31Z
NAME                CPU(cores)   CPU(%)   MEMORY(bytes)   MEMORY(%)   
colima-s2t-stress   1501m        25%      1783Mi          17%         
NAME                           CPU(cores)   MEMORY(bytes)   
audio-worker-d76f954bc-n56fh   3m           55Mi            
etcd-9cf796568-ltvpl           5m           13Mi            
gateway-7d77cf5fc6-94vkc       4m           89Mi            
gateway-7d77cf5fc6-m5sch       4m           90Mi            
load-client                    0m           7Mi             
milvus-6448ff498f-6x4v5        30m          118Mi           
minio-76786f845d-jfz9r         1m           134Mi           
mock-models-8658f56dd7-zddbw   1m           43Mi            
postgres-669f66469b-vc2rg      3m           189Mi           
redis-0                        8m           6Mi             
redis-1                        8m           6Mi             
redis-2                        8m           7Mi             
sentinel-0                     9m           3Mi             
sentinel-1                     7m           3Mi             
sentinel-2                     8m           3Mi             
2026-10-05T14:50:41Z
NAME                CPU(cores)   CPU(%)   MEMORY(bytes)   MEMORY(%)   
colima-s2t-stress   1424m        23%      1784Mi          17%         
NAME                           CPU(cores)   MEMORY(bytes)   
audio-worker-d76f954bc-n56fh   4m           55Mi            
etcd-9cf796568-ltvpl           5m           13Mi            
gateway-7d77cf5fc6-94vkc       3m           89Mi            
gateway-7d77cf5fc6-m5sch       3m           90Mi            
load-client                    0m           7Mi             
milvus-6448ff498f-6x4v5        30m          118Mi           
minio-76786f845d-jfz9r         4m           133Mi           
mock-models-8658f56dd7-zddbw   1m           43Mi            
postgres-669f66469b-vc2rg      2m           189Mi           
redis-0                        8m           6Mi             
redis-1                        8m           6Mi             
redis-2                        8m           7Mi             
sentinel-0                     9m           3Mi             
sentinel-1                     8m           3Mi             
sentinel-2                     8m           3Mi             
2026-10-05T14:50:51Z
NAME                CPU(cores)   CPU(%)   MEMORY(bytes)   MEMORY(%)   
colima-s2t-stress   1597m        26%      1786Mi          18%         
NAME                           CPU(cores)   MEMORY(bytes)   
audio-worker-d76f954bc-n56fh   3m           55Mi            
etcd-9cf796568-ltvpl           5m           13Mi            
gateway-7d77cf5fc6-94vkc       3m           89Mi            
gateway-7d77cf5fc6-m5sch       3m           90Mi            
load-client                    1m           7Mi             
milvus-6448ff498f-6x4v5        33m          118Mi           
minio-76786f845d-jfz9r         5m           133Mi           
mock-models-8658f56dd7-zddbw   1m           43Mi            
postgres-669f66469b-vc2rg      122m         192Mi           
redis-0                        8m           6Mi             
redis-1                        8m           6Mi             
redis-2                        8m           7Mi             
sentinel-0                     8m           3Mi             
sentinel-1                     8m           3Mi             
sentinel-2                     8m           3Mi             
2026-10-05T14:51:01Z
NAME                CPU(cores)   CPU(%)   MEMORY(bytes)   MEMORY(%)   
colima-s2t-stress   1597m        26%      1786Mi          18%         
NAME                           CPU(cores)   MEMORY(bytes)   
audio-worker-d76f954bc-n56fh   3m           55Mi            
etcd-9cf796568-ltvpl           5m           13Mi            
gateway-7d77cf5fc6-94vkc       3m           89Mi            
gateway-7d77cf5fc6-m5sch       3m           90Mi            
load-client                    1m           7Mi             
milvus-6448ff498f-6x4v5        33m          118Mi           
minio-76786f845d-jfz9r         5m           133Mi           
mock-models-8658f56dd7-zddbw   1m           43Mi            
postgres-669f66469b-vc2rg      122m         192Mi           
redis-0                        8m           6Mi             
redis-1                        8m           6Mi             
redis-2                        8m           7Mi             
sentinel-0                     8m           3Mi             
sentinel-1                     8m           3Mi             
sentinel-2                     8m           3Mi             
2026-10-05T14:51:11Z
NAME                CPU(cores)   CPU(%)   MEMORY(bytes)   MEMORY(%)   
colima-s2t-stress   1638m        27%      1714Mi          17%         
NAME                           CPU(cores)   MEMORY(bytes)   
audio-worker-d76f954bc-n56fh   4m           55Mi            
etcd-9cf796568-ltvpl           6m           13Mi            
gateway-7d77cf5fc6-94vkc       3m           89Mi            
gateway-7d77cf5fc6-m5sch       3m           90Mi            
load-client                    0m           7Mi             
milvus-6448ff498f-6x4v5        38m          118Mi           
minio-76786f845d-jfz9r         1m           133Mi           
mock-models-8658f56dd7-zddbw   1m           43Mi            
postgres-669f66469b-vc2rg      3m           192Mi           
redis-0                        9m           6Mi             
redis-1                        9m           6Mi             
redis-2                        9m           7Mi             
sentinel-0                     9m           3Mi             
sentinel-1                     9m           3Mi             
sentinel-2                     9m           3Mi             
2026-10-05T14:51:21Z
NAME                CPU(cores)   CPU(%)   MEMORY(bytes)   MEMORY(%)   
colima-s2t-stress   1575m        26%      1744Mi          17%         
NAME                           CPU(cores)   MEMORY(bytes)   
audio-worker-d76f954bc-n56fh   3m           55Mi            
etcd-9cf796568-ltvpl           5m           13Mi            
gateway-7d77cf5fc6-94vkc       3m           89Mi            
gateway-7d77cf5fc6-m5sch       3m           90Mi            
load-client                    0m           7Mi             
milvus-6448ff498f-6x4v5        29m          118Mi           
minio-76786f845d-jfz9r         1m           133Mi           
mock-models-8658f56dd7-zddbw   1m           43Mi            
postgres-669f66469b-vc2rg      3m           189Mi           
redis-0                        8m           6Mi             
redis-1                        8m           6Mi             
redis-2                        8m           7Mi             
sentinel-0                     9m           3Mi             
sentinel-1                     8m           3Mi             
sentinel-2                     8m           3Mi             
2026-10-05T14:51:32Z
NAME                CPU(cores)   CPU(%)   MEMORY(bytes)   MEMORY(%)   
colima-s2t-stress   1575m        26%      1744Mi          17%         
NAME                           CPU(cores)   MEMORY(bytes)   
audio-worker-d76f954bc-n56fh   3m           55Mi            
etcd-9cf796568-ltvpl           5m           13Mi            
gateway-7d77cf5fc6-94vkc       3m           89Mi            
gateway-7d77cf5fc6-m5sch       3m           90Mi            
load-client                    0m           7Mi             
milvus-6448ff498f-6x4v5        29m          118Mi           
minio-76786f845d-jfz9r         1m           133Mi           
mock-models-8658f56dd7-zddbw   1m           43Mi            
postgres-669f66469b-vc2rg      3m           189Mi           
redis-0                        8m           6Mi             
redis-1                        8m           6Mi             
redis-2                        8m           7Mi             
sentinel-0                     9m           3Mi             
sentinel-1                     8m           3Mi             
sentinel-2                     8m           3Mi             
2026-10-05T14:51:42Z
NAME                CPU(cores)   CPU(%)   MEMORY(bytes)   MEMORY(%)   
colima-s2t-stress   2160m        36%      1798Mi          18%         
NAME                           CPU(cores)   MEMORY(bytes)   
etcd-9cf796568-ltvpl           6m           13Mi            
load-client                    0m           7Mi             
milvus-6448ff498f-6x4v5        39m          118Mi           
minio-76786f845d-jfz9r         2m           133Mi           
mock-models-8658f56dd7-zddbw   1m           43Mi            
postgres-669f66469b-vc2rg      5m           192Mi           
redis-0                        9m           6Mi             
redis-1                        9m           6Mi             
redis-2                        9m           7Mi             
sentinel-0                     11m          3Mi             
sentinel-1                     9m           3Mi             
sentinel-2                     9m           3Mi             
2026-10-05T14:51:52Z
NAME                CPU(cores)   CPU(%)   MEMORY(bytes)   MEMORY(%)   
colima-s2t-stress   2285m        38%      1595Mi          16%         
NAME                           CPU(cores)   MEMORY(bytes)   
audio-worker-dbcd7dcb6-k57mf   11m          36Mi            
etcd-9cf796568-ltvpl           5m           13Mi            
gateway-7b7d8ccdc-bg4b8        12m          35Mi            
gateway-7b7d8ccdc-p2cgt        14m          35Mi            
load-client                    2m           7Mi             
milvus-6448ff498f-6x4v5        33m          118Mi           
minio-76786f845d-jfz9r         4m           134Mi           
mock-models-8658f56dd7-zddbw   1m           43Mi            
postgres-669f66469b-vc2rg      59m          192Mi           
redis-0                        9m           6Mi             
redis-1                        8m           6Mi             
redis-2                        9m           7Mi             
sentinel-0                     10m          3Mi             
sentinel-1                     8m           3Mi             
sentinel-2                     8m           3Mi             
2026-10-05T14:52:02Z
NAME                CPU(cores)   CPU(%)   MEMORY(bytes)   MEMORY(%)   
colima-s2t-stress   2285m        38%      1595Mi          16%         
NAME                           CPU(cores)   MEMORY(bytes)   
audio-worker-dbcd7dcb6-k57mf   11m          36Mi            
etcd-9cf796568-ltvpl           5m           13Mi            
gateway-7b7d8ccdc-bg4b8        12m          35Mi            
gateway-7b7d8ccdc-p2cgt        14m          35Mi            
load-client                    2m           7Mi             
milvus-6448ff498f-6x4v5        33m          118Mi           
minio-76786f845d-jfz9r         4m           134Mi           
mock-models-8658f56dd7-zddbw   1m           43Mi            
postgres-669f66469b-vc2rg      59m          192Mi           
redis-0                        9m           6Mi             
redis-1                        8m           6Mi             
redis-2                        9m           7Mi             
sentinel-0                     10m          3Mi             
sentinel-1                     8m           3Mi             
sentinel-2                     8m           3Mi             
2026-10-05T14:52:12Z
NAME                CPU(cores)   CPU(%)   MEMORY(bytes)   MEMORY(%)   
colima-s2t-stress   1481m        24%      1602Mi          16%         
NAME                           CPU(cores)   MEMORY(bytes)   
audio-worker-dbcd7dcb6-k57mf   4m           36Mi            
etcd-9cf796568-ltvpl           5m           13Mi            
gateway-7b7d8ccdc-bg4b8        4m           35Mi            
gateway-7b7d8ccdc-p2cgt        5m           36Mi            
load-client                    0m           7Mi             
milvus-6448ff498f-6x4v5        30m          118Mi           
minio-76786f845d-jfz9r         1m           134Mi           
mock-models-8658f56dd7-zddbw   1m           43Mi            
postgres-669f66469b-vc2rg      3m           189Mi           
redis-0                        8m           6Mi             
redis-1                        8m           6Mi             
redis-2                        8m           7Mi             
sentinel-0                     9m           3Mi             
sentinel-1                     8m           3Mi             
sentinel-2                     8m           3Mi             
2026-10-05T14:52:23Z
NAME                CPU(cores)   CPU(%)   MEMORY(bytes)   MEMORY(%)   
colima-s2t-stress   1578m        26%      1611Mi          16%         
NAME                           CPU(cores)   MEMORY(bytes)   
audio-worker-dbcd7dcb6-k57mf   13m          37Mi            
etcd-9cf796568-ltvpl           7m           13Mi            
gateway-7b7d8ccdc-bg4b8        5m           36Mi            
gateway-7b7d8ccdc-p2cgt        7m           37Mi            
load-client                    31m          8Mi             
milvus-6448ff498f-6x4v5        43m          118Mi           
minio-76786f845d-jfz9r         3m           134Mi           
mock-models-8658f56dd7-zddbw   2m           43Mi            
postgres-669f66469b-vc2rg      10m          189Mi           
redis-0                        9m           6Mi             
redis-1                        8m           6Mi             
redis-2                        9m           7Mi             
sentinel-0                     10m          3Mi             
sentinel-1                     10m          3Mi             
sentinel-2                     9m           3Mi             
2026-10-05T14:52:33Z
NAME                CPU(cores)   CPU(%)   MEMORY(bytes)   MEMORY(%)   
colima-s2t-stress   1578m        26%      1611Mi          16%         
NAME                           CPU(cores)   MEMORY(bytes)   
audio-worker-dbcd7dcb6-k57mf   13m          37Mi            
etcd-9cf796568-ltvpl           7m           13Mi            
gateway-7b7d8ccdc-bg4b8        5m           36Mi            
gateway-7b7d8ccdc-p2cgt        7m           37Mi            
load-client                    31m          8Mi             
milvus-6448ff498f-6x4v5        43m          118Mi           
minio-76786f845d-jfz9r         3m           134Mi           
mock-models-8658f56dd7-zddbw   2m           43Mi            
postgres-669f66469b-vc2rg      10m          189Mi           
redis-0                        9m           6Mi             
redis-1                        8m           6Mi             
redis-2                        9m           7Mi             
sentinel-0                     10m          3Mi             
sentinel-1                     10m          3Mi             
sentinel-2                     9m           3Mi             
2026-10-05T14:52:43Z
NAME                CPU(cores)   CPU(%)   MEMORY(bytes)   MEMORY(%)   
colima-s2t-stress   1617m        26%      1646Mi          16%         
NAME                           CPU(cores)   MEMORY(bytes)   
audio-worker-dbcd7dcb6-k57mf   5m           37Mi            
etcd-9cf796568-ltvpl           5m           13Mi            
gateway-7b7d8ccdc-bg4b8        9m           38Mi            
gateway-7b7d8ccdc-p2cgt        6m           37Mi            
load-client                    12m          8Mi             
milvus-6448ff498f-6x4v5        32m          118Mi           
minio-76786f845d-jfz9r         4m           134Mi           
mock-models-8658f56dd7-zddbw   1m           43Mi            
postgres-669f66469b-vc2rg      115m         195Mi           
redis-0                        9m           6Mi             
redis-1                        8m           6Mi             
redis-2                        8m           7Mi             
sentinel-0                     10m          3Mi             
sentinel-1                     8m           3Mi             
sentinel-2                     8m           3Mi             
2026-10-05T14:52:53Z
NAME                CPU(cores)   CPU(%)   MEMORY(bytes)   MEMORY(%)   
colima-s2t-stress   1626m        27%      1637Mi          16%         
NAME                           CPU(cores)   MEMORY(bytes)   
audio-worker-dbcd7dcb6-k57mf   4m           37Mi            
etcd-9cf796568-ltvpl           5m           13Mi            
gateway-7b7d8ccdc-bg4b8        83m          48Mi            
gateway-7b7d8ccdc-p2cgt        85m          49Mi            
load-client                    93m          60Mi            
milvus-6448ff498f-6x4v5        32m          118Mi           
minio-76786f845d-jfz9r         3m           134Mi           
mock-models-8658f56dd7-zddbw   1m           43Mi            
postgres-669f66469b-vc2rg      52m          198Mi           
redis-0                        20m          6Mi             
redis-1                        13m          6Mi             
redis-2                        13m          7Mi             
sentinel-0                     10m          3Mi             
sentinel-1                     8m           3Mi             
sentinel-2                     8m           3Mi             
2026-10-05T14:53:03Z
NAME                CPU(cores)   CPU(%)   MEMORY(bytes)   MEMORY(%)   
colima-s2t-stress   1626m        27%      1637Mi          16%         
NAME                           CPU(cores)   MEMORY(bytes)   
audio-worker-dbcd7dcb6-k57mf   16m          59Mi            
etcd-9cf796568-ltvpl           6m           13Mi            
gateway-7b7d8ccdc-bg4b8        128m         73Mi            
gateway-7b7d8ccdc-p2cgt        136m         74Mi            
load-client                    164m         84Mi            
milvus-6448ff498f-6x4v5        35m          118Mi           
minio-76786f845d-jfz9r         1m           134Mi           
mock-models-8658f56dd7-zddbw   1m           43Mi            
postgres-669f66469b-vc2rg      86m          218Mi           
redis-0                        18m          7Mi             
redis-1                        16m          7Mi             
redis-2                        19m          7Mi             
sentinel-0                     11m          3Mi             
sentinel-1                     9m           3Mi             
sentinel-2                     9m           3Mi             
2026-10-05T14:53:13Z
NAME                CPU(cores)   CPU(%)   MEMORY(bytes)   MEMORY(%)   
colima-s2t-stress   2061m        34%      1744Mi          17%         
NAME                           CPU(cores)   MEMORY(bytes)   
audio-worker-dbcd7dcb6-k57mf   16m          59Mi            
etcd-9cf796568-ltvpl           6m           13Mi            
gateway-7b7d8ccdc-bg4b8        128m         73Mi            
gateway-7b7d8ccdc-p2cgt        136m         74Mi            
load-client                    164m         84Mi            
milvus-6448ff498f-6x4v5        35m          118Mi           
minio-76786f845d-jfz9r         1m           134Mi           
mock-models-8658f56dd7-zddbw   1m           43Mi            
postgres-669f66469b-vc2rg      86m          218Mi           
redis-0                        18m          7Mi             
redis-1                        16m          7Mi             
redis-2                        19m          7Mi             
sentinel-0                     11m          3Mi             
sentinel-1                     9m           3Mi             
sentinel-2                     9m           3Mi             
2026-10-05T14:53:23Z
NAME                CPU(cores)   CPU(%)   MEMORY(bytes)   MEMORY(%)   
colima-s2t-stress   2381m        39%      1818Mi          18%         
NAME                           CPU(cores)   MEMORY(bytes)   
audio-worker-dbcd7dcb6-k57mf   3m           59Mi            
etcd-9cf796568-ltvpl           6m           13Mi            
gateway-7b7d8ccdc-bg4b8        108m         70Mi            
gateway-7b7d8ccdc-p2cgt        115m         73Mi            
load-client                    136m         83Mi            
milvus-6448ff498f-6x4v5        32m          118Mi           
minio-76786f845d-jfz9r         1m           134Mi           
mock-models-8658f56dd7-zddbw   1m           43Mi            
postgres-669f66469b-vc2rg      81m          218Mi           
redis-0                        10m          7Mi             
redis-1                        18m          7Mi             
redis-2                        28m          7Mi             
sentinel-0                     9m           3Mi             
sentinel-1                     8m           3Mi             
sentinel-2                     8m           3Mi             
2026-10-05T14:53:33Z
NAME                CPU(cores)   CPU(%)   MEMORY(bytes)   MEMORY(%)   
colima-s2t-stress   1984m        33%      1838Mi          18%         
NAME                           CPU(cores)   MEMORY(bytes)   
audio-worker-dbcd7dcb6-k57mf   4m           59Mi            
etcd-9cf796568-ltvpl           6m           13Mi            
gateway-7b7d8ccdc-bg4b8        114m         82Mi            
gateway-7b7d8ccdc-p2cgt        123m         75Mi            
load-client                    122m         84Mi            
milvus-6448ff498f-6x4v5        31m          118Mi           
minio-76786f845d-jfz9r         1m           134Mi           
mock-models-8658f56dd7-zddbw   1m           43Mi            
postgres-669f66469b-vc2rg      163m         198Mi           
redis-0                        18m          8Mi             
redis-1                        18m          7Mi             
redis-2                        28m          7Mi             
sentinel-0                     9m           3Mi             
sentinel-1                     8m           3Mi             
sentinel-2                     8m           3Mi             
2026-10-05T14:53:44Z
NAME                CPU(cores)   CPU(%)   MEMORY(bytes)   MEMORY(%)   
colima-s2t-stress   1984m        33%      1838Mi          18%         
NAME                           CPU(cores)   MEMORY(bytes)   
audio-worker-dbcd7dcb6-k57mf   4m           59Mi            
etcd-9cf796568-ltvpl           6m           13Mi            
gateway-7b7d8ccdc-bg4b8        114m         82Mi            
gateway-7b7d8ccdc-p2cgt        123m         75Mi            
load-client                    122m         84Mi            
milvus-6448ff498f-6x4v5        31m          118Mi           
minio-76786f845d-jfz9r         1m           134Mi           
mock-models-8658f56dd7-zddbw   1m           43Mi            
postgres-669f66469b-vc2rg      163m         198Mi           
redis-0                        18m          8Mi             
redis-1                        18m          7Mi             
redis-2                        28m          7Mi             
sentinel-0                     9m           3Mi             
sentinel-1                     8m           3Mi             
sentinel-2                     8m           3Mi             
2026-10-05T14:53:54Z
NAME                CPU(cores)   CPU(%)   MEMORY(bytes)   MEMORY(%)   
colima-s2t-stress   2084m        34%      1839Mi          18%         
NAME                           CPU(cores)   MEMORY(bytes)   
audio-worker-dbcd7dcb6-k57mf   6m           59Mi            
etcd-9cf796568-ltvpl           7m           13Mi            
gateway-7b7d8ccdc-bg4b8        55m          83Mi            
gateway-7b7d8ccdc-p2cgt        76m          82Mi            
load-client                    108m         8Mi             
milvus-6448ff498f-6x4v5        46m          118Mi           
minio-76786f845d-jfz9r         5m           134Mi           
mock-models-8658f56dd7-zddbw   1m           43Mi            
postgres-669f66469b-vc2rg      55m          216Mi           
redis-0                        14m          8Mi             
redis-1                        14m          7Mi             
redis-2                        20m          7Mi             
sentinel-0                     9m           3Mi             
sentinel-1                     9m           3Mi             
sentinel-2                     8m           3Mi             
2026-10-05T14:54:04Z
NAME                CPU(cores)   CPU(%)   MEMORY(bytes)   MEMORY(%)   
colima-s2t-stress   1569m        26%      1772Mi          17%         
NAME                           CPU(cores)   MEMORY(bytes)   
audio-worker-dbcd7dcb6-k57mf   3m           59Mi            
etcd-9cf796568-ltvpl           5m           13Mi            
gateway-7b7d8ccdc-bg4b8        3m           83Mi            
gateway-7b7d8ccdc-p2cgt        3m           82Mi            
load-client                    1m           8Mi             
milvus-6448ff498f-6x4v5        29m          118Mi           
minio-76786f845d-jfz9r         1m           134Mi           
mock-models-8658f56dd7-zddbw   1m           43Mi            
postgres-669f66469b-vc2rg      3m           214Mi           
redis-0                        7m           8Mi             
redis-1                        8m           7Mi             
redis-2                        8m           7Mi             
sentinel-0                     8m           3Mi             
sentinel-1                     7m           3Mi             
sentinel-2                     8m           3Mi             
2026-10-05T14:54:14Z
NAME                CPU(cores)   CPU(%)   MEMORY(bytes)   MEMORY(%)   
colima-s2t-stress   1569m        26%      1772Mi          17%         
NAME                           CPU(cores)   MEMORY(bytes)   
audio-worker-dbcd7dcb6-k57mf   3m           59Mi            
etcd-9cf796568-ltvpl           5m           13Mi            
gateway-7b7d8ccdc-bg4b8        3m           83Mi            
gateway-7b7d8ccdc-p2cgt        3m           82Mi            
load-client                    1m           8Mi             
milvus-6448ff498f-6x4v5        29m          118Mi           
minio-76786f845d-jfz9r         1m           134Mi           
mock-models-8658f56dd7-zddbw   1m           43Mi            
postgres-669f66469b-vc2rg      3m           214Mi           
redis-0                        7m           8Mi             
redis-1                        8m           7Mi             
redis-2                        8m           7Mi             
sentinel-0                     8m           3Mi             
sentinel-1                     7m           3Mi             
sentinel-2                     8m           3Mi             
2026-10-05T14:54:24Z
NAME                CPU(cores)   CPU(%)   MEMORY(bytes)   MEMORY(%)   
colima-s2t-stress   1446m        24%      1774Mi          17%         
NAME                           CPU(cores)   MEMORY(bytes)   
audio-worker-dbcd7dcb6-k57mf   4m           59Mi            
etcd-9cf796568-ltvpl           5m           13Mi            
gateway-7b7d8ccdc-bg4b8        11m          47Mi            
gateway-7b7d8ccdc-p2cgt        9m           54Mi            
load-client                    0m           8Mi             
milvus-6448ff498f-6x4v5        29m          118Mi           
minio-76786f845d-jfz9r         1m           134Mi           
mock-models-8658f56dd7-zddbw   1m           43Mi            
postgres-669f66469b-vc2rg      4m           189Mi           
redis-0                        7m           8Mi             
redis-1                        7m           7Mi             
redis-2                        8m           7Mi             
sentinel-0                     9m           3Mi             
sentinel-1                     7m           3Mi             
sentinel-2                     7m           3Mi             
2026-10-05T14:54:34Z
NAME                CPU(cores)   CPU(%)   MEMORY(bytes)   MEMORY(%)   
colima-s2t-stress   1598m        26%      1703Mi          17%         
NAME                           CPU(cores)   MEMORY(bytes)   
audio-worker-dbcd7dcb6-k57mf   4m           59Mi            
etcd-9cf796568-ltvpl           6m           13Mi            
gateway-7b7d8ccdc-bg4b8        5m           49Mi            
gateway-7b7d8ccdc-p2cgt        5m           55Mi            
load-client                    47m          8Mi             
milvus-6448ff498f-6x4v5        34m          118Mi           
minio-76786f845d-jfz9r         5m           134Mi           
mock-models-8658f56dd7-zddbw   1m           43Mi            
postgres-669f66469b-vc2rg      85m          194Mi           
redis-0                        8m           8Mi             
redis-1                        8m           7Mi             
redis-2                        8m           7Mi             
sentinel-0                     9m           3Mi             
sentinel-1                     8m           3Mi             
sentinel-2                     8m           3Mi             
2026-10-05T14:54:44Z
NAME                CPU(cores)   CPU(%)   MEMORY(bytes)   MEMORY(%)   
colima-s2t-stress   1598m        26%      1703Mi          17%         
NAME                           CPU(cores)   MEMORY(bytes)   
audio-worker-dbcd7dcb6-k57mf   4m           59Mi            
etcd-9cf796568-ltvpl           6m           13Mi            
gateway-7b7d8ccdc-bg4b8        5m           49Mi            
gateway-7b7d8ccdc-p2cgt        5m           55Mi            
load-client                    47m          8Mi             
milvus-6448ff498f-6x4v5        34m          118Mi           
minio-76786f845d-jfz9r         5m           134Mi           
mock-models-8658f56dd7-zddbw   1m           43Mi            
postgres-669f66469b-vc2rg      85m          194Mi           
redis-0                        8m           8Mi             
redis-1                        8m           7Mi             
redis-2                        8m           7Mi             
sentinel-0                     9m           3Mi             
sentinel-1                     8m           3Mi             
sentinel-2                     8m           3Mi             
2026-10-05T14:54:55Z
NAME                CPU(cores)   CPU(%)   MEMORY(bytes)   MEMORY(%)   
colima-s2t-stress   1515m        25%      1712Mi          17%         
NAME                           CPU(cores)   MEMORY(bytes)   
audio-worker-dbcd7dcb6-k57mf   3m           60Mi            
etcd-9cf796568-ltvpl           5m           13Mi            
gateway-7b7d8ccdc-bg4b8        3m           49Mi            
gateway-7b7d8ccdc-p2cgt        3m           55Mi            
load-client                    0m           8Mi             
milvus-6448ff498f-6x4v5        29m          118Mi           
minio-76786f845d-jfz9r         3m           134Mi           
mock-models-8658f56dd7-zddbw   1m           43Mi            
postgres-669f66469b-vc2rg      2m           194Mi           
redis-0                        8m           8Mi             
redis-1                        8m           7Mi             
redis-2                        8m           7Mi             
sentinel-0                     9m           3Mi             
sentinel-1                     7m           3Mi             
sentinel-2                     8m           3Mi             
2026-10-05T14:55:05Z
NAME                CPU(cores)   CPU(%)   MEMORY(bytes)   MEMORY(%)   
colima-s2t-stress   1435m        23%      1706Mi          17%         
NAME                           CPU(cores)   MEMORY(bytes)   
audio-worker-dbcd7dcb6-k57mf   3m           60Mi            
etcd-9cf796568-ltvpl           5m           13Mi            
gateway-7b7d8ccdc-bg4b8        3m           49Mi            
gateway-7b7d8ccdc-p2cgt        3m           55Mi            
load-client                    0m           8Mi             
milvus-6448ff498f-6x4v5        31m          129Mi           
minio-76786f845d-jfz9r         2m           134Mi           
mock-models-8658f56dd7-zddbw   1m           43Mi            
postgres-669f66469b-vc2rg      3m           189Mi           
redis-0                        8m           7Mi             
redis-1                        7m           7Mi             
redis-2                        8m           7Mi             
sentinel-0                     8m           3Mi             
sentinel-1                     7m           3Mi             
sentinel-2                     7m           3Mi             
2026-10-05T14:55:15Z
NAME                CPU(cores)   CPU(%)   MEMORY(bytes)   MEMORY(%)   
colima-s2t-stress   1435m        23%      1706Mi          17%         
NAME                           CPU(cores)   MEMORY(bytes)   
audio-worker-dbcd7dcb6-k57mf   3m           60Mi            
etcd-9cf796568-ltvpl           5m           13Mi            
gateway-7b7d8ccdc-bg4b8        3m           49Mi            
gateway-7b7d8ccdc-p2cgt        3m           55Mi            
load-client                    0m           8Mi             
milvus-6448ff498f-6x4v5        31m          129Mi           
minio-76786f845d-jfz9r         2m           134Mi           
mock-models-8658f56dd7-zddbw   1m           43Mi            
postgres-669f66469b-vc2rg      3m           189Mi           
redis-0                        8m           7Mi             
redis-1                        7m           7Mi             
redis-2                        8m           7Mi             
sentinel-0                     8m           3Mi             
sentinel-1                     7m           3Mi             
sentinel-2                     7m           3Mi             
2026-10-05T14:55:25Z
NAME                CPU(cores)   CPU(%)   MEMORY(bytes)   MEMORY(%)   
colima-s2t-stress   1522m        25%      1660Mi          16%         
NAME                           CPU(cores)   MEMORY(bytes)   
audio-worker-dbcd7dcb6-k57mf   4m           60Mi            
etcd-9cf796568-ltvpl           6m           13Mi            
gateway-7b7d8ccdc-bg4b8        83m          62Mi            
gateway-7b7d8ccdc-p2cgt        83m          67Mi            
load-client                    46m          61Mi            
milvus-6448ff498f-6x4v5        35m          75Mi            
minio-76786f845d-jfz9r         1m           134Mi           
mock-models-8658f56dd7-zddbw   9m           43Mi            
postgres-669f66469b-vc2rg      37m          218Mi           
redis-0                        11m          7Mi             
redis-1                        12m          7Mi             
redis-2                        14m          7Mi             
sentinel-0                     9m           3Mi             
sentinel-1                     9m           3Mi             
sentinel-2                     8m           3Mi             
2026-10-05T14:55:35Z
NAME                CPU(cores)   CPU(%)   MEMORY(bytes)   MEMORY(%)   
colima-s2t-stress   2520m        42%      1789Mi          18%         
NAME                           CPU(cores)   MEMORY(bytes)   
audio-worker-dbcd7dcb6-k57mf   7m           60Mi            
etcd-9cf796568-ltvpl           10m          13Mi            
gateway-7b7d8ccdc-bg4b8        328m         69Mi            
gateway-7b7d8ccdc-p2cgt        322m         105Mi           
load-client                    208m         76Mi            
milvus-6448ff498f-6x4v5        66m          89Mi            
minio-76786f845d-jfz9r         1m           134Mi           
mock-models-8658f56dd7-zddbw   40m          43Mi            
postgres-669f66469b-vc2rg      279m         220Mi           
redis-0                        46m          7Mi             
redis-1                        32m          7Mi             
redis-2                        45m          7Mi             
sentinel-0                     15m          3Mi             
sentinel-1                     12m          3Mi             
sentinel-2                     19m          3Mi             
2026-10-05T14:55:45Z
NAME                CPU(cores)   CPU(%)   MEMORY(bytes)   MEMORY(%)   
colima-s2t-stress   2520m        42%      1789Mi          18%         
NAME                           CPU(cores)   MEMORY(bytes)   
audio-worker-dbcd7dcb6-k57mf   7m           60Mi            
etcd-9cf796568-ltvpl           10m          13Mi            
gateway-7b7d8ccdc-bg4b8        328m         69Mi            
gateway-7b7d8ccdc-p2cgt        322m         105Mi           
load-client                    208m         76Mi            
milvus-6448ff498f-6x4v5        66m          89Mi            
minio-76786f845d-jfz9r         1m           134Mi           
mock-models-8658f56dd7-zddbw   40m          43Mi            
postgres-669f66469b-vc2rg      279m         220Mi           
redis-0                        46m          7Mi             
redis-1                        32m          7Mi             
redis-2                        45m          7Mi             
sentinel-0                     15m          3Mi             
sentinel-1                     12m          3Mi             
sentinel-2                     19m          3Mi             
2026-10-05T14:55:55Z
NAME                CPU(cores)   CPU(%)   MEMORY(bytes)   MEMORY(%)   
colima-s2t-stress   3012m        50%      1814Mi          18%         
NAME                           CPU(cores)   MEMORY(bytes)   
audio-worker-dbcd7dcb6-k57mf   23m          61Mi            
etcd-9cf796568-ltvpl           6m           13Mi            
gateway-7b7d8ccdc-bg4b8        285m         90Mi            
gateway-7b7d8ccdc-p2cgt        270m         87Mi            
load-client                    145m         87Mi            
milvus-6448ff498f-6x4v5        35m          101Mi           
minio-76786f845d-jfz9r         7m           134Mi           
mock-models-8658f56dd7-zddbw   36m          43Mi            
postgres-669f66469b-vc2rg      164m         220Mi           
redis-0                        27m          8Mi             
redis-1                        39m          7Mi             
redis-2                        8m           7Mi             
sentinel-0                     11m          3Mi             
sentinel-1                     9m           3Mi             
sentinel-2                     8m           3Mi             
2026-10-05T14:56:06Z
NAME                CPU(cores)   CPU(%)   MEMORY(bytes)   MEMORY(%)   
colima-s2t-stress   2519m        41%      1826Mi          18%         
NAME                           CPU(cores)   MEMORY(bytes)   
audio-worker-dbcd7dcb6-k57mf   8m           35Mi            
etcd-9cf796568-ltvpl           5m           13Mi            
gateway-7b7d8ccdc-bg4b8        273m         90Mi            
gateway-7b7d8ccdc-p2cgt        244m         89Mi            
load-client                    123m         88Mi            
milvus-6448ff498f-6x4v5        27m          101Mi           
minio-76786f845d-jfz9r         1m           134Mi           
mock-models-8658f56dd7-zddbw   38m          43Mi            
postgres-669f66469b-vc2rg      153m         218Mi           
redis-0                        29m          8Mi             
redis-1                        44m          7Mi             
redis-2                        27m          7Mi             
sentinel-0                     8m           3Mi             
sentinel-1                     7m           3Mi             
sentinel-2                     7m           3Mi             
2026-10-05T14:56:16Z
NAME                CPU(cores)   CPU(%)   MEMORY(bytes)   MEMORY(%)   
colima-s2t-stress   2519m        41%      1826Mi          18%         
NAME                           CPU(cores)   MEMORY(bytes)   
audio-worker-dbcd7dcb6-k57mf   8m           35Mi            
etcd-9cf796568-ltvpl           5m           13Mi            
gateway-7b7d8ccdc-bg4b8        273m         90Mi            
gateway-7b7d8ccdc-p2cgt        244m         89Mi            
load-client                    123m         88Mi            
milvus-6448ff498f-6x4v5        27m          101Mi           
minio-76786f845d-jfz9r         1m           134Mi           
mock-models-8658f56dd7-zddbw   38m          43Mi            
postgres-669f66469b-vc2rg      153m         218Mi           
redis-0                        29m          8Mi             
redis-1                        44m          7Mi             
redis-2                        27m          7Mi             
sentinel-0                     8m           3Mi             
sentinel-1                     7m           3Mi             
sentinel-2                     7m           3Mi             
2026-10-05T14:56:26Z
NAME                CPU(cores)   CPU(%)   MEMORY(bytes)   MEMORY(%)   
colima-s2t-stress   2454m        40%      1801Mi          18%         
NAME                           CPU(cores)   MEMORY(bytes)   
audio-worker-dbcd7dcb6-k57mf   4m           37Mi            
etcd-9cf796568-ltvpl           5m           13Mi            
gateway-7b7d8ccdc-bg4b8        245m         92Mi            
gateway-7b7d8ccdc-p2cgt        213m         89Mi            
load-client                    94m          8Mi             
milvus-6448ff498f-6x4v5        33m          102Mi           
minio-76786f845d-jfz9r         2m           134Mi           
mock-models-8658f56dd7-zddbw   34m          43Mi            
postgres-669f66469b-vc2rg      129m         204Mi           
redis-0                        29m          8Mi             
redis-1                        40m          7Mi             
redis-2                        28m          7Mi             
sentinel-0                     9m           3Mi             
sentinel-1                     8m           3Mi             
sentinel-2                     8m           3Mi             
2026-10-05T14:56:36Z
NAME                CPU(cores)   CPU(%)   MEMORY(bytes)   MEMORY(%)   
colima-s2t-stress   2969m        49%      1764Mi          17%         
NAME                           CPU(cores)   MEMORY(bytes)   
audio-worker-dbcd7dcb6-k57mf   8m           38Mi            
etcd-9cf796568-ltvpl           10m          13Mi            
gateway-7b7d8ccdc-bg4b8        19m          65Mi            
gateway-7b7d8ccdc-p2cgt        22m          63Mi            
load-client                    50m          8Mi             
milvus-6448ff498f-6x4v5        79m          169Mi           
minio-76786f845d-jfz9r         10m          132Mi           
mock-models-8658f56dd7-zddbw   2m           43Mi            
postgres-669f66469b-vc2rg      89m          203Mi           
redis-0                        11m          8Mi             
redis-1                        12m          7Mi             
redis-2                        12m          7Mi             
sentinel-0                     11m          3Mi             
sentinel-1                     10m          3Mi             
sentinel-2                     10m          3Mi             
2026-10-05T14:56:46Z
NAME                CPU(cores)   CPU(%)   MEMORY(bytes)   MEMORY(%)   
colima-s2t-stress   2969m        49%      1764Mi          17%         
NAME                           CPU(cores)   MEMORY(bytes)   
audio-worker-dbcd7dcb6-k57mf   8m           38Mi            
etcd-9cf796568-ltvpl           10m          13Mi            
gateway-7b7d8ccdc-bg4b8        19m          65Mi            
gateway-7b7d8ccdc-p2cgt        22m          63Mi            
load-client                    50m          8Mi             
milvus-6448ff498f-6x4v5        79m          169Mi           
minio-76786f845d-jfz9r         10m          132Mi           
mock-models-8658f56dd7-zddbw   2m           43Mi            
postgres-669f66469b-vc2rg      89m          203Mi           
redis-0                        11m          8Mi             
redis-1                        12m          7Mi             
redis-2                        12m          7Mi             
sentinel-0                     11m          3Mi             
sentinel-1                     10m          3Mi             
sentinel-2                     10m          3Mi             
