[pod/gateway-b7d9575b9-c659p/gateway]         at async executeIdempotent (/app/server/idempotency.cjs:39:20)
[pod/gateway-b7d9575b9-c659p/gateway]         at async handleHttpRequest (/app/server/index.cjs:1215:22)
[pod/gateway-b7d9575b9-c659p/gateway] 2026-10-05T23:31:46.263+00:00 WARN  http.request requestId=9fb4ed9b-03c6-4023-9f3f-3d77b9bf2d14 role=api pod=gateway-b7d9575b9-c659p method=POST path=/api/transcriptions status=503 durationMs=4
[pod/gateway-b7d9575b9-c659p/gateway] 2026-10-05T23:31:46.330+00:00 INFO  http.request requestId=8bf332df-5a8b-4ec1-a3f3-0db616041b60 role=api pod=gateway-b7d9575b9-c659p method=POST path=/api/transcriptions status=200 durationMs=447
[pod/gateway-b7d9575b9-c659p/gateway] 2026-10-05T23:31:46.362+00:00 INFO  http.request requestId=7a1a88c1-fe68-45ed-83fe-1c9f362cd6b7 role=api pod=gateway-b7d9575b9-c659p method=POST path=/api/transcriptions status=200 durationMs=732
[pod/gateway-b7d9575b9-c659p/gateway] 2026-10-05T23:31:46.453+00:00 INFO  http.request requestId=77c4aa9c-1682-4f7e-a33c-842e71a78de2 role=api pod=gateway-b7d9575b9-c659p method=POST path=/api/translations status=200 durationMs=323
[pod/gateway-b7d9575b9-c659p/gateway] 2026-10-05T23:31:46.605+00:00 INFO  http.request requestId=9d92e4e2-942d-4746-b0ee-9c2f182607ed role=api pod=gateway-b7d9575b9-c659p method=POST path=/api/translations status=200 durationMs=316
[pod/gateway-b7d9575b9-c659p/gateway] 2026-10-05T23:31:46.627+00:00 ERROR asr.failed requestId=7247f748-b4e1-4e8d-aa58-c9ae7446c86b role=api pod=gateway-b7d9575b9-c659p profileId=default model=mock-asr audioBytes=48044 status=503 durationMs=7 error="Error: 模型併發容量已滿或協調服務不可用" status=503
[pod/gateway-b7d9575b9-c659p/gateway]     Error: 模型併發容量已滿或協調服務不可用
[pod/gateway-b7d9575b9-c659p/gateway]         at Object.withCapacity (/app/server/shared-limits.cjs:102:143)
[pod/gateway-b7d9575b9-c659p/gateway]         at process.processTicksAndRejections (node:internal/process/task_queues:103:5)
[pod/gateway-b7d9575b9-c659p/gateway]         at async executeIdempotent (/app/server/idempotency.cjs:39:20)
[pod/gateway-b7d9575b9-c659p/gateway]         at async handleHttpRequest (/app/server/index.cjs:1215:22)
[pod/gateway-b7d9575b9-c659p/gateway] 2026-10-05T23:31:46.627+00:00 WARN  http.request requestId=7247f748-b4e1-4e8d-aa58-c9ae7446c86b role=api pod=gateway-b7d9575b9-c659p method=POST path=/api/transcriptions status=503 durationMs=8
[pod/gateway-b7d9575b9-c659p/gateway] 2026-10-05T23:31:46.778+00:00 INFO  http.request requestId=79aa38fb-6a0e-4feb-a7e5-b616db55912c role=api pod=gateway-b7d9575b9-c659p method=POST path=/api/transcriptions status=200 durationMs=712
[pod/gateway-b7d9575b9-c659p/gateway] 2026-10-05T23:31:46.785+00:00 INFO  http.request requestId=6ac2f46e-55a4-4e64-80a4-a58765841d51 role=api pod=gateway-b7d9575b9-c659p method=POST path=/api/transcriptions status=200 durationMs=452
[pod/gateway-b7d9575b9-c659p/gateway] 2026-10-05T23:31:46.833+00:00 ERROR asr.failed requestId=2d067531-7b2b-40eb-962f-0787613ee7ea role=api pod=gateway-b7d9575b9-c659p profileId=default model=mock-asr audioBytes=48044 status=503 durationMs=2 error="Error: 模型併發容量已滿或協調服務不可用" status=503
[pod/gateway-b7d9575b9-c659p/gateway]     Error: 模型併發容量已滿或協調服務不可用
[pod/gateway-b7d9575b9-c659p/gateway]         at Object.withCapacity (/app/server/shared-limits.cjs:102:143)
[pod/gateway-b7d9575b9-c659p/gateway]         at process.processTicksAndRejections (node:internal/process/task_queues:103:5)
[pod/gateway-b7d9575b9-c659p/gateway]         at async executeIdempotent (/app/server/idempotency.cjs:39:20)
[pod/gateway-b7d9575b9-c659p/gateway]         at async handleHttpRequest (/app/server/index.cjs:1215:22)
[pod/gateway-b7d9575b9-c659p/gateway] 2026-10-05T23:31:46.833+00:00 WARN  http.request requestId=2d067531-7b2b-40eb-962f-0787613ee7ea role=api pod=gateway-b7d9575b9-c659p method=POST path=/api/transcriptions status=503 durationMs=4
[pod/gateway-b7d9575b9-c659p/gateway] 2026-10-05T23:31:46.847+00:00 ERROR asr.failed requestId=8b3319d5-6b5d-451d-ad42-e391d4d4e16f role=api pod=gateway-b7d9575b9-c659p profileId=default model=mock-asr audioBytes=48044 status=503 durationMs=2 error="Error: 模型併發容量已滿或協調服務不可用" status=503
[pod/gateway-b7d9575b9-c659p/gateway]     Error: 模型併發容量已滿或協調服務不可用
[pod/gateway-b7d9575b9-c659p/gateway]         at Object.withCapacity (/app/server/shared-limits.cjs:102:143)
[pod/gateway-b7d9575b9-c659p/gateway]         at process.processTicksAndRejections (node:internal/process/task_queues:103:5)
[pod/gateway-b7d9575b9-c659p/gateway]         at async executeIdempotent (/app/server/idempotency.cjs:39:20)
[pod/gateway-b7d9575b9-c659p/gateway]         at async handleHttpRequest (/app/server/index.cjs:1215:22)
[pod/gateway-b7d9575b9-c659p/gateway] 2026-10-05T23:31:46.847+00:00 WARN  http.request requestId=8b3319d5-6b5d-451d-ad42-e391d4d4e16f role=api pod=gateway-b7d9575b9-c659p method=POST path=/api/transcriptions status=503 durationMs=3
[pod/gateway-b7d9575b9-c659p/gateway] 2026-10-05T23:31:46.848+00:00 INFO  http.request requestId=06572ce9-072f-42af-b646-604c1926a3b2 role=api pod=gateway-b7d9575b9-c659p method=POST path=/api/transcriptions status=200 durationMs=634
[pod/gateway-b7d9575b9-c659p/gateway] 2026-10-05T23:31:46.888+00:00 INFO  http.request requestId=093b30da-524c-4068-b174-0f5f2c5ac709 role=api pod=gateway-b7d9575b9-c659p method=POST path=/api/transcriptions status=200 durationMs=615
[pod/gateway-b7d9575b9-c659p/gateway] 2026-10-05T23:31:46.968+00:00 INFO  http.request requestId=17088e94-2372-4007-8266-5e776c7e1933 role=api pod=gateway-b7d9575b9-c659p method=POST path=/api/translations status=200 durationMs=256
[pod/gateway-b7d9575b9-c659p/gateway] 2026-10-05T23:31:46.969+00:00 INFO  http.request requestId=8b6dca8b-c096-452e-a87b-6205e9ce35ef role=api pod=gateway-b7d9575b9-c659p method=POST path=/api/transcriptions status=200 durationMs=604
[pod/gateway-b7d9575b9-c659p/gateway] 2026-10-05T23:31:47.372+00:00 INFO  http.request requestId=e979663f-3cff-423c-b075-d173fbec34b2 role=api pod=gateway-b7d9575b9-c659p method=POST path=/api/transcriptions status=200 durationMs=468
[pod/gateway-b7d9575b9-c659p/gateway] 2026-10-05T23:31:47.384+00:00 INFO  http.request requestId=b1bef045-3677-4c5e-9cb8-ff1450242cd4 role=api pod=gateway-b7d9575b9-c659p method=POST path=/api/transcriptions status=200 durationMs=585
[pod/gateway-b7d9575b9-c659p/gateway] 2026-10-05T23:31:47.395+00:00 INFO  http.request requestId=81e92bae-648a-48af-b7df-1e5b91c05781 role=api pod=gateway-b7d9575b9-c659p method=POST path=/api/transcriptions status=200 durationMs=415
[pod/gateway-b7d9575b9-c659p/gateway] 2026-10-05T23:31:47.418+00:00 INFO  http.request requestId=38d19926-3461-4b84-8463-8321b9639091 role=api pod=gateway-b7d9575b9-c659p method=POST path=/api/transcriptions status=200 durationMs=634
[pod/gateway-b7d9575b9-c659p/gateway] 2026-10-05T23:31:47.571+00:00 INFO  http.request requestId=ab769015-0394-4ed3-b7f4-6512c5bd021a role=api pod=gateway-b7d9575b9-c659p method=POST path=/api/transcriptions status=200 durationMs=712
[pod/gateway-b7d9575b9-c659p/gateway] 2026-10-05T23:31:47.635+00:00 INFO  http.request requestId=a943f78f-23b4-45fb-a9db-e5c1f502f98c role=api pod=gateway-b7d9575b9-c659p method=POST path=/api/translations status=200 durationMs=239
[pod/gateway-b7d9575b9-c659p/gateway] 2026-10-05T23:31:47.657+00:00 INFO  http.request requestId=2135eeb7-41f9-45a8-ba29-8d47ac038884 role=api pod=gateway-b7d9575b9-c659p method=POST path=/api/translations status=200 durationMs=224
[pod/gateway-b7d9575b9-c659p/gateway] 2026-10-05T23:31:47.727+00:00 INFO  http.request requestId=12e2aa3c-137b-4eec-978c-2272400dd5a6 role=api pod=gateway-b7d9575b9-c659p method=POST path=/api/transcriptions status=200 durationMs=733
[pod/gateway-b7d9575b9-c659p/gateway] 2026-10-05T23:31:47.857+00:00 INFO  http.request requestId=8468b32a-18f4-41e6-ae36-a16df91eb6ca role=api pod=gateway-b7d9575b9-c659p method=POST path=/api/transcriptions status=200 durationMs=458
[pod/gateway-b7d9575b9-c659p/gateway] 2026-10-05T23:31:47.883+00:00 ERROR asr.failed requestId=0b0ca481-fe1c-4181-a41a-bba9399ad96f role=api pod=gateway-b7d9575b9-c659p profileId=default model=mock-asr audioBytes=48044 status=503 durationMs=3 error="Error: 模型併發容量已滿或協調服務不可用" status=503
[pod/gateway-b7d9575b9-c659p/gateway]     Error: 模型併發容量已滿或協調服務不可用
[pod/gateway-b7d9575b9-c659p/gateway]         at Object.withCapacity (/app/server/shared-limits.cjs:102:143)
[pod/gateway-b7d9575b9-c659p/gateway]         at process.processTicksAndRejections (node:internal/process/task_queues:103:5)
[pod/gateway-b7d9575b9-c659p/gateway]         at async executeIdempotent (/app/server/idempotency.cjs:39:20)
[pod/gateway-b7d9575b9-c659p/gateway]         at async handleHttpRequest (/app/server/index.cjs:1215:22)
[pod/gateway-b7d9575b9-c659p/gateway] 2026-10-05T23:31:47.883+00:00 WARN  http.request requestId=0b0ca481-fe1c-4181-a41a-bba9399ad96f role=api pod=gateway-b7d9575b9-c659p method=POST path=/api/transcriptions status=503 durationMs=4
[pod/gateway-b7d9575b9-c659p/gateway] 2026-10-05T23:31:47.986+00:00 INFO  http.request requestId=83bb3ad8-4d58-4942-8d42-8d23b075da72 role=api pod=gateway-b7d9575b9-c659p method=POST path=/api/translations status=200 durationMs=283
[pod/gateway-b7d9575b9-c659p/gateway] 2026-10-05T23:31:48.131+00:00 INFO  http.request requestId=250a3eef-49de-4d76-8774-37f40623bf1a role=api pod=gateway-b7d9575b9-c659p method=POST path=/api/transcriptions status=200 durationMs=748
[pod/gateway-b7d9575b9-c659p/gateway] 2026-10-05T23:31:48.208+00:00 INFO  http.request requestId=dbdd65b8-4f58-42a6-93c8-92d938da3bdb role=api pod=gateway-b7d9575b9-c659p method=POST path=/api/transcriptions status=200 durationMs=630
[pod/gateway-b7d9575b9-c659p/gateway] 2026-10-05T23:31:48.229+00:00 ERROR asr.failed requestId=e413e895-9766-44c6-8406-bf70e2ed2e06 role=api pod=gateway-b7d9575b9-c659p profileId=default model=mock-asr audioBytes=48044 status=503 durationMs=3 error="Error: 模型併發容量已滿或協調服務不可用" status=503
[pod/gateway-b7d9575b9-c659p/gateway]     Error: 模型併發容量已滿或協調服務不可用
[pod/gateway-b7d9575b9-c659p/gateway]         at Object.withCapacity (/app/server/shared-limits.cjs:102:143)
[pod/gateway-b7d9575b9-c659p/gateway]         at process.processTicksAndRejections (node:internal/process/task_queues:103:5)
[pod/gateway-b7d9575b9-c659p/gateway]         at async executeIdempotent (/app/server/idempotency.cjs:39:20)
[pod/gateway-b7d9575b9-c659p/gateway]         at async handleHttpRequest (/app/server/index.cjs:1215:22)
[pod/gateway-b7d9575b9-c659p/gateway] 2026-10-05T23:31:48.229+00:00 WARN  http.request requestId=e413e895-9766-44c6-8406-bf70e2ed2e06 role=api pod=gateway-b7d9575b9-c659p method=POST path=/api/transcriptions status=503 durationMs=4
[pod/gateway-b7d9575b9-c659p/gateway] 2026-10-05T23:31:48.268+00:00 INFO  http.request requestId=ac31602f-d8fd-4bcb-990c-c5548df2931a role=api pod=gateway-b7d9575b9-c659p method=POST path=/api/translations status=200 durationMs=248
[pod/gateway-b7d9575b9-c659p/gateway] 2026-10-05T23:31:48.276+00:00 INFO  http.request requestId=8ce67c66-c302-43a6-af76-2db4045fbc09 role=api pod=gateway-b7d9575b9-c659p method=POST path=/api/translations status=200 durationMs=386
[pod/gateway-b7d9575b9-c659p/gateway] 2026-10-05T23:31:48.334+00:00 ERROR asr.failed requestId=64984a87-ce96-4335-8fa8-e1e40f5e3e49 role=api pod=gateway-b7d9575b9-c659p profileId=default model=mock-asr audioBytes=48044 status=503 durationMs=2 error="Error: 模型併發容量已滿或協調服務不可用" status=503
[pod/gateway-b7d9575b9-c659p/gateway]     Error: 模型併發容量已滿或協調服務不可用
[pod/gateway-b7d9575b9-c659p/gateway]         at Object.withCapacity (/app/server/shared-limits.cjs:102:143)
[pod/gateway-b7d9575b9-c659p/gateway]         at process.processTicksAndRejections (node:internal/process/task_queues:103:5)
[pod/gateway-b7d9575b9-c659p/gateway]         at async executeIdempotent (/app/server/idempotency.cjs:39:20)
[pod/gateway-b7d9575b9-c659p/gateway]         at async handleHttpRequest (/app/server/index.cjs:1215:22)
[pod/gateway-b7d9575b9-c659p/gateway] 2026-10-05T23:31:48.334+00:00 WARN  http.request requestId=64984a87-ce96-4335-8fa8-e1e40f5e3e49 role=api pod=gateway-b7d9575b9-c659p method=POST path=/api/transcriptions status=503 durationMs=5
[pod/gateway-b7d9575b9-c659p/gateway] 2026-10-05T23:31:48.423+00:00 INFO  http.request requestId=a39aad6f-ceff-438e-821f-b1cbe5958e13 role=api pod=gateway-b7d9575b9-c659p method=POST path=/api/transcriptions status=200 durationMs=695
[pod/gateway-b7d9575b9-c659p/gateway] 2026-10-05T23:31:48.468+00:00 ERROR asr.failed requestId=6d2b8f2b-46c0-427a-ba5b-be9861ed12ae role=api pod=gateway-b7d9575b9-c659p profileId=default model=mock-asr audioBytes=48044 status=503 durationMs=3 error="Error: 模型併發容量已滿或協調服務不可用" status=503
[pod/gateway-b7d9575b9-c659p/gateway]     Error: 模型併發容量已滿或協調服務不可用
[pod/gateway-b7d9575b9-c659p/gateway]         at Object.withCapacity (/app/server/shared-limits.cjs:102:143)
[pod/gateway-b7d9575b9-c659p/gateway]         at process.processTicksAndRejections (node:internal/process/task_queues:103:5)
[pod/gateway-b7d9575b9-c659p/gateway]         at async executeIdempotent (/app/server/idempotency.cjs:39:20)
[pod/gateway-b7d9575b9-c659p/gateway]         at async handleHttpRequest (/app/server/index.cjs:1215:22)
[pod/gateway-b7d9575b9-c659p/gateway] 2026-10-05T23:31:48.468+00:00 WARN  http.request requestId=6d2b8f2b-46c0-427a-ba5b-be9861ed12ae role=api pod=gateway-b7d9575b9-c659p method=POST path=/api/transcriptions status=503 durationMs=5
[pod/gateway-b7d9575b9-c659p/gateway] 2026-10-05T23:31:48.551+00:00 INFO  http.request requestId=471a4210-ba0c-4389-8def-e1f79fb0cef7 role=api pod=gateway-b7d9575b9-c659p method=POST path=/api/transcriptions status=200 durationMs=417
[pod/gateway-b7d9575b9-c659p/gateway] 2026-10-05T23:31:48.656+00:00 INFO  http.request requestId=c70513f5-13c6-428e-8aee-ac8af4811251 role=api pod=gateway-b7d9575b9-c659p method=POST path=/api/transcriptions status=200 durationMs=792
[pod/gateway-b7d9575b9-c659p/gateway] 2026-10-05T23:31:48.808+00:00 INFO  http.request requestId=e8f3f764-9215-4933-8823-6a202dd6b239 role=api pod=gateway-b7d9575b9-c659p method=POST path=/api/translations status=200 durationMs=384
[pod/gateway-b7d9575b9-c659p/gateway] 2026-10-05T23:31:48.927+00:00 INFO  http.request requestId=3c9fcde0-3da7-4a00-a755-1652171b36cd role=api pod=gateway-b7d9575b9-c659p method=POST path=/api/translations status=200 durationMs=260
[pod/gateway-b7d9575b9-c659p/gateway] 2026-10-05T23:31:48.940+00:00 INFO  http.request requestId=3150d059-1a99-4c15-b4bd-d8c82d64a544 role=api pod=gateway-b7d9575b9-c659p method=POST path=/api/transcriptions status=200 durationMs=701
[pod/gateway-b7d9575b9-c659p/gateway] 2026-10-05T23:31:48.966+00:00 INFO  http.request requestId=cc978e7d-8982-4941-bdfc-c0c3867edc52 role=api pod=gateway-b7d9575b9-c659p method=POST path=/api/transcriptions status=200 durationMs=487
[pod/gateway-b7d9575b9-c659p/gateway] 2026-10-05T23:31:49.215+00:00 INFO  http.request requestId=988e0a58-c2de-4a1c-98d9-4bc838d4af8e role=api pod=gateway-b7d9575b9-c659p method=POST path=/api/translations status=200 durationMs=397
[pod/gateway-b7d9575b9-c659p/gateway] 2026-10-05T23:31:49.270+00:00 INFO  http.request requestId=5d9911a6-4b01-47fa-95fd-3c4aaf19ca60 role=api pod=gateway-b7d9575b9-c659p method=POST path=/api/transcriptions status=200 durationMs=521
[pod/gateway-b7d9575b9-c659p/gateway] 2026-10-05T23:31:49.307+00:00 INFO  http.request requestId=0e52a5e1-0184-47d3-8dc5-c5a6c87c1151 role=api pod=gateway-b7d9575b9-c659p method=POST path=/api/transcriptions status=200 durationMs=754
[pod/gateway-b7d9575b9-c659p/gateway] 2026-10-05T23:31:49.428+00:00 INFO  http.request requestId=5e1f09ed-528c-45fd-b1e1-6b4b745d4706 role=api pod=gateway-b7d9575b9-c659p method=POST path=/api/transcriptions status=200 durationMs=485
[pod/gateway-b7d9575b9-c659p/gateway] 2026-10-05T23:31:49.531+00:00 INFO  http.request requestId=0c0583c3-a931-4bc9-b7f6-a9e2ebca504d role=api pod=gateway-b7d9575b9-c659p method=POST path=/api/translations status=200 durationMs=224
[pod/gateway-b7d9575b9-c659p/gateway] 2026-10-05T23:31:49.536+00:00 INFO  http.request requestId=f36ad555-cb7a-470e-9fd6-7be71a12fbc5 role=api pod=gateway-b7d9575b9-c659p method=POST path=/api/transcriptions status=200 durationMs=562
[pod/gateway-b7d9575b9-c659p/gateway] 2026-10-05T23:31:49.563+00:00 INFO  http.request requestId=4e0fb592-b021-411a-981d-e7fbbde359f6 role=api pod=gateway-b7d9575b9-c659p method=POST path=/api/translations status=200 durationMs=249
[pod/gateway-b7d9575b9-c659p/gateway] 2026-10-05T23:31:49.577+00:00 ERROR asr.failed requestId=92d37f6b-8497-4e5a-b499-6114fead0b77 role=api pod=gateway-b7d9575b9-c659p profileId=default model=mock-asr audioBytes=48044 status=503 durationMs=2 error="Error: 模型併發容量已滿或協調服務不可用" status=503
[pod/gateway-b7d9575b9-c659p/gateway]     Error: 模型併發容量已滿或協調服務不可用
[pod/gateway-b7d9575b9-c659p/gateway]         at Object.withCapacity (/app/server/shared-limits.cjs:102:143)
[pod/gateway-b7d9575b9-c659p/gateway]         at process.processTicksAndRejections (node:internal/process/task_queues:103:5)
[pod/gateway-b7d9575b9-c659p/gateway]         at async executeIdempotent (/app/server/idempotency.cjs:39:20)
[pod/gateway-b7d9575b9-c659p/gateway]         at async handleHttpRequest (/app/server/index.cjs:1215:22)
[pod/gateway-b7d9575b9-c659p/gateway] 2026-10-05T23:31:49.577+00:00 WARN  http.request requestId=92d37f6b-8497-4e5a-b499-6114fead0b77 role=api pod=gateway-b7d9575b9-c659p method=POST path=/api/transcriptions status=503 durationMs=4
[pod/gateway-b7d9575b9-c659p/gateway] 2026-10-05T23:31:49.592+00:00 ERROR asr.failed requestId=2234e1f5-e851-419f-b5bf-10a9d824ceb5 role=api pod=gateway-b7d9575b9-c659p profileId=default model=mock-asr audioBytes=48044 status=503 durationMs=2 error="Error: 模型併發容量已滿或協調服務不可用" status=503
[pod/gateway-b7d9575b9-c659p/gateway]     Error: 模型併發容量已滿或協調服務不可用
[pod/gateway-b7d9575b9-c659p/gateway]         at Object.withCapacity (/app/server/shared-limits.cjs:102:143)
[pod/gateway-b7d9575b9-c659p/gateway]         at process.processTicksAndRejections (node:internal/process/task_queues:103:5)
[pod/gateway-b7d9575b9-c659p/gateway]         at async executeIdempotent (/app/server/idempotency.cjs:39:20)
[pod/gateway-b7d9575b9-c659p/gateway]         at async handleHttpRequest (/app/server/index.cjs:1215:22)
[pod/gateway-b7d9575b9-c659p/gateway] 2026-10-05T23:31:49.592+00:00 WARN  http.request requestId=2234e1f5-e851-419f-b5bf-10a9d824ceb5 role=api pod=gateway-b7d9575b9-c659p method=POST path=/api/transcriptions status=503 durationMs=3
[pod/gateway-b7d9575b9-c659p/gateway] 2026-10-05T23:31:49.604+00:00 INFO  http.request requestId=e18b10d9-1b25-4eb9-9727-ebb9d03fa871 role=api pod=gateway-b7d9575b9-c659p method=POST path=/api/transcriptions status=200 durationMs=676
[pod/gateway-b7d9575b9-c659p/gateway] 2026-10-05T23:31:49.639+00:00 ERROR asr.failed requestId=f8631146-f253-4aea-973d-5629d98c121c role=api pod=gateway-b7d9575b9-c659p profileId=default model=mock-asr audioBytes=48044 status=503 durationMs=2 error="Error: 模型併發容量已滿或協調服務不可用" status=503
[pod/gateway-b7d9575b9-c659p/gateway]     Error: 模型併發容量已滿或協調服務不可用
[pod/gateway-b7d9575b9-c659p/gateway]         at Object.withCapacity (/app/server/shared-limits.cjs:102:143)
[pod/gateway-b7d9575b9-c659p/gateway]         at process.processTicksAndRejections (node:internal/process/task_queues:103:5)
[pod/gateway-b7d9575b9-c659p/gateway]         at async executeIdempotent (/app/server/idempotency.cjs:39:20)
[pod/gateway-b7d9575b9-c659p/gateway]         at async handleHttpRequest (/app/server/index.cjs:1215:22)
[pod/gateway-b7d9575b9-c659p/gateway] 2026-10-05T23:31:49.639+00:00 WARN  http.request requestId=f8631146-f253-4aea-973d-5629d98c121c role=api pod=gateway-b7d9575b9-c659p method=POST path=/api/transcriptions status=503 durationMs=4
[pod/gateway-b7d9575b9-c659p/gateway] 2026-10-05T23:31:49.760+00:00 INFO  http.request requestId=6353ed05-1791-402b-937e-9521a24500aa role=api pod=gateway-b7d9575b9-c659p method=POST path=/api/translations status=200 durationMs=224
[pod/gateway-b7d9575b9-c659p/gateway] 2026-10-05T23:31:49.770+00:00 INFO  http.request requestId=f14abf81-d4b9-4482-9b4d-21cc81746fc6 role=api pod=gateway-b7d9575b9-c659p method=POST path=/api/translations status=200 durationMs=232
[pod/gateway-b7d9575b9-c659p/gateway] 2026-10-05T23:31:49.832+00:00 ERROR asr.failed requestId=811b1680-8e88-4dac-811c-3e281b79d1b1 role=api pod=gateway-b7d9575b9-c659p profileId=default model=mock-asr audioBytes=48044 status=503 durationMs=2 error="Error: 模型併發容量已滿或協調服務不可用" status=503
[pod/gateway-b7d9575b9-c659p/gateway]     Error: 模型併發容量已滿或協調服務不可用
[pod/gateway-b7d9575b9-c659p/gateway]         at Object.withCapacity (/app/server/shared-limits.cjs:102:143)
[pod/gateway-b7d9575b9-c659p/gateway]         at process.processTicksAndRejections (node:internal/process/task_queues:103:5)
[pod/gateway-b7d9575b9-c659p/gateway]         at async executeIdempotent (/app/server/idempotency.cjs:39:20)
[pod/gateway-b7d9575b9-c659p/gateway]         at async handleHttpRequest (/app/server/index.cjs:1215:22)
[pod/gateway-b7d9575b9-c659p/gateway] 2026-10-05T23:31:49.832+00:00 WARN  http.request requestId=811b1680-8e88-4dac-811c-3e281b79d1b1 role=api pod=gateway-b7d9575b9-c659p method=POST path=/api/transcriptions status=503 durationMs=4
[pod/gateway-b7d9575b9-c659p/gateway] 2026-10-05T23:31:49.845+00:00 INFO  http.request requestId=069dcfd7-2429-4156-9c96-35fe3dea2f7a role=api pod=gateway-b7d9575b9-c659p method=POST path=/api/translations status=200 durationMs=227
[pod/gateway-b7d9575b9-c659p/gateway] 2026-10-05T23:31:49.846+00:00 ERROR asr.failed requestId=ecef8971-2ea9-40a0-a7ef-0f5d20c673e0 role=api pod=gateway-b7d9575b9-c659p profileId=default model=mock-asr audioBytes=48044 status=503 durationMs=2 error="Error: 模型併發容量已滿或協調服務不可用" status=503
[pod/gateway-b7d9575b9-c659p/gateway]     Error: 模型併發容量已滿或協調服務不可用
[pod/gateway-b7d9575b9-c659p/gateway]         at Object.withCapacity (/app/server/shared-limits.cjs:102:143)
[pod/gateway-b7d9575b9-c659p/gateway]         at process.processTicksAndRejections (node:internal/process/task_queues:103:5)
[pod/gateway-b7d9575b9-c659p/gateway]         at async executeIdempotent (/app/server/idempotency.cjs:39:20)
[pod/gateway-b7d9575b9-c659p/gateway]         at async handleHttpRequest (/app/server/index.cjs:1215:22)
[pod/gateway-b7d9575b9-c659p/gateway] 2026-10-05T23:31:49.846+00:00 WARN  http.request requestId=ecef8971-2ea9-40a0-a7ef-0f5d20c673e0 role=api pod=gateway-b7d9575b9-c659p method=POST path=/api/transcriptions status=503 durationMs=3
[pod/gateway-b7d9575b9-c659p/gateway] 2026-10-05T23:31:49.953+00:00 INFO  http.request requestId=94f6fd05-8d09-41bc-86c8-314bb271fbbb role=api pod=gateway-b7d9575b9-c659p method=POST path=/api/transcriptions status=200 durationMs=499
[pod/gateway-b7d9575b9-c659p/gateway] 2026-10-05T23:31:50.093+00:00 INFO  http.request requestId=cbcda08e-9ff2-4893-b198-aee9ae77e486 role=api pod=gateway-b7d9575b9-c659p method=POST path=/api/transcriptions status=200 durationMs=655
[pod/gateway-b7d9575b9-c659p/gateway] 2026-10-05T23:31:50.137+00:00 INFO  http.request requestId=4f73db93-55af-4bbf-a4c0-95d7b202b4aa role=api pod=gateway-b7d9575b9-c659p method=POST path=/api/translations status=200 durationMs=288
[pod/gateway-b7d9575b9-c659p/gateway] 2026-10-05T23:31:50.148+00:00 ERROR asr.failed requestId=040c96ac-34fd-4082-8f43-3d227ff89724 role=api pod=gateway-b7d9575b9-c659p profileId=default model=mock-asr audioBytes=48044 status=503 durationMs=2 error="Error: 模型併發容量已滿或協調服務不可用" status=503
[pod/gateway-b7d9575b9-c659p/gateway]     Error: 模型併發容量已滿或協調服務不可用
[pod/gateway-b7d9575b9-c659p/gateway]         at Object.withCapacity (/app/server/shared-limits.cjs:102:143)
[pod/gateway-b7d9575b9-c659p/gateway]         at process.processTicksAndRejections (node:internal/process/task_queues:103:5)
[pod/gateway-b7d9575b9-c659p/gateway]         at async executeIdempotent (/app/server/idempotency.cjs:39:20)
[pod/gateway-b7d9575b9-c659p/gateway]         at async handleHttpRequest (/app/server/index.cjs:1215:22)
[pod/gateway-b7d9575b9-c659p/gateway] 2026-10-05T23:31:50.148+00:00 WARN  http.request requestId=040c96ac-34fd-4082-8f43-3d227ff89724 role=api pod=gateway-b7d9575b9-c659p method=POST path=/api/transcriptions status=503 durationMs=4
[pod/gateway-b7d9575b9-c659p/gateway] 2026-10-05T23:31:50.162+00:00 INFO  http.request requestId=1bcc16dd-56d4-49ac-b4c5-078e1e79fa2c role=api pod=gateway-b7d9575b9-c659p method=POST path=/api/transcriptions status=200 durationMs=558
[pod/gateway-b7d9575b9-c659p/gateway] 2026-10-05T23:31:50.176+00:00 ERROR asr.failed requestId=952fc9f2-6b95-4cd3-ab6e-f289db15d380 role=api pod=gateway-b7d9575b9-c659p profileId=default model=mock-asr audioBytes=48044 status=503 durationMs=1 error="Error: 模型併發容量已滿或協調服務不可用" status=503
[pod/gateway-b7d9575b9-c659p/gateway]     Error: 模型併發容量已滿或協調服務不可用
[pod/gateway-b7d9575b9-c659p/gateway]         at Object.withCapacity (/app/server/shared-limits.cjs:102:143)
[pod/gateway-b7d9575b9-c659p/gateway]         at process.processTicksAndRejections (node:internal/process/task_queues:103:5)
[pod/gateway-b7d9575b9-c659p/gateway]         at async executeIdempotent (/app/server/idempotency.cjs:39:20)
[pod/gateway-b7d9575b9-c659p/gateway]         at async handleHttpRequest (/app/server/index.cjs:1215:22)
[pod/gateway-b7d9575b9-c659p/gateway] 2026-10-05T23:31:50.177+00:00 WARN  http.request requestId=952fc9f2-6b95-4cd3-ab6e-f289db15d380 role=api pod=gateway-b7d9575b9-c659p method=POST path=/api/transcriptions status=503 durationMs=3
[pod/gateway-b7d9575b9-c659p/gateway] 2026-10-05T23:31:50.194+00:00 INFO  http.request requestId=d7e01fb0-0d67-47a9-894b-2730c5927149 role=api pod=gateway-b7d9575b9-c659p method=POST path=/api/translations status=200 durationMs=332
[pod/gateway-b7d9575b9-c659p/gateway] 2026-10-05T23:31:50.439+00:00 INFO  http.request requestId=0325e30c-ab7f-4ff5-b30e-3618ea2546e1 role=api pod=gateway-b7d9575b9-c659p method=POST path=/api/transcriptions status=200 durationMs=430
[pod/gateway-b7d9575b9-c659p/gateway] 2026-10-05T23:31:50.548+00:00 INFO  http.request requestId=bf19feab-a6bd-4d4d-85f9-a653825f9ec1 role=api pod=gateway-b7d9575b9-c659p method=POST path=/api/transcriptions status=200 durationMs=450
[pod/gateway-b7d9575b9-c659p/gateway] 2026-10-05T23:31:50.602+00:00 INFO  http.request requestId=272dd623-33fd-4f0c-a136-54f14e5be121 role=api pod=gateway-b7d9575b9-c659p method=POST path=/api/transcriptions status=200 durationMs=728
[pod/gateway-b7d9575b9-c659p/gateway] 2026-10-05T23:31:50.616+00:00 INFO  http.request requestId=01a07ae4-5e04-4aab-ae2f-dbf9de3118e0 role=api pod=gateway-b7d9575b9-c659p method=POST path=/api/translations status=200 durationMs=365
[pod/gateway-b7d9575b9-c659p/gateway] 2026-10-05T23:31:50.817+00:00 INFO  http.request requestId=a3b5c54a-eacc-4473-bbdd-6c49ddf793f2 role=api pod=gateway-b7d9575b9-c659p method=POST path=/api/transcriptions status=200 durationMs=629
[pod/gateway-b7d9575b9-c659p/gateway] 2026-10-05T23:31:50.911+00:00 INFO  http.request requestId=18a2f2fe-86ff-4d18-9c27-5eddf14d609d role=api pod=gateway-b7d9575b9-c659p method=POST path=/api/translations status=200 durationMs=327
[pod/gateway-b7d9575b9-c659p/gateway] 2026-10-05T23:31:50.982+00:00 INFO  http.request requestId=14fa6fd2-630a-437f-acc8-6c36a3d59a06 role=api pod=gateway-b7d9575b9-c659p method=POST path=/api/translations status=200 durationMs=341
[pod/gateway-b7d9575b9-c659p/gateway] 2026-10-05T23:31:51.301+00:00 INFO  http.request requestId=8ca27e4c-6d93-4074-af32-68b941ab2f35 role=api pod=gateway-b7d9575b9-c659p method=POST path=/api/transcriptions status=200 durationMs=482
[pod/gateway-b7d9575b9-c659p/gateway] 2026-10-05T23:31:51.311+00:00 INFO  http.request requestId=26923d60-56db-4d78-b15a-af06513792e3 role=api pod=gateway-b7d9575b9-c659p method=POST path=/api/transcriptions status=200 durationMs=702
[pod/gateway-b7d9575b9-c659p/gateway] 2026-10-05T23:31:51.311+00:00 INFO  http.request requestId=5176b0c4-8e77-4abf-ac8f-6c7af3a0ee2e role=api pod=gateway-b7d9575b9-c659p method=POST path=/api/transcriptions status=200 durationMs=763
[pod/gateway-b7d9575b9-c659p/gateway] 2026-10-05T23:31:51.456+00:00 INFO  http.request requestId=14f52fd1-1a3a-4bc7-814b-68590993a9e1 role=api pod=gateway-b7d9575b9-c659p method=POST path=/api/transcriptions status=200 durationMs=441
[pod/gateway-b7d9575b9-c659p/gateway] 2026-10-05T23:31:51.560+00:00 INFO  http.request requestId=e86aa86a-131a-43a8-97f7-012e38a80b57 role=api pod=gateway-b7d9575b9-c659p method=POST path=/api/translations status=200 durationMs=249
[pod/gateway-b7d9575b9-c659p/gateway] 2026-10-05T23:31:51.561+00:00 INFO  http.request requestId=390fd3d2-c45f-4ce2-b0f7-0b17ee1d296e role=api pod=gateway-b7d9575b9-c659p method=POST path=/api/translations status=200 durationMs=248
[pod/gateway-b7d9575b9-c659p/gateway] 2026-10-05T23:31:51.562+00:00 INFO  http.request requestId=4363f3a8-eeaf-4128-a0bc-b98f18072ea8 role=api pod=gateway-b7d9575b9-c659p method=POST path=/api/transcriptions status=200 durationMs=442
[pod/gateway-b7d9575b9-c659p/gateway] 2026-10-05T23:31:51.817+00:00 INFO  http.request requestId=b33cedf5-fade-43fe-9e57-b759a67523d6 role=api pod=gateway-b7d9575b9-c659p method=POST path=/api/translations status=200 durationMs=254
[pod/gateway-b7d9575b9-c659p/gateway] 2026-10-05T23:31:51.833+00:00 INFO  http.request requestId=afc5a1da-49e4-4d22-b7e7-527b3bbd6dca role=api pod=gateway-b7d9575b9-c659p method=POST path=/api/transcriptions status=200 durationMs=519
[pod/gateway-b7d9575b9-c659p/gateway] 2026-10-05T23:31:51.874+00:00 INFO  http.request requestId=bf1aadcb-5b59-494c-9ce5-9f7fc6174630 role=api pod=gateway-b7d9575b9-c659p method=POST path=/api/transcriptions status=200 durationMs=516
[pod/gateway-b7d9575b9-c659p/gateway] 2026-10-05T23:31:51.904+00:00 INFO  http.request requestId=1b9b6601-2f80-4361-ab5c-625525d7af94 role=api pod=gateway-b7d9575b9-c659p method=POST path=/api/transcriptions status=200 durationMs=423
[pod/gateway-b7d9575b9-c659p/gateway] 2026-10-05T23:31:52.052+00:00 INFO  http.request requestId=9eb690da-c51b-4ccb-b016-c7a571a8ea4f role=api pod=gateway-b7d9575b9-c659p method=POST path=/api/translations status=200 durationMs=217
[pod/gateway-b7d9575b9-c659p/gateway] 2026-10-05T23:31:52.068+00:00 ERROR asr.failed requestId=b6956a02-0c30-4420-b15f-8859c76f79d8 role=api pod=gateway-b7d9575b9-c659p profileId=default model=mock-asr audioBytes=48044 status=503 durationMs=2 error="Error: 模型併發容量已滿或協調服務不可用" status=503
[pod/gateway-b7d9575b9-c659p/gateway]     Error: 模型併發容量已滿或協調服務不可用
[pod/gateway-b7d9575b9-c659p/gateway]         at Object.withCapacity (/app/server/shared-limits.cjs:102:143)
[pod/gateway-b7d9575b9-c659p/gateway]         at process.processTicksAndRejections (node:internal/process/task_queues:103:5)
[pod/gateway-b7d9575b9-c659p/gateway]         at async executeIdempotent (/app/server/idempotency.cjs:39:20)
[pod/gateway-b7d9575b9-c659p/gateway]         at async handleHttpRequest (/app/server/index.cjs:1215:22)
[pod/gateway-b7d9575b9-c659p/gateway] 2026-10-05T23:31:52.068+00:00 WARN  http.request requestId=b6956a02-0c30-4420-b15f-8859c76f79d8 role=api pod=gateway-b7d9575b9-c659p method=POST path=/api/transcriptions status=503 durationMs=4
[pod/gateway-b7d9575b9-c659p/gateway] 2026-10-05T23:31:52.202+00:00 INFO  http.request requestId=840f516f-7a6e-4ebf-affe-4c51d79d2354 role=api pod=gateway-b7d9575b9-c659p method=POST path=/api/translations status=200 durationMs=327
[pod/gateway-b7d9575b9-c659p/gateway] 2026-10-05T23:31:52.289+00:00 INFO  http.request requestId=3ab04b26-00e8-49a1-ae23-8caa7192b90b role=api pod=gateway-b7d9575b9-c659p method=POST path=/api/translations status=200 durationMs=376
[pod/gateway-b7d9575b9-c659p/gateway] 2026-10-05T23:31:52.295+00:00 INFO  http.request requestId=e9bdb56f-a579-41f5-8bea-314c2be9c55e role=api pod=gateway-b7d9575b9-c659p method=POST path=/api/transcriptions status=200 durationMs=727
[pod/gateway-b7d9575b9-c659p/gateway] 2026-10-05T23:31:52.380+00:00 INFO  http.request requestId=260656b5-5a82-4861-9371-8706a3998d03 role=api pod=gateway-b7d9575b9-c659p method=POST path=/api/transcriptions status=200 durationMs=436
[pod/gateway-b7d9575b9-c659p/gateway] 2026-10-05T23:31:52.413+00:00 INFO  http.request requestId=388eaace-bfda-4e32-a9a4-9c003d135184 role=api pod=gateway-b7d9575b9-c659p method=POST path=/api/transcriptions status=200 durationMs=590
[pod/gateway-b7d9575b9-c659p/gateway] 2026-10-05T23:31:52.625+00:00 INFO  http.request requestId=52dfcf34-86d5-4fb9-a7a4-d76c20e07def role=api pod=gateway-b7d9575b9-c659p method=POST path=/api/translations status=200 durationMs=287
[pod/gateway-b7d9575b9-c659p/gateway] 2026-10-05T23:31:52.732+00:00 INFO  http.request requestId=2f28e2be-e2ef-49d8-a6b1-7fb18b6b416a role=api pod=gateway-b7d9575b9-c659p method=POST path=/api/translations status=200 durationMs=301
[pod/gateway-b7d9575b9-c659p/gateway] 2026-10-05T23:31:52.900+00:00 INFO  http.request requestId=59332ce3-8c24-49e0-8faa-315dfdc626b8 role=api pod=gateway-b7d9575b9-c659p method=POST path=/api/transcriptions status=200 durationMs=596
[pod/gateway-b7d9575b9-c659p/gateway] 2026-10-05T23:31:52.972+00:00 INFO  http.request requestId=a3d4483d-46b1-415d-8c74-83b33b2ea87f role=api pod=gateway-b7d9575b9-c659p method=POST path=/api/transcriptions status=200 durationMs=639
[pod/gateway-b7d9575b9-c659p/gateway] 2026-10-05T23:31:53.219+00:00 INFO  http.request requestId=c4b9a66f-1751-431b-bfbd-9ca559defe0e role=api pod=gateway-b7d9575b9-c659p method=POST path=/api/transcriptions status=200 durationMs=794
[pod/gateway-b7d9575b9-c659p/gateway] 2026-10-05T23:31:53.238+00:00 INFO  http.request requestId=1b2c615d-d3b6-4659-9074-1f4f725c8230 role=api pod=gateway-b7d9575b9-c659p method=POST path=/api/transcriptions status=200 durationMs=664
[pod/gateway-b7d9575b9-c659p/gateway] 2026-10-05T23:31:53.357+00:00 INFO  http.request requestId=d05ada7b-09cf-44ed-bde3-289942def340 role=api pod=gateway-b7d9575b9-c659p method=POST path=/api/transcriptions status=200 durationMs=482
[pod/gateway-b7d9575b9-c659p/gateway] 2026-10-05T23:31:53.378+00:00 INFO  http.request requestId=a8f3100d-f388-4a62-9c24-3965688b28f4 role=api pod=gateway-b7d9575b9-c659p method=POST path=/api/translations status=200 durationMs=400
[pod/gateway-b7d9575b9-c659p/gateway] 2026-10-05T23:31:53.431+00:00 INFO  http.request requestId=ec08085a-91ab-489b-ad9a-4db081bc987d role=api pod=gateway-b7d9575b9-c659p method=POST path=/api/transcriptions status=200 durationMs=527
[pod/gateway-b7d9575b9-c659p/gateway] 2026-10-05T23:31:53.480+00:00 INFO  http.request requestId=53d20391-faf0-4ad1-ba02-2ff48ad11995 role=api pod=gateway-b7d9575b9-c659p method=POST path=/api/translations status=200 durationMs=249
[pod/gateway-b7d9575b9-c659p/gateway] 2026-10-05T23:31:53.503+00:00 ERROR asr.failed requestId=1727f093-5b66-4160-a388-d560aaeb7f41 role=api pod=gateway-b7d9575b9-c659p profileId=default model=mock-asr audioBytes=48044 status=503 durationMs=7 error="Error: 模型併發容量已滿或協調服務不可用" status=503
[pod/gateway-b7d9575b9-c659p/gateway]     Error: 模型併發容量已滿或協調服務不可用
[pod/gateway-b7d9575b9-c659p/gateway]         at Object.withCapacity (/app/server/shared-limits.cjs:102:143)
[pod/gateway-b7d9575b9-c659p/gateway]         at process.processTicksAndRejections (node:internal/process/task_queues:103:5)
[pod/gateway-b7d9575b9-c659p/gateway]         at async executeIdempotent (/app/server/idempotency.cjs:39:20)
[pod/gateway-b7d9575b9-c659p/gateway]         at async handleHttpRequest (/app/server/index.cjs:1215:22)
[pod/gateway-b7d9575b9-c659p/gateway] 2026-10-05T23:31:53.503+00:00 WARN  http.request requestId=1727f093-5b66-4160-a388-d560aaeb7f41 role=api pod=gateway-b7d9575b9-c659p method=POST path=/api/transcriptions status=503 durationMs=12
[pod/gateway-b7d9575b9-c659p/gateway] 2026-10-05T23:31:53.676+00:00 INFO  http.request requestId=3185e267-5b93-482f-91ab-3c6424492b21 role=api pod=gateway-b7d9575b9-c659p method=POST path=/api/transcriptions status=200 durationMs=443
[pod/gateway-b7d9575b9-c659p/gateway] 2026-10-05T23:31:53.829+00:00 INFO  http.request requestId=3cc219a8-9c7a-422d-b1f7-62409094709c role=api pod=gateway-b7d9575b9-c659p method=POST path=/api/translations status=200 durationMs=400
[pod/gateway-b7d9575b9-c659p/gateway] 2026-10-05T23:31:53.883+00:00 INFO  http.request requestId=9672b69d-8685-4fda-af34-96ac9121d002 role=api pod=gateway-b7d9575b9-c659p method=POST path=/api/translations status=200 durationMs=376
[pod/gateway-b7d9575b9-c659p/gateway] 2026-10-05T23:31:53.984+00:00 INFO  http.request requestId=29310f59-535b-4b45-8dab-578082b51e99 role=api pod=gateway-b7d9575b9-c659p method=POST path=/api/transcriptions status=200 durationMs=525
[pod/gateway-b7d9575b9-c659p/gateway] 2026-10-05T23:31:54.004+00:00 ERROR asr.failed requestId=18af2bab-6e9a-4f15-9021-9bfcaa64679f role=api pod=gateway-b7d9575b9-c659p profileId=default model=mock-asr audioBytes=48044 status=503 durationMs=3 error="Error: 模型併發容量已滿或協調服務不可用" status=503
[pod/gateway-b7d9575b9-c659p/gateway]     Error: 模型併發容量已滿或協調服務不可用
[pod/gateway-b7d9575b9-c659p/gateway]         at Object.withCapacity (/app/server/shared-limits.cjs:102:143)
[pod/gateway-b7d9575b9-c659p/gateway]         at process.processTicksAndRejections (node:internal/process/task_queues:103:5)
[pod/gateway-b7d9575b9-c659p/gateway]         at async executeIdempotent (/app/server/idempotency.cjs:39:20)
[pod/gateway-b7d9575b9-c659p/gateway]         at async handleHttpRequest (/app/server/index.cjs:1215:22)
[pod/gateway-b7d9575b9-c659p/gateway] 2026-10-05T23:31:54.004+00:00 WARN  http.request requestId=18af2bab-6e9a-4f15-9021-9bfcaa64679f role=api pod=gateway-b7d9575b9-c659p method=POST path=/api/transcriptions status=503 durationMs=5
[pod/gateway-b7d9575b9-c659p/gateway] 2026-10-05T23:31:54.020+00:00 ERROR asr.failed requestId=ae2917fe-1a63-445e-b6d8-6ca027841ed0 role=api pod=gateway-b7d9575b9-c659p profileId=default model=mock-asr audioBytes=48044 status=503 durationMs=5 error="Error: 模型併發容量已滿或協調服務不可用" status=503
[pod/gateway-b7d9575b9-c659p/gateway]     Error: 模型併發容量已滿或協調服務不可用
[pod/gateway-b7d9575b9-c659p/gateway]         at Object.withCapacity (/app/server/shared-limits.cjs:102:143)
[pod/gateway-b7d9575b9-c659p/gateway]         at process.processTicksAndRejections (node:internal/process/task_queues:103:5)
[pod/gateway-b7d9575b9-c659p/gateway]         at async executeIdempotent (/app/server/idempotency.cjs:39:20)
[pod/gateway-b7d9575b9-c659p/gateway]         at async handleHttpRequest (/app/server/index.cjs:1215:22)
[pod/gateway-b7d9575b9-c659p/gateway] 2026-10-05T23:31:54.020+00:00 WARN  http.request requestId=ae2917fe-1a63-445e-b6d8-6ca027841ed0 role=api pod=gateway-b7d9575b9-c659p method=POST path=/api/transcriptions status=503 durationMs=6
[pod/gateway-b7d9575b9-c659p/gateway] 2026-10-05T23:31:54.319+00:00 INFO  http.request requestId=64084be0-a4cd-4d49-bd89-5a51ea889b2f role=api pod=gateway-b7d9575b9-c659p method=POST path=/api/transcriptions status=200 durationMs=619
[pod/gateway-b7d9575b9-c659p/gateway] 2026-10-05T23:31:54.321+00:00 INFO  http.request requestId=59ebd427-b541-4606-9c2e-6c02db770489 role=api pod=gateway-b7d9575b9-c659p method=POST path=/api/transcriptions status=200 durationMs=487
[pod/gateway-b7d9575b9-c659p/gateway] 2026-10-05T23:31:54.415+00:00 INFO  http.request requestId=83e05ba5-3755-4bf9-9830-4ede57237c26 role=api pod=gateway-b7d9575b9-c659p method=POST path=/api/translations status=200 durationMs=322
[pod/gateway-b7d9575b9-c659p/gateway] 2026-10-05T23:31:54.560+00:00 INFO  http.request requestId=e18e3d1d-7c29-4aae-9558-914b9728f612 role=api pod=gateway-b7d9575b9-c659p method=POST path=/api/transcriptions status=200 durationMs=666
[pod/gateway-b7d9575b9-c659p/gateway] 2026-10-05T23:31:54.611+00:00 INFO  http.request requestId=7cab4513-e51b-40b7-a9d1-ad2e8acb4dcb role=api pod=gateway-b7d9575b9-c659p method=POST path=/api/translations status=200 durationMs=275
[pod/gateway-b7d9575b9-c659p/gateway] 2026-10-05T23:31:54.674+00:00 INFO  http.request requestId=ee4f3177-7bef-428c-824d-883e73aab13f role=api pod=gateway-b7d9575b9-c659p method=POST path=/api/translations status=200 durationMs=348
[pod/gateway-b7d9575b9-c659p/gateway] 2026-10-05T23:31:54.706+00:00 ERROR asr.failed requestId=08cfe250-9854-4f37-a63c-80f8ad8ec6a0 role=api pod=gateway-b7d9575b9-c659p profileId=default model=mock-asr audioBytes=48044 status=503 durationMs=2 error="Error: 模型併發容量已滿或協調服務不可用" status=503
[pod/gateway-b7d9575b9-c659p/gateway]     Error: 模型併發容量已滿或協調服務不可用
[pod/gateway-b7d9575b9-c659p/gateway]         at Object.withCapacity (/app/server/shared-limits.cjs:102:143)
[pod/gateway-b7d9575b9-c659p/gateway]         at process.processTicksAndRejections (node:internal/process/task_queues:103:5)
[pod/gateway-b7d9575b9-c659p/gateway]         at async executeIdempotent (/app/server/idempotency.cjs:39:20)
[pod/gateway-b7d9575b9-c659p/gateway]         at async handleHttpRequest (/app/server/index.cjs:1215:22)
[pod/gateway-b7d9575b9-c659p/gateway] 2026-10-05T23:31:54.706+00:00 WARN  http.request requestId=08cfe250-9854-4f37-a63c-80f8ad8ec6a0 role=api pod=gateway-b7d9575b9-c659p method=POST path=/api/transcriptions status=503 durationMs=3
[pod/gateway-b7d9575b9-c659p/gateway] 2026-10-05T23:31:54.859+00:00 ERROR asr.failed requestId=4b7fbc08-087e-43b1-8abc-55e1ff1a160c role=api pod=gateway-b7d9575b9-c659p profileId=default model=mock-asr audioBytes=48044 status=503 durationMs=3 error="Error: 模型併發容量已滿或協調服務不可用" status=503
[pod/gateway-b7d9575b9-c659p/gateway]     Error: 模型併發容量已滿或協調服務不可用
[pod/gateway-b7d9575b9-c659p/gateway]         at Object.withCapacity (/app/server/shared-limits.cjs:102:143)
[pod/gateway-b7d9575b9-c659p/gateway]         at process.processTicksAndRejections (node:internal/process/task_queues:103:5)
[pod/gateway-b7d9575b9-c659p/gateway]         at async executeIdempotent (/app/server/idempotency.cjs:39:20)
[pod/gateway-b7d9575b9-c659p/gateway]         at async handleHttpRequest (/app/server/index.cjs:1215:22)
[pod/gateway-b7d9575b9-c659p/gateway] 2026-10-05T23:31:54.859+00:00 WARN  http.request requestId=4b7fbc08-087e-43b1-8abc-55e1ff1a160c role=api pod=gateway-b7d9575b9-c659p method=POST path=/api/transcriptions status=503 durationMs=4
[pod/gateway-b7d9575b9-c659p/gateway] 2026-10-05T23:31:54.935+00:00 INFO  http.request requestId=2157f687-d814-49da-896b-4afcf93eb2a4 role=api pod=gateway-b7d9575b9-c659p method=POST path=/api/translations status=200 durationMs=224
[pod/gateway-b7d9575b9-c659p/gateway] 2026-10-05T23:31:55.017+00:00 INFO  http.request requestId=e927190e-4610-42c5-801d-48d38e93fcc8 role=api pod=gateway-b7d9575b9-c659p method=POST path=/api/transcriptions status=200 durationMs=595
[pod/gateway-b7d9575b9-c659p/gateway] 2026-10-05T23:31:55.068+00:00 INFO  http.request requestId=0895f1e2-2b8d-403e-9ec7-220bf4d98356 role=api pod=gateway-b7d9575b9-c659p method=POST path=/api/transcriptions status=200 durationMs=500
[pod/gateway-b7d9575b9-c659p/gateway] 2026-10-05T23:31:55.082+00:00 ERROR asr.failed requestId=86540683-e8b4-479e-9797-0d2f23416d24 role=api pod=gateway-b7d9575b9-c659p profileId=default model=mock-asr audioBytes=48044 status=503 durationMs=2 error="Error: 模型併發容量已滿或協調服務不可用" status=503
[pod/gateway-b7d9575b9-c659p/gateway]     Error: 模型併發容量已滿或協調服務不可用
[pod/gateway-b7d9575b9-c659p/gateway]         at Object.withCapacity (/app/server/shared-limits.cjs:102:143)
[pod/gateway-b7d9575b9-c659p/gateway]         at process.processTicksAndRejections (node:internal/process/task_queues:103:5)
[pod/gateway-b7d9575b9-c659p/gateway]         at async executeIdempotent (/app/server/idempotency.cjs:39:20)
[pod/gateway-b7d9575b9-c659p/gateway]         at async handleHttpRequest (/app/server/index.cjs:1215:22)
[pod/gateway-b7d9575b9-c659p/gateway] 2026-10-05T23:31:55.083+00:00 WARN  http.request requestId=86540683-e8b4-479e-9797-0d2f23416d24 role=api pod=gateway-b7d9575b9-c659p method=POST path=/api/transcriptions status=503 durationMs=4
[pod/gateway-b7d9575b9-c659p/gateway] 2026-10-05T23:31:55.129+00:00 INFO  http.request requestId=c641ae45-7768-4f78-8ca7-f07c30bc5815 role=api pod=gateway-b7d9575b9-c659p method=POST path=/api/translations status=200 durationMs=266
[pod/gateway-b7d9575b9-c659p/gateway] 2026-10-05T23:31:55.141+00:00 ERROR asr.failed requestId=e328dfda-dc63-4162-804e-6cf4019f9131 role=api pod=gateway-b7d9575b9-c659p profileId=default model=mock-asr audioBytes=48044 status=503 durationMs=2 error="Error: 模型併發容量已滿或協調服務不可用" status=503
[pod/gateway-b7d9575b9-c659p/gateway]     Error: 模型併發容量已滿或協調服務不可用
[pod/gateway-b7d9575b9-c659p/gateway]         at Object.withCapacity (/app/server/shared-limits.cjs:102:143)
[pod/gateway-b7d9575b9-c659p/gateway]         at process.processTicksAndRejections (node:internal/process/task_queues:103:5)
[pod/gateway-b7d9575b9-c659p/gateway]         at async executeIdempotent (/app/server/idempotency.cjs:39:20)
[pod/gateway-b7d9575b9-c659p/gateway]         at async handleHttpRequest (/app/server/index.cjs:1215:22)
[pod/gateway-b7d9575b9-c659p/gateway] 2026-10-05T23:31:55.141+00:00 WARN  http.request requestId=e328dfda-dc63-4162-804e-6cf4019f9131 role=api pod=gateway-b7d9575b9-c659p method=POST path=/api/transcriptions status=503 durationMs=2
[pod/gateway-b7d9575b9-c659p/gateway] 2026-10-05T23:31:55.157+00:00 ERROR asr.failed requestId=2d4aa22b-564b-4f79-896a-fb6b7d677e1d role=api pod=gateway-b7d9575b9-c659p profileId=default model=mock-asr audioBytes=48044 status=503 durationMs=2 error="Error: 模型併發容量已滿或協調服務不可用" status=503
[pod/gateway-b7d9575b9-c659p/gateway]     Error: 模型併發容量已滿或協調服務不可用
[pod/gateway-b7d9575b9-c659p/gateway]         at Object.withCapacity (/app/server/shared-limits.cjs:102:143)
[pod/gateway-b7d9575b9-c659p/gateway]         at process.processTicksAndRejections (node:internal/process/task_queues:103:5)
[pod/gateway-b7d9575b9-c659p/gateway]         at async executeIdempotent (/app/server/idempotency.cjs:39:20)
[pod/gateway-b7d9575b9-c659p/gateway]         at async handleHttpRequest (/app/server/index.cjs:1215:22)
[pod/gateway-b7d9575b9-c659p/gateway] 2026-10-05T23:31:55.157+00:00 WARN  http.request requestId=2d4aa22b-564b-4f79-896a-fb6b7d677e1d role=api pod=gateway-b7d9575b9-c659p method=POST path=/api/transcriptions status=503 durationMs=4
[pod/gateway-b7d9575b9-c659p/gateway] 2026-10-05T23:31:55.348+00:00 INFO  http.request requestId=acb0aebe-0aba-42f7-973c-7c4b2e5d90c2 role=api pod=gateway-b7d9575b9-c659p method=POST path=/api/translations status=200 durationMs=324
[pod/gateway-b7d9575b9-c659p/gateway] 2026-10-05T23:31:55.368+00:00 ERROR asr.failed requestId=7474a386-f31d-4d38-b9a5-32685e03b6d6 role=api pod=gateway-b7d9575b9-c659p profileId=default model=mock-asr audioBytes=48044 status=503 durationMs=2 error="Error: 模型併發容量已滿或協調服務不可用" status=503
[pod/gateway-b7d9575b9-c659p/gateway]     Error: 模型併發容量已滿或協調服務不可用
[pod/gateway-b7d9575b9-c659p/gateway]         at Object.withCapacity (/app/server/shared-limits.cjs:102:143)
[pod/gateway-b7d9575b9-c659p/gateway]         at process.processTicksAndRejections (node:internal/process/task_queues:103:5)
[pod/gateway-b7d9575b9-c659p/gateway]         at async executeIdempotent (/app/server/idempotency.cjs:39:20)
[pod/gateway-b7d9575b9-c659p/gateway]         at async handleHttpRequest (/app/server/index.cjs:1215:22)
[pod/gateway-b7d9575b9-c659p/gateway] 2026-10-05T23:31:55.369+00:00 WARN  http.request requestId=7474a386-f31d-4d38-b9a5-32685e03b6d6 role=api pod=gateway-b7d9575b9-c659p method=POST path=/api/transcriptions status=503 durationMs=4
[pod/gateway-b7d9575b9-c659p/gateway] 2026-10-05T23:31:55.383+00:00 ERROR asr.failed requestId=44b1ad52-0fa6-4d9c-8dd0-357f6171aa9c role=api pod=gateway-b7d9575b9-c659p profileId=default model=mock-asr audioBytes=48044 status=503 durationMs=3 error="Error: 模型併發容量已滿或協調服務不可用" status=503
[pod/gateway-b7d9575b9-c659p/gateway]     Error: 模型併發容量已滿或協調服務不可用
[pod/gateway-b7d9575b9-c659p/gateway]         at Object.withCapacity (/app/server/shared-limits.cjs:102:143)
[pod/gateway-b7d9575b9-c659p/gateway]         at process.processTicksAndRejections (node:internal/process/task_queues:103:5)
[pod/gateway-b7d9575b9-c659p/gateway]         at async executeIdempotent (/app/server/idempotency.cjs:39:20)
[pod/gateway-b7d9575b9-c659p/gateway]         at async handleHttpRequest (/app/server/index.cjs:1215:22)
[pod/gateway-b7d9575b9-c659p/gateway] 2026-10-05T23:31:55.383+00:00 WARN  http.request requestId=44b1ad52-0fa6-4d9c-8dd0-357f6171aa9c role=api pod=gateway-b7d9575b9-c659p method=POST path=/api/transcriptions status=503 durationMs=4
[pod/gateway-b7d9575b9-c659p/gateway] 2026-10-05T23:31:55.489+00:00 INFO  http.request requestId=331c10cd-4113-49f9-9e45-3db5e2148e6e role=api pod=gateway-b7d9575b9-c659p method=POST path=/api/translations status=200 durationMs=401
[pod/gateway-b7d9575b9-c659p/gateway] 2026-10-05T23:31:55.502+00:00 ERROR asr.failed requestId=13475a8f-bc80-45d2-bdbf-37b53b01d1bd role=api pod=gateway-b7d9575b9-c659p profileId=default model=mock-asr audioBytes=48044 status=503 durationMs=2 error="Error: 模型併發容量已滿或協調服務不可用" status=503
[pod/gateway-b7d9575b9-c659p/gateway]     Error: 模型併發容量已滿或協調服務不可用
[pod/gateway-b7d9575b9-c659p/gateway]         at Object.withCapacity (/app/server/shared-limits.cjs:102:143)
[pod/gateway-b7d9575b9-c659p/gateway]         at process.processTicksAndRejections (node:internal/process/task_queues:103:5)
[pod/gateway-b7d9575b9-c659p/gateway]         at async executeIdempotent (/app/server/idempotency.cjs:39:20)
[pod/gateway-b7d9575b9-c659p/gateway]         at async handleHttpRequest (/app/server/index.cjs:1215:22)
[pod/gateway-b7d9575b9-c659p/gateway] 2026-10-05T23:31:55.502+00:00 WARN  http.request requestId=13475a8f-bc80-45d2-bdbf-37b53b01d1bd role=api pod=gateway-b7d9575b9-c659p method=POST path=/api/transcriptions status=503 durationMs=3
[pod/gateway-b7d9575b9-c659p/gateway] 2026-10-05T23:31:55.518+00:00 ERROR asr.failed requestId=903ec902-dc4b-4fa9-ab29-0425c5abd503 role=api pod=gateway-b7d9575b9-c659p profileId=default model=mock-asr audioBytes=48044 status=503 durationMs=2 error="Error: 模型併發容量已滿或協調服務不可用" status=503
[pod/gateway-b7d9575b9-c659p/gateway]     Error: 模型併發容量已滿或協調服務不可用
[pod/gateway-b7d9575b9-c659p/gateway]         at Object.withCapacity (/app/server/shared-limits.cjs:102:143)
[pod/gateway-b7d9575b9-c659p/gateway]         at process.processTicksAndRejections (node:internal/process/task_queues:103:5)
[pod/gateway-b7d9575b9-c659p/gateway]         at async executeIdempotent (/app/server/idempotency.cjs:39:20)
[pod/gateway-b7d9575b9-c659p/gateway]         at async handleHttpRequest (/app/server/index.cjs:1215:22)
[pod/gateway-b7d9575b9-c659p/gateway] 2026-10-05T23:31:55.518+00:00 WARN  http.request requestId=903ec902-dc4b-4fa9-ab29-0425c5abd503 role=api pod=gateway-b7d9575b9-c659p method=POST path=/api/transcriptions status=503 durationMs=4
[pod/gateway-b7d9575b9-c659p/gateway] 2026-10-05T23:31:55.568+00:00 INFO  http.request requestId=3f054346-5d90-4582-9797-9ba71fb337b1 role=api pod=gateway-b7d9575b9-c659p method=POST path=/api/translations status=200 durationMs=396
[pod/gateway-b7d9575b9-c659p/gateway] 2026-10-05T23:31:55.791+00:00 INFO  http.request requestId=42b28f91-9571-4d27-a833-b1502debb87f role=api pod=gateway-b7d9575b9-c659p method=POST path=/api/transcriptions status=200 durationMs=757
[pod/gateway-b7d9575b9-c659p/gateway] 2026-10-05T23:31:55.907+00:00 INFO  http.request requestId=e807cca9-db29-4ae2-b504-9e4e3c13dc53 role=api pod=gateway-b7d9575b9-c659p method=POST path=/api/translations status=200 durationMs=382
[pod/gateway-b7d9575b9-c659p/gateway] 2026-10-05T23:31:56.161+00:00 INFO  http.request requestId=8a07a6a0-9884-44ad-b2c3-c72f71616f43 role=api pod=gateway-b7d9575b9-c659p method=POST path=/api/transcriptions status=200 durationMs=767
[pod/gateway-b7d9575b9-c659p/gateway] 2026-10-05T23:31:56.169+00:00 INFO  http.request requestId=de879b80-5e1f-480f-9ac4-f997a3d72b57 role=api pod=gateway-b7d9575b9-c659p method=POST path=/api/translations status=200 durationMs=358
[pod/gateway-b7d9575b9-c659p/gateway] 2026-10-05T23:31:56.278+00:00 INFO  http.request requestId=21916da8-5c21-4f3f-b171-386050955f40 role=api pod=gateway-b7d9575b9-c659p method=POST path=/api/translations status=200 durationMs=361
[pod/gateway-b7d9575b9-c659p/gateway] 2026-10-05T23:31:56.294+00:00 INFO  http.request requestId=d5eb766e-0dfc-44de-a34d-d9db09b44cfe role=api pod=gateway-b7d9575b9-c659p method=POST path=/api/transcriptions status=200 durationMs=660
[pod/gateway-b7d9575b9-c659p/gateway] 2026-10-05T23:31:56.663+00:00 INFO  http.request requestId=b9c1864e-9501-447d-8c53-4f42baffa27d role=api pod=gateway-b7d9575b9-c659p method=POST path=/api/translations status=200 durationMs=375
[pod/gateway-b7d9575b9-c659p/gateway] 2026-10-05T23:31:58.898+00:00 INFO  http.request requestId=986b366e-755b-467d-8fb8-65b9faf2a777 role=api pod=gateway-b7d9575b9-c659p method=POST path=/api/transcriptions status=200 durationMs=12009
[pod/gateway-b7d9575b9-c659p/gateway] 2026-10-05T23:32:02.169+00:00 INFO  http.request requestId=23f8becb-76dd-4dfd-aa2b-08a934c58d74 role=api pod=gateway-b7d9575b9-c659p method=POST path=/api/transcriptions status=200 durationMs=12009
[pod/gateway-b7d9575b9-c659p/gateway] 2026-10-05T23:32:05.452+00:00 INFO  http.request requestId=e4b272c8-8221-4ada-9622-114cebf7f5f8 role=api pod=gateway-b7d9575b9-c659p method=POST path=/api/transcriptions status=200 durationMs=12008
[pod/gateway-b7d9575b9-hs75h/gateway]     Error: 模型併發容量已滿或協調服務不可用
[pod/gateway-b7d9575b9-hs75h/gateway]         at Object.withCapacity (/app/server/shared-limits.cjs:102:143)
[pod/gateway-b7d9575b9-hs75h/gateway]         at process.processTicksAndRejections (node:internal/process/task_queues:103:5)
[pod/gateway-b7d9575b9-hs75h/gateway]         at async executeIdempotent (/app/server/idempotency.cjs:39:20)
[pod/gateway-b7d9575b9-hs75h/gateway]         at async handleHttpRequest (/app/server/index.cjs:1215:22)
[pod/gateway-b7d9575b9-hs75h/gateway] 2026-10-05T23:31:51.663+00:00 WARN  http.request requestId=d15c6c9e-c1a7-42a0-95b7-16cfbf50df55 role=api pod=gateway-b7d9575b9-hs75h method=POST path=/api/transcriptions status=503 durationMs=3
[pod/gateway-b7d9575b9-hs75h/gateway] 2026-10-05T23:31:51.673+00:00 INFO  http.request requestId=7a6c7a51-9e8e-463e-beea-e92f1b10c09e role=api pod=gateway-b7d9575b9-hs75h method=POST path=/api/translations status=200 durationMs=407
[pod/gateway-b7d9575b9-hs75h/gateway] 2026-10-05T23:31:51.677+00:00 INFO  http.request requestId=485c491c-8efe-4e8a-bef4-04b1f4c3dca7 role=api pod=gateway-b7d9575b9-hs75h method=POST path=/api/translations status=200 durationMs=403
[pod/gateway-b7d9575b9-hs75h/gateway] 2026-10-05T23:31:51.678+00:00 ERROR asr.failed requestId=3b2b7ced-dde7-4e30-ad46-1c17261b0592 role=api pod=gateway-b7d9575b9-hs75h profileId=default model=mock-asr audioBytes=48044 status=503 durationMs=4 error="Error: 模型併發容量已滿或協調服務不可用" status=503
[pod/gateway-b7d9575b9-hs75h/gateway]     Error: 模型併發容量已滿或協調服務不可用
[pod/gateway-b7d9575b9-hs75h/gateway]         at Object.withCapacity (/app/server/shared-limits.cjs:102:143)
[pod/gateway-b7d9575b9-hs75h/gateway]         at process.processTicksAndRejections (node:internal/process/task_queues:103:5)
[pod/gateway-b7d9575b9-hs75h/gateway]         at async executeIdempotent (/app/server/idempotency.cjs:39:20)
[pod/gateway-b7d9575b9-hs75h/gateway]         at async handleHttpRequest (/app/server/index.cjs:1215:22)
[pod/gateway-b7d9575b9-hs75h/gateway] 2026-10-05T23:31:51.679+00:00 WARN  http.request requestId=3b2b7ced-dde7-4e30-ad46-1c17261b0592 role=api pod=gateway-b7d9575b9-hs75h method=POST path=/api/transcriptions status=503 durationMs=5
[pod/gateway-b7d9575b9-hs75h/gateway] 2026-10-05T23:31:51.693+00:00 ERROR asr.failed requestId=ec6c9232-77c8-495d-9b68-c690a6166cb5 role=api pod=gateway-b7d9575b9-hs75h profileId=default model=mock-asr audioBytes=48044 status=503 durationMs=2 error="Error: 模型併發容量已滿或協調服務不可用" status=503
[pod/gateway-b7d9575b9-hs75h/gateway]     Error: 模型併發容量已滿或協調服務不可用
[pod/gateway-b7d9575b9-hs75h/gateway]         at Object.withCapacity (/app/server/shared-limits.cjs:102:143)
[pod/gateway-b7d9575b9-hs75h/gateway]         at process.processTicksAndRejections (node:internal/process/task_queues:103:5)
[pod/gateway-b7d9575b9-hs75h/gateway]         at async executeIdempotent (/app/server/idempotency.cjs:39:20)
[pod/gateway-b7d9575b9-hs75h/gateway]         at async handleHttpRequest (/app/server/index.cjs:1215:22)
[pod/gateway-b7d9575b9-hs75h/gateway] 2026-10-05T23:31:51.693+00:00 WARN  http.request requestId=ec6c9232-77c8-495d-9b68-c690a6166cb5 role=api pod=gateway-b7d9575b9-hs75h method=POST path=/api/transcriptions status=503 durationMs=3
[pod/gateway-b7d9575b9-hs75h/gateway] 2026-10-05T23:31:51.707+00:00 INFO  http.request requestId=b0a0a4b2-7583-49f1-baa0-955a10449f1b role=api pod=gateway-b7d9575b9-hs75h method=POST path=/api/transcriptions status=200 durationMs=407
[pod/gateway-b7d9575b9-hs75h/gateway] 2026-10-05T23:31:51.752+00:00 ERROR asr.failed requestId=809e14d3-6754-41e4-b516-a886cbffb04e role=api pod=gateway-b7d9575b9-hs75h profileId=default model=mock-asr audioBytes=48044 status=503 durationMs=2 error="Error: 模型併發容量已滿或協調服務不可用" status=503
[pod/gateway-b7d9575b9-hs75h/gateway]     Error: 模型併發容量已滿或協調服務不可用
[pod/gateway-b7d9575b9-hs75h/gateway]         at Object.withCapacity (/app/server/shared-limits.cjs:102:143)
[pod/gateway-b7d9575b9-hs75h/gateway]         at process.processTicksAndRejections (node:internal/process/task_queues:103:5)
[pod/gateway-b7d9575b9-hs75h/gateway]         at async executeIdempotent (/app/server/idempotency.cjs:39:20)
[pod/gateway-b7d9575b9-hs75h/gateway]         at async handleHttpRequest (/app/server/index.cjs:1215:22)
[pod/gateway-b7d9575b9-hs75h/gateway] 2026-10-05T23:31:51.752+00:00 WARN  http.request requestId=809e14d3-6754-41e4-b516-a886cbffb04e role=api pod=gateway-b7d9575b9-hs75h method=POST path=/api/transcriptions status=503 durationMs=3
[pod/gateway-b7d9575b9-hs75h/gateway] 2026-10-05T23:31:51.752+00:00 INFO  http.request requestId=0d12d569-9f26-4bdb-9050-9bbcfc6a1dd0 role=api pod=gateway-b7d9575b9-hs75h method=POST path=/api/transcriptions status=200 durationMs=678
[pod/gateway-b7d9575b9-hs75h/gateway] 2026-10-05T23:31:51.913+00:00 INFO  http.request requestId=d1774c2c-c553-49f8-b90b-1d265d960d25 role=api pod=gateway-b7d9575b9-hs75h method=POST path=/api/transcriptions status=200 durationMs=449
[pod/gateway-b7d9575b9-hs75h/gateway] 2026-10-05T23:31:51.984+00:00 INFO  http.request requestId=6a08d9ce-2202-40ba-a7a6-526cd1a4118d role=api pod=gateway-b7d9575b9-hs75h method=POST path=/api/transcriptions status=200 durationMs=655
[pod/gateway-b7d9575b9-hs75h/gateway] 2026-10-05T23:31:52.044+00:00 INFO  http.request requestId=ede2c1f3-0280-4c61-8a21-f6820b365b05 role=api pod=gateway-b7d9575b9-hs75h method=POST path=/api/translations status=200 durationMs=306
[pod/gateway-b7d9575b9-hs75h/gateway] 2026-10-05T23:31:52.052+00:00 ERROR asr.failed requestId=f2a2e0d4-f57c-44c8-89c6-245649fa8b8b role=api pod=gateway-b7d9575b9-hs75h profileId=default model=mock-asr audioBytes=48044 status=503 durationMs=3 error="Error: 模型併發容量已滿或協調服務不可用" status=503
[pod/gateway-b7d9575b9-hs75h/gateway]     Error: 模型併發容量已滿或協調服務不可用
[pod/gateway-b7d9575b9-hs75h/gateway]         at Object.withCapacity (/app/server/shared-limits.cjs:102:143)
[pod/gateway-b7d9575b9-hs75h/gateway]         at process.processTicksAndRejections (node:internal/process/task_queues:103:5)
[pod/gateway-b7d9575b9-hs75h/gateway]         at async executeIdempotent (/app/server/idempotency.cjs:39:20)
[pod/gateway-b7d9575b9-hs75h/gateway]         at async handleHttpRequest (/app/server/index.cjs:1215:22)
[pod/gateway-b7d9575b9-hs75h/gateway] 2026-10-05T23:31:52.052+00:00 WARN  http.request requestId=f2a2e0d4-f57c-44c8-89c6-245649fa8b8b role=api pod=gateway-b7d9575b9-hs75h method=POST path=/api/transcriptions status=503 durationMs=4
[pod/gateway-b7d9575b9-hs75h/gateway] 2026-10-05T23:31:52.115+00:00 INFO  http.request requestId=df268600-0324-41b7-bc86-f22e7bdc7536 role=api pod=gateway-b7d9575b9-hs75h method=POST path=/api/translations status=200 durationMs=210
[pod/gateway-b7d9575b9-hs75h/gateway] 2026-10-05T23:31:52.136+00:00 INFO  http.request requestId=b388c101-1389-4fd8-98da-12676a80d08f role=api pod=gateway-b7d9575b9-hs75h method=POST path=/api/translations status=200 durationMs=383
[pod/gateway-b7d9575b9-hs75h/gateway] 2026-10-05T23:31:52.193+00:00 INFO  http.request requestId=f910315f-e3f4-4f3e-a9f7-85029cc62fcf role=api pod=gateway-b7d9575b9-hs75h method=POST path=/api/translations status=200 durationMs=305
[pod/gateway-b7d9575b9-hs75h/gateway] 2026-10-05T23:31:52.279+00:00 INFO  http.request requestId=7a73321c-813d-4774-a3b8-ab5ae11f54ee role=api pod=gateway-b7d9575b9-hs75h method=POST path=/api/transcriptions status=200 durationMs=561
[pod/gateway-b7d9575b9-hs75h/gateway] 2026-10-05T23:31:52.292+00:00 INFO  http.request requestId=8fddb6b1-38b6-4e79-a194-52a0d3c9818c role=api pod=gateway-b7d9575b9-hs75h method=POST path=/api/transcriptions status=200 durationMs=527
[pod/gateway-b7d9575b9-hs75h/gateway] 2026-10-05T23:31:52.412+00:00 INFO  http.request requestId=aa4cabfc-9635-4d01-ab69-b393b750e9f5 role=api pod=gateway-b7d9575b9-hs75h method=POST path=/api/transcriptions status=200 durationMs=618
[pod/gateway-b7d9575b9-hs75h/gateway] 2026-10-05T23:31:52.434+00:00 INFO  http.request requestId=58567c62-5696-43aa-80d2-0aabc1e07444 role=api pod=gateway-b7d9575b9-hs75h method=POST path=/api/transcriptions status=200 durationMs=446
[pod/gateway-b7d9575b9-hs75h/gateway] 2026-10-05T23:31:52.517+00:00 ERROR asr.failed requestId=849bd0ff-61f0-4cc0-b3b4-79fa77814052 role=api pod=gateway-b7d9575b9-hs75h profileId=default model=mock-asr audioBytes=48044 status=503 durationMs=2 error="Error: 模型併發容量已滿或協調服務不可用" status=503
[pod/gateway-b7d9575b9-hs75h/gateway]     Error: 模型併發容量已滿或協調服務不可用
[pod/gateway-b7d9575b9-hs75h/gateway]         at Object.withCapacity (/app/server/shared-limits.cjs:102:143)
[pod/gateway-b7d9575b9-hs75h/gateway]         at process.processTicksAndRejections (node:internal/process/task_queues:103:5)
[pod/gateway-b7d9575b9-hs75h/gateway]         at async executeIdempotent (/app/server/idempotency.cjs:39:20)
[pod/gateway-b7d9575b9-hs75h/gateway]         at async handleHttpRequest (/app/server/index.cjs:1215:22)
[pod/gateway-b7d9575b9-hs75h/gateway] 2026-10-05T23:31:52.517+00:00 WARN  http.request requestId=849bd0ff-61f0-4cc0-b3b4-79fa77814052 role=api pod=gateway-b7d9575b9-hs75h method=POST path=/api/transcriptions status=503 durationMs=3
[pod/gateway-b7d9575b9-hs75h/gateway] 2026-10-05T23:31:52.524+00:00 INFO  http.request requestId=483299ef-e8e7-42db-8c10-6814870a5ef3 role=api pod=gateway-b7d9575b9-hs75h method=POST path=/api/translations status=200 durationMs=229
[pod/gateway-b7d9575b9-hs75h/gateway] 2026-10-05T23:31:52.532+00:00 ERROR asr.failed requestId=82b29e63-ae7c-4505-a27c-63c5e8ccc1ed role=api pod=gateway-b7d9575b9-hs75h profileId=default model=mock-asr audioBytes=48044 status=503 durationMs=1 error="Error: 模型併發容量已滿或協調服務不可用" status=503
[pod/gateway-b7d9575b9-hs75h/gateway]     Error: 模型併發容量已滿或協調服務不可用
[pod/gateway-b7d9575b9-hs75h/gateway]         at Object.withCapacity (/app/server/shared-limits.cjs:102:143)
[pod/gateway-b7d9575b9-hs75h/gateway]         at process.processTicksAndRejections (node:internal/process/task_queues:103:5)
[pod/gateway-b7d9575b9-hs75h/gateway]         at async executeIdempotent (/app/server/idempotency.cjs:39:20)
[pod/gateway-b7d9575b9-hs75h/gateway]         at async handleHttpRequest (/app/server/index.cjs:1215:22)
[pod/gateway-b7d9575b9-hs75h/gateway] 2026-10-05T23:31:52.532+00:00 WARN  http.request requestId=82b29e63-ae7c-4505-a27c-63c5e8ccc1ed role=api pod=gateway-b7d9575b9-hs75h method=POST path=/api/transcriptions status=503 durationMs=3
[pod/gateway-b7d9575b9-hs75h/gateway] 2026-10-05T23:31:52.534+00:00 INFO  http.request requestId=49ab74d7-861c-4458-aa2e-d0539d20e91d role=api pod=gateway-b7d9575b9-hs75h method=POST path=/api/translations status=200 durationMs=216
[pod/gateway-b7d9575b9-hs75h/gateway] 2026-10-05T23:31:52.535+00:00 INFO  http.request requestId=aab317ce-d85f-419b-a0a4-7bac14580bd9 role=api pod=gateway-b7d9575b9-hs75h method=POST path=/api/transcriptions status=200 durationMs=575
[pod/gateway-b7d9575b9-hs75h/gateway] 2026-10-05T23:31:52.627+00:00 INFO  http.request requestId=f4c6df75-43c5-49a4-8078-02c0aafe039d role=api pod=gateway-b7d9575b9-hs75h method=POST path=/api/translations status=200 durationMs=213
[pod/gateway-b7d9575b9-hs75h/gateway] 2026-10-05T23:31:52.629+00:00 INFO  http.request requestId=dbc26133-d30c-4fd9-b2c0-04f7c1752cce role=api pod=gateway-b7d9575b9-hs75h method=POST path=/api/translations status=200 durationMs=337
[pod/gateway-b7d9575b9-hs75h/gateway] 2026-10-05T23:31:52.637+00:00 ERROR asr.failed requestId=35bb4ce3-8e7a-40e7-a299-2364037aa764 role=api pod=gateway-b7d9575b9-hs75h profileId=default model=mock-asr audioBytes=48044 status=503 durationMs=1 error="Error: 模型併發容量已滿或協調服務不可用" status=503
[pod/gateway-b7d9575b9-hs75h/gateway]     Error: 模型併發容量已滿或協調服務不可用
[pod/gateway-b7d9575b9-hs75h/gateway]         at Object.withCapacity (/app/server/shared-limits.cjs:102:143)
[pod/gateway-b7d9575b9-hs75h/gateway]         at process.processTicksAndRejections (node:internal/process/task_queues:103:5)
[pod/gateway-b7d9575b9-hs75h/gateway]         at async executeIdempotent (/app/server/idempotency.cjs:39:20)
[pod/gateway-b7d9575b9-hs75h/gateway]         at async handleHttpRequest (/app/server/index.cjs:1215:22)
[pod/gateway-b7d9575b9-hs75h/gateway] 2026-10-05T23:31:52.637+00:00 WARN  http.request requestId=35bb4ce3-8e7a-40e7-a299-2364037aa764 role=api pod=gateway-b7d9575b9-hs75h method=POST path=/api/transcriptions status=503 durationMs=3
[pod/gateway-b7d9575b9-hs75h/gateway] 2026-10-05T23:31:52.700+00:00 INFO  http.request requestId=d5d8445f-5c93-4e4f-8706-638ff2ac8d84 role=api pod=gateway-b7d9575b9-hs75h method=POST path=/api/translations status=200 durationMs=358
[pod/gateway-b7d9575b9-hs75h/gateway] 2026-10-05T23:31:52.705+00:00 INFO  http.request requestId=10860b12-ea1c-4c31-a0c3-d7b2f77f83b6 role=api pod=gateway-b7d9575b9-hs75h method=POST path=/api/transcriptions status=200 durationMs=790
[pod/gateway-b7d9575b9-hs75h/gateway] 2026-10-05T23:31:52.726+00:00 ERROR asr.failed requestId=184b18cb-1129-49c3-8492-7fe76322d90a role=api pod=gateway-b7d9575b9-hs75h profileId=default model=mock-asr audioBytes=48044 status=503 durationMs=2 error="Error: 模型併發容量已滿或協調服務不可用" status=503
[pod/gateway-b7d9575b9-hs75h/gateway]     Error: 模型併發容量已滿或協調服務不可用
[pod/gateway-b7d9575b9-hs75h/gateway]         at Object.withCapacity (/app/server/shared-limits.cjs:102:143)
[pod/gateway-b7d9575b9-hs75h/gateway]         at process.processTicksAndRejections (node:internal/process/task_queues:103:5)
[pod/gateway-b7d9575b9-hs75h/gateway]         at async executeIdempotent (/app/server/idempotency.cjs:39:20)
[pod/gateway-b7d9575b9-hs75h/gateway]         at async handleHttpRequest (/app/server/index.cjs:1215:22)
[pod/gateway-b7d9575b9-hs75h/gateway] 2026-10-05T23:31:52.726+00:00 WARN  http.request requestId=184b18cb-1129-49c3-8492-7fe76322d90a role=api pod=gateway-b7d9575b9-hs75h method=POST path=/api/transcriptions status=503 durationMs=3
[pod/gateway-b7d9575b9-hs75h/gateway] 2026-10-05T23:31:52.742+00:00 ERROR asr.failed requestId=634bcf0b-282d-4b3b-afb3-0a15d48f651a role=api pod=gateway-b7d9575b9-hs75h profileId=default model=mock-asr audioBytes=48044 status=503 durationMs=2 error="Error: 模型併發容量已滿或協調服務不可用" status=503
[pod/gateway-b7d9575b9-hs75h/gateway]     Error: 模型併發容量已滿或協調服務不可用
[pod/gateway-b7d9575b9-hs75h/gateway]         at Object.withCapacity (/app/server/shared-limits.cjs:102:143)
[pod/gateway-b7d9575b9-hs75h/gateway]         at process.processTicksAndRejections (node:internal/process/task_queues:103:5)
[pod/gateway-b7d9575b9-hs75h/gateway]         at async executeIdempotent (/app/server/idempotency.cjs:39:20)
[pod/gateway-b7d9575b9-hs75h/gateway]         at async handleHttpRequest (/app/server/index.cjs:1215:22)
[pod/gateway-b7d9575b9-hs75h/gateway] 2026-10-05T23:31:52.742+00:00 WARN  http.request requestId=634bcf0b-282d-4b3b-afb3-0a15d48f651a role=api pod=gateway-b7d9575b9-hs75h method=POST path=/api/transcriptions status=503 durationMs=3
[pod/gateway-b7d9575b9-hs75h/gateway] 2026-10-05T23:31:52.759+00:00 ERROR asr.failed requestId=4d8ddcc8-868d-4d0e-93dd-076ec6979593 role=api pod=gateway-b7d9575b9-hs75h profileId=default model=mock-asr audioBytes=48044 status=503 durationMs=3 error="Error: 模型併發容量已滿或協調服務不可用" status=503
[pod/gateway-b7d9575b9-hs75h/gateway]     Error: 模型併發容量已滿或協調服務不可用
[pod/gateway-b7d9575b9-hs75h/gateway]         at Object.withCapacity (/app/server/shared-limits.cjs:102:143)
[pod/gateway-b7d9575b9-hs75h/gateway]         at process.processTicksAndRejections (node:internal/process/task_queues:103:5)
[pod/gateway-b7d9575b9-hs75h/gateway]         at async executeIdempotent (/app/server/idempotency.cjs:39:20)
[pod/gateway-b7d9575b9-hs75h/gateway]         at async handleHttpRequest (/app/server/index.cjs:1215:22)
[pod/gateway-b7d9575b9-hs75h/gateway] 2026-10-05T23:31:52.759+00:00 WARN  http.request requestId=4d8ddcc8-868d-4d0e-93dd-076ec6979593 role=api pod=gateway-b7d9575b9-hs75h method=POST path=/api/transcriptions status=503 durationMs=5
[pod/gateway-b7d9575b9-hs75h/gateway] 2026-10-05T23:31:52.773+00:00 ERROR asr.failed requestId=1a85bfe0-b4d0-4ed0-ac34-2274a531251a role=api pod=gateway-b7d9575b9-hs75h profileId=default model=mock-asr audioBytes=48044 status=503 durationMs=3 error="Error: 模型併發容量已滿或協調服務不可用" status=503
[pod/gateway-b7d9575b9-hs75h/gateway]     Error: 模型併發容量已滿或協調服務不可用
[pod/gateway-b7d9575b9-hs75h/gateway]         at Object.withCapacity (/app/server/shared-limits.cjs:102:143)
[pod/gateway-b7d9575b9-hs75h/gateway]         at process.processTicksAndRejections (node:internal/process/task_queues:103:5)
[pod/gateway-b7d9575b9-hs75h/gateway]         at async executeIdempotent (/app/server/idempotency.cjs:39:20)
[pod/gateway-b7d9575b9-hs75h/gateway]         at async handleHttpRequest (/app/server/index.cjs:1215:22)
[pod/gateway-b7d9575b9-hs75h/gateway] 2026-10-05T23:31:52.773+00:00 WARN  http.request requestId=1a85bfe0-b4d0-4ed0-ac34-2274a531251a role=api pod=gateway-b7d9575b9-hs75h method=POST path=/api/transcriptions status=503 durationMs=4
[pod/gateway-b7d9575b9-hs75h/gateway] 2026-10-05T23:31:52.788+00:00 ERROR asr.failed requestId=29598176-b142-4752-95e0-a44e27b092b2 role=api pod=gateway-b7d9575b9-hs75h profileId=default model=mock-asr audioBytes=48044 status=503 durationMs=3 error="Error: 模型併發容量已滿或協調服務不可用" status=503
[pod/gateway-b7d9575b9-hs75h/gateway]     Error: 模型併發容量已滿或協調服務不可用
[pod/gateway-b7d9575b9-hs75h/gateway]         at Object.withCapacity (/app/server/shared-limits.cjs:102:143)
[pod/gateway-b7d9575b9-hs75h/gateway]         at process.processTicksAndRejections (node:internal/process/task_queues:103:5)
[pod/gateway-b7d9575b9-hs75h/gateway]         at async executeIdempotent (/app/server/idempotency.cjs:39:20)
[pod/gateway-b7d9575b9-hs75h/gateway]         at async handleHttpRequest (/app/server/index.cjs:1215:22)
[pod/gateway-b7d9575b9-hs75h/gateway] 2026-10-05T23:31:52.788+00:00 WARN  http.request requestId=29598176-b142-4752-95e0-a44e27b092b2 role=api pod=gateway-b7d9575b9-hs75h method=POST path=/api/transcriptions status=503 durationMs=5
[pod/gateway-b7d9575b9-hs75h/gateway] 2026-10-05T23:31:52.801+00:00 ERROR asr.failed requestId=b9c72b79-97a1-46dd-8b04-65a299edb6ac role=api pod=gateway-b7d9575b9-hs75h profileId=default model=mock-asr audioBytes=48044 status=503 durationMs=2 error="Error: 模型併發容量已滿或協調服務不可用" status=503
[pod/gateway-b7d9575b9-hs75h/gateway]     Error: 模型併發容量已滿或協調服務不可用
[pod/gateway-b7d9575b9-hs75h/gateway]         at Object.withCapacity (/app/server/shared-limits.cjs:102:143)
[pod/gateway-b7d9575b9-hs75h/gateway]         at process.processTicksAndRejections (node:internal/process/task_queues:103:5)
[pod/gateway-b7d9575b9-hs75h/gateway]         at async executeIdempotent (/app/server/idempotency.cjs:39:20)
[pod/gateway-b7d9575b9-hs75h/gateway]         at async handleHttpRequest (/app/server/index.cjs:1215:22)
[pod/gateway-b7d9575b9-hs75h/gateway] 2026-10-05T23:31:52.801+00:00 WARN  http.request requestId=b9c72b79-97a1-46dd-8b04-65a299edb6ac role=api pod=gateway-b7d9575b9-hs75h method=POST path=/api/transcriptions status=503 durationMs=3
[pod/gateway-b7d9575b9-hs75h/gateway] 2026-10-05T23:31:52.866+00:00 INFO  http.request requestId=bfb25fd1-43af-4007-9712-dc24b6989200 role=api pod=gateway-b7d9575b9-hs75h method=POST path=/api/translations status=200 durationMs=291
[pod/gateway-b7d9575b9-hs75h/gateway] 2026-10-05T23:31:52.892+00:00 INFO  http.request requestId=135f89d7-b7a7-4a74-ab7b-a0710238bc40 role=api pod=gateway-b7d9575b9-hs75h method=POST path=/api/translations status=200 durationMs=357
[pod/gateway-b7d9575b9-hs75h/gateway] 2026-10-05T23:31:52.944+00:00 INFO  http.request requestId=e699cf34-fdcf-4661-ba30-d527d30292be role=api pod=gateway-b7d9575b9-hs75h method=POST path=/api/translations status=200 durationMs=400
[pod/gateway-b7d9575b9-hs75h/gateway] 2026-10-05T23:31:53.085+00:00 INFO  http.request requestId=f03b4d0d-98a5-4ede-88d8-76dca77201e1 role=api pod=gateway-b7d9575b9-hs75h method=POST path=/api/translations status=200 durationMs=242
[pod/gateway-b7d9575b9-hs75h/gateway] 2026-10-05T23:31:53.090+00:00 INFO  http.request requestId=8c75acf9-2b5f-4101-a15f-db15a55ba558 role=api pod=gateway-b7d9575b9-hs75h method=POST path=/api/transcriptions status=200 durationMs=652
[pod/gateway-b7d9575b9-hs75h/gateway] 2026-10-05T23:31:53.117+00:00 INFO  http.request requestId=fb480e14-581c-4216-b2d9-f787b713773c role=api pod=gateway-b7d9575b9-hs75h method=POST path=/api/translations status=200 durationMs=216
[pod/gateway-b7d9575b9-hs75h/gateway] 2026-10-05T23:31:53.200+00:00 INFO  http.request requestId=711a33a4-f2dd-4b4a-a5a0-e4be09f14dff role=api pod=gateway-b7d9575b9-hs75h method=POST path=/api/translations status=200 durationMs=324
[pod/gateway-b7d9575b9-hs75h/gateway] 2026-10-05T23:31:53.230+00:00 INFO  http.request requestId=f2b71118-3634-409b-ae1a-4f72d8d34340 role=api pod=gateway-b7d9575b9-hs75h method=POST path=/api/transcriptions status=200 durationMs=777
[pod/gateway-b7d9575b9-hs75h/gateway] 2026-10-05T23:31:53.252+00:00 INFO  http.request requestId=e113f3f4-7407-4924-89de-d10c021d1572 role=api pod=gateway-b7d9575b9-hs75h method=POST path=/api/transcriptions status=200 durationMs=709
[pod/gateway-b7d9575b9-hs75h/gateway] 2026-10-05T23:31:53.297+00:00 ERROR asr.failed requestId=e5b659c0-32fa-4949-a463-3f5a65e375b4 role=api pod=gateway-b7d9575b9-hs75h profileId=default model=mock-asr audioBytes=48044 status=503 durationMs=3 error="Error: 模型併發容量已滿或協調服務不可用" status=503
[pod/gateway-b7d9575b9-hs75h/gateway]     Error: 模型併發容量已滿或協調服務不可用
[pod/gateway-b7d9575b9-hs75h/gateway]         at Object.withCapacity (/app/server/shared-limits.cjs:102:143)
[pod/gateway-b7d9575b9-hs75h/gateway]         at process.processTicksAndRejections (node:internal/process/task_queues:103:5)
[pod/gateway-b7d9575b9-hs75h/gateway]         at async executeIdempotent (/app/server/idempotency.cjs:39:20)
[pod/gateway-b7d9575b9-hs75h/gateway]         at async handleHttpRequest (/app/server/index.cjs:1215:22)
[pod/gateway-b7d9575b9-hs75h/gateway] 2026-10-05T23:31:53.297+00:00 WARN  http.request requestId=e5b659c0-32fa-4949-a463-3f5a65e375b4 role=api pod=gateway-b7d9575b9-hs75h method=POST path=/api/transcriptions status=503 durationMs=4
[pod/gateway-b7d9575b9-hs75h/gateway] 2026-10-05T23:31:53.311+00:00 ERROR asr.failed requestId=3cdd901d-3e21-44e1-a918-8989ec281959 role=api pod=gateway-b7d9575b9-hs75h profileId=default model=mock-asr audioBytes=48044 status=503 durationMs=2 error="Error: 模型併發容量已滿或協調服務不可用" status=503
[pod/gateway-b7d9575b9-hs75h/gateway]     Error: 模型併發容量已滿或協調服務不可用
[pod/gateway-b7d9575b9-hs75h/gateway]         at Object.withCapacity (/app/server/shared-limits.cjs:102:143)
[pod/gateway-b7d9575b9-hs75h/gateway]         at process.processTicksAndRejections (node:internal/process/task_queues:103:5)
[pod/gateway-b7d9575b9-hs75h/gateway]         at async executeIdempotent (/app/server/idempotency.cjs:39:20)
[pod/gateway-b7d9575b9-hs75h/gateway]         at async handleHttpRequest (/app/server/index.cjs:1215:22)
[pod/gateway-b7d9575b9-hs75h/gateway] 2026-10-05T23:31:53.311+00:00 WARN  http.request requestId=3cdd901d-3e21-44e1-a918-8989ec281959 role=api pod=gateway-b7d9575b9-hs75h method=POST path=/api/transcriptions status=503 durationMs=3
[pod/gateway-b7d9575b9-hs75h/gateway] 2026-10-05T23:31:53.348+00:00 INFO  http.request requestId=e469cfb9-8031-4d4a-91af-8ba8b0c0db01 role=api pod=gateway-b7d9575b9-hs75h method=POST path=/api/translations status=200 durationMs=383
[pod/gateway-b7d9575b9-hs75h/gateway] 2026-10-05T23:31:53.429+00:00 INFO  http.request requestId=a955a13c-f127-4425-adcd-63b02667c0f4 role=api pod=gateway-b7d9575b9-hs75h method=POST path=/api/transcriptions status=200 durationMs=720
[pod/gateway-b7d9575b9-hs75h/gateway] 2026-10-05T23:31:53.502+00:00 INFO  http.request requestId=6849b649-80ce-4cfe-b53c-65fd7655599f role=api pod=gateway-b7d9575b9-hs75h method=POST path=/api/translations status=200 durationMs=376
[pod/gateway-b7d9575b9-hs75h/gateway] 2026-10-05T23:31:53.507+00:00 INFO  http.request requestId=39ce4c26-f0d9-477b-b286-207bf1c17fe6 role=api pod=gateway-b7d9575b9-hs75h method=POST path=/api/transcriptions status=200 durationMs=409
[pod/gateway-b7d9575b9-hs75h/gateway] 2026-10-05T23:31:53.536+00:00 ERROR asr.failed requestId=c802557d-035a-4e33-80ad-b1643f339dce role=api pod=gateway-b7d9575b9-hs75h profileId=default model=mock-asr audioBytes=48044 status=503 durationMs=1 error="Error: 模型併發容量已滿或協調服務不可用" status=503
[pod/gateway-b7d9575b9-hs75h/gateway]     Error: 模型併發容量已滿或協調服務不可用
[pod/gateway-b7d9575b9-hs75h/gateway]         at Object.withCapacity (/app/server/shared-limits.cjs:102:143)
[pod/gateway-b7d9575b9-hs75h/gateway]         at process.processTicksAndRejections (node:internal/process/task_queues:103:5)
[pod/gateway-b7d9575b9-hs75h/gateway]         at async executeIdempotent (/app/server/idempotency.cjs:39:20)
[pod/gateway-b7d9575b9-hs75h/gateway]         at async handleHttpRequest (/app/server/index.cjs:1215:22)
[pod/gateway-b7d9575b9-hs75h/gateway] 2026-10-05T23:31:53.536+00:00 WARN  http.request requestId=c802557d-035a-4e33-80ad-b1643f339dce role=api pod=gateway-b7d9575b9-hs75h method=POST path=/api/transcriptions status=503 durationMs=3
[pod/gateway-b7d9575b9-hs75h/gateway] 2026-10-05T23:31:53.567+00:00 INFO  http.request requestId=46153d0a-e856-42a9-ac87-d23e973c26cf role=api pod=gateway-b7d9575b9-hs75h method=POST path=/api/translations status=200 durationMs=315
[pod/gateway-b7d9575b9-hs75h/gateway] 2026-10-05T23:31:53.681+00:00 INFO  http.request requestId=3c69c0fe-cb1e-4591-9282-49a2c69e9105 role=api pod=gateway-b7d9575b9-hs75h method=POST path=/api/transcriptions status=200 durationMs=418
[pod/gateway-b7d9575b9-hs75h/gateway] 2026-10-05T23:31:53.709+00:00 INFO  http.request requestId=ac41852e-1244-424c-b7a0-634235ad22fe role=api pod=gateway-b7d9575b9-hs75h method=POST path=/api/translations status=200 durationMs=350
[pod/gateway-b7d9575b9-hs75h/gateway] 2026-10-05T23:31:53.749+00:00 INFO  http.request requestId=53e78739-9c30-40c5-9dab-2782cc0da3b2 role=api pod=gateway-b7d9575b9-hs75h method=POST path=/api/translations status=200 durationMs=318
[pod/gateway-b7d9575b9-hs75h/gateway] 2026-10-05T23:31:53.770+00:00 INFO  http.request requestId=d6930181-216c-413c-8a14-508a5f4895a7 role=api pod=gateway-b7d9575b9-hs75h method=POST path=/api/transcriptions status=200 durationMs=567
[pod/gateway-b7d9575b9-hs75h/gateway] 2026-10-05T23:31:53.814+00:00 INFO  http.request requestId=6daa9d8b-1388-40df-beb1-dc9190c12924 role=api pod=gateway-b7d9575b9-hs75h method=POST path=/api/transcriptions status=200 durationMs=460
[pod/gateway-b7d9575b9-hs75h/gateway] 2026-10-05T23:31:53.823+00:00 INFO  http.request requestId=fdb7c858-747a-4d70-8e66-8bae03d86b71 role=api pod=gateway-b7d9575b9-hs75h method=POST path=/api/translations status=200 durationMs=228
[pod/gateway-b7d9575b9-hs75h/gateway] 2026-10-05T23:31:53.853+00:00 ERROR asr.failed requestId=b2d4575e-11c7-4ae2-abb1-4c6b3c5e3d52 role=api pod=gateway-b7d9575b9-hs75h profileId=default model=mock-asr audioBytes=48044 status=503 durationMs=2 error="Error: 模型併發容量已滿或協調服務不可用" status=503
[pod/gateway-b7d9575b9-hs75h/gateway]     Error: 模型併發容量已滿或協調服務不可用
[pod/gateway-b7d9575b9-hs75h/gateway]         at Object.withCapacity (/app/server/shared-limits.cjs:102:143)
[pod/gateway-b7d9575b9-hs75h/gateway]         at process.processTicksAndRejections (node:internal/process/task_queues:103:5)
[pod/gateway-b7d9575b9-hs75h/gateway]         at async executeIdempotent (/app/server/idempotency.cjs:39:20)
[pod/gateway-b7d9575b9-hs75h/gateway]         at async handleHttpRequest (/app/server/index.cjs:1215:22)
[pod/gateway-b7d9575b9-hs75h/gateway] 2026-10-05T23:31:53.853+00:00 WARN  http.request requestId=b2d4575e-11c7-4ae2-abb1-4c6b3c5e3d52 role=api pod=gateway-b7d9575b9-hs75h method=POST path=/api/transcriptions status=503 durationMs=3
[pod/gateway-b7d9575b9-hs75h/gateway] 2026-10-05T23:31:53.867+00:00 ERROR asr.failed requestId=9dbf6809-4bea-43cd-af48-78855bf5d00f role=api pod=gateway-b7d9575b9-hs75h profileId=default model=mock-asr audioBytes=48044 status=503 durationMs=2 error="Error: 模型併發容量已滿或協調服務不可用" status=503
[pod/gateway-b7d9575b9-hs75h/gateway]     Error: 模型併發容量已滿或協調服務不可用
[pod/gateway-b7d9575b9-hs75h/gateway]         at Object.withCapacity (/app/server/shared-limits.cjs:102:143)
[pod/gateway-b7d9575b9-hs75h/gateway]         at process.processTicksAndRejections (node:internal/process/task_queues:103:5)
[pod/gateway-b7d9575b9-hs75h/gateway]         at async executeIdempotent (/app/server/idempotency.cjs:39:20)
[pod/gateway-b7d9575b9-hs75h/gateway]         at async handleHttpRequest (/app/server/index.cjs:1215:22)
[pod/gateway-b7d9575b9-hs75h/gateway] 2026-10-05T23:31:53.867+00:00 WARN  http.request requestId=9dbf6809-4bea-43cd-af48-78855bf5d00f role=api pod=gateway-b7d9575b9-hs75h method=POST path=/api/transcriptions status=503 durationMs=3
[pod/gateway-b7d9575b9-hs75h/gateway] 2026-10-05T23:31:53.882+00:00 ERROR asr.failed requestId=68db528b-d189-4bed-8e3a-cf7d6ab180d9 role=api pod=gateway-b7d9575b9-hs75h profileId=default model=mock-asr audioBytes=48044 status=503 durationMs=2 error="Error: 模型併發容量已滿或協調服務不可用" status=503
[pod/gateway-b7d9575b9-hs75h/gateway]     Error: 模型併發容量已滿或協調服務不可用
[pod/gateway-b7d9575b9-hs75h/gateway]         at Object.withCapacity (/app/server/shared-limits.cjs:102:143)
[pod/gateway-b7d9575b9-hs75h/gateway]         at process.processTicksAndRejections (node:internal/process/task_queues:103:5)
[pod/gateway-b7d9575b9-hs75h/gateway]         at async executeIdempotent (/app/server/idempotency.cjs:39:20)
[pod/gateway-b7d9575b9-hs75h/gateway]         at async handleHttpRequest (/app/server/index.cjs:1215:22)
[pod/gateway-b7d9575b9-hs75h/gateway] 2026-10-05T23:31:53.882+00:00 WARN  http.request requestId=68db528b-d189-4bed-8e3a-cf7d6ab180d9 role=api pod=gateway-b7d9575b9-hs75h method=POST path=/api/transcriptions status=503 durationMs=4
[pod/gateway-b7d9575b9-hs75h/gateway] 2026-10-05T23:31:53.945+00:00 INFO  http.request requestId=5d8dcf3e-6ff0-4bed-a33f-a29313c54174 role=api pod=gateway-b7d9575b9-hs75h method=POST path=/api/translations status=200 durationMs=399
[pod/gateway-b7d9575b9-hs75h/gateway] 2026-10-05T23:31:53.956+00:00 INFO  http.request requestId=39def83e-0cb0-45fc-95b8-c3c9572897df role=api pod=gateway-b7d9575b9-hs75h method=POST path=/api/transcriptions status=200 durationMs=708
[pod/gateway-b7d9575b9-hs75h/gateway] 2026-10-05T23:31:53.978+00:00 INFO  http.request requestId=62bfac72-e09d-40e8-8d05-de6e704e9c03 role=api pod=gateway-b7d9575b9-hs75h method=POST path=/api/translations status=200 durationMs=216
[pod/gateway-b7d9575b9-hs75h/gateway] 2026-10-05T23:31:54.126+00:00 INFO  http.request requestId=db549821-1299-49d1-b245-6a7f2a3f635b role=api pod=gateway-b7d9575b9-hs75h method=POST path=/api/translations status=200 durationMs=309
[pod/gateway-b7d9575b9-hs75h/gateway] 2026-10-05T23:31:54.186+00:00 INFO  http.request requestId=bf7a88d0-dbc4-406b-ba3d-449e353c2ef6 role=api pod=gateway-b7d9575b9-hs75h method=POST path=/api/transcriptions status=200 durationMs=666
[pod/gateway-b7d9575b9-hs75h/gateway] 2026-10-05T23:31:54.285+00:00 INFO  http.request requestId=e991a985-9a86-4ac7-ad78-6b007d8c5dba role=api pod=gateway-b7d9575b9-hs75h method=POST path=/api/translations status=200 durationMs=387
[pod/gateway-b7d9575b9-hs75h/gateway] 2026-10-05T23:31:54.353+00:00 INFO  http.request requestId=e11c1513-666d-437f-ab70-72ec2243efb3 role=api pod=gateway-b7d9575b9-hs75h method=POST path=/api/translations status=200 durationMs=395
[pod/gateway-b7d9575b9-hs75h/gateway] 2026-10-05T23:31:54.356+00:00 INFO  http.request requestId=2c802f0c-28cd-43ce-8efb-130bd2a780c6 role=api pod=gateway-b7d9575b9-hs75h method=POST path=/api/transcriptions status=200 durationMs=673
[pod/gateway-b7d9575b9-hs75h/gateway] 2026-10-05T23:31:54.392+00:00 ERROR asr.failed requestId=3fbf75d8-ac6d-4da9-ad2a-8541d3f75b35 role=api pod=gateway-b7d9575b9-hs75h profileId=default model=mock-asr audioBytes=48044 status=503 durationMs=2 error="Error: 模型併發容量已滿或協調服務不可用" status=503
[pod/gateway-b7d9575b9-hs75h/gateway]     Error: 模型併發容量已滿或協調服務不可用
[pod/gateway-b7d9575b9-hs75h/gateway]         at Object.withCapacity (/app/server/shared-limits.cjs:102:143)
[pod/gateway-b7d9575b9-hs75h/gateway]         at process.processTicksAndRejections (node:internal/process/task_queues:103:5)
[pod/gateway-b7d9575b9-hs75h/gateway]         at async executeIdempotent (/app/server/idempotency.cjs:39:20)
[pod/gateway-b7d9575b9-hs75h/gateway]         at async handleHttpRequest (/app/server/index.cjs:1215:22)
[pod/gateway-b7d9575b9-hs75h/gateway] 2026-10-05T23:31:54.393+00:00 WARN  http.request requestId=3fbf75d8-ac6d-4da9-ad2a-8541d3f75b35 role=api pod=gateway-b7d9575b9-hs75h method=POST path=/api/transcriptions status=503 durationMs=3
[pod/gateway-b7d9575b9-hs75h/gateway] 2026-10-05T23:31:54.397+00:00 INFO  http.request requestId=5c23ed31-4df5-4314-ace5-80c43742967f role=api pod=gateway-b7d9575b9-hs75h method=POST path=/api/transcriptions status=200 durationMs=624
[pod/gateway-b7d9575b9-hs75h/gateway] 2026-10-05T23:31:54.401+00:00 INFO  http.request requestId=a58391de-db64-45dc-a247-8c0bb2f33e64 role=api pod=gateway-b7d9575b9-hs75h method=POST path=/api/transcriptions status=200 durationMs=417
[pod/gateway-b7d9575b9-hs75h/gateway] 2026-10-05T23:31:54.571+00:00 INFO  http.request requestId=540ef1fd-96d8-46b5-9f2c-dbd90b449553 role=api pod=gateway-b7d9575b9-hs75h method=POST path=/api/translations status=200 durationMs=214
[pod/gateway-b7d9575b9-hs75h/gateway] 2026-10-05T23:31:54.590+00:00 ERROR asr.failed requestId=1691fa19-0361-4af3-8556-6e0dad2a14a6 role=api pod=gateway-b7d9575b9-hs75h profileId=default model=mock-asr audioBytes=48044 status=503 durationMs=4 error="Error: 模型併發容量已滿或協調服務不可用" status=503
[pod/gateway-b7d9575b9-hs75h/gateway]     Error: 模型併發容量已滿或協調服務不可用
[pod/gateway-b7d9575b9-hs75h/gateway]         at Object.withCapacity (/app/server/shared-limits.cjs:102:143)
[pod/gateway-b7d9575b9-hs75h/gateway]         at process.processTicksAndRejections (node:internal/process/task_queues:103:5)
[pod/gateway-b7d9575b9-hs75h/gateway]         at async executeIdempotent (/app/server/idempotency.cjs:39:20)
[pod/gateway-b7d9575b9-hs75h/gateway]         at async handleHttpRequest (/app/server/index.cjs:1215:22)
[pod/gateway-b7d9575b9-hs75h/gateway] 2026-10-05T23:31:54.590+00:00 WARN  http.request requestId=1691fa19-0361-4af3-8556-6e0dad2a14a6 role=api pod=gateway-b7d9575b9-hs75h method=POST path=/api/transcriptions status=503 durationMs=6
[pod/gateway-b7d9575b9-hs75h/gateway] 2026-10-05T23:31:54.604+00:00 ERROR asr.failed requestId=f61ffe80-10f6-447d-8f58-62a10bc4b1b7 role=api pod=gateway-b7d9575b9-hs75h profileId=default model=mock-asr audioBytes=48044 status=503 durationMs=3 error="Error: 模型併發容量已滿或協調服務不可用" status=503
[pod/gateway-b7d9575b9-hs75h/gateway]     Error: 模型併發容量已滿或協調服務不可用
[pod/gateway-b7d9575b9-hs75h/gateway]         at Object.withCapacity (/app/server/shared-limits.cjs:102:143)
[pod/gateway-b7d9575b9-hs75h/gateway]         at process.processTicksAndRejections (node:internal/process/task_queues:103:5)
[pod/gateway-b7d9575b9-hs75h/gateway]         at async executeIdempotent (/app/server/idempotency.cjs:39:20)
[pod/gateway-b7d9575b9-hs75h/gateway]         at async handleHttpRequest (/app/server/index.cjs:1215:22)
[pod/gateway-b7d9575b9-hs75h/gateway] 2026-10-05T23:31:54.604+00:00 WARN  http.request requestId=f61ffe80-10f6-447d-8f58-62a10bc4b1b7 role=api pod=gateway-b7d9575b9-hs75h method=POST path=/api/transcriptions status=503 durationMs=4
[pod/gateway-b7d9575b9-hs75h/gateway] 2026-10-05T23:31:54.617+00:00 ERROR asr.failed requestId=138b2966-0e83-4ad0-9fff-fa51ca9a202f role=api pod=gateway-b7d9575b9-hs75h profileId=default model=mock-asr audioBytes=48044 status=503 durationMs=2 error="Error: 模型併發容量已滿或協調服務不可用" status=503
[pod/gateway-b7d9575b9-hs75h/gateway]     Error: 模型併發容量已滿或協調服務不可用
[pod/gateway-b7d9575b9-hs75h/gateway]         at Object.withCapacity (/app/server/shared-limits.cjs:102:143)
[pod/gateway-b7d9575b9-hs75h/gateway]         at process.processTicksAndRejections (node:internal/process/task_queues:103:5)
[pod/gateway-b7d9575b9-hs75h/gateway]         at async executeIdempotent (/app/server/idempotency.cjs:39:20)
[pod/gateway-b7d9575b9-hs75h/gateway]         at async handleHttpRequest (/app/server/index.cjs:1215:22)
[pod/gateway-b7d9575b9-hs75h/gateway] 2026-10-05T23:31:54.618+00:00 WARN  http.request requestId=138b2966-0e83-4ad0-9fff-fa51ca9a202f role=api pod=gateway-b7d9575b9-hs75h method=POST path=/api/transcriptions status=503 durationMs=4
[pod/gateway-b7d9575b9-hs75h/gateway] 2026-10-05T23:31:54.629+00:00 INFO  http.request requestId=1ab29ba3-0ef6-414a-9634-2cbb771808b1 role=api pod=gateway-b7d9575b9-hs75h method=POST path=/api/transcriptions status=200 durationMs=435
[pod/gateway-b7d9575b9-hs75h/gateway] 2026-10-05T23:31:54.647+00:00 INFO  http.request requestId=52913945-5f59-44fd-8489-b4910d5d6280 role=api pod=gateway-b7d9575b9-hs75h method=POST path=/api/translations status=200 durationMs=246
[pod/gateway-b7d9575b9-hs75h/gateway] 2026-10-05T23:31:54.649+00:00 ERROR asr.failed requestId=ebd95465-7237-4029-8792-0769deda9dd8 role=api pod=gateway-b7d9575b9-hs75h profileId=default model=mock-asr audioBytes=48044 status=503 durationMs=3 error="Error: 模型併發容量已滿或協調服務不可用" status=503
[pod/gateway-b7d9575b9-hs75h/gateway]     Error: 模型併發容量已滿或協調服務不可用
[pod/gateway-b7d9575b9-hs75h/gateway]         at Object.withCapacity (/app/server/shared-limits.cjs:102:143)
[pod/gateway-b7d9575b9-hs75h/gateway]         at process.processTicksAndRejections (node:internal/process/task_queues:103:5)
[pod/gateway-b7d9575b9-hs75h/gateway]         at async executeIdempotent (/app/server/idempotency.cjs:39:20)
[pod/gateway-b7d9575b9-hs75h/gateway]         at async handleHttpRequest (/app/server/index.cjs:1215:22)
[pod/gateway-b7d9575b9-hs75h/gateway] 2026-10-05T23:31:54.649+00:00 WARN  http.request requestId=ebd95465-7237-4029-8792-0769deda9dd8 role=api pod=gateway-b7d9575b9-hs75h method=POST path=/api/transcriptions status=503 durationMs=5
[pod/gateway-b7d9575b9-hs75h/gateway] 2026-10-05T23:31:54.663+00:00 ERROR asr.failed requestId=b993f86b-3226-42f1-b5b7-1e9249101764 role=api pod=gateway-b7d9575b9-hs75h profileId=default model=mock-asr audioBytes=48044 status=503 durationMs=3 error="Error: 模型併發容量已滿或協調服務不可用" status=503
[pod/gateway-b7d9575b9-hs75h/gateway]     Error: 模型併發容量已滿或協調服務不可用
[pod/gateway-b7d9575b9-hs75h/gateway]         at Object.withCapacity (/app/server/shared-limits.cjs:102:143)
[pod/gateway-b7d9575b9-hs75h/gateway]         at process.processTicksAndRejections (node:internal/process/task_queues:103:5)
[pod/gateway-b7d9575b9-hs75h/gateway]         at async executeIdempotent (/app/server/idempotency.cjs:39:20)
[pod/gateway-b7d9575b9-hs75h/gateway]         at async handleHttpRequest (/app/server/index.cjs:1215:22)
[pod/gateway-b7d9575b9-hs75h/gateway] 2026-10-05T23:31:54.663+00:00 WARN  http.request requestId=b993f86b-3226-42f1-b5b7-1e9249101764 role=api pod=gateway-b7d9575b9-hs75h method=POST path=/api/transcriptions status=503 durationMs=4
[pod/gateway-b7d9575b9-hs75h/gateway] 2026-10-05T23:31:54.677+00:00 ERROR asr.failed requestId=d9a61cf4-9136-4c1a-827a-b63d9bc6eea9 role=api pod=gateway-b7d9575b9-hs75h profileId=default model=mock-asr audioBytes=48044 status=503 durationMs=1 error="Error: 模型併發容量已滿或協調服務不可用" status=503
[pod/gateway-b7d9575b9-hs75h/gateway]     Error: 模型併發容量已滿或協調服務不可用
[pod/gateway-b7d9575b9-hs75h/gateway]         at Object.withCapacity (/app/server/shared-limits.cjs:102:143)
[pod/gateway-b7d9575b9-hs75h/gateway]         at process.processTicksAndRejections (node:internal/process/task_queues:103:5)
[pod/gateway-b7d9575b9-hs75h/gateway]         at async executeIdempotent (/app/server/idempotency.cjs:39:20)
[pod/gateway-b7d9575b9-hs75h/gateway]         at async handleHttpRequest (/app/server/index.cjs:1215:22)
[pod/gateway-b7d9575b9-hs75h/gateway] 2026-10-05T23:31:54.677+00:00 WARN  http.request requestId=d9a61cf4-9136-4c1a-827a-b63d9bc6eea9 role=api pod=gateway-b7d9575b9-hs75h method=POST path=/api/transcriptions status=503 durationMs=3
[pod/gateway-b7d9575b9-hs75h/gateway] 2026-10-05T23:31:54.731+00:00 INFO  http.request requestId=f7aeddef-9393-48cc-89f6-b3e357394d1d role=api pod=gateway-b7d9575b9-hs75h method=POST path=/api/translations status=200 durationMs=282
[pod/gateway-b7d9575b9-hs75h/gateway] 2026-10-05T23:31:54.733+00:00 INFO  http.request requestId=b2bd08bc-6b8b-47cc-ba68-c8735acce29b role=api pod=gateway-b7d9575b9-hs75h method=POST path=/api/translations status=200 durationMs=335
[pod/gateway-b7d9575b9-hs75h/gateway] 2026-10-05T23:31:54.898+00:00 INFO  http.request requestId=33f64fe3-c952-483e-b87a-3c5e88bd7c75 role=api pod=gateway-b7d9575b9-hs75h method=POST path=/api/translations status=200 durationMs=212
[pod/gateway-b7d9575b9-hs75h/gateway] 2026-10-05T23:31:55.056+00:00 INFO  http.request requestId=cc4f5b3e-e028-4685-b3a4-e464d1a49800 role=api pod=gateway-b7d9575b9-hs75h method=POST path=/api/translations status=200 durationMs=333
[pod/gateway-b7d9575b9-hs75h/gateway] 2026-10-05T23:31:55.087+00:00 INFO  http.request requestId=001e05e2-4353-4974-bf63-401dde09d084 role=api pod=gateway-b7d9575b9-hs75h method=POST path=/api/transcriptions status=200 durationMs=684
[pod/gateway-b7d9575b9-hs75h/gateway] 2026-10-05T23:31:55.120+00:00 INFO  http.request requestId=9315df57-54eb-4d3c-a778-df79f35d8992 role=api pod=gateway-b7d9575b9-hs75h method=POST path=/api/transcriptions status=200 durationMs=762
[pod/gateway-b7d9575b9-hs75h/gateway] 2026-10-05T23:31:55.171+00:00 INFO  http.request requestId=aec09ceb-6bdf-45ee-9ec4-195f575fd9f2 role=api pod=gateway-b7d9575b9-hs75h method=POST path=/api/transcriptions status=200 durationMs=543
[pod/gateway-b7d9575b9-hs75h/gateway] 2026-10-05T23:31:55.190+00:00 ERROR asr.failed requestId=88840705-f254-4af7-a1cd-471e764ccd78 role=api pod=gateway-b7d9575b9-hs75h profileId=default model=mock-asr audioBytes=48044 status=503 durationMs=3 error="Error: 模型併發容量已滿或協調服務不可用" status=503
[pod/gateway-b7d9575b9-hs75h/gateway]     Error: 模型併發容量已滿或協調服務不可用
[pod/gateway-b7d9575b9-hs75h/gateway]         at Object.withCapacity (/app/server/shared-limits.cjs:102:143)
[pod/gateway-b7d9575b9-hs75h/gateway]         at process.processTicksAndRejections (node:internal/process/task_queues:103:5)
[pod/gateway-b7d9575b9-hs75h/gateway]         at async executeIdempotent (/app/server/idempotency.cjs:39:20)
[pod/gateway-b7d9575b9-hs75h/gateway]         at async handleHttpRequest (/app/server/index.cjs:1215:22)
[pod/gateway-b7d9575b9-hs75h/gateway] 2026-10-05T23:31:55.190+00:00 WARN  http.request requestId=88840705-f254-4af7-a1cd-471e764ccd78 role=api pod=gateway-b7d9575b9-hs75h method=POST path=/api/transcriptions status=503 durationMs=6
[pod/gateway-b7d9575b9-hs75h/gateway] 2026-10-05T23:31:55.202+00:00 ERROR asr.failed requestId=be7e9b50-2cb9-4b86-9814-022d556c3026 role=api pod=gateway-b7d9575b9-hs75h profileId=default model=mock-asr audioBytes=48044 status=503 durationMs=2 error="Error: 模型併發容量已滿或協調服務不可用" status=503
[pod/gateway-b7d9575b9-hs75h/gateway]     Error: 模型併發容量已滿或協調服務不可用
[pod/gateway-b7d9575b9-hs75h/gateway]         at Object.withCapacity (/app/server/shared-limits.cjs:102:143)
[pod/gateway-b7d9575b9-hs75h/gateway]         at process.processTicksAndRejections (node:internal/process/task_queues:103:5)
[pod/gateway-b7d9575b9-hs75h/gateway]         at async executeIdempotent (/app/server/idempotency.cjs:39:20)
[pod/gateway-b7d9575b9-hs75h/gateway]         at async handleHttpRequest (/app/server/index.cjs:1215:22)
[pod/gateway-b7d9575b9-hs75h/gateway] 2026-10-05T23:31:55.202+00:00 WARN  http.request requestId=be7e9b50-2cb9-4b86-9814-022d556c3026 role=api pod=gateway-b7d9575b9-hs75h method=POST path=/api/transcriptions status=503 durationMs=3
[pod/gateway-b7d9575b9-hs75h/gateway] 2026-10-05T23:31:55.217+00:00 ERROR asr.failed requestId=1a7d264f-b7f0-45c5-8b57-a19feaa0c2f6 role=api pod=gateway-b7d9575b9-hs75h profileId=default model=mock-asr audioBytes=48044 status=503 durationMs=2 error="Error: 模型併發容量已滿或協調服務不可用" status=503
[pod/gateway-b7d9575b9-hs75h/gateway]     Error: 模型併發容量已滿或協調服務不可用
[pod/gateway-b7d9575b9-hs75h/gateway]         at Object.withCapacity (/app/server/shared-limits.cjs:102:143)
[pod/gateway-b7d9575b9-hs75h/gateway]         at process.processTicksAndRejections (node:internal/process/task_queues:103:5)
[pod/gateway-b7d9575b9-hs75h/gateway]         at async executeIdempotent (/app/server/idempotency.cjs:39:20)
[pod/gateway-b7d9575b9-hs75h/gateway]         at async handleHttpRequest (/app/server/index.cjs:1215:22)
[pod/gateway-b7d9575b9-hs75h/gateway] 2026-10-05T23:31:55.217+00:00 WARN  http.request requestId=1a7d264f-b7f0-45c5-8b57-a19feaa0c2f6 role=api pod=gateway-b7d9575b9-hs75h method=POST path=/api/transcriptions status=503 durationMs=3
[pod/gateway-b7d9575b9-hs75h/gateway] 2026-10-05T23:31:55.232+00:00 ERROR asr.failed requestId=10a09e2e-e4ff-4a8b-947e-f3ab8357eafa role=api pod=gateway-b7d9575b9-hs75h profileId=default model=mock-asr audioBytes=48044 status=503 durationMs=2 error="Error: 模型併發容量已滿或協調服務不可用" status=503
[pod/gateway-b7d9575b9-hs75h/gateway]     Error: 模型併發容量已滿或協調服務不可用
[pod/gateway-b7d9575b9-hs75h/gateway]         at Object.withCapacity (/app/server/shared-limits.cjs:102:143)
[pod/gateway-b7d9575b9-hs75h/gateway]         at process.processTicksAndRejections (node:internal/process/task_queues:103:5)
[pod/gateway-b7d9575b9-hs75h/gateway]         at async executeIdempotent (/app/server/idempotency.cjs:39:20)
[pod/gateway-b7d9575b9-hs75h/gateway]         at async handleHttpRequest (/app/server/index.cjs:1215:22)
[pod/gateway-b7d9575b9-hs75h/gateway] 2026-10-05T23:31:55.233+00:00 WARN  http.request requestId=10a09e2e-e4ff-4a8b-947e-f3ab8357eafa role=api pod=gateway-b7d9575b9-hs75h method=POST path=/api/transcriptions status=503 durationMs=3
[pod/gateway-b7d9575b9-hs75h/gateway] 2026-10-05T23:31:55.548+00:00 INFO  http.request requestId=3c52b7c6-a642-4b2b-aad9-535f60b0b171 role=api pod=gateway-b7d9575b9-hs75h method=POST path=/api/translations status=200 durationMs=311
[pod/gateway-b7d9575b9-hs75h/gateway] 2026-10-05T23:31:55.548+00:00 INFO  http.request requestId=bd9a7012-e4f3-48e7-bdf2-312ba967174f role=api pod=gateway-b7d9575b9-hs75h method=POST path=/api/transcriptions status=200 durationMs=649
[pod/gateway-b7d9575b9-hs75h/gateway] 2026-10-05T23:31:55.577+00:00 INFO  http.request requestId=f5215114-4aeb-4fec-aa35-202beaf8dee3 role=api pod=gateway-b7d9575b9-hs75h method=POST path=/api/transcriptions status=200 durationMs=452
[pod/gateway-b7d9575b9-hs75h/gateway] 2026-10-05T23:31:55.602+00:00 INFO  http.request requestId=8bfb86f3-93de-4d9e-bf33-4280cba469e1 role=api pod=gateway-b7d9575b9-hs75h method=POST path=/api/translations status=200 durationMs=287
[pod/gateway-b7d9575b9-hs75h/gateway] 2026-10-05T23:31:55.610+00:00 INFO  http.request requestId=36c2e798-7ec9-47f8-bfcb-9373dc725c45 role=api pod=gateway-b7d9575b9-hs75h method=POST path=/api/transcriptions status=200 durationMs=546
[pod/gateway-b7d9575b9-hs75h/gateway] 2026-10-05T23:31:55.653+00:00 ERROR asr.failed requestId=e3206050-96b6-41c5-a8e2-008cba34fe35 role=api pod=gateway-b7d9575b9-hs75h profileId=default model=mock-asr audioBytes=48044 status=503 durationMs=2 error="Error: 模型併發容量已滿或協調服務不可用" status=503
[pod/gateway-b7d9575b9-hs75h/gateway]     Error: 模型併發容量已滿或協調服務不可用
[pod/gateway-b7d9575b9-hs75h/gateway]         at Object.withCapacity (/app/server/shared-limits.cjs:102:143)
[pod/gateway-b7d9575b9-hs75h/gateway]         at process.processTicksAndRejections (node:internal/process/task_queues:103:5)
[pod/gateway-b7d9575b9-hs75h/gateway]         at async executeIdempotent (/app/server/idempotency.cjs:39:20)
[pod/gateway-b7d9575b9-hs75h/gateway]         at async handleHttpRequest (/app/server/index.cjs:1215:22)
[pod/gateway-b7d9575b9-hs75h/gateway] 2026-10-05T23:31:55.653+00:00 WARN  http.request requestId=e3206050-96b6-41c5-a8e2-008cba34fe35 role=api pod=gateway-b7d9575b9-hs75h method=POST path=/api/transcriptions status=503 durationMs=4
[pod/gateway-b7d9575b9-hs75h/gateway] 2026-10-05T23:31:55.700+00:00 INFO  http.request requestId=13abdae5-bbf7-49b8-b9f8-8902f4ed674e role=api pod=gateway-b7d9575b9-hs75h method=POST path=/api/translations status=200 durationMs=400
[pod/gateway-b7d9575b9-hs75h/gateway] 2026-10-05T23:31:55.743+00:00 INFO  http.request requestId=07042f41-e55b-41d8-a55a-fe30b378257a role=api pod=gateway-b7d9575b9-hs75h method=POST path=/api/transcriptions status=200 durationMs=649
[pod/gateway-b7d9575b9-hs75h/gateway] 2026-10-05T23:31:55.811+00:00 INFO  http.request requestId=539512ec-8ddd-4647-bf6d-bbb8572ca90d role=api pod=gateway-b7d9575b9-hs75h method=POST path=/api/translations status=200 durationMs=262
[pod/gateway-b7d9575b9-hs75h/gateway] 2026-10-05T23:31:56.016+00:00 INFO  http.request requestId=73387693-e2fc-498c-943c-0f1166f9b08a role=api pod=gateway-b7d9575b9-hs75h method=POST path=/api/translations status=200 durationMs=361
[pod/gateway-b7d9575b9-hs75h/gateway] 2026-10-05T23:31:56.025+00:00 INFO  http.request requestId=aad2629b-c9c9-49ed-b6c4-949ad4bf6174 role=api pod=gateway-b7d9575b9-hs75h method=POST path=/api/transcriptions status=200 durationMs=407
[pod/gateway-b7d9575b9-hs75h/gateway] 2026-10-05T23:31:56.094+00:00 INFO  http.request requestId=1d65b810-bb7e-44e1-ae86-362c5a373e6a role=api pod=gateway-b7d9575b9-hs75h method=POST path=/api/translations status=200 durationMs=302
[pod/gateway-b7d9575b9-hs75h/gateway] 2026-10-05T23:31:56.246+00:00 INFO  http.request requestId=a41595d5-4f27-4968-89fa-e8d4f1a117fb role=api pod=gateway-b7d9575b9-hs75h method=POST path=/api/transcriptions status=200 durationMs=687
[pod/gateway-b7d9575b9-hs75h/gateway] 2026-10-05T23:31:56.341+00:00 INFO  http.request requestId=e62f40a8-f246-49c7-aed9-72d849d7df17 role=api pod=gateway-b7d9575b9-hs75h method=POST path=/api/transcriptions status=200 durationMs=752
[pod/gateway-b7d9575b9-hs75h/gateway] 2026-10-05T23:31:57.194+00:00 INFO  http.request requestId=f831f242-c5eb-499b-ae5b-5af6fbdf2d88 role=api pod=gateway-b7d9575b9-hs75h method=POST path=/api/translations status=200 durationMs=3007
[pod/gateway-b7d9575b9-hs75h/gateway] 2026-10-05T23:32:02.540+00:00 INFO  http.request requestId=86410691-7b85-4712-b092-7d9768b5ec89 role=api pod=gateway-b7d9575b9-hs75h method=POST path=/api/translations status=200 durationMs=369
[pod/gateway-b7d9575b9-hs75h/gateway] 2026-10-05T23:32:05.760+00:00 INFO  http.request requestId=1df07eb1-8f15-4a66-8c3c-1f3bc9346164 role=api pod=gateway-b7d9575b9-hs75h method=POST path=/api/translations status=200 durationMs=305
[pod/gateway-b7d9575b9-xb8l7/gateway]         at Object.withCapacity (/app/server/shared-limits.cjs:102:143)
[pod/gateway-b7d9575b9-xb8l7/gateway]         at process.processTicksAndRejections (node:internal/process/task_queues:103:5)
[pod/gateway-b7d9575b9-xb8l7/gateway]         at async executeIdempotent (/app/server/idempotency.cjs:39:20)
[pod/gateway-b7d9575b9-xb8l7/gateway]         at async handleHttpRequest (/app/server/index.cjs:1215:22)
[pod/gateway-b7d9575b9-xb8l7/gateway] 2026-10-05T23:31:49.802+00:00 WARN  http.request requestId=777830ff-9d21-40a7-a45d-1eeb3486247d role=api pod=gateway-b7d9575b9-xb8l7 method=POST path=/api/transcriptions status=503 durationMs=3
[pod/gateway-b7d9575b9-xb8l7/gateway] 2026-10-05T23:31:49.808+00:00 INFO  http.request requestId=55feba50-abab-4142-b82c-d9c9c5f71b88 role=api pod=gateway-b7d9575b9-xb8l7 method=POST path=/api/transcriptions status=200 durationMs=490
[pod/gateway-b7d9575b9-xb8l7/gateway] 2026-10-05T23:31:50.002+00:00 INFO  http.request requestId=eee809c1-6544-48dc-b4c6-053f87417074 role=api pod=gateway-b7d9575b9-xb8l7 method=POST path=/api/transcriptions status=200 durationMs=443
[pod/gateway-b7d9575b9-xb8l7/gateway] 2026-10-05T23:31:50.032+00:00 INFO  http.request requestId=e9cb0045-656a-4470-85fd-a56b9f056963 role=api pod=gateway-b7d9575b9-xb8l7 method=POST path=/api/translations status=200 durationMs=224
[pod/gateway-b7d9575b9-xb8l7/gateway] 2026-10-05T23:31:50.040+00:00 INFO  http.request requestId=bcf8912a-39f4-4f2b-99e9-cc5219cc7567 role=api pod=gateway-b7d9575b9-xb8l7 method=POST path=/api/transcriptions status=200 durationMs=767
[pod/gateway-b7d9575b9-xb8l7/gateway] 2026-10-05T23:31:50.251+00:00 INFO  http.request requestId=6f075331-ded4-480b-9cba-36c566eb4a64 role=api pod=gateway-b7d9575b9-xb8l7 method=POST path=/api/transcriptions status=200 durationMs=708
[pod/gateway-b7d9575b9-xb8l7/gateway] 2026-10-05T23:31:50.254+00:00 INFO  http.request requestId=499d4202-c015-4c54-a433-f00d202be6c4 role=api pod=gateway-b7d9575b9-xb8l7 method=POST path=/api/transcriptions status=200 durationMs=635
[pod/gateway-b7d9575b9-xb8l7/gateway] 2026-10-05T23:31:50.472+00:00 INFO  http.request requestId=2d2d56bc-750a-437a-944b-311945e8918c role=api pod=gateway-b7d9575b9-xb8l7 method=POST path=/api/translations status=200 durationMs=357
[pod/gateway-b7d9575b9-xb8l7/gateway] 2026-10-05T23:31:50.545+00:00 INFO  http.request requestId=c2bc4271-ff45-499c-81cf-8983f2592c00 role=api pod=gateway-b7d9575b9-xb8l7 method=POST path=/api/transcriptions status=200 durationMs=730
[pod/gateway-b7d9575b9-xb8l7/gateway] 2026-10-05T23:31:50.613+00:00 INFO  http.request requestId=624a9760-8f49-4093-9ec3-20d7338ef3fb role=api pod=gateway-b7d9575b9-xb8l7 method=POST path=/api/transcriptions status=200 durationMs=560
[pod/gateway-b7d9575b9-xb8l7/gateway] 2026-10-05T23:31:50.631+00:00 INFO  http.request requestId=4f978f0b-0f31-4cae-a4aa-a653a7269b59 role=api pod=gateway-b7d9575b9-xb8l7 method=POST path=/api/translations status=200 durationMs=377
[pod/gateway-b7d9575b9-xb8l7/gateway] 2026-10-05T23:31:50.640+00:00 INFO  http.request requestId=600f6760-c9b7-4e15-99c5-ee5bf3af7741 role=api pod=gateway-b7d9575b9-xb8l7 method=POST path=/api/transcriptions status=200 durationMs=601
[pod/gateway-b7d9575b9-xb8l7/gateway] 2026-10-05T23:31:50.662+00:00 INFO  http.request requestId=d6985727-2d35-4798-80a2-e46b5e8cd69f role=api pod=gateway-b7d9575b9-xb8l7 method=POST path=/api/transcriptions status=200 durationMs=759
[pod/gateway-b7d9575b9-xb8l7/gateway] 2026-10-05T23:31:50.947+00:00 INFO  http.request requestId=1d8a3647-1d86-45bb-8de9-8b48923ea84b role=api pod=gateway-b7d9575b9-xb8l7 method=POST path=/api/translations status=200 durationMs=399
[pod/gateway-b7d9575b9-xb8l7/gateway] 2026-10-05T23:31:50.956+00:00 ERROR asr.failed requestId=ac255e27-af7d-467f-95b3-231e93032f42 role=api pod=gateway-b7d9575b9-xb8l7 profileId=default model=mock-asr audioBytes=48044 status=503 durationMs=2 error="Error: 模型併發容量已滿或協調服務不可用" status=503
[pod/gateway-b7d9575b9-xb8l7/gateway]     Error: 模型併發容量已滿或協調服務不可用
[pod/gateway-b7d9575b9-xb8l7/gateway]         at Object.withCapacity (/app/server/shared-limits.cjs:102:143)
[pod/gateway-b7d9575b9-xb8l7/gateway]         at process.processTicksAndRejections (node:internal/process/task_queues:103:5)
[pod/gateway-b7d9575b9-xb8l7/gateway]         at async executeIdempotent (/app/server/idempotency.cjs:39:20)
[pod/gateway-b7d9575b9-xb8l7/gateway]         at async handleHttpRequest (/app/server/index.cjs:1215:22)
[pod/gateway-b7d9575b9-xb8l7/gateway] 2026-10-05T23:31:50.956+00:00 WARN  http.request requestId=ac255e27-af7d-467f-95b3-231e93032f42 role=api pod=gateway-b7d9575b9-xb8l7 method=POST path=/api/transcriptions status=503 durationMs=3
[pod/gateway-b7d9575b9-xb8l7/gateway] 2026-10-05T23:31:51.010+00:00 INFO  http.request requestId=acb2e1f8-8ca8-4c55-8f63-2db84a9a50f1 role=api pod=gateway-b7d9575b9-xb8l7 method=POST path=/api/transcriptions status=200 durationMs=746
[pod/gateway-b7d9575b9-xb8l7/gateway] 2026-10-05T23:31:51.033+00:00 INFO  http.request requestId=8ed15ada-c3db-4ee2-af39-b8b17b647b0f role=api pod=gateway-b7d9575b9-xb8l7 method=POST path=/api/translations status=200 durationMs=351
[pod/gateway-b7d9575b9-xb8l7/gateway] 2026-10-05T23:31:51.071+00:00 INFO  http.request requestId=7109a0bc-2a79-4332-a363-17df30599bd4 role=api pod=gateway-b7d9575b9-xb8l7 method=POST path=/api/transcriptions status=200 durationMs=432
[pod/gateway-b7d9575b9-xb8l7/gateway] 2026-10-05T23:31:51.087+00:00 INFO  http.request requestId=6b25e6e0-ef53-48a8-873c-58c1fb88ae56 role=api pod=gateway-b7d9575b9-xb8l7 method=POST path=/api/transcriptions status=200 durationMs=464
[pod/gateway-b7d9575b9-xb8l7/gateway] 2026-10-05T23:31:51.175+00:00 INFO  http.request requestId=d3a69df2-9e84-4032-aab4-717e4fd393ba role=api pod=gateway-b7d9575b9-xb8l7 method=POST path=/api/transcriptions status=200 durationMs=507
[pod/gateway-b7d9575b9-xb8l7/gateway] 2026-10-05T23:31:51.265+00:00 INFO  http.request requestId=54744719-5852-4860-9dbd-8f2a82bcc54f role=api pod=gateway-b7d9575b9-xb8l7 method=POST path=/api/transcriptions status=200 durationMs=612
[pod/gateway-b7d9575b9-xb8l7/gateway] 2026-10-05T23:31:51.413+00:00 INFO  http.request requestId=63d0e46c-93a4-4bd2-afe3-b24b969785f4 role=api pod=gateway-b7d9575b9-xb8l7 method=POST path=/api/translations status=200 durationMs=339
[pod/gateway-b7d9575b9-xb8l7/gateway] 2026-10-05T23:31:51.423+00:00 ERROR asr.failed requestId=61585d54-0167-4046-8464-c195c75207d0 role=api pod=gateway-b7d9575b9-xb8l7 profileId=default model=mock-asr audioBytes=48044 status=503 durationMs=2 error="Error: 模型併發容量已滿或協調服務不可用" status=503
[pod/gateway-b7d9575b9-xb8l7/gateway]     Error: 模型併發容量已滿或協調服務不可用
[pod/gateway-b7d9575b9-xb8l7/gateway]         at Object.withCapacity (/app/server/shared-limits.cjs:102:143)
[pod/gateway-b7d9575b9-xb8l7/gateway]         at process.processTicksAndRejections (node:internal/process/task_queues:103:5)
[pod/gateway-b7d9575b9-xb8l7/gateway]         at async executeIdempotent (/app/server/idempotency.cjs:39:20)
[pod/gateway-b7d9575b9-xb8l7/gateway]         at async handleHttpRequest (/app/server/index.cjs:1215:22)
[pod/gateway-b7d9575b9-xb8l7/gateway] 2026-10-05T23:31:51.423+00:00 WARN  http.request requestId=61585d54-0167-4046-8464-c195c75207d0 role=api pod=gateway-b7d9575b9-xb8l7 method=POST path=/api/transcriptions status=503 durationMs=4
[pod/gateway-b7d9575b9-xb8l7/gateway] 2026-10-05T23:31:51.437+00:00 ERROR asr.failed requestId=94d48316-b7f0-40c0-ad28-520b8a8b076e role=api pod=gateway-b7d9575b9-xb8l7 profileId=default model=mock-asr audioBytes=48044 status=503 durationMs=2 error="Error: 模型併發容量已滿或協調服務不可用" status=503
[pod/gateway-b7d9575b9-xb8l7/gateway]     Error: 模型併發容量已滿或協調服務不可用
[pod/gateway-b7d9575b9-xb8l7/gateway]         at Object.withCapacity (/app/server/shared-limits.cjs:102:143)
[pod/gateway-b7d9575b9-xb8l7/gateway]         at process.processTicksAndRejections (node:internal/process/task_queues:103:5)
[pod/gateway-b7d9575b9-xb8l7/gateway]         at async executeIdempotent (/app/server/idempotency.cjs:39:20)
[pod/gateway-b7d9575b9-xb8l7/gateway]         at async handleHttpRequest (/app/server/index.cjs:1215:22)
[pod/gateway-b7d9575b9-xb8l7/gateway] 2026-10-05T23:31:51.437+00:00 WARN  http.request requestId=94d48316-b7f0-40c0-ad28-520b8a8b076e role=api pod=gateway-b7d9575b9-xb8l7 method=POST path=/api/transcriptions status=503 durationMs=3
[pod/gateway-b7d9575b9-xb8l7/gateway] 2026-10-05T23:31:51.451+00:00 ERROR asr.failed requestId=2cd46945-7f29-4c70-b6ad-f406eda92148 role=api pod=gateway-b7d9575b9-xb8l7 profileId=default model=mock-asr audioBytes=48044 status=503 durationMs=2 error="Error: 模型併發容量已滿或協調服務不可用" status=503
[pod/gateway-b7d9575b9-xb8l7/gateway]     Error: 模型併發容量已滿或協調服務不可用
[pod/gateway-b7d9575b9-xb8l7/gateway]         at Object.withCapacity (/app/server/shared-limits.cjs:102:143)
[pod/gateway-b7d9575b9-xb8l7/gateway]         at process.processTicksAndRejections (node:internal/process/task_queues:103:5)
[pod/gateway-b7d9575b9-xb8l7/gateway]         at async executeIdempotent (/app/server/idempotency.cjs:39:20)
[pod/gateway-b7d9575b9-xb8l7/gateway]         at async handleHttpRequest (/app/server/index.cjs:1215:22)
[pod/gateway-b7d9575b9-xb8l7/gateway] 2026-10-05T23:31:51.451+00:00 WARN  http.request requestId=2cd46945-7f29-4c70-b6ad-f406eda92148 role=api pod=gateway-b7d9575b9-xb8l7 method=POST path=/api/transcriptions status=503 durationMs=3
[pod/gateway-b7d9575b9-xb8l7/gateway] 2026-10-05T23:31:51.678+00:00 INFO  http.request requestId=ac105742-f2f8-4f9a-a861-721caafe933b role=api pod=gateway-b7d9575b9-xb8l7 method=POST path=/api/translations status=200 durationMs=377
[pod/gateway-b7d9575b9-xb8l7/gateway] 2026-10-05T23:31:51.698+00:00 INFO  http.request requestId=680698fb-51a4-4904-9c7e-710d16a636ce role=api pod=gateway-b7d9575b9-xb8l7 method=POST path=/api/translations status=200 durationMs=241
[pod/gateway-b7d9575b9-xb8l7/gateway] 2026-10-05T23:31:51.706+00:00 ERROR asr.failed requestId=d0363209-ea5e-466f-9832-059140016711 role=api pod=gateway-b7d9575b9-xb8l7 profileId=default model=mock-asr audioBytes=48044 status=503 durationMs=2 error="Error: 模型併發容量已滿或協調服務不可用" status=503
[pod/gateway-b7d9575b9-xb8l7/gateway]     Error: 模型併發容量已滿或協調服務不可用
[pod/gateway-b7d9575b9-xb8l7/gateway]         at Object.withCapacity (/app/server/shared-limits.cjs:102:143)
[pod/gateway-b7d9575b9-xb8l7/gateway]         at process.processTicksAndRejections (node:internal/process/task_queues:103:5)
[pod/gateway-b7d9575b9-xb8l7/gateway]         at async executeIdempotent (/app/server/idempotency.cjs:39:20)
[pod/gateway-b7d9575b9-xb8l7/gateway]         at async handleHttpRequest (/app/server/index.cjs:1215:22)
[pod/gateway-b7d9575b9-xb8l7/gateway] 2026-10-05T23:31:51.706+00:00 WARN  http.request requestId=d0363209-ea5e-466f-9832-059140016711 role=api pod=gateway-b7d9575b9-xb8l7 method=POST path=/api/transcriptions status=503 durationMs=3
[pod/gateway-b7d9575b9-xb8l7/gateway] 2026-10-05T23:31:51.737+00:00 INFO  http.request requestId=fcc4a990-0851-40e5-bce5-c466cc519198 role=api pod=gateway-b7d9575b9-xb8l7 method=POST path=/api/transcriptions status=200 durationMs=633
[pod/gateway-b7d9575b9-xb8l7/gateway] 2026-10-05T23:31:51.768+00:00 INFO  http.request requestId=1695041a-ff50-4ff3-82fb-64a20cf4a7b1 role=api pod=gateway-b7d9575b9-xb8l7 method=POST path=/api/transcriptions status=200 durationMs=589
[pod/gateway-b7d9575b9-xb8l7/gateway] 2026-10-05T23:31:51.795+00:00 INFO  http.request requestId=36d2ed68-7873-4a47-a2f2-02b13f7a6da1 role=api pod=gateway-b7d9575b9-xb8l7 method=POST path=/api/transcriptions status=200 durationMs=707
[pod/gateway-b7d9575b9-xb8l7/gateway] 2026-10-05T23:31:51.917+00:00 INFO  http.request requestId=7732bc30-abc4-49a4-930b-4822585c9f4f role=api pod=gateway-b7d9575b9-xb8l7 method=POST path=/api/transcriptions status=200 durationMs=649
[pod/gateway-b7d9575b9-xb8l7/gateway] 2026-10-05T23:31:51.974+00:00 INFO  http.request requestId=a2c5f6a4-cc48-4e4b-9052-71d70ecf5cb5 role=api pod=gateway-b7d9575b9-xb8l7 method=POST path=/api/translations status=200 durationMs=267
[pod/gateway-b7d9575b9-xb8l7/gateway] 2026-10-05T23:31:52.065+00:00 INFO  http.request requestId=6551bc8f-8c49-4e6c-94c1-83cd24eab890 role=api pod=gateway-b7d9575b9-xb8l7 method=POST path=/api/translations status=200 durationMs=265
[pod/gateway-b7d9575b9-xb8l7/gateway] 2026-10-05T23:31:52.082+00:00 ERROR asr.failed requestId=9256a1ca-8c20-4df7-a10b-1c47506b22e2 role=api pod=gateway-b7d9575b9-xb8l7 profileId=default model=mock-asr audioBytes=48044 status=503 durationMs=2 error="Error: 模型併發容量已滿或協調服務不可用" status=503
[pod/gateway-b7d9575b9-xb8l7/gateway]     Error: 模型併發容量已滿或協調服務不可用
[pod/gateway-b7d9575b9-xb8l7/gateway]         at Object.withCapacity (/app/server/shared-limits.cjs:102:143)
[pod/gateway-b7d9575b9-xb8l7/gateway]         at process.processTicksAndRejections (node:internal/process/task_queues:103:5)
[pod/gateway-b7d9575b9-xb8l7/gateway]         at async executeIdempotent (/app/server/idempotency.cjs:39:20)
[pod/gateway-b7d9575b9-xb8l7/gateway]         at async handleHttpRequest (/app/server/index.cjs:1215:22)
[pod/gateway-b7d9575b9-xb8l7/gateway] 2026-10-05T23:31:52.082+00:00 WARN  http.request requestId=9256a1ca-8c20-4df7-a10b-1c47506b22e2 role=api pod=gateway-b7d9575b9-xb8l7 method=POST path=/api/transcriptions status=503 durationMs=3
[pod/gateway-b7d9575b9-xb8l7/gateway] 2026-10-05T23:31:52.097+00:00 ERROR asr.failed requestId=dbbf0f5d-fa2d-4b26-a33b-53f410d6ccb7 role=api pod=gateway-b7d9575b9-xb8l7 profileId=default model=mock-asr audioBytes=48044 status=503 durationMs=2 error="Error: 模型併發容量已滿或協調服務不可用" status=503
[pod/gateway-b7d9575b9-xb8l7/gateway]     Error: 模型併發容量已滿或協調服務不可用
[pod/gateway-b7d9575b9-xb8l7/gateway]         at Object.withCapacity (/app/server/shared-limits.cjs:102:143)
[pod/gateway-b7d9575b9-xb8l7/gateway]         at process.processTicksAndRejections (node:internal/process/task_queues:103:5)
[pod/gateway-b7d9575b9-xb8l7/gateway]         at async executeIdempotent (/app/server/idempotency.cjs:39:20)
[pod/gateway-b7d9575b9-xb8l7/gateway]         at async handleHttpRequest (/app/server/index.cjs:1215:22)
[pod/gateway-b7d9575b9-xb8l7/gateway] 2026-10-05T23:31:52.097+00:00 WARN  http.request requestId=dbbf0f5d-fa2d-4b26-a33b-53f410d6ccb7 role=api pod=gateway-b7d9575b9-xb8l7 method=POST path=/api/transcriptions status=503 durationMs=3
[pod/gateway-b7d9575b9-xb8l7/gateway] 2026-10-05T23:31:52.112+00:00 ERROR asr.failed requestId=fa34c016-1e87-4126-a262-180bead89135 role=api pod=gateway-b7d9575b9-xb8l7 profileId=default model=mock-asr audioBytes=48044 status=503 durationMs=2 error="Error: 模型併發容量已滿或協調服務不可用" status=503
[pod/gateway-b7d9575b9-xb8l7/gateway]     Error: 模型併發容量已滿或協調服務不可用
[pod/gateway-b7d9575b9-xb8l7/gateway]         at Object.withCapacity (/app/server/shared-limits.cjs:102:143)
[pod/gateway-b7d9575b9-xb8l7/gateway]         at process.processTicksAndRejections (node:internal/process/task_queues:103:5)
[pod/gateway-b7d9575b9-xb8l7/gateway]         at async executeIdempotent (/app/server/idempotency.cjs:39:20)
[pod/gateway-b7d9575b9-xb8l7/gateway]         at async handleHttpRequest (/app/server/index.cjs:1215:22)
[pod/gateway-b7d9575b9-xb8l7/gateway] 2026-10-05T23:31:52.112+00:00 WARN  http.request requestId=fa34c016-1e87-4126-a262-180bead89135 role=api pod=gateway-b7d9575b9-xb8l7 method=POST path=/api/transcriptions status=503 durationMs=3
[pod/gateway-b7d9575b9-xb8l7/gateway] 2026-10-05T23:31:52.128+00:00 ERROR asr.failed requestId=548166d1-1122-4581-aee1-c3c3c69d30ae role=api pod=gateway-b7d9575b9-xb8l7 profileId=default model=mock-asr audioBytes=48044 status=503 durationMs=2 error="Error: 模型併發容量已滿或協調服務不可用" status=503
[pod/gateway-b7d9575b9-xb8l7/gateway]     Error: 模型併發容量已滿或協調服務不可用
[pod/gateway-b7d9575b9-xb8l7/gateway]         at Object.withCapacity (/app/server/shared-limits.cjs:102:143)
[pod/gateway-b7d9575b9-xb8l7/gateway]         at process.processTicksAndRejections (node:internal/process/task_queues:103:5)
[pod/gateway-b7d9575b9-xb8l7/gateway]         at async executeIdempotent (/app/server/idempotency.cjs:39:20)
[pod/gateway-b7d9575b9-xb8l7/gateway]         at async handleHttpRequest (/app/server/index.cjs:1215:22)
[pod/gateway-b7d9575b9-xb8l7/gateway] 2026-10-05T23:31:52.128+00:00 WARN  http.request requestId=548166d1-1122-4581-aee1-c3c3c69d30ae role=api pod=gateway-b7d9575b9-xb8l7 method=POST path=/api/transcriptions status=503 durationMs=4
[pod/gateway-b7d9575b9-xb8l7/gateway] 2026-10-05T23:31:52.142+00:00 ERROR asr.failed requestId=c8e2ff1d-c158-4fcf-976f-dfc337d69d1e role=api pod=gateway-b7d9575b9-xb8l7 profileId=default model=mock-asr audioBytes=48044 status=503 durationMs=2 error="Error: 模型併發容量已滿或協調服務不可用" status=503
[pod/gateway-b7d9575b9-xb8l7/gateway]     Error: 模型併發容量已滿或協調服務不可用
[pod/gateway-b7d9575b9-xb8l7/gateway]         at Object.withCapacity (/app/server/shared-limits.cjs:102:143)
[pod/gateway-b7d9575b9-xb8l7/gateway]         at process.processTicksAndRejections (node:internal/process/task_queues:103:5)
[pod/gateway-b7d9575b9-xb8l7/gateway]         at async executeIdempotent (/app/server/idempotency.cjs:39:20)
[pod/gateway-b7d9575b9-xb8l7/gateway]         at async handleHttpRequest (/app/server/index.cjs:1215:22)
[pod/gateway-b7d9575b9-xb8l7/gateway] 2026-10-05T23:31:52.142+00:00 WARN  http.request requestId=c8e2ff1d-c158-4fcf-976f-dfc337d69d1e role=api pod=gateway-b7d9575b9-xb8l7 method=POST path=/api/transcriptions status=503 durationMs=3
[pod/gateway-b7d9575b9-xb8l7/gateway] 2026-10-05T23:31:52.147+00:00 INFO  http.request requestId=92d62be4-28b4-4ce5-918e-d9280822bf22 role=api pod=gateway-b7d9575b9-xb8l7 method=POST path=/api/translations status=200 durationMs=376
[pod/gateway-b7d9575b9-xb8l7/gateway] 2026-10-05T23:31:52.157+00:00 ERROR asr.failed requestId=0bbd4845-670f-4999-8b5a-3ad9f4dda39d role=api pod=gateway-b7d9575b9-xb8l7 profileId=default model=mock-asr audioBytes=48044 status=503 durationMs=2 error="Error: 模型併發容量已滿或協調服務不可用" status=503
[pod/gateway-b7d9575b9-xb8l7/gateway]     Error: 模型併發容量已滿或協調服務不可用
[pod/gateway-b7d9575b9-xb8l7/gateway]         at Object.withCapacity (/app/server/shared-limits.cjs:102:143)
[pod/gateway-b7d9575b9-xb8l7/gateway]         at process.processTicksAndRejections (node:internal/process/task_queues:103:5)
[pod/gateway-b7d9575b9-xb8l7/gateway]         at async executeIdempotent (/app/server/idempotency.cjs:39:20)
[pod/gateway-b7d9575b9-xb8l7/gateway]         at async handleHttpRequest (/app/server/index.cjs:1215:22)
[pod/gateway-b7d9575b9-xb8l7/gateway] 2026-10-05T23:31:52.157+00:00 WARN  http.request requestId=0bbd4845-670f-4999-8b5a-3ad9f4dda39d role=api pod=gateway-b7d9575b9-xb8l7 method=POST path=/api/transcriptions status=503 durationMs=3
[pod/gateway-b7d9575b9-xb8l7/gateway] 2026-10-05T23:31:52.173+00:00 ERROR asr.failed requestId=0e2385ca-945e-4d50-93fb-25b60d685eba role=api pod=gateway-b7d9575b9-xb8l7 profileId=default model=mock-asr audioBytes=48044 status=503 durationMs=2 error="Error: 模型併發容量已滿或協調服務不可用" status=503
[pod/gateway-b7d9575b9-xb8l7/gateway]     Error: 模型併發容量已滿或協調服務不可用
[pod/gateway-b7d9575b9-xb8l7/gateway]         at Object.withCapacity (/app/server/shared-limits.cjs:102:143)
[pod/gateway-b7d9575b9-xb8l7/gateway]         at process.processTicksAndRejections (node:internal/process/task_queues:103:5)
[pod/gateway-b7d9575b9-xb8l7/gateway]         at async executeIdempotent (/app/server/idempotency.cjs:39:20)
[pod/gateway-b7d9575b9-xb8l7/gateway]         at async handleHttpRequest (/app/server/index.cjs:1215:22)
[pod/gateway-b7d9575b9-xb8l7/gateway] 2026-10-05T23:31:52.173+00:00 WARN  http.request requestId=0e2385ca-945e-4d50-93fb-25b60d685eba role=api pod=gateway-b7d9575b9-xb8l7 method=POST path=/api/transcriptions status=503 durationMs=3
[pod/gateway-b7d9575b9-xb8l7/gateway] 2026-10-05T23:31:52.189+00:00 ERROR asr.failed requestId=4f43ce1e-d8cf-40d8-9916-0f06239abe42 role=api pod=gateway-b7d9575b9-xb8l7 profileId=default model=mock-asr audioBytes=48044 status=503 durationMs=4 error="Error: 模型併發容量已滿或協調服務不可用" status=503
[pod/gateway-b7d9575b9-xb8l7/gateway]     Error: 模型併發容量已滿或協調服務不可用
[pod/gateway-b7d9575b9-xb8l7/gateway]         at Object.withCapacity (/app/server/shared-limits.cjs:102:143)
[pod/gateway-b7d9575b9-xb8l7/gateway]         at process.processTicksAndRejections (node:internal/process/task_queues:103:5)
[pod/gateway-b7d9575b9-xb8l7/gateway]         at async executeIdempotent (/app/server/idempotency.cjs:39:20)
[pod/gateway-b7d9575b9-xb8l7/gateway]         at async handleHttpRequest (/app/server/index.cjs:1215:22)
[pod/gateway-b7d9575b9-xb8l7/gateway] 2026-10-05T23:31:52.189+00:00 WARN  http.request requestId=4f43ce1e-d8cf-40d8-9916-0f06239abe42 role=api pod=gateway-b7d9575b9-xb8l7 method=POST path=/api/transcriptions status=503 durationMs=6
[pod/gateway-b7d9575b9-xb8l7/gateway] 2026-10-05T23:31:52.204+00:00 ERROR asr.failed requestId=8c6cb384-4550-4b1a-844c-50d17d576302 role=api pod=gateway-b7d9575b9-xb8l7 profileId=default model=mock-asr audioBytes=48044 status=503 durationMs=3 error="Error: 模型併發容量已滿或協調服務不可用" status=503
[pod/gateway-b7d9575b9-xb8l7/gateway]     Error: 模型併發容量已滿或協調服務不可用
[pod/gateway-b7d9575b9-xb8l7/gateway]         at Object.withCapacity (/app/server/shared-limits.cjs:102:143)
[pod/gateway-b7d9575b9-xb8l7/gateway]         at process.processTicksAndRejections (node:internal/process/task_queues:103:5)
[pod/gateway-b7d9575b9-xb8l7/gateway]         at async executeIdempotent (/app/server/idempotency.cjs:39:20)
[pod/gateway-b7d9575b9-xb8l7/gateway]         at async handleHttpRequest (/app/server/index.cjs:1215:22)
[pod/gateway-b7d9575b9-xb8l7/gateway] 2026-10-05T23:31:52.204+00:00 WARN  http.request requestId=8c6cb384-4550-4b1a-844c-50d17d576302 role=api pod=gateway-b7d9575b9-xb8l7 method=POST path=/api/transcriptions status=503 durationMs=5
[pod/gateway-b7d9575b9-xb8l7/gateway] 2026-10-05T23:31:52.217+00:00 ERROR asr.failed requestId=c1714b23-a438-4f18-9ed1-3af07f329a56 role=api pod=gateway-b7d9575b9-xb8l7 profileId=default model=mock-asr audioBytes=48044 status=503 durationMs=2 error="Error: 模型併發容量已滿或協調服務不可用" status=503
[pod/gateway-b7d9575b9-xb8l7/gateway]     Error: 模型併發容量已滿或協調服務不可用
[pod/gateway-b7d9575b9-xb8l7/gateway]         at Object.withCapacity (/app/server/shared-limits.cjs:102:143)
[pod/gateway-b7d9575b9-xb8l7/gateway]         at process.processTicksAndRejections (node:internal/process/task_queues:103:5)
[pod/gateway-b7d9575b9-xb8l7/gateway]         at async executeIdempotent (/app/server/idempotency.cjs:39:20)
[pod/gateway-b7d9575b9-xb8l7/gateway]         at async handleHttpRequest (/app/server/index.cjs:1215:22)
[pod/gateway-b7d9575b9-xb8l7/gateway] 2026-10-05T23:31:52.217+00:00 WARN  http.request requestId=c1714b23-a438-4f18-9ed1-3af07f329a56 role=api pod=gateway-b7d9575b9-xb8l7 method=POST path=/api/transcriptions status=503 durationMs=3
[pod/gateway-b7d9575b9-xb8l7/gateway] 2026-10-05T23:31:52.254+00:00 INFO  http.request requestId=66d04313-d471-4fad-9994-90edfaab0325 role=api pod=gateway-b7d9575b9-xb8l7 method=POST path=/api/translations status=200 durationMs=270
[pod/gateway-b7d9575b9-xb8l7/gateway] 2026-10-05T23:31:52.264+00:00 ERROR asr.failed requestId=497743a3-89b1-4ef1-9ffb-d09a2e693e73 role=api pod=gateway-b7d9575b9-xb8l7 profileId=default model=mock-asr audioBytes=48044 status=503 durationMs=3 error="Error: 模型併發容量已滿或協調服務不可用" status=503
[pod/gateway-b7d9575b9-xb8l7/gateway]     Error: 模型併發容量已滿或協調服務不可用
[pod/gateway-b7d9575b9-xb8l7/gateway]         at Object.withCapacity (/app/server/shared-limits.cjs:102:143)
[pod/gateway-b7d9575b9-xb8l7/gateway]         at process.processTicksAndRejections (node:internal/process/task_queues:103:5)
[pod/gateway-b7d9575b9-xb8l7/gateway]         at async executeIdempotent (/app/server/idempotency.cjs:39:20)
[pod/gateway-b7d9575b9-xb8l7/gateway]         at async handleHttpRequest (/app/server/index.cjs:1215:22)
[pod/gateway-b7d9575b9-xb8l7/gateway] 2026-10-05T23:31:52.264+00:00 WARN  http.request requestId=497743a3-89b1-4ef1-9ffb-d09a2e693e73 role=api pod=gateway-b7d9575b9-xb8l7 method=POST path=/api/transcriptions status=503 durationMs=4
[pod/gateway-b7d9575b9-xb8l7/gateway] 2026-10-05T23:31:52.275+00:00 INFO  http.request requestId=39e5f48f-ef14-4c7b-8caa-992e0017b446 role=api pod=gateway-b7d9575b9-xb8l7 method=POST path=/api/translations status=200 durationMs=358
[pod/gateway-b7d9575b9-xb8l7/gateway] 2026-10-05T23:31:52.338+00:00 INFO  http.request requestId=13efb9da-03f2-4170-aec7-90c794f06e9d role=api pod=gateway-b7d9575b9-xb8l7 method=POST path=/api/transcriptions status=200 durationMs=484
[pod/gateway-b7d9575b9-xb8l7/gateway] 2026-10-05T23:31:52.383+00:00 INFO  http.request requestId=ee406d01-1b70-4ce3-b303-37c3aa5666fc role=api pod=gateway-b7d9575b9-xb8l7 method=POST path=/api/transcriptions status=200 durationMs=453
[pod/gateway-b7d9575b9-xb8l7/gateway] 2026-10-05T23:31:52.475+00:00 ERROR asr.failed requestId=c540927e-132a-4da7-8070-bc5ad0ecccb4 role=api pod=gateway-b7d9575b9-xb8l7 profileId=default model=mock-asr audioBytes=48044 status=503 durationMs=4 error="Error: 模型併發容量已滿或協調服務不可用" status=503
[pod/gateway-b7d9575b9-xb8l7/gateway]     Error: 模型併發容量已滿或協調服務不可用
[pod/gateway-b7d9575b9-xb8l7/gateway]         at Object.withCapacity (/app/server/shared-limits.cjs:102:143)
[pod/gateway-b7d9575b9-xb8l7/gateway]         at process.processTicksAndRejections (node:internal/process/task_queues:103:5)
[pod/gateway-b7d9575b9-xb8l7/gateway]         at async executeIdempotent (/app/server/idempotency.cjs:39:20)
[pod/gateway-b7d9575b9-xb8l7/gateway]         at async handleHttpRequest (/app/server/index.cjs:1215:22)
[pod/gateway-b7d9575b9-xb8l7/gateway] 2026-10-05T23:31:52.475+00:00 WARN  http.request requestId=c540927e-132a-4da7-8070-bc5ad0ecccb4 role=api pod=gateway-b7d9575b9-xb8l7 method=POST path=/api/transcriptions status=503 durationMs=6
[pod/gateway-b7d9575b9-xb8l7/gateway] 2026-10-05T23:31:52.490+00:00 ERROR asr.failed requestId=184bf26f-bf06-4dcb-9b19-cee589f9ebaf role=api pod=gateway-b7d9575b9-xb8l7 profileId=default model=mock-asr audioBytes=48044 status=503 durationMs=4 error="Error: 模型併發容量已滿或協調服務不可用" status=503
[pod/gateway-b7d9575b9-xb8l7/gateway]     Error: 模型併發容量已滿或協調服務不可用
[pod/gateway-b7d9575b9-xb8l7/gateway]         at Object.withCapacity (/app/server/shared-limits.cjs:102:143)
[pod/gateway-b7d9575b9-xb8l7/gateway]         at process.processTicksAndRejections (node:internal/process/task_queues:103:5)
[pod/gateway-b7d9575b9-xb8l7/gateway]         at async executeIdempotent (/app/server/idempotency.cjs:39:20)
[pod/gateway-b7d9575b9-xb8l7/gateway]         at async handleHttpRequest (/app/server/index.cjs:1215:22)
[pod/gateway-b7d9575b9-xb8l7/gateway] 2026-10-05T23:31:52.491+00:00 WARN  http.request requestId=184bf26f-bf06-4dcb-9b19-cee589f9ebaf role=api pod=gateway-b7d9575b9-xb8l7 method=POST path=/api/transcriptions status=503 durationMs=6
[pod/gateway-b7d9575b9-xb8l7/gateway] 2026-10-05T23:31:52.623+00:00 INFO  http.request requestId=731aaf2b-6970-4e9b-b790-5a0f5ad4545d role=api pod=gateway-b7d9575b9-xb8l7 method=POST path=/api/translations status=200 durationMs=210
[pod/gateway-b7d9575b9-xb8l7/gateway] 2026-10-05T23:31:52.668+00:00 INFO  http.request requestId=4f64cc6f-d20a-4818-80a7-8b44b2054318 role=api pod=gateway-b7d9575b9-xb8l7 method=POST path=/api/translations status=200 durationMs=288
[pod/gateway-b7d9575b9-xb8l7/gateway] 2026-10-05T23:31:52.825+00:00 INFO  http.request requestId=33a28573-27da-4883-9fe7-c6a34d9bd0cf role=api pod=gateway-b7d9575b9-xb8l7 method=POST path=/api/translations status=200 durationMs=333
[pod/gateway-b7d9575b9-xb8l7/gateway] 2026-10-05T23:31:52.850+00:00 INFO  http.request requestId=5989a993-430a-4e39-90bf-affc247377fa role=api pod=gateway-b7d9575b9-xb8l7 method=POST path=/api/transcriptions status=200 durationMs=457
[pod/gateway-b7d9575b9-xb8l7/gateway] 2026-10-05T23:31:52.875+00:00 INFO  http.request requestId=7b4f07f5-a0fa-4ca9-8f2c-260b76b852b6 role=api pod=gateway-b7d9575b9-xb8l7 method=POST path=/api/transcriptions status=200 durationMs=602
[pod/gateway-b7d9575b9-xb8l7/gateway] 2026-10-05T23:31:52.939+00:00 ERROR asr.failed requestId=2f3ece83-bd74-43fc-992e-49d7f2bccdfc role=api pod=gateway-b7d9575b9-xb8l7 profileId=default model=mock-asr audioBytes=48044 status=503 durationMs=4 error="Error: 模型併發容量已滿或協調服務不可用" status=503
[pod/gateway-b7d9575b9-xb8l7/gateway]     Error: 模型併發容量已滿或協調服務不可用
[pod/gateway-b7d9575b9-xb8l7/gateway]         at Object.withCapacity (/app/server/shared-limits.cjs:102:143)
[pod/gateway-b7d9575b9-xb8l7/gateway]         at process.processTicksAndRejections (node:internal/process/task_queues:103:5)
[pod/gateway-b7d9575b9-xb8l7/gateway]         at async executeIdempotent (/app/server/idempotency.cjs:39:20)
[pod/gateway-b7d9575b9-xb8l7/gateway]         at async handleHttpRequest (/app/server/index.cjs:1215:22)
[pod/gateway-b7d9575b9-xb8l7/gateway] 2026-10-05T23:31:52.940+00:00 WARN  http.request requestId=2f3ece83-bd74-43fc-992e-49d7f2bccdfc role=api pod=gateway-b7d9575b9-xb8l7 method=POST path=/api/transcriptions status=503 durationMs=6
[pod/gateway-b7d9575b9-xb8l7/gateway] 2026-10-05T23:31:52.951+00:00 ERROR asr.failed requestId=4975e39e-9a2c-4244-b185-c9dca69c0bf5 role=api pod=gateway-b7d9575b9-xb8l7 profileId=default model=mock-asr audioBytes=48044 status=503 durationMs=2 error="Error: 模型併發容量已滿或協調服務不可用" status=503
[pod/gateway-b7d9575b9-xb8l7/gateway]     Error: 模型併發容量已滿或協調服務不可用
[pod/gateway-b7d9575b9-xb8l7/gateway]         at Object.withCapacity (/app/server/shared-limits.cjs:102:143)
[pod/gateway-b7d9575b9-xb8l7/gateway]         at process.processTicksAndRejections (node:internal/process/task_queues:103:5)
[pod/gateway-b7d9575b9-xb8l7/gateway]         at async executeIdempotent (/app/server/idempotency.cjs:39:20)
[pod/gateway-b7d9575b9-xb8l7/gateway]         at async handleHttpRequest (/app/server/index.cjs:1215:22)
[pod/gateway-b7d9575b9-xb8l7/gateway] 2026-10-05T23:31:52.951+00:00 WARN  http.request requestId=4975e39e-9a2c-4244-b185-c9dca69c0bf5 role=api pod=gateway-b7d9575b9-xb8l7 method=POST path=/api/transcriptions status=503 durationMs=3
[pod/gateway-b7d9575b9-xb8l7/gateway] 2026-10-05T23:31:52.976+00:00 INFO  http.request requestId=6efb06a1-e15a-42c0-91d1-4ab3a268090e role=api pod=gateway-b7d9575b9-xb8l7 method=POST path=/api/transcriptions status=200 durationMs=688
[pod/gateway-b7d9575b9-xb8l7/gateway] 2026-10-05T23:31:53.013+00:00 ERROR asr.failed requestId=1a69791c-27af-4025-8066-08ec78e65127 role=api pod=gateway-b7d9575b9-xb8l7 profileId=default model=mock-asr audioBytes=48044 status=503 durationMs=2 error="Error: 模型併發容量已滿或協調服務不可用" status=503
[pod/gateway-b7d9575b9-xb8l7/gateway]     Error: 模型併發容量已滿或協調服務不可用
[pod/gateway-b7d9575b9-xb8l7/gateway]         at Object.withCapacity (/app/server/shared-limits.cjs:102:143)
[pod/gateway-b7d9575b9-xb8l7/gateway]         at process.processTicksAndRejections (node:internal/process/task_queues:103:5)
[pod/gateway-b7d9575b9-xb8l7/gateway]         at async executeIdempotent (/app/server/idempotency.cjs:39:20)
[pod/gateway-b7d9575b9-xb8l7/gateway]         at async handleHttpRequest (/app/server/index.cjs:1215:22)
[pod/gateway-b7d9575b9-xb8l7/gateway] 2026-10-05T23:31:53.013+00:00 WARN  http.request requestId=1a69791c-27af-4025-8066-08ec78e65127 role=api pod=gateway-b7d9575b9-xb8l7 method=POST path=/api/transcriptions status=503 durationMs=3
[pod/gateway-b7d9575b9-xb8l7/gateway] 2026-10-05T23:31:53.028+00:00 ERROR asr.failed requestId=cf2def73-2fb5-42e2-a9bc-5ce1ad9e7dd2 role=api pod=gateway-b7d9575b9-xb8l7 profileId=default model=mock-asr audioBytes=48044 status=503 durationMs=2 error="Error: 模型併發容量已滿或協調服務不可用" status=503
[pod/gateway-b7d9575b9-xb8l7/gateway]     Error: 模型併發容量已滿或協調服務不可用
[pod/gateway-b7d9575b9-xb8l7/gateway]         at Object.withCapacity (/app/server/shared-limits.cjs:102:143)
[pod/gateway-b7d9575b9-xb8l7/gateway]         at process.processTicksAndRejections (node:internal/process/task_queues:103:5)
[pod/gateway-b7d9575b9-xb8l7/gateway]         at async executeIdempotent (/app/server/idempotency.cjs:39:20)
[pod/gateway-b7d9575b9-xb8l7/gateway]         at async handleHttpRequest (/app/server/index.cjs:1215:22)
[pod/gateway-b7d9575b9-xb8l7/gateway] 2026-10-05T23:31:53.028+00:00 WARN  http.request requestId=cf2def73-2fb5-42e2-a9bc-5ce1ad9e7dd2 role=api pod=gateway-b7d9575b9-xb8l7 method=POST path=/api/transcriptions status=503 durationMs=4
[pod/gateway-b7d9575b9-xb8l7/gateway] 2026-10-05T23:31:53.043+00:00 ERROR asr.failed requestId=69364baf-929b-46a4-b6d7-2c784faa3c4a role=api pod=gateway-b7d9575b9-xb8l7 profileId=default model=mock-asr audioBytes=48044 status=503 durationMs=3 error="Error: 模型併發容量已滿或協調服務不可用" status=503
[pod/gateway-b7d9575b9-xb8l7/gateway]     Error: 模型併發容量已滿或協調服務不可用
[pod/gateway-b7d9575b9-xb8l7/gateway]         at Object.withCapacity (/app/server/shared-limits.cjs:102:143)
[pod/gateway-b7d9575b9-xb8l7/gateway]         at process.processTicksAndRejections (node:internal/process/task_queues:103:5)
[pod/gateway-b7d9575b9-xb8l7/gateway]         at async executeIdempotent (/app/server/idempotency.cjs:39:20)
[pod/gateway-b7d9575b9-xb8l7/gateway]         at async handleHttpRequest (/app/server/index.cjs:1215:22)
[pod/gateway-b7d9575b9-xb8l7/gateway] 2026-10-05T23:31:53.043+00:00 WARN  http.request requestId=69364baf-929b-46a4-b6d7-2c784faa3c4a role=api pod=gateway-b7d9575b9-xb8l7 method=POST path=/api/transcriptions status=503 durationMs=4
[pod/gateway-b7d9575b9-xb8l7/gateway] 2026-10-05T23:31:53.119+00:00 ERROR asr.failed requestId=87b8d040-8c54-40e0-bddf-5f546089b88d role=api pod=gateway-b7d9575b9-xb8l7 profileId=default model=mock-asr audioBytes=48044 status=503 durationMs=1 error="Error: 模型併發容量已滿或協調服務不可用" status=503
[pod/gateway-b7d9575b9-xb8l7/gateway]     Error: 模型併發容量已滿或協調服務不可用
[pod/gateway-b7d9575b9-xb8l7/gateway]         at Object.withCapacity (/app/server/shared-limits.cjs:102:143)
[pod/gateway-b7d9575b9-xb8l7/gateway]         at process.processTicksAndRejections (node:internal/process/task_queues:103:5)
[pod/gateway-b7d9575b9-xb8l7/gateway]         at async executeIdempotent (/app/server/idempotency.cjs:39:20)
[pod/gateway-b7d9575b9-xb8l7/gateway]         at async handleHttpRequest (/app/server/index.cjs:1215:22)
[pod/gateway-b7d9575b9-xb8l7/gateway] 2026-10-05T23:31:53.119+00:00 WARN  http.request requestId=87b8d040-8c54-40e0-bddf-5f546089b88d role=api pod=gateway-b7d9575b9-xb8l7 method=POST path=/api/transcriptions status=503 durationMs=4
[pod/gateway-b7d9575b9-xb8l7/gateway] 2026-10-05T23:31:53.194+00:00 INFO  http.request requestId=d7307d96-f4b5-4047-8680-a416f6dee2ee role=api pod=gateway-b7d9575b9-xb8l7 method=POST path=/api/translations status=200 durationMs=312
[pod/gateway-b7d9575b9-xb8l7/gateway] 2026-10-05T23:31:53.418+00:00 INFO  http.request requestId=3dd63691-ab9e-4db6-a68a-04c9aa30fcad role=api pod=gateway-b7d9575b9-xb8l7 method=POST path=/api/translations status=200 durationMs=237
[pod/gateway-b7d9575b9-xb8l7/gateway] 2026-10-05T23:31:53.477+00:00 INFO  http.request requestId=53509aae-98de-4fae-882c-3e8f3d245f4c role=api pod=gateway-b7d9575b9-xb8l7 method=POST path=/api/transcriptions status=200 durationMs=513
[pod/gateway-b7d9575b9-xb8l7/gateway] 2026-10-05T23:31:53.496+00:00 INFO  http.request requestId=6bf2980f-c443-4498-8484-f8ecc6fdda41 role=api pod=gateway-b7d9575b9-xb8l7 method=POST path=/api/translations status=200 durationMs=295
[pod/gateway-b7d9575b9-xb8l7/gateway] 2026-10-05T23:31:53.502+00:00 INFO  http.request requestId=a35d9af8-e1f8-4a6b-b275-32c015009813 role=api pod=gateway-b7d9575b9-xb8l7 method=POST path=/api/transcriptions status=200 durationMs=524
[pod/gateway-b7d9575b9-xb8l7/gateway] 2026-10-05T23:31:53.569+00:00 ERROR asr.failed requestId=d035f0c0-37f9-456b-b8f0-5947e79a7faf role=api pod=gateway-b7d9575b9-xb8l7 profileId=default model=mock-asr audioBytes=48044 status=503 durationMs=3 error="Error: 模型併發容量已滿或協調服務不可用" status=503
[pod/gateway-b7d9575b9-xb8l7/gateway]     Error: 模型併發容量已滿或協調服務不可用
[pod/gateway-b7d9575b9-xb8l7/gateway]         at Object.withCapacity (/app/server/shared-limits.cjs:102:143)
[pod/gateway-b7d9575b9-xb8l7/gateway]         at process.processTicksAndRejections (node:internal/process/task_queues:103:5)
[pod/gateway-b7d9575b9-xb8l7/gateway]         at async executeIdempotent (/app/server/idempotency.cjs:39:20)
[pod/gateway-b7d9575b9-xb8l7/gateway]         at async handleHttpRequest (/app/server/index.cjs:1215:22)
[pod/gateway-b7d9575b9-xb8l7/gateway] 2026-10-05T23:31:53.569+00:00 WARN  http.request requestId=d035f0c0-37f9-456b-b8f0-5947e79a7faf role=api pod=gateway-b7d9575b9-xb8l7 method=POST path=/api/transcriptions status=503 durationMs=5
[pod/gateway-b7d9575b9-xb8l7/gateway] 2026-10-05T23:31:53.581+00:00 INFO  http.request requestId=f8a66d8b-01bd-4bb9-8c75-378e876a35fd role=api pod=gateway-b7d9575b9-xb8l7 method=POST path=/api/transcriptions status=200 durationMs=722
[pod/gateway-b7d9575b9-xb8l7/gateway] 2026-10-05T23:31:53.736+00:00 INFO  http.request requestId=1f9b6b35-a4fe-44b3-8916-2dab2e4429ba role=api pod=gateway-b7d9575b9-xb8l7 method=POST path=/api/translations status=200 durationMs=258
[pod/gateway-b7d9575b9-xb8l7/gateway] 2026-10-05T23:31:53.762+00:00 INFO  http.request requestId=cb799e0a-7a0e-43b3-a33c-787fd283baa8 role=api pod=gateway-b7d9575b9-xb8l7 method=POST path=/api/transcriptions status=200 durationMs=483
[pod/gateway-b7d9575b9-xb8l7/gateway] 2026-10-05T23:31:53.792+00:00 ERROR asr.failed requestId=5f370e84-aadc-40b3-af60-952e1cd18649 role=api pod=gateway-b7d9575b9-xb8l7 profileId=default model=mock-asr audioBytes=48044 status=503 durationMs=2 error="Error: 模型併發容量已滿或協調服務不可用" status=503
[pod/gateway-b7d9575b9-xb8l7/gateway]     Error: 模型併發容量已滿或協調服務不可用
[pod/gateway-b7d9575b9-xb8l7/gateway]         at Object.withCapacity (/app/server/shared-limits.cjs:102:143)
[pod/gateway-b7d9575b9-xb8l7/gateway]         at process.processTicksAndRejections (node:internal/process/task_queues:103:5)
[pod/gateway-b7d9575b9-xb8l7/gateway]         at async executeIdempotent (/app/server/idempotency.cjs:39:20)
[pod/gateway-b7d9575b9-xb8l7/gateway]         at async handleHttpRequest (/app/server/index.cjs:1215:22)
[pod/gateway-b7d9575b9-xb8l7/gateway] 2026-10-05T23:31:53.792+00:00 WARN  http.request requestId=5f370e84-aadc-40b3-af60-952e1cd18649 role=api pod=gateway-b7d9575b9-xb8l7 method=POST path=/api/transcriptions status=503 durationMs=3
[pod/gateway-b7d9575b9-xb8l7/gateway] 2026-10-05T23:31:53.807+00:00 ERROR asr.failed requestId=e1404fed-17a1-4399-a5f9-92ca4cb8a2c2 role=api pod=gateway-b7d9575b9-xb8l7 profileId=default model=mock-asr audioBytes=48044 status=503 durationMs=2 error="Error: 模型併發容量已滿或協調服務不可用" status=503
[pod/gateway-b7d9575b9-xb8l7/gateway]     Error: 模型併發容量已滿或協調服務不可用
[pod/gateway-b7d9575b9-xb8l7/gateway]         at Object.withCapacity (/app/server/shared-limits.cjs:102:143)
[pod/gateway-b7d9575b9-xb8l7/gateway]         at process.processTicksAndRejections (node:internal/process/task_queues:103:5)
[pod/gateway-b7d9575b9-xb8l7/gateway]         at async executeIdempotent (/app/server/idempotency.cjs:39:20)
[pod/gateway-b7d9575b9-xb8l7/gateway]         at async handleHttpRequest (/app/server/index.cjs:1215:22)
[pod/gateway-b7d9575b9-xb8l7/gateway] 2026-10-05T23:31:53.807+00:00 WARN  http.request requestId=e1404fed-17a1-4399-a5f9-92ca4cb8a2c2 role=api pod=gateway-b7d9575b9-xb8l7 method=POST path=/api/transcriptions status=503 durationMs=3
[pod/gateway-b7d9575b9-xb8l7/gateway] 2026-10-05T23:31:53.912+00:00 INFO  http.request requestId=21ac51a7-dc7e-495b-ab6d-a0ee1e7905d7 role=api pod=gateway-b7d9575b9-xb8l7 method=POST path=/api/translations status=200 durationMs=409
[pod/gateway-b7d9575b9-xb8l7/gateway] 2026-10-05T23:31:53.926+00:00 ERROR asr.failed requestId=ba6a1d8a-e8ca-4666-99aa-d2a25e13432e role=api pod=gateway-b7d9575b9-xb8l7 profileId=default model=mock-asr audioBytes=48044 status=503 durationMs=2 error="Error: 模型併發容量已滿或協調服務不可用" status=503
[pod/gateway-b7d9575b9-xb8l7/gateway]     Error: 模型併發容量已滿或協調服務不可用
[pod/gateway-b7d9575b9-xb8l7/gateway]         at Object.withCapacity (/app/server/shared-limits.cjs:102:143)
[pod/gateway-b7d9575b9-xb8l7/gateway]         at process.processTicksAndRejections (node:internal/process/task_queues:103:5)
[pod/gateway-b7d9575b9-xb8l7/gateway]         at async executeIdempotent (/app/server/idempotency.cjs:39:20)
[pod/gateway-b7d9575b9-xb8l7/gateway]         at async handleHttpRequest (/app/server/index.cjs:1215:22)
[pod/gateway-b7d9575b9-xb8l7/gateway] 2026-10-05T23:31:53.926+00:00 WARN  http.request requestId=ba6a1d8a-e8ca-4666-99aa-d2a25e13432e role=api pod=gateway-b7d9575b9-xb8l7 method=POST path=/api/transcriptions status=503 durationMs=3
[pod/gateway-b7d9575b9-xb8l7/gateway] 2026-10-05T23:31:53.944+00:00 ERROR asr.failed requestId=0f4f6548-441e-4d6f-8bae-2629b69f1692 role=api pod=gateway-b7d9575b9-xb8l7 profileId=default model=mock-asr audioBytes=48044 status=503 durationMs=3 error="Error: 模型併發容量已滿或協調服務不可用" status=503
[pod/gateway-b7d9575b9-xb8l7/gateway]     Error: 模型併發容量已滿或協調服務不可用
[pod/gateway-b7d9575b9-xb8l7/gateway]         at Object.withCapacity (/app/server/shared-limits.cjs:102:143)
[pod/gateway-b7d9575b9-xb8l7/gateway]         at process.processTicksAndRejections (node:internal/process/task_queues:103:5)
[pod/gateway-b7d9575b9-xb8l7/gateway]         at async executeIdempotent (/app/server/idempotency.cjs:39:20)
[pod/gateway-b7d9575b9-xb8l7/gateway]         at async handleHttpRequest (/app/server/index.cjs:1215:22)
[pod/gateway-b7d9575b9-xb8l7/gateway] 2026-10-05T23:31:53.944+00:00 WARN  http.request requestId=0f4f6548-441e-4d6f-8bae-2629b69f1692 role=api pod=gateway-b7d9575b9-xb8l7 method=POST path=/api/transcriptions status=503 durationMs=5
[pod/gateway-b7d9575b9-xb8l7/gateway] 2026-10-05T23:31:53.966+00:00 INFO  http.request requestId=14f52620-d194-4e66-949d-a6fc8acc3e30 role=api pod=gateway-b7d9575b9-xb8l7 method=POST path=/api/translations status=200 durationMs=3007
[pod/gateway-b7d9575b9-xb8l7/gateway] 2026-10-05T23:31:54.006+00:00 INFO  http.request requestId=6f3dc89b-3b59-445c-b735-f38bdbc73a6d role=api pod=gateway-b7d9575b9-xb8l7 method=POST path=/api/translations status=200 durationMs=235
[pod/gateway-b7d9575b9-xb8l7/gateway] 2026-10-05T23:31:54.165+00:00 INFO  http.request requestId=eee64470-b9b0-44ee-b17b-13cb217228c6 role=api pod=gateway-b7d9575b9-xb8l7 method=POST path=/api/transcriptions status=200 durationMs=661
[pod/gateway-b7d9575b9-xb8l7/gateway] 2026-10-05T23:31:54.194+00:00 INFO  http.request requestId=be50613e-bfa4-42ba-aa2d-ca3c0a1cf50a role=api pod=gateway-b7d9575b9-xb8l7 method=POST path=/api/translations status=200 durationMs=379
[pod/gateway-b7d9575b9-xb8l7/gateway] 2026-10-05T23:31:54.285+00:00 INFO  http.request requestId=3d65a515-cbe3-40ec-9679-cdabbfd27b92 role=api pod=gateway-b7d9575b9-xb8l7 method=POST path=/api/transcriptions status=200 durationMs=705
[pod/gateway-b7d9575b9-xb8l7/gateway] 2026-10-05T23:31:54.299+00:00 INFO  http.request requestId=02f9f4db-9a13-4c42-895c-1afeb819d57a role=api pod=gateway-b7d9575b9-xb8l7 method=POST path=/api/transcriptions status=200 durationMs=706
[pod/gateway-b7d9575b9-xb8l7/gateway] 2026-10-05T23:31:54.531+00:00 ERROR asr.failed requestId=b5deae25-7bb7-4fa3-8cdd-421599bf657c role=api pod=gateway-b7d9575b9-xb8l7 profileId=default model=mock-asr audioBytes=48044 status=503 durationMs=5 error="Error: 模型併發容量已滿或協調服務不可用" status=503
[pod/gateway-b7d9575b9-xb8l7/gateway]     Error: 模型併發容量已滿或協調服務不可用
[pod/gateway-b7d9575b9-xb8l7/gateway]         at Object.withCapacity (/app/server/shared-limits.cjs:102:143)
[pod/gateway-b7d9575b9-xb8l7/gateway]         at process.processTicksAndRejections (node:internal/process/task_queues:103:5)
[pod/gateway-b7d9575b9-xb8l7/gateway]         at async executeIdempotent (/app/server/idempotency.cjs:39:20)
[pod/gateway-b7d9575b9-xb8l7/gateway]         at async handleHttpRequest (/app/server/index.cjs:1215:22)
[pod/gateway-b7d9575b9-xb8l7/gateway] 2026-10-05T23:31:54.532+00:00 WARN  http.request requestId=b5deae25-7bb7-4fa3-8cdd-421599bf657c role=api pod=gateway-b7d9575b9-xb8l7 method=POST path=/api/transcriptions status=503 durationMs=7
[pod/gateway-b7d9575b9-xb8l7/gateway] 2026-10-05T23:31:54.613+00:00 INFO  http.request requestId=7aafe058-e438-4dc1-b6fc-9a8558dc6d64 role=api pod=gateway-b7d9575b9-xb8l7 method=POST path=/api/translations status=200 durationMs=293
[pod/gateway-b7d9575b9-xb8l7/gateway] 2026-10-05T23:31:54.711+00:00 INFO  http.request requestId=cd1721d9-8300-413c-b9ff-e50df5e8fd37 role=api pod=gateway-b7d9575b9-xb8l7 method=POST path=/api/transcriptions status=200 durationMs=743
[pod/gateway-b7d9575b9-xb8l7/gateway] 2026-10-05T23:31:54.759+00:00 INFO  http.request requestId=0f120e04-7191-4253-a7f6-d93b5f07ff85 role=api pod=gateway-b7d9575b9-xb8l7 method=POST path=/api/transcriptions status=200 durationMs=805
[pod/gateway-b7d9575b9-xb8l7/gateway] 2026-10-05T23:31:54.791+00:00 INFO  http.request requestId=5ef47b06-469c-4b6b-b79d-f482a5cecc2b role=api pod=gateway-b7d9575b9-xb8l7 method=POST path=/api/transcriptions status=200 durationMs=476
[pod/gateway-b7d9575b9-xb8l7/gateway] 2026-10-05T23:31:54.837+00:00 INFO  http.request requestId=7b1ede18-dfcd-4069-ad8c-0e67bb7d2d9c role=api pod=gateway-b7d9575b9-xb8l7 method=POST path=/api/transcriptions status=200 durationMs=659
[pod/gateway-b7d9575b9-xb8l7/gateway] 2026-10-05T23:31:54.910+00:00 INFO  http.request requestId=7d3fc18a-8a4a-49b9-9bc1-3ae2c6cc2467 role=api pod=gateway-b7d9575b9-xb8l7 method=POST path=/api/transcriptions status=200 durationMs=610
[pod/gateway-b7d9575b9-xb8l7/gateway] 2026-10-05T23:31:55.096+00:00 INFO  http.request requestId=aafdbda3-8d87-415f-a350-6710188ae786 role=api pod=gateway-b7d9575b9-xb8l7 method=POST path=/api/translations status=200 durationMs=337
[pod/gateway-b7d9575b9-xb8l7/gateway] 2026-10-05T23:31:55.288+00:00 INFO  http.request requestId=ef6efb6e-84cf-4bc0-b674-c75159a189d2 role=api pod=gateway-b7d9575b9-xb8l7 method=POST path=/api/transcriptions status=200 durationMs=570
[pod/gateway-b7d9575b9-xb8l7/gateway] 2026-10-05T23:31:55.314+00:00 INFO  http.request requestId=7e2f2cb5-7b58-411d-a3b0-785742beb2f2 role=api pod=gateway-b7d9575b9-xb8l7 method=POST path=/api/transcriptions status=200 durationMs=476
[pod/gateway-b7d9575b9-xb8l7/gateway] 2026-10-05T23:31:55.338+00:00 ERROR asr.failed requestId=2796090b-6882-4562-a0d0-10df2ba16a72 role=api pod=gateway-b7d9575b9-xb8l7 profileId=default model=mock-asr audioBytes=48044 status=503 durationMs=3 error="Error: 模型併發容量已滿或協調服務不可用" status=503
[pod/gateway-b7d9575b9-xb8l7/gateway]     Error: 模型併發容量已滿或協調服務不可用
[pod/gateway-b7d9575b9-xb8l7/gateway]         at Object.withCapacity (/app/server/shared-limits.cjs:102:143)
[pod/gateway-b7d9575b9-xb8l7/gateway]         at process.processTicksAndRejections (node:internal/process/task_queues:103:5)
[pod/gateway-b7d9575b9-xb8l7/gateway]         at async executeIdempotent (/app/server/idempotency.cjs:39:20)
[pod/gateway-b7d9575b9-xb8l7/gateway]         at async handleHttpRequest (/app/server/index.cjs:1215:22)
[pod/gateway-b7d9575b9-xb8l7/gateway] 2026-10-05T23:31:55.338+00:00 WARN  http.request requestId=2796090b-6882-4562-a0d0-10df2ba16a72 role=api pod=gateway-b7d9575b9-xb8l7 method=POST path=/api/transcriptions status=503 durationMs=4
[pod/gateway-b7d9575b9-xb8l7/gateway] 2026-10-05T23:31:55.339+00:00 INFO  http.request requestId=1994d5ea-330f-4981-ad78-d84fe6d2b84c role=api pod=gateway-b7d9575b9-xb8l7 method=POST path=/api/transcriptions status=200 durationMs=546
[pod/gateway-b7d9575b9-xb8l7/gateway] 2026-10-05T23:31:55.437+00:00 INFO  http.request requestId=319c936b-76f9-49af-9934-a3eb195a03b1 role=api pod=gateway-b7d9575b9-xb8l7 method=POST path=/api/transcriptions status=200 durationMs=523
[pod/gateway-b7d9575b9-xb8l7/gateway] 2026-10-05T23:31:55.562+00:00 INFO  http.request requestId=94188793-34ac-4ff9-9597-70af2f5620b8 role=api pod=gateway-b7d9575b9-xb8l7 method=POST path=/api/transcriptions status=200 durationMs=799
[pod/gateway-b7d9575b9-xb8l7/gateway] 2026-10-05T23:31:55.785+00:00 INFO  http.request requestId=f36983f2-0546-4bc8-aa89-5dd46bb1c7ef role=api pod=gateway-b7d9575b9-xb8l7 method=POST path=/api/transcriptions status=200 durationMs=467
[pod/gateway-b7d9575b9-xb8l7/gateway] 2026-10-05T23:31:55.811+00:00 INFO  http.request requestId=2f6edb8f-86f0-41f4-9684-e5a541cf0dad role=api pod=gateway-b7d9575b9-xb8l7 method=POST path=/api/transcriptions status=200 durationMs=702
[pod/gateway-b7d9575b9-xb8l7/gateway] 2026-10-05T23:31:55.865+00:00 INFO  http.request requestId=9437ee94-6e39-4375-b647-3ccf685c034d role=api pod=gateway-b7d9575b9-xb8l7 method=POST path=/api/translations status=200 durationMs=288
[pod/gateway-b7d9575b9-xb8l7/gateway] 2026-10-05T23:31:55.901+00:00 INFO  http.request requestId=34159e91-8630-4238-b89a-67033d55586c role=api pod=gateway-b7d9575b9-xb8l7 method=POST path=/api/transcriptions status=200 durationMs=612
[pod/gateway-b7d9575b9-xb8l7/gateway] 2026-10-05T23:31:56.081+00:00 INFO  http.request requestId=a17480a8-10e8-469f-9805-a14a66859f6e role=api pod=gateway-b7d9575b9-xb8l7 method=POST path=/api/transcriptions status=200 durationMs=733
[pod/gateway-b7d9575b9-xb8l7/gateway] 2026-10-05T23:31:56.113+00:00 INFO  http.request requestId=d0c3147a-5962-44d8-8a66-e01f9ddb44f9 role=api pod=gateway-b7d9575b9-xb8l7 method=POST path=/api/translations status=200 durationMs=322
[pod/gateway-b7d9575b9-xb8l7/gateway] 2026-10-05T23:31:56.190+00:00 INFO  http.request requestId=4d8e80e3-4959-409d-bfee-eb2112316549 role=api pod=gateway-b7d9575b9-xb8l7 method=POST path=/api/translations status=200 durationMs=289
[pod/gateway-b7d9575b9-xb8l7/gateway] 2026-10-05T23:31:56.194+00:00 INFO  http.request requestId=caa1bb85-3f7a-497a-acbb-4c5fd5094a44 role=api pod=gateway-b7d9575b9-xb8l7 method=POST path=/api/transcriptions status=200 durationMs=756
[pod/gateway-b7d9575b9-xb8l7/gateway] 2026-10-05T23:31:56.256+00:00 INFO  http.request requestId=1c856025-d909-4c2a-8bf2-78e07f8831a7 role=api pod=gateway-b7d9575b9-xb8l7 method=POST path=/api/translations status=200 durationMs=231
[pod/gateway-b7d9575b9-xb8l7/gateway] 2026-10-05T23:31:56.426+00:00 INFO  http.request requestId=d525fdd2-ee93-4bdf-a64a-2a8b9d8e454e role=api pod=gateway-b7d9575b9-xb8l7 method=POST path=/api/translations status=200 durationMs=231
[pod/gateway-b7d9575b9-xb8l7/gateway] 2026-10-05T23:31:56.569+00:00 INFO  http.request requestId=1b129673-5fca-4170-943b-49b5e02b4aeb role=api pod=gateway-b7d9575b9-xb8l7 method=POST path=/api/translations status=200 durationMs=317
[pod/gateway-b7d9575b9-xb8l7/gateway] 2026-10-05T23:31:56.672+00:00 INFO  http.request requestId=4703c076-f7dc-49b8-b9eb-ee11324f4a12 role=api pod=gateway-b7d9575b9-xb8l7 method=POST path=/api/translations status=200 durationMs=330
[pod/gateway-b7d9575b9-7wvks/gateway]     Error: 模型併發容量已滿或協調服務不可用
[pod/gateway-b7d9575b9-7wvks/gateway]         at Object.withCapacity (/app/server/shared-limits.cjs:102:143)
[pod/gateway-b7d9575b9-7wvks/gateway]         at process.processTicksAndRejections (node:internal/process/task_queues:103:5)
[pod/gateway-b7d9575b9-7wvks/gateway]         at async executeIdempotent (/app/server/idempotency.cjs:39:20)
[pod/gateway-b7d9575b9-7wvks/gateway]         at async handleHttpRequest (/app/server/index.cjs:1215:22)
[pod/gateway-b7d9575b9-7wvks/gateway] 2026-10-05T23:31:54.137+00:00 WARN  http.request requestId=e8a2d903-6011-47fc-a53c-ba3f4f3ed08d role=api pod=gateway-b7d9575b9-7wvks method=POST path=/api/transcriptions status=503 durationMs=3
[pod/gateway-b7d9575b9-7wvks/gateway] 2026-10-05T23:31:54.157+00:00 ERROR asr.failed requestId=73ca79dd-1258-4eff-b840-500681b346af role=api pod=gateway-b7d9575b9-7wvks profileId=default model=mock-asr audioBytes=48044 status=503 durationMs=4 error="Error: 模型併發容量已滿或協調服務不可用" status=503
[pod/gateway-b7d9575b9-7wvks/gateway]     Error: 模型併發容量已滿或協調服務不可用
[pod/gateway-b7d9575b9-7wvks/gateway]         at Object.withCapacity (/app/server/shared-limits.cjs:102:143)
[pod/gateway-b7d9575b9-7wvks/gateway]         at process.processTicksAndRejections (node:internal/process/task_queues:103:5)
[pod/gateway-b7d9575b9-7wvks/gateway]         at async executeIdempotent (/app/server/idempotency.cjs:39:20)
[pod/gateway-b7d9575b9-7wvks/gateway]         at async handleHttpRequest (/app/server/index.cjs:1215:22)
[pod/gateway-b7d9575b9-7wvks/gateway] 2026-10-05T23:31:54.157+00:00 WARN  http.request requestId=73ca79dd-1258-4eff-b840-500681b346af role=api pod=gateway-b7d9575b9-7wvks method=POST path=/api/transcriptions status=503 durationMs=5
[pod/gateway-b7d9575b9-7wvks/gateway] 2026-10-05T23:31:54.160+00:00 INFO  http.request requestId=f241a034-739b-46ca-bfb2-2a6192da27d3 role=api pod=gateway-b7d9575b9-7wvks method=POST path=/api/transcriptions status=200 durationMs=731
[pod/gateway-b7d9575b9-7wvks/gateway] 2026-10-05T23:31:54.212+00:00 ERROR asr.failed requestId=4607e1c6-b5b8-42b2-ab37-8e2d2cf48d63 role=api pod=gateway-b7d9575b9-7wvks profileId=default model=mock-asr audioBytes=48044 status=503 durationMs=2 error="Error: 模型併發容量已滿或協調服務不可用" status=503
[pod/gateway-b7d9575b9-7wvks/gateway]     Error: 模型併發容量已滿或協調服務不可用
[pod/gateway-b7d9575b9-7wvks/gateway]         at Object.withCapacity (/app/server/shared-limits.cjs:102:143)
[pod/gateway-b7d9575b9-7wvks/gateway]         at process.processTicksAndRejections (node:internal/process/task_queues:103:5)
[pod/gateway-b7d9575b9-7wvks/gateway]         at async executeIdempotent (/app/server/idempotency.cjs:39:20)
[pod/gateway-b7d9575b9-7wvks/gateway]         at async handleHttpRequest (/app/server/index.cjs:1215:22)
[pod/gateway-b7d9575b9-7wvks/gateway] 2026-10-05T23:31:54.213+00:00 WARN  http.request requestId=4607e1c6-b5b8-42b2-ab37-8e2d2cf48d63 role=api pod=gateway-b7d9575b9-7wvks method=POST path=/api/transcriptions status=503 durationMs=3
[pod/gateway-b7d9575b9-7wvks/gateway] 2026-10-05T23:31:54.227+00:00 ERROR asr.failed requestId=baa286b0-2937-4538-a92f-b7f1dffd8245 role=api pod=gateway-b7d9575b9-7wvks profileId=default model=mock-asr audioBytes=48044 status=503 durationMs=2 error="Error: 模型併發容量已滿或協調服務不可用" status=503
[pod/gateway-b7d9575b9-7wvks/gateway]     Error: 模型併發容量已滿或協調服務不可用
[pod/gateway-b7d9575b9-7wvks/gateway]         at Object.withCapacity (/app/server/shared-limits.cjs:102:143)
[pod/gateway-b7d9575b9-7wvks/gateway]         at process.processTicksAndRejections (node:internal/process/task_queues:103:5)
[pod/gateway-b7d9575b9-7wvks/gateway]         at async executeIdempotent (/app/server/idempotency.cjs:39:20)
[pod/gateway-b7d9575b9-7wvks/gateway]         at async handleHttpRequest (/app/server/index.cjs:1215:22)
[pod/gateway-b7d9575b9-7wvks/gateway] 2026-10-05T23:31:54.227+00:00 WARN  http.request requestId=baa286b0-2937-4538-a92f-b7f1dffd8245 role=api pod=gateway-b7d9575b9-7wvks method=POST path=/api/transcriptions status=503 durationMs=3
[pod/gateway-b7d9575b9-7wvks/gateway] 2026-10-05T23:31:54.237+00:00 INFO  http.request requestId=7a64ba7f-6068-4cdc-b994-65fbc4001e49 role=api pod=gateway-b7d9575b9-7wvks method=POST path=/api/translations status=200 durationMs=276
[pod/gateway-b7d9575b9-7wvks/gateway] 2026-10-05T23:31:54.243+00:00 ERROR asr.failed requestId=07e1cae1-6375-45e4-a22f-df8d1cd49bb8 role=api pod=gateway-b7d9575b9-7wvks profileId=default model=mock-asr audioBytes=48044 status=503 durationMs=2 error="Error: 模型併發容量已滿或協調服務不可用" status=503
[pod/gateway-b7d9575b9-7wvks/gateway]     Error: 模型併發容量已滿或協調服務不可用
[pod/gateway-b7d9575b9-7wvks/gateway]         at Object.withCapacity (/app/server/shared-limits.cjs:102:143)
[pod/gateway-b7d9575b9-7wvks/gateway]         at process.processTicksAndRejections (node:internal/process/task_queues:103:5)
[pod/gateway-b7d9575b9-7wvks/gateway]         at async executeIdempotent (/app/server/idempotency.cjs:39:20)
[pod/gateway-b7d9575b9-7wvks/gateway]         at async handleHttpRequest (/app/server/index.cjs:1215:22)
[pod/gateway-b7d9575b9-7wvks/gateway] 2026-10-05T23:31:54.243+00:00 WARN  http.request requestId=07e1cae1-6375-45e4-a22f-df8d1cd49bb8 role=api pod=gateway-b7d9575b9-7wvks method=POST path=/api/transcriptions status=503 durationMs=3
[pod/gateway-b7d9575b9-7wvks/gateway] 2026-10-05T23:31:54.257+00:00 ERROR asr.failed requestId=4ccb91bb-0b0a-492a-8801-1a1bfe4bf26d role=api pod=gateway-b7d9575b9-7wvks profileId=default model=mock-asr audioBytes=48044 status=503 durationMs=1 error="Error: 模型併發容量已滿或協調服務不可用" status=503
[pod/gateway-b7d9575b9-7wvks/gateway]     Error: 模型併發容量已滿或協調服務不可用
[pod/gateway-b7d9575b9-7wvks/gateway]         at Object.withCapacity (/app/server/shared-limits.cjs:102:143)
[pod/gateway-b7d9575b9-7wvks/gateway]         at process.processTicksAndRejections (node:internal/process/task_queues:103:5)
[pod/gateway-b7d9575b9-7wvks/gateway]         at async executeIdempotent (/app/server/idempotency.cjs:39:20)
[pod/gateway-b7d9575b9-7wvks/gateway]         at async handleHttpRequest (/app/server/index.cjs:1215:22)
[pod/gateway-b7d9575b9-7wvks/gateway] 2026-10-05T23:31:54.258+00:00 WARN  http.request requestId=4ccb91bb-0b0a-492a-8801-1a1bfe4bf26d role=api pod=gateway-b7d9575b9-7wvks method=POST path=/api/transcriptions status=503 durationMs=3
[pod/gateway-b7d9575b9-7wvks/gateway] 2026-10-05T23:31:54.268+00:00 INFO  http.request requestId=43b220c1-ae01-4459-a189-1fdb799696b9 role=api pod=gateway-b7d9575b9-7wvks method=POST path=/api/translations status=200 durationMs=283
[pod/gateway-b7d9575b9-7wvks/gateway] 2026-10-05T23:31:54.273+00:00 ERROR asr.failed requestId=c0775053-44e9-4e6e-83a1-ca294c837fe6 role=api pod=gateway-b7d9575b9-7wvks profileId=default model=mock-asr audioBytes=48044 status=503 durationMs=3 error="Error: 模型併發容量已滿或協調服務不可用" status=503
[pod/gateway-b7d9575b9-7wvks/gateway]     Error: 模型併發容量已滿或協調服務不可用
[pod/gateway-b7d9575b9-7wvks/gateway]         at Object.withCapacity (/app/server/shared-limits.cjs:102:143)
[pod/gateway-b7d9575b9-7wvks/gateway]         at process.processTicksAndRejections (node:internal/process/task_queues:103:5)
[pod/gateway-b7d9575b9-7wvks/gateway]         at async executeIdempotent (/app/server/idempotency.cjs:39:20)
[pod/gateway-b7d9575b9-7wvks/gateway]         at async handleHttpRequest (/app/server/index.cjs:1215:22)
[pod/gateway-b7d9575b9-7wvks/gateway] 2026-10-05T23:31:54.273+00:00 WARN  http.request requestId=c0775053-44e9-4e6e-83a1-ca294c837fe6 role=api pod=gateway-b7d9575b9-7wvks method=POST path=/api/transcriptions status=503 durationMs=4
[pod/gateway-b7d9575b9-7wvks/gateway] 2026-10-05T23:31:54.325+00:00 INFO  http.request requestId=611d40e1-3413-4377-bedc-9dc16fd618bb role=api pod=gateway-b7d9575b9-7wvks method=POST path=/api/transcriptions status=200 durationMs=776
[pod/gateway-b7d9575b9-7wvks/gateway] 2026-10-05T23:31:54.335+00:00 INFO  http.request requestId=034bebc9-efdb-4239-bab8-814a38925bbc role=api pod=gateway-b7d9575b9-7wvks method=POST path=/api/transcriptions status=200 durationMs=576
[pod/gateway-b7d9575b9-7wvks/gateway] 2026-10-05T23:31:54.427+00:00 INFO  http.request requestId=3490d604-a2b3-4daa-aeb4-a5553e15d5fe role=api pod=gateway-b7d9575b9-7wvks method=POST path=/api/translations status=200 durationMs=260
[pod/gateway-b7d9575b9-7wvks/gateway] 2026-10-05T23:31:54.438+00:00 ERROR asr.failed requestId=df9def66-c1da-46d0-88a4-170845fe8ed5 role=api pod=gateway-b7d9575b9-7wvks profileId=default model=mock-asr audioBytes=48044 status=503 durationMs=3 error="Error: 模型併發容量已滿或協調服務不可用" status=503
[pod/gateway-b7d9575b9-7wvks/gateway]     Error: 模型併發容量已滿或協調服務不可用
[pod/gateway-b7d9575b9-7wvks/gateway]         at Object.withCapacity (/app/server/shared-limits.cjs:102:143)
[pod/gateway-b7d9575b9-7wvks/gateway]         at process.processTicksAndRejections (node:internal/process/task_queues:103:5)
[pod/gateway-b7d9575b9-7wvks/gateway]         at async executeIdempotent (/app/server/idempotency.cjs:39:20)
[pod/gateway-b7d9575b9-7wvks/gateway]         at async handleHttpRequest (/app/server/index.cjs:1215:22)
[pod/gateway-b7d9575b9-7wvks/gateway] 2026-10-05T23:31:54.438+00:00 WARN  http.request requestId=df9def66-c1da-46d0-88a4-170845fe8ed5 role=api pod=gateway-b7d9575b9-7wvks method=POST path=/api/transcriptions status=503 durationMs=5
[pod/gateway-b7d9575b9-7wvks/gateway] 2026-10-05T23:31:54.448+00:00 INFO  http.request requestId=b1ca84c9-3c51-4cf0-a865-a83940a1cae4 role=api pod=gateway-b7d9575b9-7wvks method=POST path=/api/transcriptions status=200 durationMs=630
[pod/gateway-b7d9575b9-7wvks/gateway] 2026-10-05T23:31:54.471+00:00 ERROR asr.failed requestId=f45a63e4-8f24-4a18-9bd2-cb934105c91a role=api pod=gateway-b7d9575b9-7wvks profileId=default model=mock-asr audioBytes=48044 status=503 durationMs=4 error="Error: 模型併發容量已滿或協調服務不可用" status=503
[pod/gateway-b7d9575b9-7wvks/gateway]     Error: 模型併發容量已滿或協調服務不可用
[pod/gateway-b7d9575b9-7wvks/gateway]         at Object.withCapacity (/app/server/shared-limits.cjs:102:143)
[pod/gateway-b7d9575b9-7wvks/gateway]         at process.processTicksAndRejections (node:internal/process/task_queues:103:5)
[pod/gateway-b7d9575b9-7wvks/gateway]         at async executeIdempotent (/app/server/idempotency.cjs:39:20)
[pod/gateway-b7d9575b9-7wvks/gateway]         at async handleHttpRequest (/app/server/index.cjs:1215:22)
[pod/gateway-b7d9575b9-7wvks/gateway] 2026-10-05T23:31:54.471+00:00 WARN  http.request requestId=f45a63e4-8f24-4a18-9bd2-cb934105c91a role=api pod=gateway-b7d9575b9-7wvks method=POST path=/api/transcriptions status=503 durationMs=7
[pod/gateway-b7d9575b9-7wvks/gateway] 2026-10-05T23:31:54.484+00:00 ERROR asr.failed requestId=84093ee0-1e34-4e58-864a-3f481e1cc51e role=api pod=gateway-b7d9575b9-7wvks profileId=default model=mock-asr audioBytes=48044 status=503 durationMs=3 error="Error: 模型併發容量已滿或協調服務不可用" status=503
[pod/gateway-b7d9575b9-7wvks/gateway]     Error: 模型併發容量已滿或協調服務不可用
[pod/gateway-b7d9575b9-7wvks/gateway]         at Object.withCapacity (/app/server/shared-limits.cjs:102:143)
[pod/gateway-b7d9575b9-7wvks/gateway]         at process.processTicksAndRejections (node:internal/process/task_queues:103:5)
[pod/gateway-b7d9575b9-7wvks/gateway]         at async executeIdempotent (/app/server/idempotency.cjs:39:20)
[pod/gateway-b7d9575b9-7wvks/gateway]         at async handleHttpRequest (/app/server/index.cjs:1215:22)
[pod/gateway-b7d9575b9-7wvks/gateway] 2026-10-05T23:31:54.484+00:00 WARN  http.request requestId=84093ee0-1e34-4e58-864a-3f481e1cc51e role=api pod=gateway-b7d9575b9-7wvks method=POST path=/api/transcriptions status=503 durationMs=5
[pod/gateway-b7d9575b9-7wvks/gateway] 2026-10-05T23:31:54.498+00:00 ERROR asr.failed requestId=75c058d3-5fd7-49b6-be40-04201a246a0c role=api pod=gateway-b7d9575b9-7wvks profileId=default model=mock-asr audioBytes=48044 status=503 durationMs=3 error="Error: 模型併發容量已滿或協調服務不可用" status=503
[pod/gateway-b7d9575b9-7wvks/gateway]     Error: 模型併發容量已滿或協調服務不可用
[pod/gateway-b7d9575b9-7wvks/gateway]         at Object.withCapacity (/app/server/shared-limits.cjs:102:143)
[pod/gateway-b7d9575b9-7wvks/gateway]         at process.processTicksAndRejections (node:internal/process/task_queues:103:5)
[pod/gateway-b7d9575b9-7wvks/gateway]         at async executeIdempotent (/app/server/idempotency.cjs:39:20)
[pod/gateway-b7d9575b9-7wvks/gateway]         at async handleHttpRequest (/app/server/index.cjs:1215:22)
[pod/gateway-b7d9575b9-7wvks/gateway] 2026-10-05T23:31:54.498+00:00 WARN  http.request requestId=75c058d3-5fd7-49b6-be40-04201a246a0c role=api pod=gateway-b7d9575b9-7wvks method=POST path=/api/transcriptions status=503 durationMs=4
[pod/gateway-b7d9575b9-7wvks/gateway] 2026-10-05T23:31:54.504+00:00 INFO  http.request requestId=65d2fd65-8df9-40d4-ab8e-040cd07eb4f8 role=api pod=gateway-b7d9575b9-7wvks method=POST path=/api/transcriptions status=200 durationMs=790
[pod/gateway-b7d9575b9-7wvks/gateway] 2026-10-05T23:31:54.534+00:00 INFO  http.request requestId=48367a97-04fd-472f-9433-e05f1c5b6589 role=api pod=gateway-b7d9575b9-7wvks method=POST path=/api/translations status=200 durationMs=373
[pod/gateway-b7d9575b9-7wvks/gateway] 2026-10-05T23:31:54.544+00:00 ERROR asr.failed requestId=054980af-131f-48de-8fc4-fc783e562d51 role=api pod=gateway-b7d9575b9-7wvks profileId=default model=mock-asr audioBytes=48044 status=503 durationMs=2 error="Error: 模型併發容量已滿或協調服務不可用" status=503
[pod/gateway-b7d9575b9-7wvks/gateway]     Error: 模型併發容量已滿或協調服務不可用
[pod/gateway-b7d9575b9-7wvks/gateway]         at Object.withCapacity (/app/server/shared-limits.cjs:102:143)
[pod/gateway-b7d9575b9-7wvks/gateway]         at process.processTicksAndRejections (node:internal/process/task_queues:103:5)
[pod/gateway-b7d9575b9-7wvks/gateway]         at async executeIdempotent (/app/server/idempotency.cjs:39:20)
[pod/gateway-b7d9575b9-7wvks/gateway]         at async handleHttpRequest (/app/server/index.cjs:1215:22)
[pod/gateway-b7d9575b9-7wvks/gateway] 2026-10-05T23:31:54.544+00:00 WARN  http.request requestId=054980af-131f-48de-8fc4-fc783e562d51 role=api pod=gateway-b7d9575b9-7wvks method=POST path=/api/transcriptions status=503 durationMs=5
[pod/gateway-b7d9575b9-7wvks/gateway] 2026-10-05T23:31:54.558+00:00 ERROR asr.failed requestId=0490b9bd-99cb-43ad-82a7-4aeb28ba549b role=api pod=gateway-b7d9575b9-7wvks profileId=default model=mock-asr audioBytes=48044 status=503 durationMs=2 error="Error: 模型併發容量已滿或協調服務不可用" status=503
[pod/gateway-b7d9575b9-7wvks/gateway]     Error: 模型併發容量已滿或協調服務不可用
[pod/gateway-b7d9575b9-7wvks/gateway]         at Object.withCapacity (/app/server/shared-limits.cjs:102:143)
[pod/gateway-b7d9575b9-7wvks/gateway]         at process.processTicksAndRejections (node:internal/process/task_queues:103:5)
[pod/gateway-b7d9575b9-7wvks/gateway]         at async executeIdempotent (/app/server/idempotency.cjs:39:20)
[pod/gateway-b7d9575b9-7wvks/gateway]         at async handleHttpRequest (/app/server/index.cjs:1215:22)
[pod/gateway-b7d9575b9-7wvks/gateway] 2026-10-05T23:31:54.558+00:00 WARN  http.request requestId=0490b9bd-99cb-43ad-82a7-4aeb28ba549b role=api pod=gateway-b7d9575b9-7wvks method=POST path=/api/transcriptions status=503 durationMs=4
[pod/gateway-b7d9575b9-7wvks/gateway] 2026-10-05T23:31:54.598+00:00 INFO  http.request requestId=b4458295-4e1d-4ae6-a27e-bcef7b2774d8 role=api pod=gateway-b7d9575b9-7wvks method=POST path=/api/translations status=200 durationMs=312
[pod/gateway-b7d9575b9-7wvks/gateway] 2026-10-05T23:31:54.614+00:00 INFO  http.request requestId=58bd278e-73fe-4665-8a5c-dc7993c56a67 role=api pod=gateway-b7d9575b9-7wvks method=POST path=/api/translations status=200 durationMs=291
[pod/gateway-b7d9575b9-7wvks/gateway] 2026-10-05T23:31:54.622+00:00 INFO  http.request requestId=5a7e946e-562b-4b3a-9708-c72c84086e88 role=api pod=gateway-b7d9575b9-7wvks method=POST path=/api/translations status=200 durationMs=322
[pod/gateway-b7d9575b9-7wvks/gateway] 2026-10-05T23:31:54.685+00:00 INFO  http.request requestId=eb2f3353-258f-4a05-af5f-714dbdf13b86 role=api pod=gateway-b7d9575b9-7wvks method=POST path=/api/transcriptions status=200 durationMs=595
[pod/gateway-b7d9575b9-7wvks/gateway] 2026-10-05T23:31:54.711+00:00 INFO  http.request requestId=a870befa-9922-4c7b-99f1-4fcbd945c313 role=api pod=gateway-b7d9575b9-7wvks method=POST path=/api/transcriptions status=200 durationMs=548
[pod/gateway-b7d9575b9-7wvks/gateway] 2026-10-05T23:31:54.722+00:00 INFO  http.request requestId=076dbdbb-7404-4706-a173-379dbf7708e3 role=api pod=gateway-b7d9575b9-7wvks method=POST path=/api/transcriptions status=200 durationMs=438
[pod/gateway-b7d9575b9-7wvks/gateway] 2026-10-05T23:31:54.782+00:00 ERROR asr.failed requestId=5e252703-72de-4955-8020-7eaaa1529c34 role=api pod=gateway-b7d9575b9-7wvks profileId=default model=mock-asr audioBytes=48044 status=503 durationMs=2 error="Error: 模型併發容量已滿或協調服務不可用" status=503
[pod/gateway-b7d9575b9-7wvks/gateway]     Error: 模型併發容量已滿或協調服務不可用
[pod/gateway-b7d9575b9-7wvks/gateway]         at Object.withCapacity (/app/server/shared-limits.cjs:102:143)
[pod/gateway-b7d9575b9-7wvks/gateway]         at process.processTicksAndRejections (node:internal/process/task_queues:103:5)
[pod/gateway-b7d9575b9-7wvks/gateway]         at async executeIdempotent (/app/server/idempotency.cjs:39:20)
[pod/gateway-b7d9575b9-7wvks/gateway]         at async handleHttpRequest (/app/server/index.cjs:1215:22)
[pod/gateway-b7d9575b9-7wvks/gateway] 2026-10-05T23:31:54.782+00:00 WARN  http.request requestId=5e252703-72de-4955-8020-7eaaa1529c34 role=api pod=gateway-b7d9575b9-7wvks method=POST path=/api/transcriptions status=503 durationMs=4
[pod/gateway-b7d9575b9-7wvks/gateway] 2026-10-05T23:31:54.790+00:00 INFO  http.request requestId=d38e25f6-fdce-4c45-a4b1-b0c9590daed3 role=api pod=gateway-b7d9575b9-7wvks method=POST path=/api/translations status=200 durationMs=229
[pod/gateway-b7d9575b9-7wvks/gateway] 2026-10-05T23:31:54.813+00:00 ERROR asr.failed requestId=bc41a4eb-f436-412f-bb46-55bea318d11f role=api pod=gateway-b7d9575b9-7wvks profileId=default model=mock-asr audioBytes=48044 status=503 durationMs=3 error="Error: 模型併發容量已滿或協調服務不可用" status=503
[pod/gateway-b7d9575b9-7wvks/gateway]     Error: 模型併發容量已滿或協調服務不可用
[pod/gateway-b7d9575b9-7wvks/gateway]         at Object.withCapacity (/app/server/shared-limits.cjs:102:143)
[pod/gateway-b7d9575b9-7wvks/gateway]         at process.processTicksAndRejections (node:internal/process/task_queues:103:5)
[pod/gateway-b7d9575b9-7wvks/gateway]         at async executeIdempotent (/app/server/idempotency.cjs:39:20)
[pod/gateway-b7d9575b9-7wvks/gateway]         at async handleHttpRequest (/app/server/index.cjs:1215:22)
[pod/gateway-b7d9575b9-7wvks/gateway] 2026-10-05T23:31:54.813+00:00 WARN  http.request requestId=bc41a4eb-f436-412f-bb46-55bea318d11f role=api pod=gateway-b7d9575b9-7wvks method=POST path=/api/transcriptions status=503 durationMs=4
[pod/gateway-b7d9575b9-7wvks/gateway] 2026-10-05T23:31:54.827+00:00 ERROR asr.failed requestId=d6008577-9db5-4aeb-9e84-47570eb85398 role=api pod=gateway-b7d9575b9-7wvks profileId=default model=mock-asr audioBytes=48044 status=503 durationMs=2 error="Error: 模型併發容量已滿或協調服務不可用" status=503
[pod/gateway-b7d9575b9-7wvks/gateway]     Error: 模型併發容量已滿或協調服務不可用
[pod/gateway-b7d9575b9-7wvks/gateway]         at Object.withCapacity (/app/server/shared-limits.cjs:102:143)
[pod/gateway-b7d9575b9-7wvks/gateway]         at process.processTicksAndRejections (node:internal/process/task_queues:103:5)
[pod/gateway-b7d9575b9-7wvks/gateway]         at async executeIdempotent (/app/server/idempotency.cjs:39:20)
[pod/gateway-b7d9575b9-7wvks/gateway]         at async handleHttpRequest (/app/server/index.cjs:1215:22)
[pod/gateway-b7d9575b9-7wvks/gateway] 2026-10-05T23:31:54.828+00:00 WARN  http.request requestId=d6008577-9db5-4aeb-9e84-47570eb85398 role=api pod=gateway-b7d9575b9-7wvks method=POST path=/api/transcriptions status=503 durationMs=4
[pod/gateway-b7d9575b9-7wvks/gateway] 2026-10-05T23:31:54.862+00:00 INFO  http.request requestId=f9c5521c-b1ce-438d-be05-d8883c80aeef role=api pod=gateway-b7d9575b9-7wvks method=POST path=/api/transcriptions status=200 durationMs=519
[pod/gateway-b7d9575b9-7wvks/gateway] 2026-10-05T23:31:54.881+00:00 INFO  http.request requestId=290543d1-fcaf-4102-a03b-c2d40ff9ca24 role=api pod=gateway-b7d9575b9-7wvks method=POST path=/api/translations status=200 durationMs=252
[pod/gateway-b7d9575b9-7wvks/gateway] 2026-10-05T23:31:54.886+00:00 ERROR asr.failed requestId=ae00d032-0726-4cfe-970c-5b96c2df8561 role=api pod=gateway-b7d9575b9-7wvks profileId=default model=mock-asr audioBytes=48044 status=503 durationMs=2 error="Error: 模型併發容量已滿或協調服務不可用" status=503
[pod/gateway-b7d9575b9-7wvks/gateway]     Error: 模型併發容量已滿或協調服務不可用
[pod/gateway-b7d9575b9-7wvks/gateway]         at Object.withCapacity (/app/server/shared-limits.cjs:102:143)
[pod/gateway-b7d9575b9-7wvks/gateway]         at process.processTicksAndRejections (node:internal/process/task_queues:103:5)
[pod/gateway-b7d9575b9-7wvks/gateway]         at async executeIdempotent (/app/server/idempotency.cjs:39:20)
[pod/gateway-b7d9575b9-7wvks/gateway]         at async handleHttpRequest (/app/server/index.cjs:1215:22)
[pod/gateway-b7d9575b9-7wvks/gateway] 2026-10-05T23:31:54.886+00:00 WARN  http.request requestId=ae00d032-0726-4cfe-970c-5b96c2df8561 role=api pod=gateway-b7d9575b9-7wvks method=POST path=/api/transcriptions status=503 durationMs=3
[pod/gateway-b7d9575b9-7wvks/gateway] 2026-10-05T23:31:54.889+00:00 INFO  http.request requestId=e090e6ac-7f95-4998-8aee-1f4270f5e4a8 role=api pod=gateway-b7d9575b9-7wvks method=POST path=/api/translations status=200 durationMs=384
[pod/gateway-b7d9575b9-7wvks/gateway] 2026-10-05T23:31:54.895+00:00 INFO  http.request requestId=732ed3b3-f3be-4272-8574-4280b1503b74 role=api pod=gateway-b7d9575b9-7wvks method=POST path=/api/transcriptions status=200 durationMs=446
[pod/gateway-b7d9575b9-7wvks/gateway] 2026-10-05T23:31:54.923+00:00 INFO  http.request requestId=e2395a80-bce2-4014-b102-ce2085d8bc8f role=api pod=gateway-b7d9575b9-7wvks method=POST path=/api/translations status=200 durationMs=212
[pod/gateway-b7d9575b9-7wvks/gateway] 2026-10-05T23:31:54.934+00:00 ERROR asr.failed requestId=bafd1ddf-27ad-4f85-b0db-f6c38d2d9721 role=api pod=gateway-b7d9575b9-7wvks profileId=default model=mock-asr audioBytes=48044 status=503 durationMs=3 error="Error: 模型併發容量已滿或協調服務不可用" status=503
[pod/gateway-b7d9575b9-7wvks/gateway]     Error: 模型併發容量已滿或協調服務不可用
[pod/gateway-b7d9575b9-7wvks/gateway]         at Object.withCapacity (/app/server/shared-limits.cjs:102:143)
[pod/gateway-b7d9575b9-7wvks/gateway]         at process.processTicksAndRejections (node:internal/process/task_queues:103:5)
[pod/gateway-b7d9575b9-7wvks/gateway]         at async executeIdempotent (/app/server/idempotency.cjs:39:20)
[pod/gateway-b7d9575b9-7wvks/gateway]         at async handleHttpRequest (/app/server/index.cjs:1215:22)
[pod/gateway-b7d9575b9-7wvks/gateway] 2026-10-05T23:31:54.934+00:00 WARN  http.request requestId=bafd1ddf-27ad-4f85-b0db-f6c38d2d9721 role=api pod=gateway-b7d9575b9-7wvks method=POST path=/api/transcriptions status=503 durationMs=4
[pod/gateway-b7d9575b9-7wvks/gateway] 2026-10-05T23:31:54.949+00:00 ERROR asr.failed requestId=3ce9ff78-e2f6-49ad-a286-4850c0a3a85e role=api pod=gateway-b7d9575b9-7wvks profileId=default model=mock-asr audioBytes=48044 status=503 durationMs=2 error="Error: 模型併發容量已滿或協調服務不可用" status=503
[pod/gateway-b7d9575b9-7wvks/gateway]     Error: 模型併發容量已滿或協調服務不可用
[pod/gateway-b7d9575b9-7wvks/gateway]         at Object.withCapacity (/app/server/shared-limits.cjs:102:143)
[pod/gateway-b7d9575b9-7wvks/gateway]         at process.processTicksAndRejections (node:internal/process/task_queues:103:5)
[pod/gateway-b7d9575b9-7wvks/gateway]         at async executeIdempotent (/app/server/idempotency.cjs:39:20)
[pod/gateway-b7d9575b9-7wvks/gateway]         at async handleHttpRequest (/app/server/index.cjs:1215:22)
[pod/gateway-b7d9575b9-7wvks/gateway] 2026-10-05T23:31:54.949+00:00 WARN  http.request requestId=3ce9ff78-e2f6-49ad-a286-4850c0a3a85e role=api pod=gateway-b7d9575b9-7wvks method=POST path=/api/transcriptions status=503 durationMs=4
[pod/gateway-b7d9575b9-7wvks/gateway] 2026-10-05T23:31:54.964+00:00 ERROR asr.failed requestId=6b45db80-1997-4a9d-8198-4374e0c2abf5 role=api pod=gateway-b7d9575b9-7wvks profileId=default model=mock-asr audioBytes=48044 status=503 durationMs=3 error="Error: 模型併發容量已滿或協調服務不可用" status=503
[pod/gateway-b7d9575b9-7wvks/gateway]     Error: 模型併發容量已滿或協調服務不可用
[pod/gateway-b7d9575b9-7wvks/gateway]         at Object.withCapacity (/app/server/shared-limits.cjs:102:143)
[pod/gateway-b7d9575b9-7wvks/gateway]         at process.processTicksAndRejections (node:internal/process/task_queues:103:5)
[pod/gateway-b7d9575b9-7wvks/gateway]         at async executeIdempotent (/app/server/idempotency.cjs:39:20)
[pod/gateway-b7d9575b9-7wvks/gateway]         at async handleHttpRequest (/app/server/index.cjs:1215:22)
[pod/gateway-b7d9575b9-7wvks/gateway] 2026-10-05T23:31:54.964+00:00 WARN  http.request requestId=6b45db80-1997-4a9d-8198-4374e0c2abf5 role=api pod=gateway-b7d9575b9-7wvks method=POST path=/api/transcriptions status=503 durationMs=4
[pod/gateway-b7d9575b9-7wvks/gateway] 2026-10-05T23:31:54.975+00:00 ERROR asr.failed requestId=7930fc2a-36c9-4603-965f-7fe10ae12682 role=api pod=gateway-b7d9575b9-7wvks profileId=default model=mock-asr audioBytes=48044 status=503 durationMs=1 error="Error: 模型併發容量已滿或協調服務不可用" status=503
[pod/gateway-b7d9575b9-7wvks/gateway]     Error: 模型併發容量已滿或協調服務不可用
[pod/gateway-b7d9575b9-7wvks/gateway]         at Object.withCapacity (/app/server/shared-limits.cjs:102:143)
[pod/gateway-b7d9575b9-7wvks/gateway]         at process.processTicksAndRejections (node:internal/process/task_queues:103:5)
[pod/gateway-b7d9575b9-7wvks/gateway]         at async executeIdempotent (/app/server/idempotency.cjs:39:20)
[pod/gateway-b7d9575b9-7wvks/gateway]         at async handleHttpRequest (/app/server/index.cjs:1215:22)
[pod/gateway-b7d9575b9-7wvks/gateway] 2026-10-05T23:31:54.976+00:00 WARN  http.request requestId=7930fc2a-36c9-4603-965f-7fe10ae12682 role=api pod=gateway-b7d9575b9-7wvks method=POST path=/api/transcriptions status=503 durationMs=3
[pod/gateway-b7d9575b9-7wvks/gateway] 2026-10-05T23:31:54.993+00:00 ERROR asr.failed requestId=a51f461b-f2f2-4566-b404-d3dc2a0483bd role=api pod=gateway-b7d9575b9-7wvks profileId=default model=mock-asr audioBytes=48044 status=503 durationMs=2 error="Error: 模型併發容量已滿或協調服務不可用" status=503
[pod/gateway-b7d9575b9-7wvks/gateway]     Error: 模型併發容量已滿或協調服務不可用
[pod/gateway-b7d9575b9-7wvks/gateway]         at Object.withCapacity (/app/server/shared-limits.cjs:102:143)
[pod/gateway-b7d9575b9-7wvks/gateway]         at process.processTicksAndRejections (node:internal/process/task_queues:103:5)
[pod/gateway-b7d9575b9-7wvks/gateway]         at async executeIdempotent (/app/server/idempotency.cjs:39:20)
[pod/gateway-b7d9575b9-7wvks/gateway]         at async handleHttpRequest (/app/server/index.cjs:1215:22)
[pod/gateway-b7d9575b9-7wvks/gateway] 2026-10-05T23:31:54.993+00:00 WARN  http.request requestId=a51f461b-f2f2-4566-b404-d3dc2a0483bd role=api pod=gateway-b7d9575b9-7wvks method=POST path=/api/transcriptions status=503 durationMs=3
[pod/gateway-b7d9575b9-7wvks/gateway] 2026-10-05T23:31:55.007+00:00 INFO  http.request requestId=86907c47-2147-4cdc-8eb2-2049e0f65180 role=api pod=gateway-b7d9575b9-7wvks method=POST path=/api/translations status=200 durationMs=215
[pod/gateway-b7d9575b9-7wvks/gateway] 2026-10-05T23:31:55.008+00:00 ERROR asr.failed requestId=1c67f517-3b39-49b2-b953-7bf7f4067853 role=api pod=gateway-b7d9575b9-7wvks profileId=default model=mock-asr audioBytes=48044 status=503 durationMs=2 error="Error: 模型併發容量已滿或協調服務不可用" status=503
[pod/gateway-b7d9575b9-7wvks/gateway]     Error: 模型併發容量已滿或協調服務不可用
[pod/gateway-b7d9575b9-7wvks/gateway]         at Object.withCapacity (/app/server/shared-limits.cjs:102:143)
[pod/gateway-b7d9575b9-7wvks/gateway]         at process.processTicksAndRejections (node:internal/process/task_queues:103:5)
[pod/gateway-b7d9575b9-7wvks/gateway]         at async executeIdempotent (/app/server/idempotency.cjs:39:20)
[pod/gateway-b7d9575b9-7wvks/gateway]         at async handleHttpRequest (/app/server/index.cjs:1215:22)
[pod/gateway-b7d9575b9-7wvks/gateway] 2026-10-05T23:31:55.008+00:00 WARN  http.request requestId=1c67f517-3b39-49b2-b953-7bf7f4067853 role=api pod=gateway-b7d9575b9-7wvks method=POST path=/api/transcriptions status=503 durationMs=4
[pod/gateway-b7d9575b9-7wvks/gateway] 2026-10-05T23:31:55.024+00:00 INFO  http.request requestId=ffc5a658-86e4-45ff-9585-438d785c2aa7 role=api pod=gateway-b7d9575b9-7wvks method=POST path=/api/transcriptions status=200 durationMs=650
[pod/gateway-b7d9575b9-7wvks/gateway] 2026-10-05T23:31:55.055+00:00 ERROR asr.failed requestId=63f4f18f-c07e-445e-9afb-8a250abc8f0a role=api pod=gateway-b7d9575b9-7wvks profileId=default model=mock-asr audioBytes=48044 status=503 durationMs=4 error="Error: 模型併發容量已滿或協調服務不可用" status=503
[pod/gateway-b7d9575b9-7wvks/gateway]     Error: 模型併發容量已滿或協調服務不可用
[pod/gateway-b7d9575b9-7wvks/gateway]         at Object.withCapacity (/app/server/shared-limits.cjs:102:143)
[pod/gateway-b7d9575b9-7wvks/gateway]         at process.processTicksAndRejections (node:internal/process/task_queues:103:5)
[pod/gateway-b7d9575b9-7wvks/gateway]         at async executeIdempotent (/app/server/idempotency.cjs:39:20)
[pod/gateway-b7d9575b9-7wvks/gateway]         at async handleHttpRequest (/app/server/index.cjs:1215:22)
[pod/gateway-b7d9575b9-7wvks/gateway] 2026-10-05T23:31:55.056+00:00 WARN  http.request requestId=63f4f18f-c07e-445e-9afb-8a250abc8f0a role=api pod=gateway-b7d9575b9-7wvks method=POST path=/api/transcriptions status=503 durationMs=5
[pod/gateway-b7d9575b9-7wvks/gateway] 2026-10-05T23:31:55.110+00:00 INFO  http.request requestId=30da3a8c-0fbc-45ef-94f6-0d43fb0171aa role=api pod=gateway-b7d9575b9-7wvks method=POST path=/api/transcriptions status=200 durationMs=782
[pod/gateway-b7d9575b9-7wvks/gateway] 2026-10-05T23:31:55.156+00:00 INFO  http.request requestId=4493796c-08e6-4034-b28c-339c7efc3975 role=api pod=gateway-b7d9575b9-7wvks method=POST path=/api/translations status=200 durationMs=318
[pod/gateway-b7d9575b9-7wvks/gateway] 2026-10-05T23:31:55.237+00:00 INFO  http.request requestId=a02aea4b-9503-4a09-94ee-955136049614 role=api pod=gateway-b7d9575b9-7wvks method=POST path=/api/transcriptions status=200 durationMs=548
[pod/gateway-b7d9575b9-7wvks/gateway] 2026-10-05T23:31:55.239+00:00 INFO  http.request requestId=a8428590-d2a3-4aa5-96da-ca582363c89a role=api pod=gateway-b7d9575b9-7wvks method=POST path=/api/translations status=200 durationMs=342
[pod/gateway-b7d9575b9-7wvks/gateway] 2026-10-05T23:31:55.243+00:00 INFO  http.request requestId=668f1e89-902a-48b6-9d44-c9c4d757c326 role=api pod=gateway-b7d9575b9-7wvks method=POST path=/api/transcriptions status=200 durationMs=733
[pod/gateway-b7d9575b9-7wvks/gateway] 2026-10-05T23:31:55.255+00:00 INFO  http.request requestId=a8d6d8f1-f469-4052-96f5-1b3ac324650b role=api pod=gateway-b7d9575b9-7wvks method=POST path=/api/translations status=200 durationMs=345
[pod/gateway-b7d9575b9-7wvks/gateway] 2026-10-05T23:31:55.277+00:00 ERROR asr.failed requestId=18ef8cbb-8192-4169-a572-7f274ab62767 role=api pod=gateway-b7d9575b9-7wvks profileId=default model=mock-asr audioBytes=48044 status=503 durationMs=2 error="Error: 模型併發容量已滿或協調服務不可用" status=503
[pod/gateway-b7d9575b9-7wvks/gateway]     Error: 模型併發容量已滿或協調服務不可用
[pod/gateway-b7d9575b9-7wvks/gateway]         at Object.withCapacity (/app/server/shared-limits.cjs:102:143)
[pod/gateway-b7d9575b9-7wvks/gateway]         at process.processTicksAndRejections (node:internal/process/task_queues:103:5)
[pod/gateway-b7d9575b9-7wvks/gateway]         at async executeIdempotent (/app/server/idempotency.cjs:39:20)
[pod/gateway-b7d9575b9-7wvks/gateway]         at async handleHttpRequest (/app/server/index.cjs:1215:22)
[pod/gateway-b7d9575b9-7wvks/gateway] 2026-10-05T23:31:55.277+00:00 WARN  http.request requestId=18ef8cbb-8192-4169-a572-7f274ab62767 role=api pod=gateway-b7d9575b9-7wvks method=POST path=/api/transcriptions status=503 durationMs=3
[pod/gateway-b7d9575b9-7wvks/gateway] 2026-10-05T23:31:55.299+00:00 INFO  http.request requestId=a0fff337-42a8-4611-a964-a8caa2f0e0ec role=api pod=gateway-b7d9575b9-7wvks method=POST path=/api/transcriptions status=200 durationMs=431
[pod/gateway-b7d9575b9-7wvks/gateway] 2026-10-05T23:31:55.337+00:00 INFO  http.request requestId=424e3659-c9db-40ac-ba34-04db1b1fc20f role=api pod=gateway-b7d9575b9-7wvks method=POST path=/api/translations status=200 durationMs=226
[pod/gateway-b7d9575b9-7wvks/gateway] 2026-10-05T23:31:55.382+00:00 INFO  http.request requestId=e8693900-557e-43cc-8687-29a47f3ff86d role=api pod=gateway-b7d9575b9-7wvks method=POST path=/api/translations status=200 durationMs=260
[pod/gateway-b7d9575b9-7wvks/gateway] 2026-10-05T23:31:55.386+00:00 INFO  http.request requestId=9b8907a4-bff6-4561-8686-5cb238e086f3 role=api pod=gateway-b7d9575b9-7wvks method=POST path=/api/transcriptions status=200 durationMs=636
[pod/gateway-b7d9575b9-7wvks/gateway] 2026-10-05T23:31:55.412+00:00 ERROR asr.failed requestId=8c8c0a04-f04d-4960-aa40-15e50c2776d2 role=api pod=gateway-b7d9575b9-7wvks profileId=default model=mock-asr audioBytes=48044 status=503 durationMs=3 error="Error: 模型併發容量已滿或協調服務不可用" status=503
[pod/gateway-b7d9575b9-7wvks/gateway]     Error: 模型併發容量已滿或協調服務不可用
[pod/gateway-b7d9575b9-7wvks/gateway]         at Object.withCapacity (/app/server/shared-limits.cjs:102:143)
[pod/gateway-b7d9575b9-7wvks/gateway]         at process.processTicksAndRejections (node:internal/process/task_queues:103:5)
[pod/gateway-b7d9575b9-7wvks/gateway]         at async executeIdempotent (/app/server/idempotency.cjs:39:20)
[pod/gateway-b7d9575b9-7wvks/gateway]         at async handleHttpRequest (/app/server/index.cjs:1215:22)
[pod/gateway-b7d9575b9-7wvks/gateway] 2026-10-05T23:31:55.412+00:00 WARN  http.request requestId=8c8c0a04-f04d-4960-aa40-15e50c2776d2 role=api pod=gateway-b7d9575b9-7wvks method=POST path=/api/transcriptions status=503 durationMs=4
[pod/gateway-b7d9575b9-7wvks/gateway] 2026-10-05T23:31:55.413+00:00 INFO  http.request requestId=91155439-ed70-4b33-9dfb-2ac07edc9973 role=api pod=gateway-b7d9575b9-7wvks method=POST path=/api/translations status=200 durationMs=396
[pod/gateway-b7d9575b9-7wvks/gateway] 2026-10-05T23:31:55.427+00:00 ERROR asr.failed requestId=f87b7a19-6525-4953-8a04-4e86c5e67075 role=api pod=gateway-b7d9575b9-7wvks profileId=default model=mock-asr audioBytes=48044 status=503 durationMs=2 error="Error: 模型併發容量已滿或協調服務不可用" status=503
[pod/gateway-b7d9575b9-7wvks/gateway]     Error: 模型併發容量已滿或協調服務不可用
[pod/gateway-b7d9575b9-7wvks/gateway]         at Object.withCapacity (/app/server/shared-limits.cjs:102:143)
[pod/gateway-b7d9575b9-7wvks/gateway]         at process.processTicksAndRejections (node:internal/process/task_queues:103:5)
[pod/gateway-b7d9575b9-7wvks/gateway]         at async executeIdempotent (/app/server/idempotency.cjs:39:20)
[pod/gateway-b7d9575b9-7wvks/gateway]         at async handleHttpRequest (/app/server/index.cjs:1215:22)
[pod/gateway-b7d9575b9-7wvks/gateway] 2026-10-05T23:31:55.427+00:00 WARN  http.request requestId=f87b7a19-6525-4953-8a04-4e86c5e67075 role=api pod=gateway-b7d9575b9-7wvks method=POST path=/api/transcriptions status=503 durationMs=3
[pod/gateway-b7d9575b9-7wvks/gateway] 2026-10-05T23:31:55.459+00:00 ERROR asr.failed requestId=1b0ea413-6464-413a-b7ee-cf40917e0db8 role=api pod=gateway-b7d9575b9-7wvks profileId=default model=mock-asr audioBytes=48044 status=503 durationMs=3 error="Error: 模型併發容量已滿或協調服務不可用" status=503
[pod/gateway-b7d9575b9-7wvks/gateway]     Error: 模型併發容量已滿或協調服務不可用
[pod/gateway-b7d9575b9-7wvks/gateway]         at Object.withCapacity (/app/server/shared-limits.cjs:102:143)
[pod/gateway-b7d9575b9-7wvks/gateway]         at process.processTicksAndRejections (node:internal/process/task_queues:103:5)
[pod/gateway-b7d9575b9-7wvks/gateway]         at async executeIdempotent (/app/server/idempotency.cjs:39:20)
[pod/gateway-b7d9575b9-7wvks/gateway]         at async handleHttpRequest (/app/server/index.cjs:1215:22)
[pod/gateway-b7d9575b9-7wvks/gateway] 2026-10-05T23:31:55.460+00:00 WARN  http.request requestId=1b0ea413-6464-413a-b7ee-cf40917e0db8 role=api pod=gateway-b7d9575b9-7wvks method=POST path=/api/transcriptions status=503 durationMs=6
[pod/gateway-b7d9575b9-7wvks/gateway] 2026-10-05T23:31:55.472+00:00 INFO  http.request requestId=6a5ebbf7-fd6d-4ca8-aa3f-910343789848 role=api pod=gateway-b7d9575b9-7wvks method=POST path=/api/translations status=200 durationMs=403
[pod/gateway-b7d9575b9-7wvks/gateway] 2026-10-05T23:31:55.475+00:00 ERROR asr.failed requestId=3f572b62-1f13-454d-9f85-165f7a0b9074 role=api pod=gateway-b7d9575b9-7wvks profileId=default model=mock-asr audioBytes=48044 status=503 durationMs=4 error="Error: 模型併發容量已滿或協調服務不可用" status=503
[pod/gateway-b7d9575b9-7wvks/gateway]     Error: 模型併發容量已滿或協調服務不可用
[pod/gateway-b7d9575b9-7wvks/gateway]         at Object.withCapacity (/app/server/shared-limits.cjs:102:143)
[pod/gateway-b7d9575b9-7wvks/gateway]         at process.processTicksAndRejections (node:internal/process/task_queues:103:5)
[pod/gateway-b7d9575b9-7wvks/gateway]         at async executeIdempotent (/app/server/idempotency.cjs:39:20)
[pod/gateway-b7d9575b9-7wvks/gateway]         at async handleHttpRequest (/app/server/index.cjs:1215:22)
[pod/gateway-b7d9575b9-7wvks/gateway] 2026-10-05T23:31:55.476+00:00 WARN  http.request requestId=3f572b62-1f13-454d-9f85-165f7a0b9074 role=api pod=gateway-b7d9575b9-7wvks method=POST path=/api/transcriptions status=503 durationMs=6
[pod/gateway-b7d9575b9-7wvks/gateway] 2026-10-05T23:31:55.491+00:00 ERROR asr.failed requestId=049d2363-41b9-4905-a15e-6ae5c61d60d3 role=api pod=gateway-b7d9575b9-7wvks profileId=default model=mock-asr audioBytes=48044 status=503 durationMs=5 error="Error: 模型併發容量已滿或協調服務不可用" status=503
[pod/gateway-b7d9575b9-7wvks/gateway]     Error: 模型併發容量已滿或協調服務不可用
[pod/gateway-b7d9575b9-7wvks/gateway]         at Object.withCapacity (/app/server/shared-limits.cjs:102:143)
[pod/gateway-b7d9575b9-7wvks/gateway]         at process.processTicksAndRejections (node:internal/process/task_queues:103:5)
[pod/gateway-b7d9575b9-7wvks/gateway]         at async executeIdempotent (/app/server/idempotency.cjs:39:20)
[pod/gateway-b7d9575b9-7wvks/gateway]         at async handleHttpRequest (/app/server/index.cjs:1215:22)
[pod/gateway-b7d9575b9-7wvks/gateway] 2026-10-05T23:31:55.491+00:00 WARN  http.request requestId=049d2363-41b9-4905-a15e-6ae5c61d60d3 role=api pod=gateway-b7d9575b9-7wvks method=POST path=/api/transcriptions status=503 durationMs=7
[pod/gateway-b7d9575b9-7wvks/gateway] 2026-10-05T23:31:55.524+00:00 INFO  http.request requestId=7e44e7f4-a0e2-4feb-a45b-db096de58171 role=api pod=gateway-b7d9575b9-7wvks method=POST path=/api/transcriptions status=200 durationMs=790
[pod/gateway-b7d9575b9-7wvks/gateway] 2026-10-05T23:31:55.546+00:00 ERROR asr.failed requestId=e239744d-ee53-4260-b09a-5ecfb00ac10e role=api pod=gateway-b7d9575b9-7wvks profileId=default model=mock-asr audioBytes=48044 status=503 durationMs=1 error="Error: 模型併發容量已滿或協調服務不可用" status=503
[pod/gateway-b7d9575b9-7wvks/gateway]     Error: 模型併發容量已滿或協調服務不可用
[pod/gateway-b7d9575b9-7wvks/gateway]         at Object.withCapacity (/app/server/shared-limits.cjs:102:143)
[pod/gateway-b7d9575b9-7wvks/gateway]         at process.processTicksAndRejections (node:internal/process/task_queues:103:5)
[pod/gateway-b7d9575b9-7wvks/gateway]         at async executeIdempotent (/app/server/idempotency.cjs:39:20)
[pod/gateway-b7d9575b9-7wvks/gateway]         at async handleHttpRequest (/app/server/index.cjs:1215:22)
[pod/gateway-b7d9575b9-7wvks/gateway] 2026-10-05T23:31:55.546+00:00 WARN  http.request requestId=e239744d-ee53-4260-b09a-5ecfb00ac10e role=api pod=gateway-b7d9575b9-7wvks method=POST path=/api/transcriptions status=503 durationMs=2
[pod/gateway-b7d9575b9-7wvks/gateway] 2026-10-05T23:31:55.572+00:00 INFO  http.request requestId=1f371a65-97ef-4b4f-966b-6c84f872b9c5 role=api pod=gateway-b7d9575b9-7wvks method=POST path=/api/translations status=200 durationMs=328
[pod/gateway-b7d9575b9-7wvks/gateway] 2026-10-05T23:31:55.608+00:00 ERROR asr.failed requestId=cd7dfc39-f4fc-4a44-859d-13d820d0d2bb role=api pod=gateway-b7d9575b9-7wvks profileId=default model=mock-asr audioBytes=48044 status=503 durationMs=3 error="Error: 模型併發容量已滿或協調服務不可用" status=503
[pod/gateway-b7d9575b9-7wvks/gateway]     Error: 模型併發容量已滿或協調服務不可用
[pod/gateway-b7d9575b9-7wvks/gateway]         at Object.withCapacity (/app/server/shared-limits.cjs:102:143)
[pod/gateway-b7d9575b9-7wvks/gateway]         at process.processTicksAndRejections (node:internal/process/task_queues:103:5)
[pod/gateway-b7d9575b9-7wvks/gateway]         at async executeIdempotent (/app/server/idempotency.cjs:39:20)
[pod/gateway-b7d9575b9-7wvks/gateway]         at async handleHttpRequest (/app/server/index.cjs:1215:22)
[pod/gateway-b7d9575b9-7wvks/gateway] 2026-10-05T23:31:55.608+00:00 WARN  http.request requestId=cd7dfc39-f4fc-4a44-859d-13d820d0d2bb role=api pod=gateway-b7d9575b9-7wvks method=POST path=/api/transcriptions status=503 durationMs=5
[pod/gateway-b7d9575b9-7wvks/gateway] 2026-10-05T23:31:55.610+00:00 INFO  http.request requestId=ce802aef-0608-4bab-80d8-6c1e69351b05 role=api pod=gateway-b7d9575b9-7wvks method=POST path=/api/transcriptions status=200 durationMs=12006
[pod/gateway-b7d9575b9-7wvks/gateway] 2026-10-05T23:31:55.655+00:00 INFO  http.request requestId=8cf1b519-ac18-42ec-9f8b-5af4851b2401 role=api pod=gateway-b7d9575b9-7wvks method=POST path=/api/transcriptions status=200 durationMs=636
[pod/gateway-b7d9575b9-7wvks/gateway] 2026-10-05T23:31:55.662+00:00 INFO  http.request requestId=4aa51200-6a29-4469-bee2-e306fcff530f role=api pod=gateway-b7d9575b9-7wvks method=POST path=/api/translations status=200 durationMs=374
[pod/gateway-b7d9575b9-7wvks/gateway] 2026-10-05T23:31:55.665+00:00 INFO  http.request requestId=a67d4d30-a0cb-4e4c-b161-e62bf5933b1b role=api pod=gateway-b7d9575b9-7wvks method=POST path=/api/translations status=200 durationMs=326
[pod/gateway-b7d9575b9-7wvks/gateway] 2026-10-05T23:31:55.676+00:00 INFO  http.request requestId=a81da595-3d00-437c-8e45-7097268aebba role=api pod=gateway-b7d9575b9-7wvks method=POST path=/api/translations status=200 durationMs=290
[pod/gateway-b7d9575b9-7wvks/gateway] 2026-10-05T23:31:55.682+00:00 ERROR asr.failed requestId=cdc8a683-f3c4-4c01-890a-a7b94e756251 role=api pod=gateway-b7d9575b9-7wvks profileId=default model=mock-asr audioBytes=48044 status=503 durationMs=2 error="Error: 模型併發容量已滿或協調服務不可用" status=503
[pod/gateway-b7d9575b9-7wvks/gateway]     Error: 模型併發容量已滿或協調服務不可用
[pod/gateway-b7d9575b9-7wvks/gateway]         at Object.withCapacity (/app/server/shared-limits.cjs:102:143)
[pod/gateway-b7d9575b9-7wvks/gateway]         at process.processTicksAndRejections (node:internal/process/task_queues:103:5)
[pod/gateway-b7d9575b9-7wvks/gateway]         at async executeIdempotent (/app/server/idempotency.cjs:39:20)
[pod/gateway-b7d9575b9-7wvks/gateway]         at async handleHttpRequest (/app/server/index.cjs:1215:22)
[pod/gateway-b7d9575b9-7wvks/gateway] 2026-10-05T23:31:55.682+00:00 WARN  http.request requestId=cdc8a683-f3c4-4c01-890a-a7b94e756251 role=api pod=gateway-b7d9575b9-7wvks method=POST path=/api/transcriptions status=503 durationMs=3
[pod/gateway-b7d9575b9-7wvks/gateway] 2026-10-05T23:31:55.697+00:00 ERROR asr.failed requestId=f370bea9-4dbc-4417-838d-6e3efa98ea93 role=api pod=gateway-b7d9575b9-7wvks profileId=default model=mock-asr audioBytes=48044 status=503 durationMs=2 error="Error: 模型併發容量已滿或協調服務不可用" status=503
[pod/gateway-b7d9575b9-7wvks/gateway]     Error: 模型併發容量已滿或協調服務不可用
[pod/gateway-b7d9575b9-7wvks/gateway]         at Object.withCapacity (/app/server/shared-limits.cjs:102:143)
[pod/gateway-b7d9575b9-7wvks/gateway]         at process.processTicksAndRejections (node:internal/process/task_queues:103:5)
[pod/gateway-b7d9575b9-7wvks/gateway]         at async executeIdempotent (/app/server/idempotency.cjs:39:20)
[pod/gateway-b7d9575b9-7wvks/gateway]         at async handleHttpRequest (/app/server/index.cjs:1215:22)
[pod/gateway-b7d9575b9-7wvks/gateway] 2026-10-05T23:31:55.697+00:00 WARN  http.request requestId=f370bea9-4dbc-4417-838d-6e3efa98ea93 role=api pod=gateway-b7d9575b9-7wvks method=POST path=/api/transcriptions status=503 durationMs=3
[pod/gateway-b7d9575b9-7wvks/gateway] 2026-10-05T23:31:55.718+00:00 INFO  http.request requestId=5733260b-41fe-4dba-a6a9-4ec21af126e4 role=api pod=gateway-b7d9575b9-7wvks method=POST path=/api/translations status=200 durationMs=280
[pod/gateway-b7d9575b9-7wvks/gateway] 2026-10-05T23:31:55.782+00:00 INFO  http.request requestId=3bd00a16-fa8e-428c-b585-94db02f02550 role=api pod=gateway-b7d9575b9-7wvks method=POST path=/api/transcriptions status=200 durationMs=478
[pod/gateway-b7d9575b9-7wvks/gateway] 2026-10-05T23:31:55.784+00:00 INFO  http.request requestId=2d229520-f078-41c3-9a74-4cc84f7f5c3e role=api pod=gateway-b7d9575b9-7wvks method=POST path=/api/transcriptions status=200 durationMs=539
[pod/gateway-b7d9575b9-7wvks/gateway] 2026-10-05T23:31:55.792+00:00 INFO  http.request requestId=14948a7d-0eaa-4454-aef7-89e94d236893 role=api pod=gateway-b7d9575b9-7wvks method=POST path=/api/transcriptions status=200 durationMs=623
[pod/gateway-b7d9575b9-7wvks/gateway] 2026-10-05T23:31:55.872+00:00 INFO  http.request requestId=0724980a-8f89-44c1-8500-949f92e261b5 role=api pod=gateway-b7d9575b9-7wvks method=POST path=/api/translations status=200 durationMs=262
[pod/gateway-b7d9575b9-7wvks/gateway] 2026-10-05T23:31:55.916+00:00 INFO  http.request requestId=8f700c4a-d959-4259-8275-6bd921509898 role=api pod=gateway-b7d9575b9-7wvks method=POST path=/api/transcriptions status=200 durationMs=657
[pod/gateway-b7d9575b9-7wvks/gateway] 2026-10-05T23:31:55.957+00:00 INFO  http.request requestId=b29a84c2-c8ff-4057-9321-b2208fb76b4c role=api pod=gateway-b7d9575b9-7wvks method=POST path=/api/translations status=200 durationMs=394
[pod/gateway-b7d9575b9-7wvks/gateway] 2026-10-05T23:31:56.010+00:00 INFO  http.request requestId=4bbd6a6e-ba8f-4343-bff8-28860f87e261 role=api pod=gateway-b7d9575b9-7wvks method=POST path=/api/translations status=200 durationMs=399
[pod/gateway-b7d9575b9-7wvks/gateway] 2026-10-05T23:31:56.033+00:00 INFO  http.request requestId=7914e9ad-aa8d-41f2-a892-ac8d6ad5424f role=api pod=gateway-b7d9575b9-7wvks method=POST path=/api/translations status=200 durationMs=248
[pod/gateway-b7d9575b9-7wvks/gateway] 2026-10-05T23:31:56.094+00:00 INFO  http.request requestId=6ae34d58-2a4f-49ac-93eb-30aaa5e35667 role=api pod=gateway-b7d9575b9-7wvks method=POST path=/api/translations status=200 durationMs=312
[pod/gateway-b7d9575b9-7wvks/gateway] 2026-10-05T23:31:56.121+00:00 INFO  http.request requestId=8a9ca782-a4c7-40cf-95be-bf7a20d0a786 role=api pod=gateway-b7d9575b9-7wvks method=POST path=/api/translations status=200 durationMs=337
[pod/gateway-b7d9575b9-7wvks/gateway] 2026-10-05T23:31:56.136+00:00 INFO  http.request requestId=ae821eb2-74df-4dc7-af78-a981e5284936 role=api pod=gateway-b7d9575b9-7wvks method=POST path=/api/translations status=200 durationMs=392
[pod/gateway-b7d9575b9-7wvks/gateway] 2026-10-05T23:31:56.151+00:00 INFO  http.request requestId=df1a8520-85bd-4a34-89c0-83376a57588b role=api pod=gateway-b7d9575b9-7wvks method=POST path=/api/transcriptions status=200 durationMs=488
[pod/gateway-b7d9575b9-7wvks/gateway] 2026-10-05T23:31:56.252+00:00 INFO  http.request requestId=db43f93e-bad3-42b9-9833-97eb7d8b8bdc role=api pod=gateway-b7d9575b9-7wvks method=POST path=/api/transcriptions status=200 durationMs=722
[pod/gateway-b7d9575b9-7wvks/gateway] 2026-10-05T23:31:56.288+00:00 INFO  http.request requestId=171806c0-7c70-407f-a3cd-900781e38cda role=api pod=gateway-b7d9575b9-7wvks method=POST path=/api/transcriptions status=200 durationMs=714
[pod/gateway-b7d9575b9-7wvks/gateway] 2026-10-05T23:31:56.422+00:00 INFO  http.request requestId=89a513ba-ea3b-4f35-9c38-856a8717885f role=api pod=gateway-b7d9575b9-7wvks method=POST path=/api/translations status=200 durationMs=261
[pod/gateway-b7d9575b9-7wvks/gateway] 2026-10-05T23:31:56.468+00:00 INFO  http.request requestId=d4ea3b4c-6cdd-4924-b6c8-0bd16c3c4af6 role=api pod=gateway-b7d9575b9-7wvks method=POST path=/api/translations status=200 durationMs=386
[pod/gateway-b7d9575b9-7wvks/gateway] 2026-10-05T23:31:56.546+00:00 INFO  http.request requestId=ec94be37-f11a-475b-b4de-53a80fefb011 role=api pod=gateway-b7d9575b9-7wvks method=POST path=/api/translations status=200 durationMs=395
[pod/gateway-b7d9575b9-7wvks/gateway] 2026-10-05T23:31:56.546+00:00 INFO  http.request requestId=58c87f26-627a-4ef2-9305-9c7c467e2ce9 role=api pod=gateway-b7d9575b9-7wvks method=POST path=/api/translations status=200 durationMs=299
[pod/gateway-b7d9575b9-7wvks/gateway] 2026-10-05T23:31:56.603+00:00 INFO  http.request requestId=d8239123-862e-45dd-9989-14e4a881d2d1 role=api pod=gateway-b7d9575b9-7wvks method=POST path=/api/translations status=200 durationMs=308
[pod/gateway-b7d9575b9-7wvks/gateway] 2026-10-05T23:31:59.159+00:00 INFO  http.request requestId=af407ce3-113b-4ab4-8715-92806b13ace9 role=api pod=gateway-b7d9575b9-7wvks method=POST path=/api/translations status=200 durationMs=261
