[pod/gateway-78cb7fd75f-c2pvz/gateway] 2026-10-05T23:49:37.984+00:00 INFO  http.request requestId=7dbd2953-3a55-48f1-8483-34d7a5e534aa role=api pod=gateway-78cb7fd75f-c2pvz method=POST path=/api/transcriptions status=200 durationMs=716
[pod/gateway-78cb7fd75f-c2pvz/gateway] 2026-10-05T23:49:38.020+00:00 INFO  http.request requestId=e3c071d5-b51f-4cec-b9ef-179342c2c1cc role=api pod=gateway-78cb7fd75f-c2pvz method=POST path=/api/translations status=200 durationMs=275
[pod/gateway-78cb7fd75f-c2pvz/gateway] 2026-10-05T23:49:38.020+00:00 INFO  http.request requestId=a68a0f08-4057-40db-b1d0-618fd183e19e role=api pod=gateway-78cb7fd75f-c2pvz method=POST path=/api/transcriptions status=200 durationMs=527
[pod/gateway-78cb7fd75f-c2pvz/gateway] 2026-10-05T23:49:38.047+00:00 INFO  http.request requestId=893cd69d-e6bf-476a-bd5c-878a66f773ad role=api pod=gateway-78cb7fd75f-c2pvz method=POST path=/api/transcriptions status=200 durationMs=509
[pod/gateway-78cb7fd75f-c2pvz/gateway] 2026-10-05T23:49:38.064+00:00 INFO  http.request requestId=f724199d-09f2-4282-874f-3c13ca7bf70b role=api pod=gateway-78cb7fd75f-c2pvz method=POST path=/api/transcriptions status=200 durationMs=780
[pod/gateway-78cb7fd75f-c2pvz/gateway] 2026-10-05T23:49:38.109+00:00 INFO  http.request requestId=ecd12269-7ebc-40af-8bed-e31753030a79 role=api pod=gateway-78cb7fd75f-c2pvz method=POST path=/api/transcriptions status=200 durationMs=526
[pod/gateway-78cb7fd75f-c2pvz/gateway] 2026-10-05T23:49:38.249+00:00 INFO  http.request requestId=6880f2e8-0c89-4358-ba87-f8fa2fab1c6f role=api pod=gateway-78cb7fd75f-c2pvz method=POST path=/api/transcriptions status=200 durationMs=410
[pod/gateway-78cb7fd75f-c2pvz/gateway] 2026-10-05T23:49:38.272+00:00 INFO  http.request requestId=066a2131-2171-4786-8511-1a1ca7594e97 role=api pod=gateway-78cb7fd75f-c2pvz method=POST path=/api/transcriptions status=200 durationMs=418
[pod/gateway-78cb7fd75f-c2pvz/gateway] 2026-10-05T23:49:38.333+00:00 INFO  http.request requestId=919b8fcc-a18f-4617-b903-42295adc7682 role=api pod=gateway-78cb7fd75f-c2pvz method=POST path=/api/translations status=200 durationMs=312
[pod/gateway-78cb7fd75f-c2pvz/gateway] 2026-10-05T23:49:38.345+00:00 INFO  http.request requestId=26c2810d-c7b2-430f-a821-e55c0be38e7b role=api pod=gateway-78cb7fd75f-c2pvz method=POST path=/api/translations status=200 durationMs=385
[pod/gateway-78cb7fd75f-c2pvz/gateway] 2026-10-05T23:49:38.346+00:00 INFO  http.request requestId=9fdda85d-6101-4b70-a785-c4ee633a1cae role=api pod=gateway-78cb7fd75f-c2pvz method=POST path=/api/transcriptions status=200 durationMs=537
[pod/gateway-78cb7fd75f-c2pvz/gateway] 2026-10-05T23:49:38.374+00:00 INFO  http.request requestId=4dfa0dcb-8e71-4cfc-bf9d-2a522e8707ff role=api pod=gateway-78cb7fd75f-c2pvz method=POST path=/api/transcriptions status=200 durationMs=475
[pod/gateway-78cb7fd75f-c2pvz/gateway] 2026-10-05T23:49:38.383+00:00 INFO  http.request requestId=dfd6d806-54f4-48c3-ae0f-e39f7c68ab36 role=api pod=gateway-78cb7fd75f-c2pvz method=POST path=/api/translations status=200 durationMs=273
[pod/gateway-78cb7fd75f-c2pvz/gateway] 2026-10-05T23:49:38.410+00:00 INFO  http.request requestId=126f767c-9781-45e3-9a85-9145a058c03b role=api pod=gateway-78cb7fd75f-c2pvz method=POST path=/api/translations status=200 durationMs=280
[pod/gateway-78cb7fd75f-c2pvz/gateway] 2026-10-05T23:49:38.444+00:00 INFO  http.request requestId=5d71d832-fbd7-4845-92a8-0d12f0de47ee role=api pod=gateway-78cb7fd75f-c2pvz method=POST path=/api/transcriptions status=200 durationMs=710
[pod/gateway-78cb7fd75f-c2pvz/gateway] 2026-10-05T23:49:38.445+00:00 INFO  http.request requestId=6a1da2d3-056a-49ac-9694-a0398bb4a698 role=api pod=gateway-78cb7fd75f-c2pvz method=POST path=/api/transcriptions status=200 durationMs=621
[pod/gateway-78cb7fd75f-c2pvz/gateway] 2026-10-05T23:49:38.465+00:00 INFO  http.request requestId=a3e4855d-ac1a-47d4-802f-3aedcadd702a role=api pod=gateway-78cb7fd75f-c2pvz method=POST path=/api/transcriptions status=200 durationMs=431
[pod/gateway-78cb7fd75f-c2pvz/gateway] 2026-10-05T23:49:38.489+00:00 INFO  http.request requestId=2cd605c5-e760-4030-8e1c-a169ed2ff05a role=api pod=gateway-78cb7fd75f-c2pvz method=POST path=/api/transcriptions status=200 durationMs=725
[pod/gateway-78cb7fd75f-c2pvz/gateway] 2026-10-05T23:49:38.492+00:00 INFO  http.request requestId=d6e23bac-664d-4c49-97bd-f665f70700b2 role=api pod=gateway-78cb7fd75f-c2pvz method=POST path=/api/transcriptions status=200 durationMs=609
[pod/gateway-78cb7fd75f-c2pvz/gateway] 2026-10-05T23:49:38.584+00:00 INFO  http.request requestId=fb71c9b3-359b-4a38-a696-d2ffa6ba1d4d role=api pod=gateway-78cb7fd75f-c2pvz method=POST path=/api/transcriptions status=200 durationMs=671
[pod/gateway-78cb7fd75f-c2pvz/gateway] 2026-10-05T23:49:38.675+00:00 INFO  http.request requestId=901fbb3c-0910-4b0c-8683-8ecbdb80f1d1 role=api pod=gateway-78cb7fd75f-c2pvz method=POST path=/api/translations status=200 durationMs=332
[pod/gateway-78cb7fd75f-c2pvz/gateway] 2026-10-05T23:49:38.688+00:00 INFO  http.request requestId=09f0b5fe-b6c2-4f4c-87a4-25355944baf2 role=api pod=gateway-78cb7fd75f-c2pvz method=POST path=/api/transcriptions status=200 durationMs=609
[pod/gateway-78cb7fd75f-c2pvz/gateway] 2026-10-05T23:49:38.734+00:00 INFO  http.request requestId=4b5b1178-42bf-423d-bcdf-a204dbc1be9e role=api pod=gateway-78cb7fd75f-c2pvz method=POST path=/api/transcriptions status=200 durationMs=790
[pod/gateway-78cb7fd75f-c2pvz/gateway] 2026-10-05T23:49:38.753+00:00 INFO  http.request requestId=2148fe49-fee2-4163-9921-43eb407e50b5 role=api pod=gateway-78cb7fd75f-c2pvz method=POST path=/api/translations status=200 durationMs=366
[pod/gateway-78cb7fd75f-c2pvz/gateway] 2026-10-05T23:49:38.770+00:00 INFO  http.request requestId=794ce244-964d-46e1-a17a-2ea8b47db9aa role=api pod=gateway-78cb7fd75f-c2pvz method=POST path=/api/translations status=200 durationMs=305
[pod/gateway-78cb7fd75f-c2pvz/gateway] 2026-10-05T23:49:38.778+00:00 INFO  http.request requestId=cb13be38-1ca9-4c3f-a443-3e62cd909f10 role=api pod=gateway-78cb7fd75f-c2pvz method=POST path=/api/transcriptions status=200 durationMs=684
[pod/gateway-78cb7fd75f-c2pvz/gateway] 2026-10-05T23:49:38.783+00:00 INFO  http.request requestId=4de85ee0-0200-4877-9d24-9098e2567183 role=api pod=gateway-78cb7fd75f-c2pvz method=POST path=/api/transcriptions status=200 durationMs=795
[pod/gateway-78cb7fd75f-c2pvz/gateway] 2026-10-05T23:49:38.786+00:00 INFO  http.request requestId=29763da0-72b5-4437-ad5f-a20985ce3bca role=api pod=gateway-78cb7fd75f-c2pvz method=POST path=/api/transcriptions status=200 durationMs=512
[pod/gateway-78cb7fd75f-c2pvz/gateway] 2026-10-05T23:49:38.819+00:00 INFO  http.request requestId=934b94f8-1ba1-4380-86a0-330c0470c521 role=api pod=gateway-78cb7fd75f-c2pvz method=POST path=/api/translations status=200 durationMs=373
[pod/gateway-78cb7fd75f-c2pvz/gateway] 2026-10-05T23:49:38.848+00:00 INFO  http.request requestId=e6670507-6f19-44f8-82c0-78fcabb5a3ba role=api pod=gateway-78cb7fd75f-c2pvz method=POST path=/api/transcriptions status=200 durationMs=500
[pod/gateway-78cb7fd75f-c2pvz/gateway] 2026-10-05T23:49:38.866+00:00 INFO  http.request requestId=f5babd63-4e6f-4717-a9ba-376a3416ac39 role=api pod=gateway-78cb7fd75f-c2pvz method=POST path=/api/translations status=200 durationMs=373
[pod/gateway-78cb7fd75f-c2pvz/gateway] 2026-10-05T23:49:38.910+00:00 INFO  http.request requestId=055d2b86-47c4-48e4-ae35-55f53cc5bab4 role=api pod=gateway-78cb7fd75f-c2pvz method=POST path=/api/transcriptions status=200 durationMs=501
[pod/gateway-78cb7fd75f-c2pvz/gateway] 2026-10-05T23:49:38.965+00:00 INFO  http.request requestId=0a2cf554-5730-4313-961f-62deab36b7ac role=api pod=gateway-78cb7fd75f-c2pvz method=POST path=/api/transcriptions status=200 durationMs=707
[pod/gateway-78cb7fd75f-c2pvz/gateway] 2026-10-05T23:49:39.046+00:00 INFO  http.request requestId=555347a7-bcb8-43d9-a3d5-f8436aef4b4c role=api pod=gateway-78cb7fd75f-c2pvz method=POST path=/api/translations status=200 durationMs=260
[pod/gateway-78cb7fd75f-c2pvz/gateway] 2026-10-05T23:49:39.101+00:00 INFO  http.request requestId=2286f92f-3286-492d-b7f4-6591856d5b64 role=api pod=gateway-78cb7fd75f-c2pvz method=POST path=/api/transcriptions status=200 durationMs=632
[pod/gateway-78cb7fd75f-c2pvz/gateway] 2026-10-05T23:49:39.107+00:00 INFO  http.request requestId=b6d8daef-54cb-4930-8761-068b752aafde role=api pod=gateway-78cb7fd75f-c2pvz method=POST path=/api/transcriptions status=200 durationMs=429
[pod/gateway-78cb7fd75f-c2pvz/gateway] 2026-10-05T23:49:39.127+00:00 INFO  http.request requestId=75220403-610e-4e3a-9a12-3ced37a32735 role=api pod=gateway-78cb7fd75f-c2pvz method=POST path=/api/transcriptions status=200 durationMs=434
[pod/gateway-78cb7fd75f-c2pvz/gateway] 2026-10-05T23:49:39.133+00:00 INFO  http.request requestId=1ba1b676-1775-4a80-b523-939264db2631 role=api pod=gateway-78cb7fd75f-c2pvz method=POST path=/api/translations status=200 durationMs=354
[pod/gateway-78cb7fd75f-c2pvz/gateway] 2026-10-05T23:49:39.142+00:00 INFO  http.request requestId=26d5a7e8-7f8d-4e9d-af25-095304353c77 role=api pod=gateway-78cb7fd75f-c2pvz method=POST path=/api/transcriptions status=200 durationMs=717
[pod/gateway-78cb7fd75f-c2pvz/gateway] 2026-10-05T23:49:39.142+00:00 INFO  http.request requestId=2f7c180c-e9d7-4ec5-a389-2f24ca764ce6 role=api pod=gateway-78cb7fd75f-c2pvz method=POST path=/api/translations status=200 durationMs=293
[pod/gateway-78cb7fd75f-c2pvz/gateway] 2026-10-05T23:49:39.159+00:00 INFO  http.request requestId=ac4bcbcd-0892-435c-bb33-243e07a1da99 role=api pod=gateway-78cb7fd75f-c2pvz method=POST path=/api/transcriptions status=200 durationMs=706
[pod/gateway-78cb7fd75f-c2pvz/gateway] 2026-10-05T23:49:39.226+00:00 INFO  http.request requestId=b071c90e-5170-40f7-a4ed-cf49fb0ab952 role=api pod=gateway-78cb7fd75f-c2pvz method=POST path=/api/translations status=200 durationMs=344
[pod/gateway-78cb7fd75f-c2pvz/gateway] 2026-10-05T23:49:39.236+00:00 INFO  http.request requestId=a4178699-880d-4252-9d8f-87bdda945da9 role=api pod=gateway-78cb7fd75f-c2pvz method=POST path=/api/translations status=200 durationMs=270
[pod/gateway-78cb7fd75f-c2pvz/gateway] 2026-10-05T23:49:39.240+00:00 INFO  http.request requestId=52f1ac41-381f-4071-be8c-c9a8910ecb15 role=api pod=gateway-78cb7fd75f-c2pvz method=POST path=/api/transcriptions status=200 durationMs=651
[pod/gateway-78cb7fd75f-c2pvz/gateway] 2026-10-05T23:49:39.283+00:00 INFO  http.request requestId=2de9d902-9f9b-4968-b319-1bfad5501d54 role=api pod=gateway-78cb7fd75f-c2pvz method=POST path=/api/translations status=200 durationMs=3004
[pod/gateway-78cb7fd75f-c2pvz/gateway] 2026-10-05T23:49:39.292+00:00 INFO  http.request requestId=e3502671-e706-4343-9b8a-7f538544861e role=api pod=gateway-78cb7fd75f-c2pvz method=POST path=/api/transcriptions status=200 durationMs=553
[pod/gateway-78cb7fd75f-c2pvz/gateway] 2026-10-05T23:49:39.352+00:00 INFO  http.request requestId=22cd1119-d785-45ed-8a6b-74706f77ca4d role=api pod=gateway-78cb7fd75f-c2pvz method=POST path=/api/transcriptions status=200 durationMs=568
[pod/gateway-78cb7fd75f-c2pvz/gateway] 2026-10-05T23:49:39.362+00:00 INFO  http.request requestId=8338cc1e-4794-42e7-89d3-ba7ac778b7e9 role=api pod=gateway-78cb7fd75f-c2pvz method=POST path=/api/translations status=200 durationMs=255
[pod/gateway-78cb7fd75f-c2pvz/gateway] 2026-10-05T23:49:39.464+00:00 INFO  http.request requestId=3ff1373e-bb78-443b-8aaf-65a7d482818e role=api pod=gateway-78cb7fd75f-c2pvz method=POST path=/api/translations status=200 durationMs=302
[pod/gateway-78cb7fd75f-c2pvz/gateway] 2026-10-05T23:49:39.484+00:00 INFO  http.request requestId=3411908e-8668-4dfe-9280-847c7e62825c role=api pod=gateway-78cb7fd75f-c2pvz method=POST path=/api/translations status=200 durationMs=363
[pod/gateway-78cb7fd75f-c2pvz/gateway] 2026-10-05T23:49:39.493+00:00 INFO  http.request requestId=dc6a6f34-7b82-4005-ac84-a5b7e72a5333 role=api pod=gateway-78cb7fd75f-c2pvz method=POST path=/api/transcriptions status=200 durationMs=678
[pod/gateway-78cb7fd75f-c2pvz/gateway] 2026-10-05T23:49:39.497+00:00 INFO  http.request requestId=e9c7d66d-ff8f-4a36-bc4e-0776d65fad72 role=api pod=gateway-78cb7fd75f-c2pvz method=POST path=/api/translations status=200 durationMs=255
[pod/gateway-78cb7fd75f-c2pvz/gateway] 2026-10-05T23:49:39.534+00:00 INFO  http.request requestId=afcdbda3-049b-4347-afd4-fe3317c8c702 role=api pod=gateway-78cb7fd75f-c2pvz method=POST path=/api/translations status=200 durationMs=381
[pod/gateway-78cb7fd75f-c2pvz/gateway] 2026-10-05T23:49:39.576+00:00 INFO  http.request requestId=9f25d174-c3d9-4e00-98a2-64a46931c277 role=api pod=gateway-78cb7fd75f-c2pvz method=POST path=/api/transcriptions status=200 durationMs=717
[pod/gateway-78cb7fd75f-c2pvz/gateway] 2026-10-05T23:49:39.577+00:00 INFO  http.request requestId=bcc5bde7-f4a9-4ac8-a156-96e6fac51d04 role=api pod=gateway-78cb7fd75f-c2pvz method=POST path=/api/transcriptions status=200 durationMs=613
[pod/gateway-78cb7fd75f-c2pvz/gateway] 2026-10-05T23:49:39.588+00:00 INFO  http.request requestId=052a3e93-a4f6-41f7-9d18-da4ab2747e13 role=api pod=gateway-78cb7fd75f-c2pvz method=POST path=/api/transcriptions status=200 durationMs=610
[pod/gateway-78cb7fd75f-c2pvz/gateway] 2026-10-05T23:49:39.609+00:00 INFO  http.request requestId=2b6945f6-081a-4ec9-af97-307280eb5d61 role=api pod=gateway-78cb7fd75f-c2pvz method=POST path=/api/translations status=200 durationMs=257
[pod/gateway-78cb7fd75f-c2pvz/gateway] 2026-10-05T23:49:39.673+00:00 INFO  http.request requestId=44308e5a-f5e3-4753-b8d0-9de2ba0b1e78 role=api pod=gateway-78cb7fd75f-c2pvz method=POST path=/api/transcriptions status=200 durationMs=545
[pod/gateway-78cb7fd75f-c2pvz/gateway] 2026-10-05T23:49:39.681+00:00 INFO  http.request requestId=2bab4185-bb61-428a-809c-cd4d2db14210 role=api pod=gateway-78cb7fd75f-c2pvz method=POST path=/api/transcriptions status=200 durationMs=521
[pod/gateway-78cb7fd75f-c2pvz/gateway] 2026-10-05T23:49:39.691+00:00 INFO  http.request requestId=c7777a9f-2b0e-4e8a-a1fd-befee66634c7 role=api pod=gateway-78cb7fd75f-c2pvz method=POST path=/api/transcriptions status=200 durationMs=547
[pod/gateway-78cb7fd75f-c2pvz/gateway] 2026-10-05T23:49:39.722+00:00 INFO  http.request requestId=e62bc1e3-5917-49ba-a3b8-1eeedaff5a38 role=api pod=gateway-78cb7fd75f-c2pvz method=POST path=/api/transcriptions status=200 durationMs=428
[pod/gateway-78cb7fd75f-c2pvz/gateway] 2026-10-05T23:49:39.779+00:00 INFO  http.request requestId=b7bf2e24-30f0-4711-b457-732835ddf51f role=api pod=gateway-78cb7fd75f-c2pvz method=POST path=/api/transcriptions status=200 durationMs=544
[pod/gateway-78cb7fd75f-c2pvz/gateway] 2026-10-05T23:49:39.786+00:00 INFO  http.request requestId=8627c24d-e731-49f8-9fa0-9063560329ba role=api pod=gateway-78cb7fd75f-c2pvz method=POST path=/api/transcriptions status=200 durationMs=447
[pod/gateway-78cb7fd75f-c2pvz/gateway] 2026-10-05T23:49:39.798+00:00 INFO  http.request requestId=0741c390-6682-40e1-93f6-ed866f814df6 role=api pod=gateway-78cb7fd75f-c2pvz method=POST path=/api/transcriptions status=200 durationMs=699
[pod/gateway-78cb7fd75f-c2pvz/gateway] 2026-10-05T23:49:39.809+00:00 INFO  http.request requestId=57022563-7574-4893-a6bf-a23245385787 role=api pod=gateway-78cb7fd75f-c2pvz method=POST path=/api/translations status=200 durationMs=252
[pod/gateway-78cb7fd75f-c2pvz/gateway] 2026-10-05T23:49:39.839+00:00 INFO  http.request requestId=b8cea242-b2f0-4508-9828-3fdb16bdade1 role=api pod=gateway-78cb7fd75f-c2pvz method=POST path=/api/translations status=200 durationMs=342
[pod/gateway-78cb7fd75f-c2pvz/gateway] 2026-10-05T23:49:39.845+00:00 INFO  http.request requestId=75ec4d6a-c795-4195-a323-2c116fc5688d role=api pod=gateway-78cb7fd75f-c2pvz method=POST path=/api/translations status=200 durationMs=218
[pod/gateway-78cb7fd75f-c2pvz/gateway] 2026-10-05T23:49:39.853+00:00 INFO  http.request requestId=032a4d6c-170f-42b6-ba81-01b5a92d8e4c role=api pod=gateway-78cb7fd75f-c2pvz method=POST path=/api/translations status=200 durationMs=276
[pod/gateway-78cb7fd75f-c2pvz/gateway] 2026-10-05T23:49:39.888+00:00 INFO  http.request requestId=b2377337-d3e5-4963-b7c7-5b3a809becfb role=api pod=gateway-78cb7fd75f-c2pvz method=POST path=/api/translations status=200 durationMs=207
[pod/gateway-78cb7fd75f-c2pvz/gateway] 2026-10-05T23:49:40.005+00:00 INFO  http.request requestId=b3b461b2-51ae-4961-95b2-3a9f5127b157 role=api pod=gateway-78cb7fd75f-c2pvz method=POST path=/api/transcriptions status=200 durationMs=516
[pod/gateway-78cb7fd75f-c2pvz/gateway] 2026-10-05T23:49:40.016+00:00 INFO  http.request requestId=ff76096b-d493-4ce3-8911-a3ea3d4508b6 role=api pod=gateway-78cb7fd75f-c2pvz method=POST path=/api/transcriptions status=200 durationMs=648
[pod/gateway-78cb7fd75f-c2pvz/gateway] 2026-10-05T23:49:40.037+00:00 INFO  http.request requestId=5404b86a-c7da-4484-a891-902a34935432 role=api pod=gateway-78cb7fd75f-c2pvz method=POST path=/api/transcriptions status=200 durationMs=458
[pod/gateway-78cb7fd75f-c2pvz/gateway] 2026-10-05T23:49:40.041+00:00 INFO  http.request requestId=aa99b6d1-eb5c-41b1-932f-788714f5e507 role=api pod=gateway-78cb7fd75f-c2pvz method=POST path=/api/translations status=200 durationMs=236
[pod/gateway-78cb7fd75f-c2pvz/gateway] 2026-10-05T23:49:40.061+00:00 INFO  http.request requestId=2b949163-a2be-4131-841d-d6cca7f46ef8 role=api pod=gateway-78cb7fd75f-c2pvz method=POST path=/api/translations status=200 durationMs=282
[pod/gateway-78cb7fd75f-c2pvz/gateway] 2026-10-05T23:49:40.116+00:00 INFO  http.request requestId=bb7d6ea9-0e07-4b19-a064-0e4fc0336181 role=api pod=gateway-78cb7fd75f-c2pvz method=POST path=/api/translations status=200 durationMs=334
[pod/gateway-78cb7fd75f-c2pvz/gateway] 2026-10-05T23:49:40.127+00:00 INFO  http.request requestId=ffb22e3e-f3d6-4f8f-8528-9fe189323642 role=api pod=gateway-78cb7fd75f-c2pvz method=POST path=/api/transcriptions status=200 durationMs=773
[pod/gateway-78cb7fd75f-c2pvz/gateway] 2026-10-05T23:49:40.151+00:00 INFO  http.request requestId=46e5e128-e59a-4903-ac0d-d6b7f1e7036c role=api pod=gateway-78cb7fd75f-c2pvz method=POST path=/api/transcriptions status=200 durationMs=647
[pod/gateway-78cb7fd75f-c2pvz/gateway] 2026-10-05T23:49:40.165+00:00 INFO  http.request requestId=e0f64f47-cc96-4539-a59f-595361b4596e role=api pod=gateway-78cb7fd75f-c2pvz method=POST path=/api/transcriptions status=200 durationMs=481
[pod/gateway-78cb7fd75f-c2pvz/gateway] 2026-10-05T23:49:40.221+00:00 INFO  http.request requestId=0a820817-0406-4eeb-8f2a-33e3447488f2 role=api pod=gateway-78cb7fd75f-c2pvz method=POST path=/api/transcriptions status=200 durationMs=628
[pod/gateway-78cb7fd75f-c2pvz/gateway] 2026-10-05T23:49:40.225+00:00 INFO  http.request requestId=65491b42-ecd4-49b6-a6ef-bbdcf5b02176 role=api pod=gateway-78cb7fd75f-c2pvz method=POST path=/api/transcriptions status=200 durationMs=526
[pod/gateway-78cb7fd75f-c2pvz/gateway] 2026-10-05T23:49:40.243+00:00 INFO  http.request requestId=27182dbe-401b-40ce-acc1-665b8a23099b role=api pod=gateway-78cb7fd75f-c2pvz method=POST path=/api/transcriptions status=200 durationMs=513
[pod/gateway-78cb7fd75f-c2pvz/gateway] 2026-10-05T23:49:40.243+00:00 INFO  http.request requestId=851070bb-6cf3-4253-aa0a-b7676249a274 role=api pod=gateway-78cb7fd75f-c2pvz method=POST path=/api/transcriptions status=200 durationMs=769
[pod/gateway-78cb7fd75f-c2pvz/gateway] 2026-10-05T23:49:40.252+00:00 INFO  http.request requestId=67959539-44ae-4c1d-96ba-a5b90b437cb5 role=api pod=gateway-78cb7fd75f-c2pvz method=POST path=/api/translations status=200 durationMs=279
[pod/gateway-78cb7fd75f-c2pvz/gateway] 2026-10-05T23:49:40.268+00:00 INFO  http.request requestId=ac853033-51e4-47e1-8c9c-23b37df355be role=api pod=gateway-78cb7fd75f-c2pvz method=POST path=/api/transcriptions status=200 durationMs=405
[pod/gateway-78cb7fd75f-c2pvz/gateway] 2026-10-05T23:49:40.292+00:00 INFO  http.request requestId=75050747-71e5-404b-bb20-a5e8693e0914 role=api pod=gateway-78cb7fd75f-c2pvz method=POST path=/api/transcriptions status=200 durationMs=444
[pod/gateway-78cb7fd75f-c2pvz/gateway] 2026-10-05T23:49:40.329+00:00 INFO  http.request requestId=b19cefba-1de1-4659-86af-c68b7fe44904 role=api pod=gateway-78cb7fd75f-c2pvz method=POST path=/api/transcriptions status=200 durationMs=511
[pod/gateway-78cb7fd75f-c2pvz/gateway] 2026-10-05T23:49:40.355+00:00 INFO  http.request requestId=9ba5828f-ffb8-484b-b7d9-7ef53123047d role=api pod=gateway-78cb7fd75f-c2pvz method=POST path=/api/translations status=200 durationMs=401
[pod/gateway-78cb7fd75f-c2pvz/gateway] 2026-10-05T23:49:40.358+00:00 INFO  http.request requestId=7f95ac7f-3993-4c8d-b72b-eec8f896f0e4 role=api pod=gateway-78cb7fd75f-c2pvz method=POST path=/api/translations status=200 durationMs=314
[pod/gateway-78cb7fd75f-c2pvz/gateway] 2026-10-05T23:49:40.423+00:00 INFO  http.request requestId=37432d8b-8bdc-4c72-9c45-10e2802e21d3 role=api pod=gateway-78cb7fd75f-c2pvz method=POST path=/api/transcriptions status=200 durationMs=410
[pod/gateway-78cb7fd75f-c2pvz/gateway] 2026-10-05T23:49:40.473+00:00 INFO  http.request requestId=e461be8d-e306-435c-9248-403133792185 role=api pod=gateway-78cb7fd75f-c2pvz method=POST path=/api/transcriptions status=200 durationMs=445
[pod/gateway-78cb7fd75f-c2pvz/gateway] 2026-10-05T23:49:40.475+00:00 INFO  http.request requestId=8fc291a0-8b2d-4ec2-8901-fa26ffe1b829 role=api pod=gateway-78cb7fd75f-c2pvz method=POST path=/api/translations status=200 durationMs=248
[pod/gateway-78cb7fd75f-c2pvz/gateway] 2026-10-05T23:49:40.491+00:00 INFO  http.request requestId=8c74e3e2-6069-45d4-a9d9-57d7d694221e role=api pod=gateway-78cb7fd75f-c2pvz method=POST path=/api/translations status=200 durationMs=265
[pod/gateway-78cb7fd75f-c2pvz/gateway] 2026-10-05T23:49:40.522+00:00 INFO  http.request requestId=865310f8-ccb9-4acc-9160-d12d1effbf57 role=api pod=gateway-78cb7fd75f-c2pvz method=POST path=/api/translations status=200 durationMs=279
[pod/gateway-78cb7fd75f-c2pvz/gateway] 2026-10-05T23:49:40.555+00:00 INFO  http.request requestId=7870a9be-45e3-460f-b75e-219f01d3c96b role=api pod=gateway-78cb7fd75f-c2pvz method=POST path=/api/transcriptions status=200 durationMs=662
[pod/gateway-78cb7fd75f-c2pvz/gateway] 2026-10-05T23:49:40.622+00:00 INFO  http.request requestId=f9f72fa4-44e5-4e7a-aaf6-124ea03a1fa1 role=api pod=gateway-78cb7fd75f-c2pvz method=POST path=/api/translations status=200 durationMs=354
[pod/gateway-78cb7fd75f-c2pvz/gateway] 2026-10-05T23:49:40.645+00:00 INFO  http.request requestId=3100b87f-27be-47c0-bcab-1be38a66b75e role=api pod=gateway-78cb7fd75f-c2pvz method=POST path=/api/translations status=200 durationMs=254
[pod/gateway-78cb7fd75f-c2pvz/gateway] 2026-10-05T23:49:40.667+00:00 INFO  http.request requestId=cb9c403e-099a-4160-8f61-c1b86928faa2 role=api pod=gateway-78cb7fd75f-c2pvz method=POST path=/api/transcriptions status=200 durationMs=459
[pod/gateway-78cb7fd75f-c2pvz/gateway] 2026-10-05T23:49:40.712+00:00 INFO  http.request requestId=9bac8c89-b781-4efc-8ec2-29ecd2b3626b role=api pod=gateway-78cb7fd75f-c2pvz method=POST path=/api/translations status=200 durationMs=3005
[pod/gateway-78cb7fd75f-c2pvz/gateway] 2026-10-05T23:49:40.748+00:00 INFO  http.request requestId=27efd626-e03d-4eab-8794-12257d94b5a0 role=api pod=gateway-78cb7fd75f-c2pvz method=POST path=/api/translations status=200 durationMs=398
[pod/gateway-78cb7fd75f-c2pvz/gateway] 2026-10-05T23:49:40.764+00:00 INFO  http.request requestId=042824a5-6a9f-4013-890b-96915a43642a role=api pod=gateway-78cb7fd75f-c2pvz method=POST path=/api/transcriptions status=200 durationMs=585
[pod/gateway-78cb7fd75f-c2pvz/gateway] 2026-10-05T23:49:40.775+00:00 INFO  http.request requestId=0c0b73c0-8ada-42ba-b832-e0c1e7f7cd45 role=api pod=gateway-78cb7fd75f-c2pvz method=POST path=/api/translations status=200 durationMs=350
[pod/gateway-78cb7fd75f-c2pvz/gateway] 2026-10-05T23:49:40.862+00:00 INFO  http.request requestId=f7c66e1b-c4f9-495c-b476-f744cd7b8e86 role=api pod=gateway-78cb7fd75f-c2pvz method=POST path=/api/transcriptions status=200 durationMs=742
[pod/gateway-78cb7fd75f-c2pvz/gateway] 2026-10-05T23:49:40.880+00:00 INFO  http.request requestId=b06003e3-7f34-44ed-ac6f-efae0735aa61 role=api pod=gateway-78cb7fd75f-c2pvz method=POST path=/api/transcriptions status=200 durationMs=657
[pod/gateway-78cb7fd75f-c2pvz/gateway] 2026-10-05T23:49:40.927+00:00 INFO  http.request requestId=5745252c-5437-480d-a9e8-c844b50f3e9f role=api pod=gateway-78cb7fd75f-c2pvz method=POST path=/api/transcriptions status=200 durationMs=449
[pod/gateway-78cb7fd75f-c2pvz/gateway] 2026-10-05T23:49:40.938+00:00 INFO  http.request requestId=a0e771be-8c1c-4fc9-bd08-d617ad3fda99 role=api pod=gateway-78cb7fd75f-c2pvz method=POST path=/api/transcriptions status=200 durationMs=774
[pod/gateway-78cb7fd75f-c2pvz/gateway] 2026-10-05T23:49:40.957+00:00 INFO  http.request requestId=010cbf4d-4972-4d30-972c-9ea187a8af0a role=api pod=gateway-78cb7fd75f-c2pvz method=POST path=/api/transcriptions status=200 durationMs=659
[pod/gateway-78cb7fd75f-c2pvz/gateway] 2026-10-05T23:49:40.989+00:00 INFO  http.request requestId=11691495-38fc-46d2-8079-f6da49780f6d role=api pod=gateway-78cb7fd75f-c2pvz method=POST path=/api/transcriptions status=200 durationMs=720
[pod/gateway-78cb7fd75f-c2pvz/gateway] 2026-10-05T23:49:41.028+00:00 INFO  http.request requestId=6161235a-0723-4daa-a0e8-a524b0625622 role=api pod=gateway-78cb7fd75f-c2pvz method=POST path=/api/transcriptions status=200 durationMs=520
[pod/gateway-78cb7fd75f-c2pvz/gateway] 2026-10-05T23:49:41.050+00:00 INFO  http.request requestId=6bf3ffcb-5464-4796-bd48-c4e633332597 role=api pod=gateway-78cb7fd75f-c2pvz method=POST path=/api/transcriptions status=200 durationMs=406
[pod/gateway-78cb7fd75f-c2pvz/gateway] 2026-10-05T23:49:41.101+00:00 INFO  http.request requestId=cef213e9-4a74-4b42-88bb-045db365296f role=api pod=gateway-78cb7fd75f-c2pvz method=POST path=/api/translations status=200 durationMs=233
[pod/gateway-78cb7fd75f-c2pvz/gateway] 2026-10-05T23:49:41.157+00:00 INFO  http.request requestId=d35a7d0d-e058-4ce7-b23f-b5e864ba7c53 role=api pod=gateway-78cb7fd75f-c2pvz method=POST path=/api/translations status=200 durationMs=388
[pod/gateway-78cb7fd75f-c2pvz/gateway] 2026-10-05T23:49:41.165+00:00 INFO  http.request requestId=653a78d6-70a9-43d0-bd81-37915dd6b602 role=api pod=gateway-78cb7fd75f-c2pvz method=POST path=/api/transcriptions status=200 durationMs=761
[pod/gateway-78cb7fd75f-c2pvz/gateway] 2026-10-05T23:49:41.179+00:00 INFO  http.request requestId=01846f6c-52cf-4932-8c19-bf91c34a5874 role=api pod=gateway-78cb7fd75f-c2pvz method=POST path=/api/translations status=200 durationMs=297
[pod/gateway-78cb7fd75f-c2pvz/gateway] 2026-10-05T23:49:41.210+00:00 INFO  http.request requestId=b2e8f4cf-2461-4235-b0ab-36e90a47c3b7 role=api pod=gateway-78cb7fd75f-c2pvz method=POST path=/api/transcriptions status=200 durationMs=446
[pod/gateway-78cb7fd75f-c2pvz/gateway] 2026-10-05T23:49:41.211+00:00 INFO  http.request requestId=78b91636-87d6-44fa-9d52-18257e3f57a1 role=api pod=gateway-78cb7fd75f-c2pvz method=POST path=/api/transcriptions status=200 durationMs=538
[pod/gateway-78cb7fd75f-c2pvz/gateway] 2026-10-05T23:49:41.223+00:00 INFO  http.request requestId=3f93c196-e855-454c-8fc8-6bcdb7d2c0b3 role=api pod=gateway-78cb7fd75f-c2pvz method=POST path=/api/transcriptions status=200 durationMs=729
[pod/gateway-78cb7fd75f-c2pvz/gateway] 2026-10-05T23:49:41.241+00:00 INFO  http.request requestId=88859f67-b200-498d-98a6-b1e41b95b579 role=api pod=gateway-78cb7fd75f-c2pvz method=POST path=/api/transcriptions status=200 durationMs=462
[pod/gateway-78cb7fd75f-c2pvz/gateway] 2026-10-05T23:49:41.248+00:00 INFO  http.request requestId=ae634d05-0e8e-4461-945d-f04dc7559e73 role=api pod=gateway-78cb7fd75f-c2pvz method=POST path=/api/transcriptions status=200 durationMs=531
[pod/gateway-78cb7fd75f-c2pvz/gateway] 2026-10-05T23:49:41.260+00:00 INFO  http.request requestId=54cc35bb-cdc5-45fd-aad5-31781a724d34 role=api pod=gateway-78cb7fd75f-c2pvz method=POST path=/api/transcriptions status=200 durationMs=737
[pod/gateway-78cb7fd75f-c2pvz/gateway] 2026-10-05T23:49:41.279+00:00 INFO  http.request requestId=ed6fa1ff-208c-40c4-9ef0-e7e056dc694f role=api pod=gateway-78cb7fd75f-c2pvz method=POST path=/api/translations status=200 durationMs=222
[pod/gateway-78cb7fd75f-c2pvz/gateway] 2026-10-05T23:49:41.281+00:00 INFO  http.request requestId=907127e8-8544-4339-bf1e-08ec53cca09b role=api pod=gateway-78cb7fd75f-c2pvz method=POST path=/api/translations status=200 durationMs=354
[pod/gateway-78cb7fd75f-c2pvz/gateway] 2026-10-05T23:49:41.285+00:00 INFO  http.request requestId=e41db03d-8e5a-4d66-a927-811e68ee9aa7 role=api pod=gateway-78cb7fd75f-c2pvz method=POST path=/api/translations status=200 durationMs=296
[pod/gateway-78cb7fd75f-c2pvz/gateway] 2026-10-05T23:49:41.298+00:00 INFO  http.request requestId=c039696b-d673-4465-a0d0-873f40dd63fb role=api pod=gateway-78cb7fd75f-c2pvz method=POST path=/api/transcriptions status=200 durationMs=730
[pod/gateway-78cb7fd75f-c2pvz/gateway] 2026-10-05T23:49:41.404+00:00 INFO  http.request requestId=6c5a43ce-e83d-4096-957a-e458e2dd9aef role=api pod=gateway-78cb7fd75f-c2pvz method=POST path=/api/translations status=200 durationMs=231
[pod/gateway-78cb7fd75f-c2pvz/gateway] 2026-10-05T23:49:41.434+00:00 INFO  http.request requestId=73d42564-768c-4bc1-85cd-4d52b63f0b92 role=api pod=gateway-78cb7fd75f-c2pvz method=POST path=/api/transcriptions status=200 durationMs=489
[pod/gateway-78cb7fd75f-c2pvz/gateway] 2026-10-05T23:49:41.474+00:00 INFO  http.request requestId=42d059a4-1711-4d9d-9b21-d0bd3c05ec38 role=api pod=gateway-78cb7fd75f-c2pvz method=POST path=/api/translations status=200 durationMs=263
[pod/gateway-78cb7fd75f-c2pvz/gateway] 2026-10-05T23:49:41.479+00:00 INFO  http.request requestId=debad462-26f7-4e1b-bc20-27582ae3a1a8 role=api pod=gateway-78cb7fd75f-c2pvz method=POST path=/api/translations status=200 durationMs=313
[pod/gateway-78cb7fd75f-c2pvz/gateway] 2026-10-05T23:49:41.513+00:00 INFO  http.request requestId=e3eccd90-12e6-4c83-8681-b92440e92802 role=api pod=gateway-78cb7fd75f-c2pvz method=POST path=/api/translations status=200 durationMs=256
[pod/gateway-78cb7fd75f-c2pvz/gateway] 2026-10-05T23:49:41.623+00:00 INFO  http.request requestId=17922754-fb30-42cb-8035-173d03f6564d role=api pod=gateway-78cb7fd75f-c2pvz method=POST path=/api/translations status=200 durationMs=324
[pod/gateway-78cb7fd75f-c2pvz/gateway] 2026-10-05T23:49:41.636+00:00 INFO  http.request requestId=44c81e80-a3db-4f4c-baa8-5e175ebddb3d role=api pod=gateway-78cb7fd75f-c2pvz method=POST path=/api/transcriptions status=200 durationMs=423
[pod/gateway-78cb7fd75f-c2pvz/gateway] 2026-10-05T23:49:41.670+00:00 INFO  http.request requestId=4d9685c7-c39b-45ea-97f5-e2d3c433707a role=api pod=gateway-78cb7fd75f-c2pvz method=POST path=/api/transcriptions status=200 durationMs=741
[pod/gateway-78cb7fd75f-c2pvz/gateway] 2026-10-05T23:49:41.698+00:00 INFO  http.request requestId=3b7b77ff-f96f-4bd7-90c6-ce6a5d890103 role=api pod=gateway-78cb7fd75f-c2pvz method=POST path=/api/transcriptions status=200 durationMs=695
[pod/gateway-78cb7fd75f-c2pvz/gateway] 2026-10-05T23:49:41.730+00:00 INFO  http.request requestId=489e2901-fac0-4b3e-afda-c7b62d3a4ed7 role=api pod=gateway-78cb7fd75f-c2pvz method=POST path=/api/transcriptions status=200 durationMs=772
[pod/gateway-78cb7fd75f-c2pvz/gateway] 2026-10-05T23:49:41.778+00:00 INFO  http.request requestId=d0147698-de01-48fa-a160-2a132850f6e9 role=api pod=gateway-78cb7fd75f-c2pvz method=POST path=/api/translations status=200 durationMs=272
[pod/gateway-78cb7fd75f-c2pvz/gateway] 2026-10-05T23:49:41.804+00:00 INFO  http.request requestId=9830c852-33ce-4bd6-96f2-0e143a25f5ef role=api pod=gateway-78cb7fd75f-c2pvz method=POST path=/api/transcriptions status=200 durationMs=770
[pod/gateway-78cb7fd75f-c2pvz/gateway] 2026-10-05T23:49:41.824+00:00 INFO  http.request requestId=99b6c4ca-230a-4914-ba2a-80bdd405f0e0 role=api pod=gateway-78cb7fd75f-c2pvz method=POST path=/api/transcriptions status=200 durationMs=550
[pod/gateway-78cb7fd75f-c2pvz/gateway] 2026-10-05T23:49:41.854+00:00 INFO  http.request requestId=d38cea37-1bad-4bf2-9859-486a42e3d2d0 role=api pod=gateway-78cb7fd75f-c2pvz method=POST path=/api/transcriptions status=200 durationMs=745
[pod/gateway-78cb7fd75f-c2pvz/gateway] 2026-10-05T23:49:41.875+00:00 INFO  http.request requestId=42e1c74e-cf60-4280-b7a4-d440a1c53edf role=api pod=gateway-78cb7fd75f-c2pvz method=POST path=/api/translations status=200 durationMs=369
[pod/gateway-78cb7fd75f-c2pvz/gateway] 2026-10-05T23:49:41.928+00:00 INFO  http.request requestId=7356199f-ef8d-47cb-a3f1-025f608dc492 role=api pod=gateway-78cb7fd75f-c2pvz method=POST path=/api/transcriptions status=200 durationMs=684
[pod/gateway-78cb7fd75f-c2pvz/gateway] 2026-10-05T23:49:41.941+00:00 INFO  http.request requestId=2a241fa7-1fbc-4ae1-929a-46be1ddc5cfe role=api pod=gateway-78cb7fd75f-c2pvz method=POST path=/api/transcriptions status=200 durationMs=712
[pod/gateway-78cb7fd75f-c2pvz/gateway] 2026-10-05T23:49:41.966+00:00 INFO  http.request requestId=957d3e1e-df1a-4ffc-b152-a9d14a881397 role=api pod=gateway-78cb7fd75f-c2pvz method=POST path=/api/translations status=200 durationMs=325
[pod/gateway-78cb7fd75f-c2pvz/gateway] 2026-10-05T23:49:41.966+00:00 INFO  http.request requestId=a3a078d6-e1ee-4bca-b01d-e781b5af7493 role=api pod=gateway-78cb7fd75f-c2pvz method=POST path=/api/transcriptions status=200 durationMs=662
[pod/gateway-78cb7fd75f-c2pvz/gateway] 2026-10-05T23:49:41.984+00:00 INFO  http.request requestId=41713fbf-edbe-404f-9472-60eafd62dd24 role=api pod=gateway-78cb7fd75f-c2pvz method=POST path=/api/transcriptions status=200 durationMs=801
[pod/gateway-78cb7fd75f-c2pvz/gateway] 2026-10-05T23:49:42.031+00:00 INFO  http.request requestId=c62af3bf-1981-4fdf-8be2-bb3862abcd6f role=api pod=gateway-78cb7fd75f-c2pvz method=POST path=/api/translations status=200 durationMs=241
[pod/gateway-78cb7fd75f-c2pvz/gateway] 2026-10-05T23:49:42.056+00:00 INFO  http.request requestId=6bdba13a-e684-434a-83fe-0730fd6b0ccb role=api pod=gateway-78cb7fd75f-c2pvz method=POST path=/api/transcriptions status=200 durationMs=482
[pod/gateway-78cb7fd75f-c2pvz/gateway] 2026-10-05T23:49:42.081+00:00 INFO  http.request requestId=92c790d1-57a4-4fac-b314-0f81388b9995 role=api pod=gateway-78cb7fd75f-c2pvz method=POST path=/api/translations status=200 durationMs=277
[pod/gateway-78cb7fd75f-c2pvz/gateway] 2026-10-05T23:49:42.089+00:00 INFO  http.request requestId=5737eb5b-9f45-47b1-995a-04dd4090a021 role=api pod=gateway-78cb7fd75f-c2pvz method=POST path=/api/translations status=200 durationMs=359
[pod/gateway-78cb7fd75f-c2pvz/gateway] 2026-10-05T23:49:42.124+00:00 INFO  http.request requestId=430ea498-a3d6-45b8-ba44-63203de20206 role=api pod=gateway-78cb7fd75f-c2pvz method=POST path=/api/transcriptions status=200 durationMs=445
[pod/gateway-78cb7fd75f-c2pvz/gateway] 2026-10-05T23:49:42.139+00:00 INFO  http.request requestId=beb9130a-01a9-4702-808a-a5f1887b7a03 role=api pod=gateway-78cb7fd75f-c2pvz method=POST path=/api/transcriptions status=200 durationMs=745
[pod/gateway-78cb7fd75f-c2pvz/gateway] 2026-10-05T23:49:42.141+00:00 INFO  http.request requestId=a717fb39-86f5-4b98-a8e8-688797c96293 role=api pod=gateway-78cb7fd75f-c2pvz method=POST path=/api/transcriptions status=200 durationMs=702
[pod/gateway-78cb7fd75f-c2pvz/gateway] 2026-10-05T23:49:42.153+00:00 INFO  http.request requestId=df36f1db-557e-49c9-845d-2b092a8ba32f role=api pod=gateway-78cb7fd75f-c2pvz method=POST path=/api/translations status=200 durationMs=344
[pod/gateway-78cb7fd75f-c2pvz/gateway] 2026-10-05T23:49:42.170+00:00 INFO  http.request requestId=95ce623c-803d-4f59-81a4-4a4223aef582 role=api pod=gateway-78cb7fd75f-c2pvz method=POST path=/api/translations status=200 durationMs=237
[pod/gateway-78cb7fd75f-c2pvz/gateway] 2026-10-05T23:49:42.191+00:00 INFO  http.request requestId=28e67b15-d5d6-4cab-8fe5-a59328acfb47 role=api pod=gateway-78cb7fd75f-c2pvz method=POST path=/api/translations status=200 durationMs=215
[pod/gateway-78cb7fd75f-c2pvz/gateway] 2026-10-05T23:49:42.256+00:00 INFO  http.request requestId=f0680ae5-b687-4d0b-8586-da547df85e27 role=api pod=gateway-78cb7fd75f-c2pvz method=POST path=/api/transcriptions status=200 durationMs=515
[pod/gateway-78cb7fd75f-c2pvz/gateway] 2026-10-05T23:49:42.278+00:00 INFO  http.request requestId=4f8f3576-76e7-47e7-a09e-212b3416c497 role=api pod=gateway-78cb7fd75f-c2pvz method=POST path=/api/translations status=200 durationMs=451
[pod/gateway-78cb7fd75f-c2pvz/gateway] 2026-10-05T23:49:42.278+00:00 INFO  http.request requestId=6d3bd386-8688-48d2-a6e4-63ae66003749 role=api pod=gateway-78cb7fd75f-c2pvz method=POST path=/api/transcriptions status=200 durationMs=494
[pod/gateway-78cb7fd75f-c2pvz/gateway] 2026-10-05T23:49:42.286+00:00 INFO  http.request requestId=a7dfdbba-0364-4bc4-9e71-1263839b9565 role=api pod=gateway-78cb7fd75f-c2pvz method=POST path=/api/translations status=200 durationMs=320
[pod/gateway-78cb7fd75f-c2pvz/gateway] 2026-10-05T23:49:42.342+00:00 INFO  http.request requestId=66ec1fa3-b265-471a-87dd-e485f533a758 role=api pod=gateway-78cb7fd75f-c2pvz method=POST path=/api/translations status=200 durationMs=357
[pod/gateway-78cb7fd75f-c2pvz/gateway] 2026-10-05T23:49:42.403+00:00 INFO  http.request requestId=23be9662-0831-435d-920c-704cb77183f5 role=api pod=gateway-78cb7fd75f-c2pvz method=POST path=/api/translations status=200 durationMs=309
[pod/gateway-78cb7fd75f-c2pvz/gateway] 2026-10-05T23:49:42.413+00:00 INFO  http.request requestId=c1b5945c-b396-49ce-9a6b-2e299f1ad203 role=api pod=gateway-78cb7fd75f-c2pvz method=POST path=/api/transcriptions status=200 durationMs=780
[pod/gateway-78cb7fd75f-c2pvz/gateway] 2026-10-05T23:49:42.467+00:00 INFO  http.request requestId=7656e623-4b22-4002-9eb3-158eb2b63f7a role=api pod=gateway-78cb7fd75f-c2pvz method=POST path=/api/translations status=200 durationMs=347
[pod/gateway-78cb7fd75f-c2pvz/gateway] 2026-10-05T23:49:42.487+00:00 INFO  http.request requestId=5c473aca-e03b-4abc-8653-c2cbf2528e71 role=api pod=gateway-78cb7fd75f-c2pvz method=POST path=/api/translations status=200 durationMs=346
[pod/gateway-78cb7fd75f-c2pvz/gateway] 2026-10-05T23:49:42.512+00:00 INFO  http.request requestId=1c014341-32e0-433f-8b22-f6c48b256d46 role=api pod=gateway-78cb7fd75f-c2pvz method=POST path=/api/translations status=200 durationMs=219
[pod/gateway-78cb7fd75f-c2pvz/gateway] 2026-10-05T23:49:42.541+00:00 INFO  http.request requestId=36a33156-9f2b-4be7-9d10-d8123a3ff608 role=api pod=gateway-78cb7fd75f-c2pvz method=POST path=/api/translations status=200 durationMs=230
[pod/gateway-78cb7fd75f-c2pvz/gateway] 2026-10-05T23:49:42.580+00:00 INFO  http.request requestId=b01b1a21-7a47-433a-a51c-9262015cca4c role=api pod=gateway-78cb7fd75f-c2pvz method=POST path=/api/translations status=200 durationMs=222
[pod/gateway-78cb7fd75f-c2pvz/gateway] 2026-10-05T23:49:42.581+00:00 INFO  http.request requestId=3205d6fe-ef14-4341-94d7-cdfd45a7b4e8 role=api pod=gateway-78cb7fd75f-c2pvz method=POST path=/api/transcriptions status=200 durationMs=453
[pod/gateway-78cb7fd75f-c2pvz/gateway] 2026-10-05T23:49:42.604+00:00 INFO  http.request requestId=4570a130-789a-4669-ae80-82abb4143369 role=api pod=gateway-78cb7fd75f-c2pvz method=POST path=/api/transcriptions status=200 durationMs=655
[pod/gateway-78cb7fd75f-c2pvz/gateway] 2026-10-05T23:49:42.650+00:00 INFO  http.request requestId=797b96b6-ad34-4f7a-8283-077fa2d8887c role=api pod=gateway-78cb7fd75f-c2pvz method=POST path=/api/transcriptions status=200 durationMs=761
[pod/gateway-78cb7fd75f-c2pvz/gateway] 2026-10-05T23:49:42.653+00:00 INFO  http.request requestId=4a069774-bbe6-4b23-8fb2-00f1ecf0da12 role=api pod=gateway-78cb7fd75f-c2pvz method=POST path=/api/transcriptions status=200 durationMs=794
[pod/gateway-78cb7fd75f-c2pvz/gateway] 2026-10-05T23:49:42.655+00:00 INFO  http.request requestId=d078879a-c3d7-4bbe-892b-4278fd8a64f5 role=api pod=gateway-78cb7fd75f-c2pvz method=POST path=/api/translations status=200 durationMs=312
[pod/gateway-78cb7fd75f-c2pvz/gateway] 2026-10-05T23:49:42.687+00:00 INFO  http.request requestId=1ddab44b-3dc2-4c1c-b07c-dfac4191c4c2 role=api pod=gateway-78cb7fd75f-c2pvz method=POST path=/api/transcriptions status=200 durationMs=544
[pod/gateway-78cb7fd75f-c2pvz/gateway] 2026-10-05T23:49:42.710+00:00 INFO  http.request requestId=aac49a62-7530-433b-89f3-9e8d9679b5c6 role=api pod=gateway-78cb7fd75f-c2pvz method=POST path=/api/transcriptions status=200 durationMs=642
[pod/gateway-78cb7fd75f-c2pvz/gateway] 2026-10-05T23:49:42.754+00:00 INFO  http.request requestId=2d02326e-b946-4099-b76b-fad62a782f46 role=api pod=gateway-78cb7fd75f-c2pvz method=POST path=/api/translations status=200 durationMs=240
[pod/gateway-78cb7fd75f-c2pvz/gateway] 2026-10-05T23:49:42.811+00:00 INFO  http.request requestId=701e62d4-fefe-44c7-b19f-67ae4f397561 role=api pod=gateway-78cb7fd75f-c2pvz method=POST path=/api/translations status=200 durationMs=397
[pod/gateway-78cb7fd75f-c2pvz/gateway] 2026-10-05T23:49:42.829+00:00 INFO  http.request requestId=36ff3005-6606-4908-ab4f-16bde077e169 role=api pod=gateway-78cb7fd75f-c2pvz method=POST path=/api/transcriptions status=200 durationMs=655
[pod/gateway-78cb7fd75f-c2pvz/gateway] 2026-10-05T23:49:42.832+00:00 INFO  http.request requestId=df3f30cc-941e-439f-9e00-9027023ea6b3 role=api pod=gateway-78cb7fd75f-c2pvz method=POST path=/api/translations status=200 durationMs=326
[pod/gateway-78cb7fd75f-c2pvz/gateway] 2026-10-05T23:49:42.841+00:00 INFO  http.request requestId=4bd42217-cd1e-44bf-baaf-b9a0bbc82844 role=api pod=gateway-78cb7fd75f-c2pvz method=POST path=/api/transcriptions status=200 durationMs=803
[pod/gateway-78cb7fd75f-c2pvz/gateway] 2026-10-05T23:49:42.841+00:00 INFO  http.request requestId=6236a8ee-9034-412f-81a8-c477c59140b0 role=api pod=gateway-78cb7fd75f-c2pvz method=POST path=/api/translations status=200 durationMs=259
[pod/gateway-78cb7fd75f-c2pvz/gateway] 2026-10-05T23:49:42.891+00:00 INFO  http.request requestId=6bb3a338-6d79-4bfa-b70b-bfe54c96e7f8 role=api pod=gateway-78cb7fd75f-c2pvz method=POST path=/api/transcriptions status=200 durationMs=477
[pod/gateway-78cb7fd75f-c2pvz/gateway] 2026-10-05T23:49:42.904+00:00 INFO  http.request requestId=baeaa25a-4259-449b-bb5e-72ddd99a5110 role=api pod=gateway-78cb7fd75f-c2pvz method=POST path=/api/transcriptions status=200 durationMs=637
[pod/gateway-78cb7fd75f-c2pvz/gateway] 2026-10-05T23:49:42.916+00:00 INFO  http.request requestId=b60fae66-9adb-4ce0-85f9-2ee8b6262289 role=api pod=gateway-78cb7fd75f-c2pvz method=POST path=/api/transcriptions status=200 durationMs=711
[pod/gateway-78cb7fd75f-c2pvz/gateway] 2026-10-05T23:49:42.968+00:00 INFO  http.request requestId=c464a1ec-dbfe-43c9-be69-4d2445f7c8df role=api pod=gateway-78cb7fd75f-c2pvz method=POST path=/api/translations status=200 durationMs=255
[pod/gateway-78cb7fd75f-c2pvz/gateway] 2026-10-05T23:49:43.013+00:00 INFO  http.request requestId=c95a248b-da96-4a24-a719-ef398b1e4ad8 role=api pod=gateway-78cb7fd75f-c2pvz method=POST path=/api/transcriptions status=200 durationMs=464
[pod/gateway-78cb7fd75f-c2pvz/gateway] 2026-10-05T23:49:43.026+00:00 INFO  http.request requestId=472f94e1-fe27-402b-a279-9eeeffa4d2a8 role=api pod=gateway-78cb7fd75f-c2pvz method=POST path=/api/transcriptions status=200 durationMs=417
[pod/gateway-78cb7fd75f-c2pvz/gateway] 2026-10-05T23:49:43.029+00:00 INFO  http.request requestId=1d9347dd-0e3d-4eca-b375-6671403276e4 role=api pod=gateway-78cb7fd75f-c2pvz method=POST path=/api/translations status=200 durationMs=375
[pod/gateway-78cb7fd75f-c2pvz/gateway] 2026-10-05T23:49:43.063+00:00 INFO  http.request requestId=6702f210-b902-44e9-9bfe-61d10e2084bf role=api pod=gateway-78cb7fd75f-c2pvz method=POST path=/api/transcriptions status=200 durationMs=812
[pod/gateway-78cb7fd75f-c2pvz/gateway] 2026-10-05T23:49:43.099+00:00 INFO  http.request requestId=92a8050c-2015-40e0-afbe-c59cee1a04d8 role=api pod=gateway-78cb7fd75f-c2pvz method=POST path=/api/translations status=200 durationMs=215
[pod/gateway-78cb7fd75f-c2pvz/gateway] 2026-10-05T23:49:43.129+00:00 INFO  http.request requestId=68165f72-aa4f-4d27-ac92-f6bb65715ce4 role=api pod=gateway-78cb7fd75f-c2pvz method=POST path=/api/translations status=200 durationMs=332
[pod/gateway-78cb7fd75f-c2pvz/gateway] 2026-10-05T23:49:43.170+00:00 INFO  http.request requestId=65ab2c60-ed0b-4886-8c15-1ec5890337ad role=api pod=gateway-78cb7fd75f-c2pvz method=POST path=/api/translations status=200 durationMs=323
[pod/gateway-78cb7fd75f-c2pvz/gateway] 2026-10-05T23:49:43.179+00:00 INFO  http.request requestId=cb01c0d4-9bef-4af5-bc33-4f7556ba6eef role=api pod=gateway-78cb7fd75f-c2pvz method=POST path=/api/transcriptions status=200 durationMs=496
[pod/gateway-78cb7fd75f-c2pvz/gateway] 2026-10-05T23:49:43.267+00:00 INFO  http.request requestId=42ef3018-8d52-46b7-a2f4-88e595f20d3f role=api pod=gateway-78cb7fd75f-c2pvz method=POST path=/api/transcriptions status=200 durationMs=508
[pod/gateway-78cb7fd75f-c2pvz/gateway] 2026-10-05T23:49:43.301+00:00 INFO  http.request requestId=42569b4a-fd37-4aee-8149-c9b6cf9493a6 role=api pod=gateway-78cb7fd75f-c2pvz method=POST path=/api/transcriptions status=200 durationMs=603
[pod/gateway-78cb7fd75f-c2pvz/gateway] 2026-10-05T23:49:43.302+00:00 INFO  http.request requestId=e0e0b949-a9d7-4812-a0a1-d3572b89de88 role=api pod=gateway-78cb7fd75f-c2pvz method=POST path=/api/translations status=200 durationMs=282
[pod/gateway-78cb7fd75f-c2pvz/gateway] 2026-10-05T23:49:43.315+00:00 INFO  http.request requestId=50d611f7-6bd0-41d3-a02d-871b28c4df22 role=api pod=gateway-78cb7fd75f-c2pvz method=POST path=/api/transcriptions status=200 durationMs=722
[pod/gateway-78cb7fd75f-c2pvz/gateway] 2026-10-05T23:49:43.315+00:00 INFO  http.request requestId=dca3525b-941a-4c92-8604-b6cb05d74bbb role=api pod=gateway-78cb7fd75f-c2pvz method=POST path=/api/translations status=200 durationMs=345
[pod/gateway-78cb7fd75f-c2pvz/gateway] 2026-10-05T23:49:43.332+00:00 INFO  http.request requestId=a362f693-64a7-4363-9bb4-d734db750e16 role=api pod=gateway-78cb7fd75f-c2pvz method=POST path=/api/transcriptions status=200 durationMs=678
[pod/gateway-78cb7fd75f-c2pvz/gateway] 2026-10-05T23:49:43.354+00:00 INFO  http.request requestId=2851e7d5-343f-4578-a592-2c4e40d08ba1 role=api pod=gateway-78cb7fd75f-c2pvz method=POST path=/api/translations status=200 durationMs=350
[pod/gateway-78cb7fd75f-c2pvz/gateway] 2026-10-05T23:49:43.402+00:00 INFO  http.request requestId=2f00b98a-ace0-4283-9c0f-f970eac61599 role=api pod=gateway-78cb7fd75f-c2pvz method=POST path=/api/transcriptions status=200 durationMs=584
[pod/gateway-78cb7fd75f-c2pvz/gateway] 2026-10-05T23:49:43.426+00:00 INFO  http.request requestId=dc0e9edf-2947-4349-a777-5356fb05c983 role=api pod=gateway-78cb7fd75f-c2pvz method=POST path=/api/transcriptions status=200 durationMs=487
[pod/gateway-78cb7fd75f-c2pvz/gateway] 2026-10-05T23:49:43.444+00:00 INFO  http.request requestId=bcadb991-0a12-4f3f-b3cc-e6d44fccb590 role=api pod=gateway-78cb7fd75f-c2pvz method=POST path=/api/transcriptions status=200 durationMs=536
[pod/gateway-78cb7fd75f-c2pvz/gateway] 2026-10-05T23:49:43.510+00:00 INFO  http.request requestId=b1eab7bf-c9f5-486b-af4b-a439c804e216 role=api pod=gateway-78cb7fd75f-c2pvz method=POST path=/api/transcriptions status=200 durationMs=406
[pod/gateway-78cb7fd75f-c2pvz/gateway] 2026-10-05T23:49:43.554+00:00 INFO  http.request requestId=c8d02bb2-ba5a-447a-af70-e4d8dbb3ff02 role=api pod=gateway-78cb7fd75f-c2pvz method=POST path=/api/transcriptions status=200 durationMs=721
[pod/gateway-78cb7fd75f-c2pvz/gateway] 2026-10-05T23:49:43.592+00:00 INFO  http.request requestId=3c6e27df-7ec1-462d-9f93-91a8847dfbb3 role=api pod=gateway-78cb7fd75f-c2pvz method=POST path=/api/transcriptions status=200 durationMs=668
[pod/gateway-78cb7fd75f-c2pvz/gateway] 2026-10-05T23:49:43.595+00:00 INFO  http.request requestId=1ba96a30-676b-4e6f-b49b-75c271aded09 role=api pod=gateway-78cb7fd75f-c2pvz method=POST path=/api/translations status=200 durationMs=266
[pod/gateway-78cb7fd75f-c2pvz/gateway] 2026-10-05T23:49:43.611+00:00 INFO  http.request requestId=cd0ad139-2661-41e2-80a0-4acbd866afa4 role=api pod=gateway-78cb7fd75f-c2pvz method=POST path=/api/transcriptions status=200 durationMs=567
[pod/gateway-78cb7fd75f-c2pvz/gateway] 2026-10-05T23:49:43.619+00:00 INFO  http.request requestId=51eae9eb-8ec1-44b6-ac51-ea8eeb7e42ab role=api pod=gateway-78cb7fd75f-c2pvz method=POST path=/api/translations status=200 durationMs=327
[pod/gateway-78cb7fd75f-c2pvz/gateway] 2026-10-05T23:49:43.632+00:00 INFO  http.request requestId=47fa7480-d3ef-44e2-8b71-d563c8b6253c role=api pod=gateway-78cb7fd75f-c2pvz method=POST path=/api/transcriptions status=200 durationMs=604
[pod/gateway-78cb7fd75f-c2pvz/gateway] 2026-10-05T23:49:43.653+00:00 INFO  http.request requestId=c219ed29-dcca-4497-a046-38e4bdc716a2 role=api pod=gateway-78cb7fd75f-c2pvz method=POST path=/api/translations status=200 durationMs=361
[pod/gateway-78cb7fd75f-c2pvz/gateway] 2026-10-05T23:49:43.669+00:00 INFO  http.request requestId=c07a5ad3-8b72-4cdb-838d-a206704df061 role=api pod=gateway-78cb7fd75f-c2pvz method=POST path=/api/translations status=200 durationMs=329
[pod/gateway-78cb7fd75f-c2pvz/gateway] 2026-10-05T23:49:43.687+00:00 INFO  http.request requestId=395c95ff-8a0d-401b-97ec-8b07fee41978 role=api pod=gateway-78cb7fd75f-c2pvz method=POST path=/api/translations status=200 durationMs=355
[pod/gateway-78cb7fd75f-c2pvz/gateway] 2026-10-05T23:49:43.692+00:00 INFO  http.request requestId=8cd34eeb-d346-4451-80c9-0fe9a17db993 role=api pod=gateway-78cb7fd75f-c2pvz method=POST path=/api/transcriptions status=200 durationMs=513
[pod/gateway-78cb7fd75f-c2pvz/gateway] 2026-10-05T23:49:43.773+00:00 INFO  http.request requestId=69b5c658-ef87-406e-b275-603748c07631 role=api pod=gateway-78cb7fd75f-c2pvz method=POST path=/api/translations status=200 durationMs=219
[pod/gateway-78cb7fd75f-c2pvz/gateway] 2026-10-05T23:49:43.818+00:00 INFO  http.request requestId=23e652a1-f90d-4b9c-a296-c27c65ef17d9 role=api pod=gateway-78cb7fd75f-c2pvz method=POST path=/api/translations status=200 durationMs=347
[pod/gateway-78cb7fd75f-c2pvz/gateway] 2026-10-05T23:49:43.825+00:00 INFO  http.request requestId=23608c08-294c-4a82-8d22-83f6020d5289 role=api pod=gateway-78cb7fd75f-c2pvz method=POST path=/api/transcriptions status=200 durationMs=631
[pod/gateway-78cb7fd75f-c2pvz/gateway] 2026-10-05T23:49:43.832+00:00 INFO  http.request requestId=33e0c452-4ea6-495d-b38c-84e9e683c885 role=api pod=gateway-78cb7fd75f-c2pvz method=POST path=/api/transcriptions status=200 durationMs=473
[pod/gateway-78cb7fd75f-c2pvz/gateway] 2026-10-05T23:49:43.877+00:00 INFO  http.request requestId=1246ac80-5993-4c2f-8701-6c6bdabda0a4 role=api pod=gateway-78cb7fd75f-c2pvz method=POST path=/api/transcriptions status=200 durationMs=563
[pod/gateway-78cb7fd75f-c2pvz/gateway] 2026-10-05T23:49:43.878+00:00 INFO  http.request requestId=873e0b2b-6747-4f84-ac7d-0215dba1a8b8 role=api pod=gateway-78cb7fd75f-c2pvz method=POST path=/api/translations status=200 durationMs=245
[pod/gateway-78cb7fd75f-c2pvz/gateway] 2026-10-05T23:49:43.928+00:00 INFO  http.request requestId=b94d2103-0b73-42d8-8400-03e0c4237362 role=api pod=gateway-78cb7fd75f-c2pvz method=POST path=/api/translations status=200 durationMs=332
[pod/gateway-78cb7fd75f-c2pvz/gateway] 2026-10-05T23:49:43.942+00:00 INFO  http.request requestId=974dd738-5c14-45c7-b3a3-367303020ba6 role=api pod=gateway-78cb7fd75f-c2pvz method=POST path=/api/transcriptions status=200 durationMs=539
[pod/gateway-78cb7fd75f-c2pvz/gateway] 2026-10-05T23:49:43.991+00:00 INFO  http.request requestId=04556960-9fae-45f0-a6e9-d80571bff809 role=api pod=gateway-78cb7fd75f-c2pvz method=POST path=/api/transcriptions status=200 durationMs=722
[pod/gateway-78cb7fd75f-c2pvz/gateway] 2026-10-05T23:49:44.064+00:00 INFO  http.request requestId=3a3ac1b1-dcf5-4153-b1ff-70dc2778f5e9 role=api pod=gateway-78cb7fd75f-c2pvz method=POST path=/api/transcriptions status=200 durationMs=616
[pod/gateway-78cb7fd75f-c2pvz/gateway] 2026-10-05T23:49:44.111+00:00 INFO  http.request requestId=43a36abd-9a32-4bc6-9214-8360e55f0917 role=api pod=gateway-78cb7fd75f-c2pvz method=POST path=/api/translations status=200 durationMs=232
[pod/gateway-78cb7fd75f-c2pvz/gateway] 2026-10-05T23:49:44.135+00:00 INFO  http.request requestId=977e50ab-8043-4747-b745-7f4c5c31e74a role=api pod=gateway-78cb7fd75f-c2pvz method=POST path=/api/transcriptions status=200 durationMs=521
[pod/gateway-78cb7fd75f-c2pvz/gateway] 2026-10-05T23:49:44.167+00:00 INFO  http.request requestId=af6a4cff-2361-43d7-8655-b4c510c15afa role=api pod=gateway-78cb7fd75f-c2pvz method=POST path=/api/transcriptions status=200 durationMs=569
[pod/gateway-78cb7fd75f-c2pvz/gateway] 2026-10-05T23:49:44.173+00:00 INFO  http.request requestId=dd56fa47-825a-4b28-9c3f-ae93d8d5b589 role=api pod=gateway-78cb7fd75f-c2pvz method=POST path=/api/translations status=200 durationMs=305
[pod/gateway-78cb7fd75f-c2pvz/gateway] 2026-10-05T23:49:44.204+00:00 INFO  http.request requestId=314e4a64-d743-4b8c-8256-d889643d1b45 role=api pod=gateway-78cb7fd75f-c2pvz method=POST path=/api/translations status=200 durationMs=371
[pod/gateway-78cb7fd75f-c2pvz/gateway] 2026-10-05T23:49:44.237+00:00 INFO  http.request requestId=ea714a05-af04-47ad-97f3-c3094ed7d85d role=api pod=gateway-78cb7fd75f-c2pvz method=POST path=/api/translations status=200 durationMs=245
[pod/gateway-78cb7fd75f-c2pvz/gateway] 2026-10-05T23:49:44.281+00:00 INFO  http.request requestId=e8b97fdd-8e56-4620-9634-09f4e4fc02e1 role=api pod=gateway-78cb7fd75f-c2pvz method=POST path=/api/transcriptions status=200 durationMs=623
[pod/gateway-78cb7fd75f-c2pvz/gateway] 2026-10-05T23:49:44.312+00:00 INFO  http.request requestId=a619b864-b7ca-49d2-a465-b5966a91f233 role=api pod=gateway-78cb7fd75f-c2pvz method=POST path=/api/transcriptions status=200 durationMs=758
[pod/gateway-78cb7fd75f-c2pvz/gateway] 2026-10-05T23:49:44.323+00:00 INFO  http.request requestId=1853d8c7-181a-4066-ac92-f4bfcaa9c49d role=api pod=gateway-78cb7fd75f-c2pvz method=POST path=/api/transcriptions status=200 durationMs=650
[pod/gateway-78cb7fd75f-c2pvz/gateway] 2026-10-05T23:49:44.359+00:00 INFO  http.request requestId=a949286e-cb10-490b-a515-228b4a3a6523 role=api pod=gateway-78cb7fd75f-c2pvz method=POST path=/api/transcriptions status=200 durationMs=431
[pod/gateway-78cb7fd75f-c2pvz/gateway] 2026-10-05T23:49:44.401+00:00 INFO  http.request requestId=87ee1c70-ecd0-4e6e-9d78-386e3884326b role=api pod=gateway-78cb7fd75f-c2pvz method=POST path=/api/transcriptions status=200 durationMs=756
[pod/gateway-78cb7fd75f-c2pvz/gateway] 2026-10-05T23:49:44.428+00:00 INFO  http.request requestId=0a64c136-ddb7-4c8c-8398-dd4ec3b69667 role=api pod=gateway-78cb7fd75f-c2pvz method=POST path=/api/transcriptions status=200 durationMs=649
[pod/gateway-78cb7fd75f-c2pvz/gateway] 2026-10-05T23:49:44.428+00:00 INFO  http.request requestId=5cb4e940-77bd-4435-9183-7bd2528fee18 role=api pod=gateway-78cb7fd75f-c2pvz method=POST path=/api/transcriptions status=200 durationMs=710
[pod/gateway-78cb7fd75f-c2pvz/gateway] 2026-10-05T23:49:44.440+00:00 INFO  http.request requestId=7425661a-b933-4860-bb4a-8cfd07379f65 role=api pod=gateway-78cb7fd75f-c2pvz method=POST path=/api/translations status=200 durationMs=376
[pod/gateway-78cb7fd75f-c2pvz/gateway] 2026-10-05T23:49:44.452+00:00 INFO  http.request requestId=8f323f33-012a-457e-ba3c-66c3cf634b88 role=api pod=gateway-78cb7fd75f-c2pvz method=POST path=/api/transcriptions status=200 durationMs=509
[pod/gateway-78cb7fd75f-c2pvz/gateway] 2026-10-05T23:49:44.472+00:00 INFO  http.request requestId=a1f28909-c790-4117-8223-ff66b091aff2 role=api pod=gateway-78cb7fd75f-c2pvz method=POST path=/api/translations status=200 durationMs=406
[pod/gateway-78cb7fd75f-c2pvz/gateway] 2026-10-05T23:49:44.480+00:00 INFO  http.request requestId=60866b85-87ee-4927-a408-05a116bff74a role=api pod=gateway-78cb7fd75f-c2pvz method=POST path=/api/translations status=200 durationMs=360
[pod/gateway-78cb7fd75f-c2pvz/gateway] 2026-10-05T23:49:44.519+00:00 INFO  http.request requestId=60bc8eb6-c240-40c1-a21f-2ea5c542dfcb role=api pod=gateway-78cb7fd75f-c2pvz method=POST path=/api/translations status=200 durationMs=381
[pod/gateway-78cb7fd75f-c2pvz/gateway] 2026-10-05T23:49:44.522+00:00 INFO  http.request requestId=bf08e85d-df6d-44d4-aaf6-190ce38b62e4 role=api pod=gateway-78cb7fd75f-c2pvz method=POST path=/api/transcriptions status=200 durationMs=683
[pod/gateway-78cb7fd75f-c2pvz/gateway] 2026-10-05T23:49:44.580+00:00 INFO  http.request requestId=fa8ed1b9-add1-4648-9228-b842e7ef553d role=api pod=gateway-78cb7fd75f-c2pvz method=POST path=/api/translations status=200 durationMs=299
[pod/gateway-78cb7fd75f-c2pvz/gateway] 2026-10-05T23:49:44.593+00:00 INFO  http.request requestId=0a71365b-ebb6-4cd4-abc2-a142b735dcba role=api pod=gateway-78cb7fd75f-c2pvz method=POST path=/api/translations status=200 durationMs=374
[pod/gateway-78cb7fd75f-c2pvz/gateway] 2026-10-05T23:49:44.680+00:00 INFO  http.request requestId=05a944bb-2b48-4720-8286-46b8274f1feb role=api pod=gateway-78cb7fd75f-c2pvz method=POST path=/api/transcriptions status=200 durationMs=512
[pod/gateway-78cb7fd75f-c2pvz/gateway] 2026-10-05T23:49:44.690+00:00 INFO  http.request requestId=db3a0d73-ae30-4243-b3ba-daf30f776e85 role=api pod=gateway-78cb7fd75f-c2pvz method=POST path=/api/translations status=200 durationMs=262
[pod/gateway-78cb7fd75f-c2pvz/gateway] 2026-10-05T23:49:44.710+00:00 INFO  http.request requestId=142e815b-3699-4518-9999-960fd1db1fa1 role=api pod=gateway-78cb7fd75f-c2pvz method=POST path=/api/translations status=200 durationMs=390
[pod/gateway-78cb7fd75f-c2pvz/gateway] 2026-10-05T23:49:44.729+00:00 INFO  http.request requestId=4e61a1f4-b76e-4fef-81b0-e5fdb653896e role=api pod=gateway-78cb7fd75f-c2pvz method=POST path=/api/translations status=200 durationMs=275
[pod/gateway-78cb7fd75f-c2pvz/gateway] 2026-10-05T23:49:44.737+00:00 INFO  http.request requestId=ebce79af-d0d2-4f74-ac8a-2e30997ca2ab role=api pod=gateway-78cb7fd75f-c2pvz method=POST path=/api/transcriptions status=200 durationMs=493
[pod/gateway-78cb7fd75f-c2pvz/gateway] 2026-10-05T23:49:44.747+00:00 INFO  http.request requestId=3d3dfe4c-5992-44b5-a56f-758976d3010f role=api pod=gateway-78cb7fd75f-c2pvz method=POST path=/api/translations status=200 durationMs=224
[pod/gateway-78cb7fd75f-c2pvz/gateway] 2026-10-05T23:49:44.747+00:00 INFO  http.request requestId=d2343875-52ef-4163-96ca-46f1ed8eafe2 role=api pod=gateway-78cb7fd75f-c2pvz method=POST path=/api/translations status=200 durationMs=375
[pod/gateway-78cb7fd75f-c2pvz/gateway] 2026-10-05T23:49:44.747+00:00 INFO  http.request requestId=47108c03-6705-46f4-b336-2a37e851ca22 role=api pod=gateway-78cb7fd75f-c2pvz method=POST path=/api/transcriptions status=200 durationMs=414
[pod/gateway-78cb7fd75f-c2pvz/gateway] 2026-10-05T23:49:44.830+00:00 INFO  http.request requestId=e7c58f4c-7885-4c7b-aca4-b7c19d52ed9f role=api pod=gateway-78cb7fd75f-c2pvz method=POST path=/api/transcriptions status=200 durationMs=421
[pod/gateway-78cb7fd75f-c2pvz/gateway] 2026-10-05T23:49:44.830+00:00 INFO  http.request requestId=531bc04a-f865-41ed-967e-65671dec61be role=api pod=gateway-78cb7fd75f-c2pvz method=POST path=/api/translations status=200 durationMs=300
[pod/gateway-78cb7fd75f-c2pvz/gateway] 2026-10-05T23:49:44.917+00:00 INFO  http.request requestId=270ed01b-bb64-4a40-9986-de31d98b25f6 role=api pod=gateway-78cb7fd75f-c2pvz method=POST path=/api/translations status=200 durationMs=342
[pod/gateway-78cb7fd75f-c2pvz/gateway] 2026-10-05T23:49:44.972+00:00 INFO  http.request requestId=c9a4cd88-380a-49d0-ae2d-61359e49e119 role=api pod=gateway-78cb7fd75f-c2pvz method=POST path=/api/transcriptions status=200 durationMs=531
[pod/gateway-78cb7fd75f-c2pvz/gateway] 2026-10-05T23:49:44.997+00:00 INFO  http.request requestId=1f2b848f-c738-4319-94fd-054545bdce27 role=api pod=gateway-78cb7fd75f-c2pvz method=POST path=/api/transcriptions status=200 durationMs=633
[pod/gateway-78cb7fd75f-c2pvz/gateway] 2026-10-05T23:49:45.020+00:00 INFO  http.request requestId=2471aa5b-b264-4718-bae1-7991ded6a039 role=api pod=gateway-78cb7fd75f-c2pvz method=POST path=/api/translations status=200 durationMs=335
[pod/gateway-78cb7fd75f-c2pvz/gateway] 2026-10-05T23:49:45.071+00:00 INFO  http.request requestId=963bda4a-ad26-4cfa-bd7c-a4502642a532 role=api pod=gateway-78cb7fd75f-c2pvz method=POST path=/api/translations status=200 durationMs=320
[pod/gateway-78cb7fd75f-c2pvz/gateway] 2026-10-05T23:49:45.108+00:00 INFO  http.request requestId=a5ce914f-c986-424e-8331-e79f248287fd role=api pod=gateway-78cb7fd75f-c2pvz method=POST path=/api/transcriptions status=200 durationMs=415
[pod/gateway-78cb7fd75f-c2pvz/gateway] 2026-10-05T23:49:45.111+00:00 INFO  http.request requestId=2672564f-34bd-4932-bcf5-bb64024fa00b role=api pod=gateway-78cb7fd75f-c2pvz method=POST path=/api/translations status=200 durationMs=277
[pod/gateway-78cb7fd75f-c2pvz/gateway] 2026-10-05T23:49:45.115+00:00 INFO  http.request requestId=9df8177e-2806-4074-9888-96f42107bc67 role=api pod=gateway-78cb7fd75f-c2pvz method=POST path=/api/translations status=200 durationMs=236
[pod/gateway-78cb7fd75f-c2pvz/gateway] 2026-10-05T23:49:45.133+00:00 INFO  http.request requestId=289a3c7a-5c47-4f7a-be79-57b45b6b99d8 role=api pod=gateway-78cb7fd75f-c2pvz method=POST path=/api/translations status=200 durationMs=393
[pod/gateway-78cb7fd75f-c2pvz/gateway] 2026-10-05T23:49:45.136+00:00 INFO  http.request requestId=93bfdba5-2f8f-4a11-8584-a1f9e57d4603 role=api pod=gateway-78cb7fd75f-c2pvz method=POST path=/api/translations status=200 durationMs=306
[pod/gateway-78cb7fd75f-c2pvz/gateway] 2026-10-05T23:49:45.142+00:00 INFO  http.request requestId=506beb3c-51ea-48cb-849a-218df3c486b1 role=api pod=gateway-78cb7fd75f-c2pvz method=POST path=/api/transcriptions status=200 durationMs=689
[pod/gateway-78cb7fd75f-c2pvz/gateway] 2026-10-05T23:49:45.154+00:00 INFO  http.request requestId=55e0b8ca-8a7d-449a-94e5-23deb8f658f1 role=api pod=gateway-78cb7fd75f-c2pvz method=POST path=/api/transcriptions status=200 durationMs=536
[pod/gateway-78cb7fd75f-c2pvz/gateway] 2026-10-05T23:49:45.174+00:00 INFO  http.request requestId=4623f0b8-fbe7-4756-93b3-05ec7250b212 role=api pod=gateway-78cb7fd75f-c2pvz method=POST path=/api/translations status=200 durationMs=3007
[pod/gateway-78cb7fd75f-c2pvz/gateway] 2026-10-05T23:49:45.243+00:00 INFO  http.request requestId=e085650a-8d64-4d44-af8f-d48a02920987 role=api pod=gateway-78cb7fd75f-c2pvz method=POST path=/api/transcriptions status=200 durationMs=638
[pod/gateway-78cb7fd75f-c2pvz/gateway] 2026-10-05T23:49:45.311+00:00 INFO  http.request requestId=4b9a3117-d142-4c40-b63f-63e7f4f91a20 role=api pod=gateway-78cb7fd75f-c2pvz method=POST path=/api/translations status=200 durationMs=339
[pod/gateway-78cb7fd75f-c2pvz/gateway] 2026-10-05T23:49:45.341+00:00 INFO  http.request requestId=7d2572fc-a154-4451-b42f-337757cce11e role=api pod=gateway-78cb7fd75f-c2pvz method=POST path=/api/transcriptions status=200 durationMs=498
[pod/gateway-78cb7fd75f-c2pvz/gateway] 2026-10-05T23:49:45.386+00:00 INFO  http.request requestId=13b8130d-4258-44bd-925b-c8a360f9b2a5 role=api pod=gateway-78cb7fd75f-c2pvz method=POST path=/api/transcriptions status=200 durationMs=631
[pod/gateway-78cb7fd75f-c2pvz/gateway] 2026-10-05T23:49:45.404+00:00 INFO  http.request requestId=44027a94-cda9-447b-a479-0d652235eab6 role=api pod=gateway-78cb7fd75f-c2pvz method=POST path=/api/transcriptions status=200 durationMs=666
[pod/gateway-78cb7fd75f-c2pvz/gateway] 2026-10-05T23:49:45.411+00:00 INFO  http.request requestId=21cdad2a-125e-4a03-97f8-1a9b4d8827a4 role=api pod=gateway-78cb7fd75f-c2pvz method=POST path=/api/translations status=200 durationMs=300
[pod/gateway-78cb7fd75f-c2pvz/gateway] 2026-10-05T23:49:45.456+00:00 INFO  http.request requestId=0a14fc35-a065-438e-91fc-3fd9e57cccc5 role=api pod=gateway-78cb7fd75f-c2pvz method=POST path=/api/translations status=200 durationMs=368
[pod/gateway-78cb7fd75f-c2pvz/gateway] 2026-10-05T23:49:45.489+00:00 INFO  http.request requestId=65f4f875-3a7b-4d31-8d45-00ef7fb82937 role=api pod=gateway-78cb7fd75f-c2pvz method=POST path=/api/transcriptions status=200 durationMs=465
[pod/gateway-78cb7fd75f-c2pvz/gateway] 2026-10-05T23:49:45.490+00:00 INFO  http.request requestId=fd3778a7-448d-4890-a2e9-3636af84c850 role=api pod=gateway-78cb7fd75f-c2pvz method=POST path=/api/translations status=200 durationMs=269
[pod/gateway-78cb7fd75f-c2pvz/gateway] 2026-10-05T23:49:45.514+00:00 INFO  http.request requestId=0dbde976-0de9-48df-aa0f-af6d9fc16c37 role=api pod=gateway-78cb7fd75f-c2pvz method=POST path=/api/translations status=200 durationMs=333
[pod/gateway-78cb7fd75f-c2pvz/gateway] 2026-10-05T23:49:45.580+00:00 INFO  http.request requestId=8b61b4a7-7614-4446-81af-7df12862b3c5 role=api pod=gateway-78cb7fd75f-c2pvz method=POST path=/api/translations status=200 durationMs=261
[pod/gateway-78cb7fd75f-c2pvz/gateway] 2026-10-05T23:49:45.596+00:00 INFO  http.request requestId=d48c4f45-af3b-4b03-a4ce-880dafb3681e role=api pod=gateway-78cb7fd75f-c2pvz method=POST path=/api/translations status=200 durationMs=355
[pod/gateway-78cb7fd75f-c2pvz/gateway] 2026-10-05T23:49:45.608+00:00 INFO  http.request requestId=61bd586b-14bc-4893-828b-d86125740b36 role=api pod=gateway-78cb7fd75f-c2pvz method=POST path=/api/transcriptions status=200 durationMs=465
[pod/gateway-78cb7fd75f-c2pvz/gateway] 2026-10-05T23:49:45.609+00:00 INFO  http.request requestId=9071d2f1-10e4-4c03-a6f4-cf107ee2af28 role=api pod=gateway-78cb7fd75f-c2pvz method=POST path=/api/transcriptions status=200 durationMs=496
[pod/gateway-78cb7fd75f-c2pvz/gateway] 2026-10-05T23:49:45.636+00:00 INFO  http.request requestId=58d8f3f3-8cb3-4644-8a8b-3ceab309cc6f role=api pod=gateway-78cb7fd75f-c2pvz method=POST path=/api/transcriptions status=200 durationMs=627
[pod/gateway-78cb7fd75f-c2pvz/gateway] 2026-10-05T23:49:45.649+00:00 INFO  http.request requestId=9c371980-e3ba-409a-9b8b-d9f27bff2f81 role=api pod=gateway-78cb7fd75f-c2pvz method=POST path=/api/translations status=200 durationMs=259
[pod/gateway-78cb7fd75f-c2pvz/gateway] 2026-10-05T23:49:45.673+00:00 INFO  http.request requestId=c47bd782-8070-4bcc-9f59-e740a0f5655e role=api pod=gateway-78cb7fd75f-c2pvz method=POST path=/api/transcriptions status=200 durationMs=425
[pod/gateway-78cb7fd75f-c2pvz/gateway] 2026-10-05T23:49:45.705+00:00 INFO  http.request requestId=4d423c4c-8671-4587-b331-3120a718fb7e role=api pod=gateway-78cb7fd75f-c2pvz method=POST path=/api/translations status=200 durationMs=223
[pod/gateway-78cb7fd75f-c2pvz/gateway] 2026-10-05T23:49:45.707+00:00 INFO  http.request requestId=e7c606c1-001c-45c9-9da8-ccbd3108d404 role=api pod=gateway-78cb7fd75f-c2pvz method=POST path=/api/transcriptions status=200 durationMs=549
[pod/gateway-78cb7fd75f-c2pvz/gateway] 2026-10-05T23:49:45.725+00:00 INFO  http.request requestId=09ae2e3f-8ca7-40c9-96a4-920df686e8af role=api pod=gateway-78cb7fd75f-c2pvz method=POST path=/api/transcriptions status=200 durationMs=746
[pod/gateway-78cb7fd75f-c2pvz/gateway] 2026-10-05T23:49:45.727+00:00 INFO  http.request requestId=48c201b3-f271-4bf1-9089-51742825712a role=api pod=gateway-78cb7fd75f-c2pvz method=POST path=/api/translations status=200 durationMs=242
[pod/gateway-78cb7fd75f-c2pvz/gateway] 2026-10-05T23:49:45.762+00:00 INFO  http.request requestId=b6e3091c-285e-4683-8f94-09dc27a24377 role=api pod=gateway-78cb7fd75f-c2pvz method=POST path=/api/translations status=200 durationMs=219
[pod/gateway-78cb7fd75f-c2pvz/gateway] 2026-10-05T23:49:45.843+00:00 INFO  http.request requestId=3de5851c-6f2d-4181-af34-085786f4c17e role=api pod=gateway-78cb7fd75f-c2pvz method=POST path=/api/transcriptions status=200 durationMs=564
[pod/gateway-78cb7fd75f-c2pvz/gateway] 2026-10-05T23:49:45.884+00:00 INFO  http.request requestId=d17380f2-f4d2-4255-aacb-3f14a662ff61 role=api pod=gateway-78cb7fd75f-c2pvz method=POST path=/api/translations status=200 durationMs=229
[pod/gateway-78cb7fd75f-c2pvz/gateway] 2026-10-05T23:49:45.908+00:00 INFO  http.request requestId=00af665c-02bd-4cdf-9d1d-b9b1aa170f13 role=api pod=gateway-78cb7fd75f-c2pvz method=POST path=/api/translations status=200 durationMs=401
[pod/gateway-78cb7fd75f-c2pvz/gateway] 2026-10-05T23:49:45.941+00:00 INFO  http.request requestId=39d88781-8bd0-45bc-9eee-81fc9d323069 role=api pod=gateway-78cb7fd75f-c2pvz method=POST path=/api/translations status=200 durationMs=331
[pod/gateway-78cb7fd75f-c2pvz/gateway] 2026-10-05T23:49:46.001+00:00 INFO  http.request requestId=cf8f8017-7655-4607-9a32-be391f59d6bb role=api pod=gateway-78cb7fd75f-c2pvz method=POST path=/api/translations status=200 durationMs=287
[pod/gateway-78cb7fd75f-c2pvz/gateway] 2026-10-05T23:49:46.018+00:00 INFO  http.request requestId=fd2bcfe5-7edb-4658-805b-8825b571481c role=api pod=gateway-78cb7fd75f-c2pvz method=POST path=/api/translations status=200 durationMs=382
[pod/gateway-78cb7fd75f-c2pvz/gateway] 2026-10-05T23:49:46.038+00:00 INFO  http.request requestId=55ea4824-2b51-4ac1-a93d-9c53c616a386 role=api pod=gateway-78cb7fd75f-c2pvz method=POST path=/api/translations status=200 durationMs=331
[pod/gateway-78cb7fd75f-c2pvz/gateway] 2026-10-05T23:49:46.043+00:00 INFO  http.request requestId=3f2ea599-a106-4015-b10a-5a99f40897f2 role=api pod=gateway-78cb7fd75f-c2pvz method=POST path=/api/translations status=200 durationMs=386
[pod/gateway-78cb7fd75f-c2pvz/gateway] 2026-10-05T23:49:46.111+00:00 INFO  http.request requestId=62faa8c5-5932-4d44-b47f-d0a18b66490e role=api pod=gateway-78cb7fd75f-c2pvz method=POST path=/api/translations status=200 durationMs=346
[pod/gateway-78cb7fd75f-c2pvz/gateway] 2026-10-05T23:49:46.323+00:00 INFO  http.request requestId=960dc6f5-c46d-4321-8802-59529ce4cb6d role=api pod=gateway-78cb7fd75f-c2pvz method=POST path=/api/translations status=200 durationMs=381
[pod/gateway-78cb7fd75f-c2pvz/gateway] 2026-10-05T23:49:46.703+00:00 INFO  http.request requestId=809a5bd1-c569-45d2-b3b9-f8e5504e60ff role=api pod=gateway-78cb7fd75f-c2pvz method=POST path=/api/translations status=200 durationMs=3009
[pod/gateway-78cb7fd75f-c2pvz/gateway] 2026-10-05T23:49:50.506+00:00 INFO  http.request requestId=53082cab-b89a-470d-abcc-6dbff7a5dd32 role=api pod=gateway-78cb7fd75f-c2pvz method=POST path=/api/transcriptions status=200 durationMs=12006
[pod/gateway-78cb7fd75f-c2pvz/gateway] 2026-10-05T23:49:56.506+00:00 INFO  http.request requestId=fedeffcb-ffdd-40a1-9442-050372c20af8 role=api pod=gateway-78cb7fd75f-c2pvz method=POST path=/api/transcriptions status=200 durationMs=12007
[pod/gateway-78cb7fd75f-gnfxw/gateway] 2026-10-05T23:49:37.567+00:00 INFO  http.request requestId=fb71ffac-36b9-4f6a-ad7f-6d9b3a3f18c8 role=api pod=gateway-78cb7fd75f-gnfxw method=POST path=/api/transcriptions status=200 durationMs=629
[pod/gateway-78cb7fd75f-gnfxw/gateway] 2026-10-05T23:49:37.580+00:00 INFO  http.request requestId=e4582ab5-5725-410e-8059-a3d0a29e0eeb role=api pod=gateway-78cb7fd75f-gnfxw method=POST path=/api/translations status=200 durationMs=208
[pod/gateway-78cb7fd75f-gnfxw/gateway] 2026-10-05T23:49:37.596+00:00 INFO  http.request requestId=8cab929e-46ba-44b4-b363-d0cf9ea8a04c role=api pod=gateway-78cb7fd75f-gnfxw method=POST path=/api/transcriptions status=200 durationMs=1017
[pod/gateway-78cb7fd75f-gnfxw/gateway] 2026-10-05T23:49:37.643+00:00 INFO  http.request requestId=8256933d-7ba9-4d0c-9080-dcbb212e3f3d role=api pod=gateway-78cb7fd75f-gnfxw method=POST path=/api/transcriptions status=200 durationMs=988
[pod/gateway-78cb7fd75f-gnfxw/gateway] 2026-10-05T23:49:37.650+00:00 INFO  http.request requestId=910f73f8-8997-449e-80d2-34e8794b0f01 role=api pod=gateway-78cb7fd75f-gnfxw method=POST path=/api/translations status=200 durationMs=390
[pod/gateway-78cb7fd75f-gnfxw/gateway] 2026-10-05T23:49:37.696+00:00 INFO  http.request requestId=626fec9a-5874-401c-96e4-a0fe8ea5eb6b role=api pod=gateway-78cb7fd75f-gnfxw method=POST path=/api/transcriptions status=200 durationMs=532
[pod/gateway-78cb7fd75f-gnfxw/gateway] 2026-10-05T23:49:37.707+00:00 INFO  http.request requestId=0e470215-a9c6-4c70-84fc-b96e811b4758 role=api pod=gateway-78cb7fd75f-gnfxw method=POST path=/api/transcriptions status=200 durationMs=469
[pod/gateway-78cb7fd75f-gnfxw/gateway] 2026-10-05T23:49:37.707+00:00 INFO  http.request requestId=40567cb3-d034-4a54-8e00-a35e49463ebf role=api pod=gateway-78cb7fd75f-gnfxw method=POST path=/api/transcriptions status=200 durationMs=799
[pod/gateway-78cb7fd75f-gnfxw/gateway] 2026-10-05T23:49:37.731+00:00 INFO  http.request requestId=efb9e7c1-dca0-4134-a9c2-6957af9f7d4d role=api pod=gateway-78cb7fd75f-gnfxw method=POST path=/api/translations status=200 durationMs=3011
[pod/gateway-78cb7fd75f-gnfxw/gateway] 2026-10-05T23:49:37.735+00:00 INFO  http.request requestId=b6bbbe53-01d9-49b0-bc91-236d72cb180d role=api pod=gateway-78cb7fd75f-gnfxw method=POST path=/api/translations status=200 durationMs=282
[pod/gateway-78cb7fd75f-gnfxw/gateway] 2026-10-05T23:49:37.754+00:00 INFO  http.request requestId=e0b40954-c372-4b01-b286-36e470881884 role=api pod=gateway-78cb7fd75f-gnfxw method=POST path=/api/translations status=200 durationMs=402
[pod/gateway-78cb7fd75f-gnfxw/gateway] 2026-10-05T23:49:37.773+00:00 INFO  http.request requestId=914563e5-4530-45b2-a897-c2ab79a92746 role=api pod=gateway-78cb7fd75f-gnfxw method=POST path=/api/translations status=200 durationMs=357
[pod/gateway-78cb7fd75f-gnfxw/gateway] 2026-10-05T23:49:37.797+00:00 INFO  http.request requestId=965742e7-cc5d-4a04-8c61-b107c242c48a role=api pod=gateway-78cb7fd75f-gnfxw method=POST path=/api/translations status=200 durationMs=383
[pod/gateway-78cb7fd75f-gnfxw/gateway] 2026-10-05T23:49:37.924+00:00 INFO  http.request requestId=e163309c-0305-4d83-9ffa-8676e06d7fb0 role=api pod=gateway-78cb7fd75f-gnfxw method=POST path=/api/translations status=200 durationMs=356
[pod/gateway-78cb7fd75f-gnfxw/gateway] 2026-10-05T23:49:37.926+00:00 INFO  http.request requestId=698a0122-69a1-4640-b146-6055eb82691a role=api pod=gateway-78cb7fd75f-gnfxw method=POST path=/api/translations status=200 durationMs=274
[pod/gateway-78cb7fd75f-gnfxw/gateway] 2026-10-05T23:49:37.952+00:00 INFO  http.request requestId=27f81268-7247-4386-bf27-698b102299f1 role=api pod=gateway-78cb7fd75f-gnfxw method=POST path=/api/translations status=200 durationMs=254
[pod/gateway-78cb7fd75f-gnfxw/gateway] 2026-10-05T23:49:37.960+00:00 INFO  http.request requestId=6bc3e38f-43e4-42ab-99ec-f46b449856c2 role=api pod=gateway-78cb7fd75f-gnfxw method=POST path=/api/transcriptions status=200 durationMs=407
[pod/gateway-78cb7fd75f-gnfxw/gateway] 2026-10-05T23:49:37.972+00:00 INFO  http.request requestId=df56a098-f5b5-4393-b7c0-90f20dd5e445 role=api pod=gateway-78cb7fd75f-gnfxw method=POST path=/api/translations status=200 durationMs=266
[pod/gateway-78cb7fd75f-gnfxw/gateway] 2026-10-05T23:49:37.981+00:00 INFO  http.request requestId=c0a2d9f5-6b46-4c97-9dbb-deee44abb701 role=api pod=gateway-78cb7fd75f-gnfxw method=POST path=/api/transcriptions status=200 durationMs=608
[pod/gateway-78cb7fd75f-gnfxw/gateway] 2026-10-05T23:49:37.997+00:00 INFO  http.request requestId=49a2f3c8-3351-4541-826e-911348507ffd role=api pod=gateway-78cb7fd75f-gnfxw method=POST path=/api/translations status=200 durationMs=289
[pod/gateway-78cb7fd75f-gnfxw/gateway] 2026-10-05T23:49:38.037+00:00 INFO  http.request requestId=de26f49e-c6fc-4357-b5c9-9f49ff6dc9ac role=api pod=gateway-78cb7fd75f-gnfxw method=POST path=/api/translations status=200 durationMs=285
[pod/gateway-78cb7fd75f-gnfxw/gateway] 2026-10-05T23:49:38.060+00:00 INFO  http.request requestId=87decfba-5036-4d5e-9916-21e47c492641 role=api pod=gateway-78cb7fd75f-gnfxw method=POST path=/api/translations status=200 durationMs=322
[pod/gateway-78cb7fd75f-gnfxw/gateway] 2026-10-05T23:49:38.162+00:00 INFO  http.request requestId=582ec336-a674-48d1-8ad2-622c05b402b5 role=api pod=gateway-78cb7fd75f-gnfxw method=POST path=/api/transcriptions status=200 durationMs=590
[pod/gateway-78cb7fd75f-gnfxw/gateway] 2026-10-05T23:49:38.174+00:00 INFO  http.request requestId=3188a27d-554c-4d7a-b81a-2aa11c3cfd7f role=api pod=gateway-78cb7fd75f-gnfxw method=POST path=/api/transcriptions status=200 durationMs=485
[pod/gateway-78cb7fd75f-gnfxw/gateway] 2026-10-05T23:49:38.200+00:00 INFO  http.request requestId=903a4378-2f5d-4476-b464-c2d738fa9aa0 role=api pod=gateway-78cb7fd75f-gnfxw method=POST path=/api/translations status=200 durationMs=227
[pod/gateway-78cb7fd75f-gnfxw/gateway] 2026-10-05T23:49:38.221+00:00 INFO  http.request requestId=3d5faa69-e10d-4c91-85a7-179d6a919f75 role=api pod=gateway-78cb7fd75f-gnfxw method=POST path=/api/translations status=200 durationMs=359
[pod/gateway-78cb7fd75f-gnfxw/gateway] 2026-10-05T23:49:38.224+00:00 INFO  http.request requestId=b0186558-5222-4d8d-bf2b-a0685bcc62ab role=api pod=gateway-78cb7fd75f-gnfxw method=POST path=/api/transcriptions status=200 durationMs=701
[pod/gateway-78cb7fd75f-gnfxw/gateway] 2026-10-05T23:49:38.270+00:00 INFO  http.request requestId=d859ad8c-dbfa-4aca-82d9-f0f18906e589 role=api pod=gateway-78cb7fd75f-gnfxw method=POST path=/api/translations status=200 durationMs=371
[pod/gateway-78cb7fd75f-gnfxw/gateway] 2026-10-05T23:49:38.312+00:00 INFO  http.request requestId=15c2036d-312f-4955-b5a7-484010fcdcf2 role=api pod=gateway-78cb7fd75f-gnfxw method=POST path=/api/translations status=200 durationMs=387
[pod/gateway-78cb7fd75f-gnfxw/gateway] 2026-10-05T23:49:38.345+00:00 INFO  http.request requestId=e1bed27e-b898-4c30-b7bd-6489cdcaa3a9 role=api pod=gateway-78cb7fd75f-gnfxw method=POST path=/api/transcriptions status=200 durationMs=702
[pod/gateway-78cb7fd75f-gnfxw/gateway] 2026-10-05T23:49:38.349+00:00 INFO  http.request requestId=aa624090-c41e-4d45-8f7b-dac71c02e202 role=api pod=gateway-78cb7fd75f-gnfxw method=POST path=/api/translations status=200 durationMs=302
[pod/gateway-78cb7fd75f-gnfxw/gateway] 2026-10-05T23:49:38.353+00:00 INFO  http.request requestId=78128fd3-1b78-40e4-846d-387a3ac30c70 role=api pod=gateway-78cb7fd75f-gnfxw method=POST path=/api/translations status=200 durationMs=401
[pod/gateway-78cb7fd75f-gnfxw/gateway] 2026-10-05T23:49:38.353+00:00 INFO  http.request requestId=0d35e877-46a9-470e-b310-b630c7f6a0c2 role=api pod=gateway-78cb7fd75f-gnfxw method=POST path=/api/translations status=200 durationMs=289
[pod/gateway-78cb7fd75f-gnfxw/gateway] 2026-10-05T23:49:38.369+00:00 INFO  http.request requestId=a58e7e94-7d6b-448c-b40d-a1c14fb9209e role=api pod=gateway-78cb7fd75f-gnfxw method=POST path=/api/transcriptions status=200 durationMs=647
[pod/gateway-78cb7fd75f-gnfxw/gateway] 2026-10-05T23:49:38.387+00:00 INFO  http.request requestId=05355678-4de0-42bb-8bde-8c88dfb12e98 role=api pod=gateway-78cb7fd75f-gnfxw method=POST path=/api/transcriptions status=200 durationMs=788
[pod/gateway-78cb7fd75f-gnfxw/gateway] 2026-10-05T23:49:38.469+00:00 INFO  http.request requestId=449cf902-d728-4f39-8bc7-95b529a36712 role=api pod=gateway-78cb7fd75f-gnfxw method=POST path=/api/transcriptions status=200 durationMs=449
[pod/gateway-78cb7fd75f-gnfxw/gateway] 2026-10-05T23:49:38.531+00:00 INFO  http.request requestId=8545545d-ee2b-40f5-b95d-746bf1e87d4e role=api pod=gateway-78cb7fd75f-gnfxw method=POST path=/api/transcriptions status=200 durationMs=572
[pod/gateway-78cb7fd75f-gnfxw/gateway] 2026-10-05T23:49:38.532+00:00 INFO  http.request requestId=1df799a4-aae9-43d5-b060-6546a842af73 role=api pod=gateway-78cb7fd75f-gnfxw method=POST path=/api/translations status=200 durationMs=260
[pod/gateway-78cb7fd75f-gnfxw/gateway] 2026-10-05T23:49:38.535+00:00 INFO  http.request requestId=e4af863f-2aa1-42ba-88f4-e478c8bdac3f role=api pod=gateway-78cb7fd75f-gnfxw method=POST path=/api/translations status=200 durationMs=311
[pod/gateway-78cb7fd75f-gnfxw/gateway] 2026-10-05T23:49:38.562+00:00 INFO  http.request requestId=80278ef3-3400-4a90-a7b9-3375ef238133 role=api pod=gateway-78cb7fd75f-gnfxw method=POST path=/api/transcriptions status=200 durationMs=783
[pod/gateway-78cb7fd75f-gnfxw/gateway] 2026-10-05T23:49:38.568+00:00 INFO  http.request requestId=92d2d9d0-6d66-464c-bc43-c93419ed8528 role=api pod=gateway-78cb7fd75f-gnfxw method=POST path=/api/translations status=200 durationMs=341
[pod/gateway-78cb7fd75f-gnfxw/gateway] 2026-10-05T23:49:38.625+00:00 INFO  http.request requestId=fecd9b7f-041e-428b-a513-ce6615ed6c83 role=api pod=gateway-78cb7fd75f-gnfxw method=POST path=/api/translations status=200 durationMs=401
[pod/gateway-78cb7fd75f-gnfxw/gateway] 2026-10-05T23:49:38.636+00:00 INFO  http.request requestId=90e08241-bc68-4125-8007-c8973f3cce65 role=api pod=gateway-78cb7fd75f-gnfxw method=POST path=/api/translations status=200 durationMs=262
[pod/gateway-78cb7fd75f-gnfxw/gateway] 2026-10-05T23:49:38.643+00:00 INFO  http.request requestId=40f03af8-6b35-4847-a7fa-25d6f7f8b46d role=api pod=gateway-78cb7fd75f-gnfxw method=POST path=/api/translations status=200 durationMs=296
[pod/gateway-78cb7fd75f-gnfxw/gateway] 2026-10-05T23:49:38.722+00:00 INFO  http.request requestId=f6d83454-b0f7-4162-a691-dfae87ee20c2 role=api pod=gateway-78cb7fd75f-gnfxw method=POST path=/api/transcriptions status=200 durationMs=658
[pod/gateway-78cb7fd75f-gnfxw/gateway] 2026-10-05T23:49:38.729+00:00 INFO  http.request requestId=55dac751-8e95-4934-9007-a667310233ac role=api pod=gateway-78cb7fd75f-gnfxw method=POST path=/api/translations status=200 durationMs=354
[pod/gateway-78cb7fd75f-gnfxw/gateway] 2026-10-05T23:49:38.762+00:00 INFO  http.request requestId=da4ea323-55dc-4dff-96b8-7f9530f46544 role=api pod=gateway-78cb7fd75f-gnfxw method=POST path=/api/translations status=200 durationMs=393
[pod/gateway-78cb7fd75f-gnfxw/gateway] 2026-10-05T23:49:38.765+00:00 INFO  http.request requestId=180be4cd-b8a0-4d52-b6f7-7cab438cfd6c role=api pod=gateway-78cb7fd75f-gnfxw method=POST path=/api/transcriptions status=200 durationMs=582
[pod/gateway-78cb7fd75f-gnfxw/gateway] 2026-10-05T23:49:38.795+00:00 INFO  http.request requestId=bf64dd86-2326-4226-9f44-17da08a92e08 role=api pod=gateway-78cb7fd75f-gnfxw method=POST path=/api/translations status=200 durationMs=211
[pod/gateway-78cb7fd75f-gnfxw/gateway] 2026-10-05T23:49:38.818+00:00 INFO  http.request requestId=fa0b8a81-97f9-4ef3-9e69-6e2fa0f20c8c role=api pod=gateway-78cb7fd75f-gnfxw method=POST path=/api/transcriptions status=200 durationMs=648
[pod/gateway-78cb7fd75f-gnfxw/gateway] 2026-10-05T23:49:38.833+00:00 INFO  http.request requestId=82e14adc-287a-446b-b9b7-1ee4aac17569 role=api pod=gateway-78cb7fd75f-gnfxw method=POST path=/api/translations status=200 durationMs=232
[pod/gateway-78cb7fd75f-gnfxw/gateway] 2026-10-05T23:49:38.874+00:00 INFO  http.request requestId=2062262f-e4ce-4981-8a93-17489a4ee186 role=api pod=gateway-78cb7fd75f-gnfxw method=POST path=/api/translations status=200 durationMs=402
[pod/gateway-78cb7fd75f-gnfxw/gateway] 2026-10-05T23:49:38.890+00:00 INFO  http.request requestId=f52b31ef-d02f-4ff5-9494-20cb1ff397ab role=api pod=gateway-78cb7fd75f-gnfxw method=POST path=/api/translations status=200 durationMs=212
[pod/gateway-78cb7fd75f-gnfxw/gateway] 2026-10-05T23:49:38.904+00:00 INFO  http.request requestId=0abf645f-6fb4-4c86-9f94-dcb9f07e6746 role=api pod=gateway-78cb7fd75f-gnfxw method=POST path=/api/transcriptions status=200 durationMs=585
[pod/gateway-78cb7fd75f-gnfxw/gateway] 2026-10-05T23:49:38.983+00:00 INFO  http.request requestId=5f859a21-d891-4241-ad10-1339d940f582 role=api pod=gateway-78cb7fd75f-gnfxw method=POST path=/api/translations status=200 durationMs=247
[pod/gateway-78cb7fd75f-gnfxw/gateway] 2026-10-05T23:49:38.995+00:00 INFO  http.request requestId=a9b830c5-85c7-4ab9-bb1d-eefdbe6f9b8d role=api pod=gateway-78cb7fd75f-gnfxw method=POST path=/api/translations status=200 durationMs=331
[pod/gateway-78cb7fd75f-gnfxw/gateway] 2026-10-05T23:49:39.059+00:00 INFO  http.request requestId=bb11e51a-c6b0-41c5-87e1-b7909eb5db08 role=api pod=gateway-78cb7fd75f-gnfxw method=POST path=/api/translations status=200 durationMs=276
[pod/gateway-78cb7fd75f-gnfxw/gateway] 2026-10-05T23:49:39.067+00:00 INFO  http.request requestId=7730f454-c0d0-4d2a-ab75-8f5e94604a2e role=api pod=gateway-78cb7fd75f-gnfxw method=POST path=/api/transcriptions status=200 durationMs=673
[pod/gateway-78cb7fd75f-gnfxw/gateway] 2026-10-05T23:49:39.120+00:00 INFO  http.request requestId=61c688fe-fb8b-41e1-82eb-1351a21df221 role=api pod=gateway-78cb7fd75f-gnfxw method=POST path=/api/transcriptions status=200 durationMs=682
[pod/gateway-78cb7fd75f-gnfxw/gateway] 2026-10-05T23:49:39.121+00:00 INFO  http.request requestId=58037830-e1e9-4cb3-bf44-8659ae22b661 role=api pod=gateway-78cb7fd75f-gnfxw method=POST path=/api/translations status=200 durationMs=237
[pod/gateway-78cb7fd75f-gnfxw/gateway] 2026-10-05T23:49:39.130+00:00 INFO  http.request requestId=50212ddf-4b75-4910-bc35-04f763ff7bf6 role=api pod=gateway-78cb7fd75f-gnfxw method=POST path=/api/transcriptions status=200 durationMs=419
[pod/gateway-78cb7fd75f-gnfxw/gateway] 2026-10-05T23:49:39.131+00:00 INFO  http.request requestId=63c9b489-1a83-4cab-9737-42dff5217c84 role=api pod=gateway-78cb7fd75f-gnfxw method=POST path=/api/transcriptions status=200 durationMs=572
[pod/gateway-78cb7fd75f-gnfxw/gateway] 2026-10-05T23:49:39.154+00:00 INFO  http.request requestId=af84f9c0-8aaa-4b3d-9a16-21a53fa37e31 role=api pod=gateway-78cb7fd75f-gnfxw method=POST path=/api/transcriptions status=200 durationMs=611
[pod/gateway-78cb7fd75f-gnfxw/gateway] 2026-10-05T23:49:39.251+00:00 INFO  http.request requestId=64290ae2-651d-4a28-a38b-51256134c103 role=api pod=gateway-78cb7fd75f-gnfxw method=POST path=/api/transcriptions status=200 durationMs=601
[pod/gateway-78cb7fd75f-gnfxw/gateway] 2026-10-05T23:49:39.269+00:00 INFO  http.request requestId=52753ff5-5fad-47a9-aa5b-f7d8fb2f2a02 role=api pod=gateway-78cb7fd75f-gnfxw method=POST path=/api/translations status=200 durationMs=358
[pod/gateway-78cb7fd75f-gnfxw/gateway] 2026-10-05T23:49:39.283+00:00 INFO  http.request requestId=84a12396-a34e-40c9-8f5b-941290aafa79 role=api pod=gateway-78cb7fd75f-gnfxw method=POST path=/api/translations status=200 durationMs=300
[pod/gateway-78cb7fd75f-gnfxw/gateway] 2026-10-05T23:49:39.317+00:00 INFO  http.request requestId=5a32e396-e24e-43f9-88a5-a3e4ffa3dccd role=api pod=gateway-78cb7fd75f-gnfxw method=POST path=/api/transcriptions status=200 durationMs=518
[pod/gateway-78cb7fd75f-gnfxw/gateway] 2026-10-05T23:49:39.362+00:00 INFO  http.request requestId=981a17de-7622-48c1-9673-6e242547e21d role=api pod=gateway-78cb7fd75f-gnfxw method=POST path=/api/translations status=200 durationMs=234
[pod/gateway-78cb7fd75f-gnfxw/gateway] 2026-10-05T23:49:39.371+00:00 INFO  http.request requestId=9599b851-48da-4f23-af1c-9d3de94fe4c8 role=api pod=gateway-78cb7fd75f-gnfxw method=POST path=/api/translations status=200 durationMs=229
[pod/gateway-78cb7fd75f-gnfxw/gateway] 2026-10-05T23:49:39.379+00:00 INFO  http.request requestId=02bd95c8-1c34-45d4-82d9-164dd5c39115 role=api pod=gateway-78cb7fd75f-gnfxw method=POST path=/api/translations status=200 durationMs=219
[pod/gateway-78cb7fd75f-gnfxw/gateway] 2026-10-05T23:49:39.390+00:00 INFO  http.request requestId=0941e2f7-e8a3-486c-aa5c-1049a7d16299 role=api pod=gateway-78cb7fd75f-gnfxw method=POST path=/api/transcriptions status=200 durationMs=561
[pod/gateway-78cb7fd75f-gnfxw/gateway] 2026-10-05T23:49:39.416+00:00 INFO  http.request requestId=2520efe2-d061-426a-bc02-ace52a6224c5 role=api pod=gateway-78cb7fd75f-gnfxw method=POST path=/api/translations status=200 durationMs=284
[pod/gateway-78cb7fd75f-gnfxw/gateway] 2026-10-05T23:49:39.418+00:00 INFO  http.request requestId=a26f55a0-859d-42f3-98f2-14df880c3e36 role=api pod=gateway-78cb7fd75f-gnfxw method=POST path=/api/translations status=200 durationMs=343
[pod/gateway-78cb7fd75f-gnfxw/gateway] 2026-10-05T23:49:39.505+00:00 INFO  http.request requestId=eb986d96-c121-450f-8c09-c2037747e7e8 role=api pod=gateway-78cb7fd75f-gnfxw method=POST path=/api/transcriptions status=200 durationMs=736
[pod/gateway-78cb7fd75f-gnfxw/gateway] 2026-10-05T23:49:39.510+00:00 INFO  http.request requestId=3955b520-5b87-465b-a0fa-e0055fc92766 role=api pod=gateway-78cb7fd75f-gnfxw method=POST path=/api/transcriptions status=200 durationMs=783
[pod/gateway-78cb7fd75f-gnfxw/gateway] 2026-10-05T23:49:39.599+00:00 INFO  http.request requestId=6a82faae-fbb4-42c9-aeb4-c48a579a6fb2 role=api pod=gateway-78cb7fd75f-gnfxw method=POST path=/api/translations status=200 durationMs=208
[pod/gateway-78cb7fd75f-gnfxw/gateway] 2026-10-05T23:49:39.608+00:00 INFO  http.request requestId=c7f5b86a-8a7b-4481-865e-a0c9ceae0269 role=api pod=gateway-78cb7fd75f-gnfxw method=POST path=/api/transcriptions status=200 durationMs=674
[pod/gateway-78cb7fd75f-gnfxw/gateway] 2026-10-05T23:49:39.681+00:00 INFO  http.request requestId=fd8fb582-f64f-4329-bd1f-6d4e9263948d role=api pod=gateway-78cb7fd75f-gnfxw method=POST path=/api/translations status=200 durationMs=381
[pod/gateway-78cb7fd75f-gnfxw/gateway] 2026-10-05T23:49:39.710+00:00 INFO  http.request requestId=abdce0cf-2ad3-409d-9979-ac232421a56a role=api pod=gateway-78cb7fd75f-gnfxw method=POST path=/api/transcriptions status=200 durationMs=791
[pod/gateway-78cb7fd75f-gnfxw/gateway] 2026-10-05T23:49:39.719+00:00 INFO  http.request requestId=17822898-718f-4b86-a760-28a3d7278d41 role=api pod=gateway-78cb7fd75f-gnfxw method=POST path=/api/transcriptions status=200 durationMs=438
[pod/gateway-78cb7fd75f-gnfxw/gateway] 2026-10-05T23:49:39.749+00:00 INFO  http.request requestId=69503756-03fb-4b2e-8a55-1c4d9b94e907 role=api pod=gateway-78cb7fd75f-gnfxw method=POST path=/api/translations status=200 durationMs=355
[pod/gateway-78cb7fd75f-gnfxw/gateway] 2026-10-05T23:49:39.805+00:00 INFO  http.request requestId=1dd07e3d-946f-456d-876a-bc30532ca40b role=api pod=gateway-78cb7fd75f-gnfxw method=POST path=/api/transcriptions status=200 durationMs=541
[pod/gateway-78cb7fd75f-gnfxw/gateway] 2026-10-05T23:49:39.819+00:00 INFO  http.request requestId=d3cfe3d9-d94e-4007-9609-1d1f433821c8 role=api pod=gateway-78cb7fd75f-gnfxw method=POST path=/api/transcriptions status=200 durationMs=810
[pod/gateway-78cb7fd75f-gnfxw/gateway] 2026-10-05T23:49:39.819+00:00 INFO  http.request requestId=330c4237-045d-4daa-a8c1-772ba0d3c0c6 role=api pod=gateway-78cb7fd75f-gnfxw method=POST path=/api/transcriptions status=200 durationMs=750
[pod/gateway-78cb7fd75f-gnfxw/gateway] 2026-10-05T23:49:39.884+00:00 INFO  http.request requestId=b4eb99b5-069a-4ff2-8d02-17e7a89c0fb4 role=api pod=gateway-78cb7fd75f-gnfxw method=POST path=/api/transcriptions status=200 durationMs=561
[pod/gateway-78cb7fd75f-gnfxw/gateway] 2026-10-05T23:49:39.885+00:00 INFO  http.request requestId=53352521-b415-41f1-8411-8258eb157db3 role=api pod=gateway-78cb7fd75f-gnfxw method=POST path=/api/translations status=200 durationMs=374
[pod/gateway-78cb7fd75f-gnfxw/gateway] 2026-10-05T23:49:39.897+00:00 INFO  http.request requestId=8efc284d-b0a5-40db-b480-789b5ade647f role=api pod=gateway-78cb7fd75f-gnfxw method=POST path=/api/transcriptions status=200 durationMs=693
[pod/gateway-78cb7fd75f-gnfxw/gateway] 2026-10-05T23:49:39.899+00:00 INFO  http.request requestId=b7dadcdd-3910-4b4e-ac8a-cb6c873126c1 role=api pod=gateway-78cb7fd75f-gnfxw method=POST path=/api/translations status=200 durationMs=291
[pod/gateway-78cb7fd75f-gnfxw/gateway] 2026-10-05T23:49:39.920+00:00 INFO  http.request requestId=96cdf56d-5f74-4eed-ac62-3add89bf340a role=api pod=gateway-78cb7fd75f-gnfxw method=POST path=/api/transcriptions status=200 durationMs=477
[pod/gateway-78cb7fd75f-gnfxw/gateway] 2026-10-05T23:49:39.953+00:00 INFO  http.request requestId=43375b7b-0edd-483b-ae3a-7909e928e7b4 role=api pod=gateway-78cb7fd75f-gnfxw method=POST path=/api/transcriptions status=200 durationMs=525
[pod/gateway-78cb7fd75f-gnfxw/gateway] 2026-10-05T23:49:39.972+00:00 INFO  http.request requestId=691c634b-8e16-4032-a8fe-6da148fbd329 role=api pod=gateway-78cb7fd75f-gnfxw method=POST path=/api/transcriptions status=200 durationMs=574
[pod/gateway-78cb7fd75f-gnfxw/gateway] 2026-10-05T23:49:39.975+00:00 INFO  http.request requestId=a6b773cd-37da-444f-acfd-94d7b99a112f role=api pod=gateway-78cb7fd75f-gnfxw method=POST path=/api/translations status=200 durationMs=253
[pod/gateway-78cb7fd75f-gnfxw/gateway] 2026-10-05T23:49:40.044+00:00 INFO  http.request requestId=6b5794bd-8af6-4f8f-a660-3f7f98ba14dc role=api pod=gateway-78cb7fd75f-gnfxw method=POST path=/api/transcriptions status=200 durationMs=510
[pod/gateway-78cb7fd75f-gnfxw/gateway] 2026-10-05T23:49:40.044+00:00 INFO  http.request requestId=5ee2d4c0-14ae-41c5-92b8-ff6932230f8f role=api pod=gateway-78cb7fd75f-gnfxw method=POST path=/api/transcriptions status=200 durationMs=420
[pod/gateway-78cb7fd75f-gnfxw/gateway] 2026-10-05T23:49:40.062+00:00 INFO  http.request requestId=69d1bd0f-5f8d-4741-b1de-86841ba16824 role=api pod=gateway-78cb7fd75f-gnfxw method=POST path=/api/translations status=200 durationMs=243
[pod/gateway-78cb7fd75f-gnfxw/gateway] 2026-10-05T23:49:40.074+00:00 INFO  http.request requestId=2e8ebd9d-c7a9-48eb-92b5-613baff75538 role=api pod=gateway-78cb7fd75f-gnfxw method=POST path=/api/translations status=200 durationMs=383
[pod/gateway-78cb7fd75f-gnfxw/gateway] 2026-10-05T23:49:40.116+00:00 INFO  http.request requestId=fadc164f-92ea-400d-bda5-784f4c28bf1b role=api pod=gateway-78cb7fd75f-gnfxw method=POST path=/api/translations status=200 durationMs=219
[pod/gateway-78cb7fd75f-gnfxw/gateway] 2026-10-05T23:49:40.140+00:00 INFO  http.request requestId=994f8d1d-5251-493a-b049-5b31608b3ab1 role=api pod=gateway-78cb7fd75f-gnfxw method=POST path=/api/translations status=200 durationMs=321
[pod/gateway-78cb7fd75f-gnfxw/gateway] 2026-10-05T23:49:40.146+00:00 INFO  http.request requestId=c7f7a756-9292-475f-aacd-8c4b27b4bf8b role=api pod=gateway-78cb7fd75f-gnfxw method=POST path=/api/transcriptions status=200 durationMs=763
[pod/gateway-78cb7fd75f-gnfxw/gateway] 2026-10-05T23:49:40.167+00:00 INFO  http.request requestId=a66e5c60-105e-400f-b7e8-de5dbf0c757d role=api pod=gateway-78cb7fd75f-gnfxw method=POST path=/api/translations status=200 durationMs=328
[pod/gateway-78cb7fd75f-gnfxw/gateway] 2026-10-05T23:49:40.245+00:00 INFO  http.request requestId=428cafd3-7b0e-40d6-8aab-552049609da9 role=api pod=gateway-78cb7fd75f-gnfxw method=POST path=/api/transcriptions status=200 durationMs=532
[pod/gateway-78cb7fd75f-gnfxw/gateway] 2026-10-05T23:49:40.248+00:00 INFO  http.request requestId=7b6fc03d-3691-4371-831e-4d539364bfd7 role=api pod=gateway-78cb7fd75f-gnfxw method=POST path=/api/translations status=200 durationMs=360
[pod/gateway-78cb7fd75f-gnfxw/gateway] 2026-10-05T23:49:40.309+00:00 INFO  http.request requestId=da948484-f64a-4817-aeb3-6240fa63b2ca role=api pod=gateway-78cb7fd75f-gnfxw method=POST path=/api/translations status=200 durationMs=354
[pod/gateway-78cb7fd75f-gnfxw/gateway] 2026-10-05T23:49:40.387+00:00 INFO  http.request requestId=662f81ad-a696-433e-a830-bc8aa2761aac role=api pod=gateway-78cb7fd75f-gnfxw method=POST path=/api/transcriptions status=200 durationMs=448
[pod/gateway-78cb7fd75f-gnfxw/gateway] 2026-10-05T23:49:40.391+00:00 INFO  http.request requestId=03b23f66-7bb1-4728-9d64-f959e6e0c826 role=api pod=gateway-78cb7fd75f-gnfxw method=POST path=/api/transcriptions status=200 durationMs=633
[pod/gateway-78cb7fd75f-gnfxw/gateway] 2026-10-05T23:49:40.396+00:00 INFO  http.request requestId=a1b00cb5-e9b6-47d1-873a-68fda00831f5 role=api pod=gateway-78cb7fd75f-gnfxw method=POST path=/api/transcriptions status=200 durationMs=443
[pod/gateway-78cb7fd75f-gnfxw/gateway] 2026-10-05T23:49:40.407+00:00 INFO  http.request requestId=390ed069-6374-49c6-a879-dbeec249d0ef role=api pod=gateway-78cb7fd75f-gnfxw method=POST path=/api/translations status=200 durationMs=362
[pod/gateway-78cb7fd75f-gnfxw/gateway] 2026-10-05T23:49:40.421+00:00 INFO  http.request requestId=8592db06-0034-48bc-9db1-ab5e7c45ecbf role=api pod=gateway-78cb7fd75f-gnfxw method=POST path=/api/translations status=200 durationMs=274
[pod/gateway-78cb7fd75f-gnfxw/gateway] 2026-10-05T23:49:40.425+00:00 INFO  http.request requestId=2984f142-f741-48e5-8a70-106160044a19 role=api pod=gateway-78cb7fd75f-gnfxw method=POST path=/api/transcriptions status=200 durationMs=516
[pod/gateway-78cb7fd75f-gnfxw/gateway] 2026-10-05T23:49:40.430+00:00 INFO  http.request requestId=f2ef25a3-6080-443a-b612-0762597e69ab role=api pod=gateway-78cb7fd75f-gnfxw method=POST path=/api/transcriptions status=200 durationMs=446
[pod/gateway-78cb7fd75f-gnfxw/gateway] 2026-10-05T23:49:40.472+00:00 INFO  http.request requestId=26d9041a-a3c5-4a17-8c7b-583c4fb7075d role=api pod=gateway-78cb7fd75f-gnfxw method=POST path=/api/translations status=200 durationMs=321
[pod/gateway-78cb7fd75f-gnfxw/gateway] 2026-10-05T23:49:40.526+00:00 INFO  http.request requestId=4766ffed-6d3f-4f03-a500-9030c36ac248 role=api pod=gateway-78cb7fd75f-gnfxw method=POST path=/api/transcriptions status=200 durationMs=453
[pod/gateway-78cb7fd75f-gnfxw/gateway] 2026-10-05T23:49:40.550+00:00 INFO  http.request requestId=27947e0c-3097-4d95-8688-50904cf5716a role=api pod=gateway-78cb7fd75f-gnfxw method=POST path=/api/translations status=200 durationMs=278
[pod/gateway-78cb7fd75f-gnfxw/gateway] 2026-10-05T23:49:40.595+00:00 INFO  http.request requestId=8f73f97e-c80c-4f6b-a834-6d85e7246e19 role=api pod=gateway-78cb7fd75f-gnfxw method=POST path=/api/translations status=200 durationMs=387
[pod/gateway-78cb7fd75f-gnfxw/gateway] 2026-10-05T23:49:40.610+00:00 INFO  http.request requestId=6a06cfad-cfa4-41b0-a2ce-8d73f2c9d130 role=api pod=gateway-78cb7fd75f-gnfxw method=POST path=/api/translations status=200 durationMs=214
[pod/gateway-78cb7fd75f-gnfxw/gateway] 2026-10-05T23:49:40.630+00:00 INFO  http.request requestId=992692af-75ac-4170-a8fc-db56e20e0d59 role=api pod=gateway-78cb7fd75f-gnfxw method=POST path=/api/translations status=200 durationMs=230
[pod/gateway-78cb7fd75f-gnfxw/gateway] 2026-10-05T23:49:40.644+00:00 INFO  http.request requestId=8756c78f-beba-47ee-8657-b98a0b2d5c50 role=api pod=gateway-78cb7fd75f-gnfxw method=POST path=/api/translations status=200 durationMs=214
[pod/gateway-78cb7fd75f-gnfxw/gateway] 2026-10-05T23:49:40.647+00:00 INFO  http.request requestId=5866780e-277a-456c-a639-4ae7ef264153 role=api pod=gateway-78cb7fd75f-gnfxw method=POST path=/api/translations status=200 durationMs=334
[pod/gateway-78cb7fd75f-gnfxw/gateway] 2026-10-05T23:49:40.690+00:00 INFO  http.request requestId=5d2b206f-86d1-4dd3-bc79-f07419bbd63d role=api pod=gateway-78cb7fd75f-gnfxw method=POST path=/api/translations status=200 durationMs=217
[pod/gateway-78cb7fd75f-gnfxw/gateway] 2026-10-05T23:49:40.728+00:00 INFO  http.request requestId=7cd6ee3f-b118-4ad4-8912-eafc9b45cce8 role=api pod=gateway-78cb7fd75f-gnfxw method=POST path=/api/translations status=200 durationMs=305
[pod/gateway-78cb7fd75f-gnfxw/gateway] 2026-10-05T23:49:40.769+00:00 INFO  http.request requestId=baaf26e3-2609-47db-ba34-fee4e8a00684 role=api pod=gateway-78cb7fd75f-gnfxw method=POST path=/api/transcriptions status=200 durationMs=666
[pod/gateway-78cb7fd75f-gnfxw/gateway] 2026-10-05T23:49:40.789+00:00 INFO  http.request requestId=1377396e-466c-441f-9729-2cb86154c05a role=api pod=gateway-78cb7fd75f-gnfxw method=POST path=/api/translations status=200 durationMs=359
[pod/gateway-78cb7fd75f-gnfxw/gateway] 2026-10-05T23:49:40.831+00:00 INFO  http.request requestId=f9508142-7273-434f-b581-3b1b72645df1 role=api pod=gateway-78cb7fd75f-gnfxw method=POST path=/api/transcriptions status=200 durationMs=741
[pod/gateway-78cb7fd75f-gnfxw/gateway] 2026-10-05T23:49:40.848+00:00 INFO  http.request requestId=2cd58ce2-6957-47e5-98c2-888d60e7d588 role=api pod=gateway-78cb7fd75f-gnfxw method=POST path=/api/transcriptions status=200 durationMs=699
[pod/gateway-78cb7fd75f-gnfxw/gateway] 2026-10-05T23:49:40.864+00:00 INFO  http.request requestId=ac193263-23e7-4cd6-b6d6-938ad57bdc69 role=api pod=gateway-78cb7fd75f-gnfxw method=POST path=/api/translations status=200 durationMs=249
[pod/gateway-78cb7fd75f-gnfxw/gateway] 2026-10-05T23:49:40.867+00:00 INFO  http.request requestId=182d9390-1de0-4992-8e60-80c51b624e9a role=api pod=gateway-78cb7fd75f-gnfxw method=POST path=/api/transcriptions status=200 durationMs=479
[pod/gateway-78cb7fd75f-gnfxw/gateway] 2026-10-05T23:49:40.895+00:00 INFO  http.request requestId=e6616833-f582-4478-ad83-59ce25c29e3a role=api pod=gateway-78cb7fd75f-gnfxw method=POST path=/api/transcriptions status=200 durationMs=475
[pod/gateway-78cb7fd75f-gnfxw/gateway] 2026-10-05T23:49:40.958+00:00 INFO  http.request requestId=daeab068-1144-48dd-b3ec-552a1aa736de role=api pod=gateway-78cb7fd75f-gnfxw method=POST path=/api/translations status=200 durationMs=262
[pod/gateway-78cb7fd75f-gnfxw/gateway] 2026-10-05T23:49:40.967+00:00 INFO  http.request requestId=33986594-027d-4fc4-9bc7-52dce30e4335 role=api pod=gateway-78cb7fd75f-gnfxw method=POST path=/api/transcriptions status=200 durationMs=714
[pod/gateway-78cb7fd75f-gnfxw/gateway] 2026-10-05T23:49:41.002+00:00 INFO  http.request requestId=d957e61b-f322-4780-abd0-557d02a3bef9 role=api pod=gateway-78cb7fd75f-gnfxw method=POST path=/api/translations status=200 durationMs=334
[pod/gateway-78cb7fd75f-gnfxw/gateway] 2026-10-05T23:49:41.110+00:00 INFO  http.request requestId=09a32a07-8e57-499f-983e-0ed14e4006c0 role=api pod=gateway-78cb7fd75f-gnfxw method=POST path=/api/translations status=200 durationMs=398
[pod/gateway-78cb7fd75f-gnfxw/gateway] 2026-10-05T23:49:41.130+00:00 INFO  http.request requestId=8e450f90-5d5a-4c28-b03d-58e73634b093 role=api pod=gateway-78cb7fd75f-gnfxw method=POST path=/api/translations status=200 durationMs=298
[pod/gateway-78cb7fd75f-gnfxw/gateway] 2026-10-05T23:49:41.179+00:00 INFO  http.request requestId=35be8f67-2f7e-4190-a1d7-419406ed18cc role=api pod=gateway-78cb7fd75f-gnfxw method=POST path=/api/translations status=200 durationMs=241
[pod/gateway-78cb7fd75f-gnfxw/gateway] 2026-10-05T23:49:41.205+00:00 INFO  http.request requestId=c755a61b-e894-44b4-8dd0-d7423b6adddd role=api pod=gateway-78cb7fd75f-gnfxw method=POST path=/api/transcriptions status=200 durationMs=410
[pod/gateway-78cb7fd75f-gnfxw/gateway] 2026-10-05T23:49:41.214+00:00 INFO  http.request requestId=84f99c7c-ecf0-474d-9612-479a702fa686 role=api pod=gateway-78cb7fd75f-gnfxw method=POST path=/api/transcriptions status=200 durationMs=601
[pod/gateway-78cb7fd75f-gnfxw/gateway] 2026-10-05T23:49:41.218+00:00 INFO  http.request requestId=a0d3593d-1612-401c-b1fd-e3090411e869 role=api pod=gateway-78cb7fd75f-gnfxw method=POST path=/api/translations status=200 durationMs=387
[pod/gateway-78cb7fd75f-gnfxw/gateway] 2026-10-05T23:49:41.234+00:00 INFO  http.request requestId=6ebea1db-022c-47ad-a515-89b2c5100e89 role=api pod=gateway-78cb7fd75f-gnfxw method=POST path=/api/transcriptions status=200 durationMs=680
[pod/gateway-78cb7fd75f-gnfxw/gateway] 2026-10-05T23:49:41.246+00:00 INFO  http.request requestId=dfc26c38-bc75-4d1b-96fd-5a1f2eee0fc1 role=api pod=gateway-78cb7fd75f-gnfxw method=POST path=/api/transcriptions status=200 durationMs=585
[pod/gateway-78cb7fd75f-gnfxw/gateway] 2026-10-05T23:49:41.270+00:00 INFO  http.request requestId=8d059e5b-3855-406d-8f9d-e35f85e760bc role=api pod=gateway-78cb7fd75f-gnfxw method=POST path=/api/translations status=200 durationMs=302
[pod/gateway-78cb7fd75f-gnfxw/gateway] 2026-10-05T23:49:41.302+00:00 INFO  http.request requestId=3851252e-dbb8-4722-a810-0f7eb9d0c1f5 role=api pod=gateway-78cb7fd75f-gnfxw method=POST path=/api/translations status=200 durationMs=274
[pod/gateway-78cb7fd75f-gnfxw/gateway] 2026-10-05T23:49:41.334+00:00 INFO  http.request requestId=5e56b38a-893f-4912-8ccc-dc66ff841d70 role=api pod=gateway-78cb7fd75f-gnfxw method=POST path=/api/translations status=200 durationMs=214
[pod/gateway-78cb7fd75f-gnfxw/gateway] 2026-10-05T23:49:41.345+00:00 INFO  http.request requestId=11437cc6-9dcf-40ea-82be-9dac312949e1 role=api pod=gateway-78cb7fd75f-gnfxw method=POST path=/api/transcriptions status=200 durationMs=447
[pod/gateway-78cb7fd75f-gnfxw/gateway] 2026-10-05T23:49:41.375+00:00 INFO  http.request requestId=3049053f-9bf2-43d7-8244-59fc302296f2 role=api pod=gateway-78cb7fd75f-gnfxw method=POST path=/api/transcriptions status=200 durationMs=640
[pod/gateway-78cb7fd75f-gnfxw/gateway] 2026-10-05T23:49:41.440+00:00 INFO  http.request requestId=2a23abd7-9885-488d-9ce0-5e4e0481c10c role=api pod=gateway-78cb7fd75f-gnfxw method=POST path=/api/translations status=200 durationMs=230
[pod/gateway-78cb7fd75f-gnfxw/gateway] 2026-10-05T23:49:41.471+00:00 INFO  http.request requestId=e44cb3c2-7464-42a2-8107-4483eb024ff1 role=api pod=gateway-78cb7fd75f-gnfxw method=POST path=/api/transcriptions status=200 durationMs=617
[pod/gateway-78cb7fd75f-gnfxw/gateway] 2026-10-05T23:49:41.475+00:00 INFO  http.request requestId=335667e9-4c8c-4b73-adf0-c6a55e8fe5a2 role=api pod=gateway-78cb7fd75f-gnfxw method=POST path=/api/translations status=200 durationMs=252
[pod/gateway-78cb7fd75f-gnfxw/gateway] 2026-10-05T23:49:41.476+00:00 INFO  http.request requestId=c589c3b9-5e6d-4f46-946e-89941fee02eb role=api pod=gateway-78cb7fd75f-gnfxw method=POST path=/api/translations status=200 durationMs=242
[pod/gateway-78cb7fd75f-gnfxw/gateway] 2026-10-05T23:49:41.496+00:00 INFO  http.request requestId=4cad2c34-6eca-4ff5-8c8a-d342c777071e role=api pod=gateway-78cb7fd75f-gnfxw method=POST path=/api/translations status=200 durationMs=255
[pod/gateway-78cb7fd75f-gnfxw/gateway] 2026-10-05T23:49:41.499+00:00 INFO  http.request requestId=aa51724d-ba77-4604-a18f-5475ca5936a2 role=api pod=gateway-78cb7fd75f-gnfxw method=POST path=/api/translations status=200 durationMs=250
[pod/gateway-78cb7fd75f-gnfxw/gateway] 2026-10-05T23:49:41.505+00:00 INFO  http.request requestId=4ed09213-307b-4e59-b4a8-d2e5763f1f9b role=api pod=gateway-78cb7fd75f-gnfxw method=POST path=/api/transcriptions status=200 durationMs=592
[pod/gateway-78cb7fd75f-gnfxw/gateway] 2026-10-05T23:49:41.552+00:00 INFO  http.request requestId=7a268bf7-55a5-4b26-b8ad-1b639cfeaa4e role=api pod=gateway-78cb7fd75f-gnfxw method=POST path=/api/translations status=200 durationMs=265
[pod/gateway-78cb7fd75f-gnfxw/gateway] 2026-10-05T23:49:41.588+00:00 INFO  http.request requestId=df140ec8-2c1e-4402-8989-3543b9526a20 role=api pod=gateway-78cb7fd75f-gnfxw method=POST path=/api/transcriptions status=200 durationMs=720
[pod/gateway-78cb7fd75f-gnfxw/gateway] 2026-10-05T23:49:41.717+00:00 INFO  http.request requestId=d19aaa3b-65f2-47c7-84ee-1b15aa2ba0d9 role=api pod=gateway-78cb7fd75f-gnfxw method=POST path=/api/translations status=200 durationMs=211
[pod/gateway-78cb7fd75f-gnfxw/gateway] 2026-10-05T23:49:41.751+00:00 INFO  http.request requestId=d0560df1-a277-455f-9fbe-e5eabc4998e3 role=api pod=gateway-78cb7fd75f-gnfxw method=POST path=/api/translations status=200 durationMs=405
[pod/gateway-78cb7fd75f-gnfxw/gateway] 2026-10-05T23:49:41.756+00:00 INFO  http.request requestId=33696a74-32da-47a1-83c1-ff05175c5c24 role=api pod=gateway-78cb7fd75f-gnfxw method=POST path=/api/transcriptions status=200 durationMs=783
[pod/gateway-78cb7fd75f-gnfxw/gateway] 2026-10-05T23:49:41.809+00:00 INFO  http.request requestId=f5d2e523-894b-4028-a98a-f05963141ef9 role=api pod=gateway-78cb7fd75f-gnfxw method=POST path=/api/transcriptions status=200 durationMs=655
[pod/gateway-78cb7fd75f-gnfxw/gateway] 2026-10-05T23:49:41.863+00:00 INFO  http.request requestId=ed043ed8-936d-43a2-9a0b-14c2e2641bce role=api pod=gateway-78cb7fd75f-gnfxw method=POST path=/api/translations status=200 durationMs=228
[pod/gateway-78cb7fd75f-gnfxw/gateway] 2026-10-05T23:49:41.875+00:00 INFO  http.request requestId=94af5a12-ea1d-439b-8a92-3805602111a8 role=api pod=gateway-78cb7fd75f-gnfxw method=POST path=/api/translations status=200 durationMs=399
[pod/gateway-78cb7fd75f-gnfxw/gateway] 2026-10-05T23:49:41.876+00:00 INFO  http.request requestId=250818dd-3479-4822-b2dd-3d4d9e9b0bc6 role=api pod=gateway-78cb7fd75f-gnfxw method=POST path=/api/transcriptions status=200 durationMs=556
[pod/gateway-78cb7fd75f-gnfxw/gateway] 2026-10-05T23:49:41.910+00:00 INFO  http.request requestId=1a416257-11ae-404e-ba62-ffa663113ceb role=api pod=gateway-78cb7fd75f-gnfxw method=POST path=/api/transcriptions status=200 durationMs=560
[pod/gateway-78cb7fd75f-gnfxw/gateway] 2026-10-05T23:49:41.933+00:00 INFO  http.request requestId=41a31fc3-fefe-4d4c-992c-130970e2056b role=api pod=gateway-78cb7fd75f-gnfxw method=POST path=/api/transcriptions status=200 durationMs=524
[pod/gateway-78cb7fd75f-gnfxw/gateway] 2026-10-05T23:49:41.966+00:00 INFO  http.request requestId=4f762e1c-5ec6-41f4-8667-1ba3697516b6 role=api pod=gateway-78cb7fd75f-gnfxw method=POST path=/api/translations status=200 durationMs=210
[pod/gateway-78cb7fd75f-gnfxw/gateway] 2026-10-05T23:49:42.002+00:00 INFO  http.request requestId=32f605c8-ffbc-4bd3-a54b-114640976449 role=api pod=gateway-78cb7fd75f-gnfxw method=POST path=/api/transcriptions status=200 durationMs=548
[pod/gateway-78cb7fd75f-gnfxw/gateway] 2026-10-05T23:49:42.047+00:00 INFO  http.request requestId=fe881219-6498-4bb5-b3bd-350d40a31a2c role=api pod=gateway-78cb7fd75f-gnfxw method=POST path=/api/transcriptions status=200 durationMs=669
[pod/gateway-78cb7fd75f-gnfxw/gateway] 2026-10-05T23:49:42.069+00:00 INFO  http.request requestId=15b11c5f-aa15-4755-abf2-2735575d53cb role=api pod=gateway-78cb7fd75f-gnfxw method=POST path=/api/translations status=200 durationMs=399
[pod/gateway-78cb7fd75f-gnfxw/gateway] 2026-10-05T23:49:42.146+00:00 INFO  http.request requestId=506c1e30-5116-4870-86d0-4801fe5cb953 role=api pod=gateway-78cb7fd75f-gnfxw method=POST path=/api/transcriptions status=200 durationMs=587
[pod/gateway-78cb7fd75f-gnfxw/gateway] 2026-10-05T23:49:42.148+00:00 INFO  http.request requestId=8d8433e4-d5fc-4def-8f20-65807c712902 role=api pod=gateway-78cb7fd75f-gnfxw method=POST path=/api/transcriptions status=200 durationMs=603
[pod/gateway-78cb7fd75f-gnfxw/gateway] 2026-10-05T23:49:42.153+00:00 INFO  http.request requestId=4e0fbc60-6ced-4772-abfb-9c2e3b56fcbe role=api pod=gateway-78cb7fd75f-gnfxw method=POST path=/api/transcriptions status=200 durationMs=429
[pod/gateway-78cb7fd75f-gnfxw/gateway] 2026-10-05T23:49:42.166+00:00 INFO  http.request requestId=672bf2d8-0848-48c0-b2d8-3b5b94ebf0c0 role=api pod=gateway-78cb7fd75f-gnfxw method=POST path=/api/transcriptions status=200 durationMs=563
[pod/gateway-78cb7fd75f-gnfxw/gateway] 2026-10-05T23:49:42.252+00:00 INFO  http.request requestId=80a8be0c-d8ad-4811-bd49-7e21b0f29e1b role=api pod=gateway-78cb7fd75f-gnfxw method=POST path=/api/translations status=200 durationMs=375
[pod/gateway-78cb7fd75f-gnfxw/gateway] 2026-10-05T23:49:42.285+00:00 INFO  http.request requestId=c9987034-75dd-4759-9f36-fca6fc9d0eda role=api pod=gateway-78cb7fd75f-gnfxw method=POST path=/api/translations status=200 durationMs=356
[pod/gateway-78cb7fd75f-gnfxw/gateway] 2026-10-05T23:49:42.287+00:00 INFO  http.request requestId=ca0f66af-5db2-4338-a28e-8c24cbeeb538 role=api pod=gateway-78cb7fd75f-gnfxw method=POST path=/api/translations status=200 durationMs=376
[pod/gateway-78cb7fd75f-gnfxw/gateway] 2026-10-05T23:49:42.298+00:00 INFO  http.request requestId=236d62e3-c582-461c-9173-b967abbfb0ea role=api pod=gateway-78cb7fd75f-gnfxw method=POST path=/api/transcriptions status=200 durationMs=529
[pod/gateway-78cb7fd75f-gnfxw/gateway] 2026-10-05T23:49:42.302+00:00 INFO  http.request requestId=b095711c-e975-4ebf-8d02-fbd3eee3804e role=api pod=gateway-78cb7fd75f-gnfxw method=POST path=/api/translations status=200 durationMs=317
[pod/gateway-78cb7fd75f-gnfxw/gateway] 2026-10-05T23:49:42.376+00:00 INFO  http.request requestId=92087ff6-4a7e-4c4f-acf0-ee91180787ca role=api pod=gateway-78cb7fd75f-gnfxw method=POST path=/api/translations status=200 durationMs=222
[pod/gateway-78cb7fd75f-gnfxw/gateway] 2026-10-05T23:49:42.424+00:00 INFO  http.request requestId=35867037-20a4-4165-83bb-3a478986681c role=api pod=gateway-78cb7fd75f-gnfxw method=POST path=/api/transcriptions status=200 durationMs=459
[pod/gateway-78cb7fd75f-gnfxw/gateway] 2026-10-05T23:49:42.438+00:00 INFO  http.request requestId=125aea20-09b0-4ad1-b43a-8970da67c7e5 role=api pod=gateway-78cb7fd75f-gnfxw method=POST path=/api/translations status=200 durationMs=290
[pod/gateway-78cb7fd75f-gnfxw/gateway] 2026-10-05T23:49:42.477+00:00 INFO  http.request requestId=0ea1a18a-92ee-491d-b656-7d80c429f2ce role=api pod=gateway-78cb7fd75f-gnfxw method=POST path=/api/translations status=200 durationMs=372
[pod/gateway-78cb7fd75f-gnfxw/gateway] 2026-10-05T23:49:42.489+00:00 INFO  http.request requestId=b65e3311-7fd4-4a7c-b3d6-8902720f5824 role=api pod=gateway-78cb7fd75f-gnfxw method=POST path=/api/transcriptions status=200 durationMs=436
[pod/gateway-78cb7fd75f-gnfxw/gateway] 2026-10-05T23:49:42.506+00:00 INFO  http.request requestId=5af0108c-1e13-4b2f-b31b-25522f61720b role=api pod=gateway-78cb7fd75f-gnfxw method=POST path=/api/transcriptions status=200 durationMs=692
[pod/gateway-78cb7fd75f-gnfxw/gateway] 2026-10-05T23:49:42.510+00:00 INFO  http.request requestId=1a07ff6f-13b4-400e-a3c7-b377c68ad900 role=api pod=gateway-78cb7fd75f-gnfxw method=POST path=/api/transcriptions status=200 durationMs=577
[pod/gateway-78cb7fd75f-gnfxw/gateway] 2026-10-05T23:49:42.557+00:00 INFO  http.request requestId=b2288995-cca1-4cd8-9a89-b10ff5da2693 role=api pod=gateway-78cb7fd75f-gnfxw method=POST path=/api/transcriptions status=200 durationMs=549
[pod/gateway-78cb7fd75f-gnfxw/gateway] 2026-10-05T23:49:42.629+00:00 INFO  http.request requestId=54be8a97-e290-451a-8721-c1fea537004d role=api pod=gateway-78cb7fd75f-gnfxw method=POST path=/api/translations status=200 durationMs=210
[pod/gateway-78cb7fd75f-gnfxw/gateway] 2026-10-05T23:49:42.665+00:00 INFO  http.request requestId=a65ea197-6b28-4f15-9f4b-e585e2c5648d role=api pod=gateway-78cb7fd75f-gnfxw method=POST path=/api/translations status=200 durationMs=404
[pod/gateway-78cb7fd75f-gnfxw/gateway] 2026-10-05T23:49:42.671+00:00 INFO  http.request requestId=a05d59d6-cf1b-4918-8960-1b9f7574a3d3 role=api pod=gateway-78cb7fd75f-gnfxw method=POST path=/api/translations status=200 durationMs=288
[pod/gateway-78cb7fd75f-gnfxw/gateway] 2026-10-05T23:49:42.706+00:00 INFO  http.request requestId=a165afc9-4808-46d6-b119-70019431190c role=api pod=gateway-78cb7fd75f-gnfxw method=POST path=/api/translations status=200 durationMs=217
[pod/gateway-78cb7fd75f-gnfxw/gateway] 2026-10-05T23:49:42.836+00:00 INFO  http.request requestId=9f55aab9-b66f-4a23-85cd-b3ba833430f0 role=api pod=gateway-78cb7fd75f-gnfxw method=POST path=/api/transcriptions status=200 durationMs=527
[pod/gateway-78cb7fd75f-gnfxw/gateway] 2026-10-05T23:49:42.839+00:00 INFO  http.request requestId=89d102f4-8949-4a8a-9212-d2bc10d6db6b role=api pod=gateway-78cb7fd75f-gnfxw method=POST path=/api/translations status=200 durationMs=270
[pod/gateway-78cb7fd75f-gnfxw/gateway] 2026-10-05T23:49:42.858+00:00 INFO  http.request requestId=4c619d28-436f-4778-b446-ad2865072772 role=api pod=gateway-78cb7fd75f-gnfxw method=POST path=/api/transcriptions status=200 durationMs=518
[pod/gateway-78cb7fd75f-gnfxw/gateway] 2026-10-05T23:49:42.904+00:00 INFO  http.request requestId=b864c938-01f4-4ba4-9e58-7720c1b3f6a6 role=api pod=gateway-78cb7fd75f-gnfxw method=POST path=/api/translations status=200 durationMs=393
[pod/gateway-78cb7fd75f-gnfxw/gateway] 2026-10-05T23:49:42.949+00:00 INFO  http.request requestId=66cf56c7-d089-4a37-9cf4-c3fe5e2569e3 role=api pod=gateway-78cb7fd75f-gnfxw method=POST path=/api/transcriptions status=200 durationMs=761
[pod/gateway-78cb7fd75f-gnfxw/gateway] 2026-10-05T23:49:42.953+00:00 INFO  http.request requestId=5326a52a-e351-4ead-8055-3f807e864d1f role=api pod=gateway-78cb7fd75f-gnfxw method=POST path=/api/translations status=200 durationMs=302
[pod/gateway-78cb7fd75f-gnfxw/gateway] 2026-10-05T23:49:42.956+00:00 INFO  http.request requestId=27e95e55-410c-49e6-b804-45dccbc3be25 role=api pod=gateway-78cb7fd75f-gnfxw method=POST path=/api/transcriptions status=200 durationMs=797
[pod/gateway-78cb7fd75f-gnfxw/gateway] 2026-10-05T23:49:42.956+00:00 INFO  http.request requestId=4da55de7-2c11-4f1c-a0a8-99edb7ec16a9 role=api pod=gateway-78cb7fd75f-gnfxw method=POST path=/api/transcriptions status=200 durationMs=496
[pod/gateway-78cb7fd75f-gnfxw/gateway] 2026-10-05T23:49:43.105+00:00 INFO  http.request requestId=cd39bd71-c2e3-4f89-9068-9f6f24e348af role=api pod=gateway-78cb7fd75f-gnfxw method=POST path=/api/translations status=200 durationMs=264
[pod/gateway-78cb7fd75f-gnfxw/gateway] 2026-10-05T23:49:43.112+00:00 INFO  http.request requestId=7f7861fe-cebb-454b-92ce-9a4f33913910 role=api pod=gateway-78cb7fd75f-gnfxw method=POST path=/api/transcriptions status=200 durationMs=534
[pod/gateway-78cb7fd75f-gnfxw/gateway] 2026-10-05T23:49:43.140+00:00 INFO  http.request requestId=86f090aa-80bc-40c3-9fd6-b694f0eeb929 role=api pod=gateway-78cb7fd75f-gnfxw method=POST path=/api/translations status=200 durationMs=288
[pod/gateway-78cb7fd75f-gnfxw/gateway] 2026-10-05T23:49:43.164+00:00 INFO  http.request requestId=8c64da7c-5b77-4648-a90a-dc16219a2595 role=api pod=gateway-78cb7fd75f-gnfxw method=POST path=/api/translations status=200 durationMs=259
[pod/gateway-78cb7fd75f-gnfxw/gateway] 2026-10-05T23:49:43.196+00:00 INFO  http.request requestId=86bc48bf-83e1-49a2-b133-91b34e56d46b role=api pod=gateway-78cb7fd75f-gnfxw method=POST path=/api/transcriptions status=200 durationMs=752
[pod/gateway-78cb7fd75f-gnfxw/gateway] 2026-10-05T23:49:43.242+00:00 INFO  http.request requestId=44ed7769-b8f3-4c25-bde6-cfca17c6c5d5 role=api pod=gateway-78cb7fd75f-gnfxw method=POST path=/api/transcriptions status=200 durationMs=679
[pod/gateway-78cb7fd75f-gnfxw/gateway] 2026-10-05T23:49:43.264+00:00 INFO  http.request requestId=ed3dcfe4-a566-4cd0-afd6-5459bf4410df role=api pod=gateway-78cb7fd75f-gnfxw method=POST path=/api/translations status=200 durationMs=308
[pod/gateway-78cb7fd75f-gnfxw/gateway] 2026-10-05T23:49:43.291+00:00 INFO  http.request requestId=9b8d3b52-a562-4dc8-9dd0-6b02589cc9ba role=api pod=gateway-78cb7fd75f-gnfxw method=POST path=/api/transcriptions status=200 durationMs=428
[pod/gateway-78cb7fd75f-gnfxw/gateway] 2026-10-05T23:49:43.292+00:00 INFO  http.request requestId=6261c48c-7fe6-4c52-a4cf-1ec78b3e194a role=api pod=gateway-78cb7fd75f-gnfxw method=POST path=/api/transcriptions status=200 durationMs=787
[pod/gateway-78cb7fd75f-gnfxw/gateway] 2026-10-05T23:49:43.328+00:00 INFO  http.request requestId=d0af1b7d-f654-4972-b409-dd3363a55124 role=api pod=gateway-78cb7fd75f-gnfxw method=POST path=/api/transcriptions status=200 durationMs=658
[pod/gateway-78cb7fd75f-gnfxw/gateway] 2026-10-05T23:49:43.332+00:00 INFO  http.request requestId=8b2b0315-4195-4318-a9de-8d29bc3973e0 role=api pod=gateway-78cb7fd75f-gnfxw method=POST path=/api/transcriptions status=200 durationMs=619
[pod/gateway-78cb7fd75f-gnfxw/gateway] 2026-10-05T23:49:43.335+00:00 INFO  http.request requestId=a192baa7-679d-4a6c-8e6e-151355cdeacb role=api pod=gateway-78cb7fd75f-gnfxw method=POST path=/api/translations status=200 durationMs=380
[pod/gateway-78cb7fd75f-gnfxw/gateway] 2026-10-05T23:49:43.337+00:00 INFO  http.request requestId=6625f59e-3c77-4471-8657-06cc5f1344ae role=api pod=gateway-78cb7fd75f-gnfxw method=POST path=/api/translations status=200 durationMs=230
[pod/gateway-78cb7fd75f-gnfxw/gateway] 2026-10-05T23:49:43.353+00:00 INFO  http.request requestId=58e9ad5d-9408-472f-94c2-7f4881d06d66 role=api pod=gateway-78cb7fd75f-gnfxw method=POST path=/api/translations status=200 durationMs=363
[pod/gateway-78cb7fd75f-gnfxw/gateway] 2026-10-05T23:49:43.419+00:00 INFO  http.request requestId=e70d05ad-27cc-4746-a90f-b738e2094aab role=api pod=gateway-78cb7fd75f-gnfxw method=POST path=/api/transcriptions status=200 durationMs=466
[pod/gateway-78cb7fd75f-gnfxw/gateway] 2026-10-05T23:49:43.470+00:00 INFO  http.request requestId=86ab90f9-8214-48a1-b298-d94071666eec role=api pod=gateway-78cb7fd75f-gnfxw method=POST path=/api/transcriptions status=200 durationMs=727
[pod/gateway-78cb7fd75f-gnfxw/gateway] 2026-10-05T23:49:43.501+00:00 INFO  http.request requestId=43fb3882-5507-434d-bcd2-e5ca2fa98e46 role=api pod=gateway-78cb7fd75f-gnfxw method=POST path=/api/translations status=200 durationMs=234
[pod/gateway-78cb7fd75f-gnfxw/gateway] 2026-10-05T23:49:43.516+00:00 INFO  http.request requestId=6385a7ab-0537-4e85-9214-c996580d47b9 role=api pod=gateway-78cb7fd75f-gnfxw method=POST path=/api/translations status=200 durationMs=336
[pod/gateway-78cb7fd75f-gnfxw/gateway] 2026-10-05T23:49:43.559+00:00 INFO  http.request requestId=6fd1ada6-77b0-4dfb-95d9-d862a90ef2bc role=api pod=gateway-78cb7fd75f-gnfxw method=POST path=/api/translations status=200 durationMs=267
[pod/gateway-78cb7fd75f-gnfxw/gateway] 2026-10-05T23:49:43.571+00:00 INFO  http.request requestId=319f0d6b-46bf-4ee6-b2bb-cf57b891b80e role=api pod=gateway-78cb7fd75f-gnfxw method=POST path=/api/transcriptions status=200 durationMs=408
[pod/gateway-78cb7fd75f-gnfxw/gateway] 2026-10-05T23:49:43.658+00:00 INFO  http.request requestId=2e1fcfb1-1dd4-464a-a4da-8663ac8c9c41 role=api pod=gateway-78cb7fd75f-gnfxw method=POST path=/api/translations status=200 durationMs=239
[pod/gateway-78cb7fd75f-gnfxw/gateway] 2026-10-05T23:49:43.673+00:00 INFO  http.request requestId=286b1f56-96be-4a2e-afe7-1ef0a7986bf2 role=api pod=gateway-78cb7fd75f-gnfxw method=POST path=/api/translations status=200 durationMs=325
[pod/gateway-78cb7fd75f-gnfxw/gateway] 2026-10-05T23:49:43.702+00:00 INFO  http.request requestId=a2ec5eb6-226f-4bd3-b788-bd85c4b73ea9 role=api pod=gateway-78cb7fd75f-gnfxw method=POST path=/api/translations status=200 durationMs=400
[pod/gateway-78cb7fd75f-gnfxw/gateway] 2026-10-05T23:49:43.726+00:00 INFO  http.request requestId=698c2b04-bf9a-4f7e-abfb-a31d8ffc08e4 role=api pod=gateway-78cb7fd75f-gnfxw method=POST path=/api/translations status=200 durationMs=393
[pod/gateway-78cb7fd75f-gnfxw/gateway] 2026-10-05T23:49:43.773+00:00 INFO  http.request requestId=f825d395-d39f-4cdb-b229-435920ee4e0a role=api pod=gateway-78cb7fd75f-gnfxw method=POST path=/api/translations status=200 durationMs=346
[pod/gateway-78cb7fd75f-gnfxw/gateway] 2026-10-05T23:49:43.814+00:00 INFO  http.request requestId=e02fdd49-d7a4-422e-bece-44083f0a80ed role=api pod=gateway-78cb7fd75f-gnfxw method=POST path=/api/transcriptions status=200 durationMs=560
[pod/gateway-78cb7fd75f-gnfxw/gateway] 2026-10-05T23:49:43.833+00:00 INFO  http.request requestId=eaaa7165-8333-4d6c-881e-66920cff2f93 role=api pod=gateway-78cb7fd75f-gnfxw method=POST path=/api/transcriptions status=200 durationMs=548
[pod/gateway-78cb7fd75f-gnfxw/gateway] 2026-10-05T23:49:43.848+00:00 INFO  http.request requestId=30e43035-c4b8-478d-a89e-dd7302d9f596 role=api pod=gateway-78cb7fd75f-gnfxw method=POST path=/api/translations status=200 durationMs=276
[pod/gateway-78cb7fd75f-gnfxw/gateway] 2026-10-05T23:49:43.871+00:00 INFO  http.request requestId=734c82ff-8ffb-402c-830e-4860c3b2e784 role=api pod=gateway-78cb7fd75f-gnfxw method=POST path=/api/transcriptions status=200 durationMs=543
[pod/gateway-78cb7fd75f-gnfxw/gateway] 2026-10-05T23:49:43.885+00:00 INFO  http.request requestId=48110dd4-b116-415a-b035-0312025d332b role=api pod=gateway-78cb7fd75f-gnfxw method=POST path=/api/transcriptions status=200 durationMs=675
[pod/gateway-78cb7fd75f-gnfxw/gateway] 2026-10-05T23:49:43.912+00:00 INFO  http.request requestId=5f7674d0-c04a-4759-bb1d-d9d05f02b6c0 role=api pod=gateway-78cb7fd75f-gnfxw method=POST path=/api/transcriptions status=200 durationMs=404
[pod/gateway-78cb7fd75f-gnfxw/gateway] 2026-10-05T23:49:44.048+00:00 INFO  http.request requestId=e9cae408-4c37-44c5-9886-4747aec6a892 role=api pod=gateway-78cb7fd75f-gnfxw method=POST path=/api/translations status=200 durationMs=223
[pod/gateway-78cb7fd75f-gnfxw/gateway] 2026-10-05T23:49:44.101+00:00 INFO  http.request requestId=fac2c221-6514-4599-af7f-80b9484f7f41 role=api pod=gateway-78cb7fd75f-gnfxw method=POST path=/api/transcriptions status=200 durationMs=607
[pod/gateway-78cb7fd75f-gnfxw/gateway] 2026-10-05T23:49:44.119+00:00 INFO  http.request requestId=52035b0e-b43c-4879-bc72-b1a79ef4d182 role=api pod=gateway-78cb7fd75f-gnfxw method=POST path=/api/transcriptions status=200 durationMs=746
[pod/gateway-78cb7fd75f-gnfxw/gateway] 2026-10-05T23:49:44.123+00:00 INFO  http.request requestId=04dfc963-1411-434f-995f-89867eab909f role=api pod=gateway-78cb7fd75f-gnfxw method=POST path=/api/translations status=200 durationMs=219
[pod/gateway-78cb7fd75f-gnfxw/gateway] 2026-10-05T23:49:44.138+00:00 INFO  http.request requestId=2e8ea897-0f1a-48cb-a8a5-1d03996f3d7d role=api pod=gateway-78cb7fd75f-gnfxw method=POST path=/api/transcriptions status=200 durationMs=449
[pod/gateway-78cb7fd75f-gnfxw/gateway] 2026-10-05T23:49:44.179+00:00 INFO  http.request requestId=1d06f296-e97b-4cb8-9c78-1936fb1575a6 role=api pod=gateway-78cb7fd75f-gnfxw method=POST path=/api/transcriptions status=200 durationMs=656
[pod/gateway-78cb7fd75f-gnfxw/gateway] 2026-10-05T23:49:44.187+00:00 INFO  http.request requestId=0c07cd92-6645-4b67-84d0-bb2d067d8ab8 role=api pod=gateway-78cb7fd75f-gnfxw method=POST path=/api/translations status=200 durationMs=315
[pod/gateway-78cb7fd75f-gnfxw/gateway] 2026-10-05T23:49:44.192+00:00 INFO  http.request requestId=3a23c80d-da91-4f03-8f4f-a59712faae44 role=api pod=gateway-78cb7fd75f-gnfxw method=POST path=/api/transcriptions status=200 durationMs=609
[pod/gateway-78cb7fd75f-gnfxw/gateway] 2026-10-05T23:49:44.207+00:00 INFO  http.request requestId=b9b17742-976e-46ce-8337-491842b8d7b0 role=api pod=gateway-78cb7fd75f-gnfxw method=POST path=/api/translations status=200 durationMs=329
[pod/gateway-78cb7fd75f-gnfxw/gateway] 2026-10-05T23:49:44.213+00:00 INFO  http.request requestId=d59cbe94-7ecd-49df-8db5-7ee4d6898754 role=api pod=gateway-78cb7fd75f-gnfxw method=POST path=/api/translations status=200 durationMs=222
[pod/gateway-78cb7fd75f-gnfxw/gateway] 2026-10-05T23:49:44.219+00:00 INFO  http.request requestId=41fd3b0e-612c-4189-a5ea-b05659eba4b9 role=api pod=gateway-78cb7fd75f-gnfxw method=POST path=/api/transcriptions status=200 durationMs=425
[pod/gateway-78cb7fd75f-gnfxw/gateway] 2026-10-05T23:49:44.246+00:00 INFO  http.request requestId=1217a0ed-decc-49a2-a339-d4d01572aed0 role=api pod=gateway-78cb7fd75f-gnfxw method=POST path=/api/transcriptions status=200 durationMs=543
[pod/gateway-78cb7fd75f-gnfxw/gateway] 2026-10-05T23:49:44.350+00:00 INFO  http.request requestId=b3f1c01b-b5c5-44bf-bd57-c1b37a179fd7 role=api pod=gateway-78cb7fd75f-gnfxw method=POST path=/api/transcriptions status=200 durationMs=495
[pod/gateway-78cb7fd75f-gnfxw/gateway] 2026-10-05T23:49:44.379+00:00 INFO  http.request requestId=5d4dffac-5956-4e42-85b1-8dfa1a3611b7 role=api pod=gateway-78cb7fd75f-gnfxw method=POST path=/api/translations status=200 durationMs=244
[pod/gateway-78cb7fd75f-gnfxw/gateway] 2026-10-05T23:49:44.457+00:00 INFO  http.request requestId=6b1e3144-75ab-4947-8f5e-2dd438e002a4 role=api pod=gateway-78cb7fd75f-gnfxw method=POST path=/api/transcriptions status=200 durationMs=694
[pod/gateway-78cb7fd75f-gnfxw/gateway] 2026-10-05T23:49:44.502+00:00 INFO  http.request requestId=d8ca8534-4c05-49a4-a748-ac329cd724ce role=api pod=gateway-78cb7fd75f-gnfxw method=POST path=/api/translations status=200 durationMs=292
[pod/gateway-78cb7fd75f-gnfxw/gateway] 2026-10-05T23:49:44.502+00:00 INFO  http.request requestId=c228543f-3dfd-49a8-b967-8a96b4945906 role=api pod=gateway-78cb7fd75f-gnfxw method=POST path=/api/transcriptions status=200 durationMs=12004
[pod/gateway-78cb7fd75f-gnfxw/gateway] 2026-10-05T23:49:44.581+00:00 INFO  http.request requestId=c36ba015-5ea4-4c71-a0b0-860f19cb5701 role=api pod=gateway-78cb7fd75f-gnfxw method=POST path=/api/translations status=200 durationMs=380
[pod/gateway-78cb7fd75f-gnfxw/gateway] 2026-10-05T23:49:44.581+00:00 INFO  http.request requestId=a3640287-54df-4114-a26c-7d01c5702a32 role=api pod=gateway-78cb7fd75f-gnfxw method=POST path=/api/transcriptions status=200 durationMs=472
[pod/gateway-78cb7fd75f-gnfxw/gateway] 2026-10-05T23:49:44.647+00:00 INFO  http.request requestId=4bb55724-a273-454e-a9b0-7232b0b3a8cb role=api pod=gateway-78cb7fd75f-gnfxw method=POST path=/api/transcriptions status=200 durationMs=598
[pod/gateway-78cb7fd75f-gnfxw/gateway] 2026-10-05T23:49:44.689+00:00 INFO  http.request requestId=59a71bb2-7832-42c7-aa76-15422d1911ed role=api pod=gateway-78cb7fd75f-gnfxw method=POST path=/api/translations status=200 durationMs=330
[pod/gateway-78cb7fd75f-gnfxw/gateway] 2026-10-05T23:49:44.702+00:00 INFO  http.request requestId=c717cf4a-8fb2-4a0d-88ee-a67f694ebdc5 role=api pod=gateway-78cb7fd75f-gnfxw method=POST path=/api/transcriptions status=200 durationMs=789
[pod/gateway-78cb7fd75f-gnfxw/gateway] 2026-10-05T23:49:44.712+00:00 INFO  http.request requestId=07659ace-12e0-423b-a361-b347e6044051 role=api pod=gateway-78cb7fd75f-gnfxw method=POST path=/api/translations status=200 durationMs=250
[pod/gateway-78cb7fd75f-gnfxw/gateway] 2026-10-05T23:49:44.718+00:00 INFO  http.request requestId=5a4786ad-a991-48b4-a2e3-5042a3f86cc9 role=api pod=gateway-78cb7fd75f-gnfxw method=POST path=/api/transcriptions status=200 durationMs=594
[pod/gateway-78cb7fd75f-gnfxw/gateway] 2026-10-05T23:49:44.796+00:00 INFO  http.request requestId=05249090-6f95-4778-ae39-677de3b4da33 role=api pod=gateway-78cb7fd75f-gnfxw method=POST path=/api/transcriptions status=200 durationMs=658
[pod/gateway-78cb7fd75f-gnfxw/gateway] 2026-10-05T23:49:44.833+00:00 INFO  http.request requestId=ba75ab40-51b4-41f1-bfee-8ca52b39ef8a role=api pod=gateway-78cb7fd75f-gnfxw method=POST path=/api/transcriptions status=200 durationMs=575
[pod/gateway-78cb7fd75f-gnfxw/gateway] 2026-10-05T23:49:44.878+00:00 INFO  http.request requestId=83a3bd99-a73c-48ed-9958-57da09dfa567 role=api pod=gateway-78cb7fd75f-gnfxw method=POST path=/api/transcriptions status=200 durationMs=574
[pod/gateway-78cb7fd75f-gnfxw/gateway] 2026-10-05T23:49:44.902+00:00 INFO  http.request requestId=d4bc94f1-0483-4e7c-9abc-4f8a5278c1d4 role=api pod=gateway-78cb7fd75f-gnfxw method=POST path=/api/translations status=200 durationMs=399
[pod/gateway-78cb7fd75f-gnfxw/gateway] 2026-10-05T23:49:44.938+00:00 INFO  http.request requestId=d4cc14c3-faef-4697-a79d-470820feaf72 role=api pod=gateway-78cb7fd75f-gnfxw method=POST path=/api/transcriptions status=200 durationMs=709
[pod/gateway-78cb7fd75f-gnfxw/gateway] 2026-10-05T23:49:44.954+00:00 INFO  http.request requestId=1aa88bef-f64f-4ebb-b285-58c184492548 role=api pod=gateway-78cb7fd75f-gnfxw method=POST path=/api/translations status=200 durationMs=217
[pod/gateway-78cb7fd75f-gnfxw/gateway] 2026-10-05T23:49:44.993+00:00 INFO  http.request requestId=e03cd868-6dc6-4532-b8af-33f9e9aad1a9 role=api pod=gateway-78cb7fd75f-gnfxw method=POST path=/api/translations status=200 durationMs=280
[pod/gateway-78cb7fd75f-gnfxw/gateway] 2026-10-05T23:49:45.030+00:00 INFO  http.request requestId=43c1993d-1372-47d1-9367-02c50afc2b98 role=api pod=gateway-78cb7fd75f-gnfxw method=POST path=/api/transcriptions status=200 durationMs=682
[pod/gateway-78cb7fd75f-gnfxw/gateway] 2026-10-05T23:49:45.039+00:00 INFO  http.request requestId=e00aa026-bba6-401b-ac1a-e20a06e2c759 role=api pod=gateway-78cb7fd75f-gnfxw method=POST path=/api/translations status=200 durationMs=358
[pod/gateway-78cb7fd75f-gnfxw/gateway] 2026-10-05T23:49:45.047+00:00 INFO  http.request requestId=0dcbf0b9-464a-4257-9dce-28d25082614b role=api pod=gateway-78cb7fd75f-gnfxw method=POST path=/api/transcriptions status=200 durationMs=758
[pod/gateway-78cb7fd75f-gnfxw/gateway] 2026-10-05T23:49:45.088+00:00 INFO  http.request requestId=1ceafb3c-720a-4e24-9147-47af06d8bb0d role=api pod=gateway-78cb7fd75f-gnfxw method=POST path=/api/transcriptions status=200 durationMs=575
[pod/gateway-78cb7fd75f-gnfxw/gateway] 2026-10-05T23:49:45.105+00:00 INFO  http.request requestId=e1f801b7-036e-48d0-b45b-afffe2d76ba9 role=api pod=gateway-78cb7fd75f-gnfxw method=POST path=/api/translations status=200 durationMs=226
[pod/gateway-78cb7fd75f-gnfxw/gateway] 2026-10-05T23:49:45.111+00:00 INFO  http.request requestId=3418333b-fa3e-4e32-8164-4621c9ab3eed role=api pod=gateway-78cb7fd75f-gnfxw method=POST path=/api/transcriptions status=200 durationMs=521
[pod/gateway-78cb7fd75f-gnfxw/gateway] 2026-10-05T23:49:45.145+00:00 INFO  http.request requestId=6c382942-78b4-4b2b-bf4e-7fbf08c73c9e role=api pod=gateway-78cb7fd75f-gnfxw method=POST path=/api/transcriptions status=200 durationMs=751
[pod/gateway-78cb7fd75f-gnfxw/gateway] 2026-10-05T23:49:45.171+00:00 INFO  http.request requestId=e87f1bc3-fd89-42e6-a8ad-9aba4ade705d role=api pod=gateway-78cb7fd75f-gnfxw method=POST path=/api/translations status=200 durationMs=338
[pod/gateway-78cb7fd75f-gnfxw/gateway] 2026-10-05T23:49:45.241+00:00 INFO  http.request requestId=b2d76a96-c612-446c-88cb-228f8d5e0292 role=api pod=gateway-78cb7fd75f-gnfxw method=POST path=/api/transcriptions status=200 durationMs=532
[pod/gateway-78cb7fd75f-gnfxw/gateway] 2026-10-05T23:49:45.241+00:00 INFO  http.request requestId=8394e97a-9089-4f13-b0cd-aa2e01128630 role=api pod=gateway-78cb7fd75f-gnfxw method=POST path=/api/transcriptions status=200 durationMs=592
[pod/gateway-78cb7fd75f-gnfxw/gateway] 2026-10-05T23:49:45.255+00:00 INFO  http.request requestId=c687a5c4-1b88-4766-a684-773c2de812ee role=api pod=gateway-78cb7fd75f-gnfxw method=POST path=/api/transcriptions status=200 durationMs=532
[pod/gateway-78cb7fd75f-gnfxw/gateway] 2026-10-05T23:49:45.346+00:00 INFO  http.request requestId=150ba4b5-4f0b-46ab-8a01-cd035b61ceee role=api pod=gateway-78cb7fd75f-gnfxw method=POST path=/api/translations status=200 durationMs=349
[pod/gateway-78cb7fd75f-gnfxw/gateway] 2026-10-05T23:49:45.364+00:00 INFO  http.request requestId=4089e5b6-6912-437a-81d2-369a177f9a21 role=api pod=gateway-78cb7fd75f-gnfxw method=POST path=/api/translations status=200 durationMs=233
[pod/gateway-78cb7fd75f-gnfxw/gateway] 2026-10-05T23:49:45.369+00:00 INFO  http.request requestId=d47ff8f4-3273-4af1-b179-a163b9b6579e role=api pod=gateway-78cb7fd75f-gnfxw method=POST path=/api/translations status=200 durationMs=224
[pod/gateway-78cb7fd75f-gnfxw/gateway] 2026-10-05T23:49:45.389+00:00 INFO  http.request requestId=ca0c35e3-b417-4f66-a28b-8b64e26e2a8d role=api pod=gateway-78cb7fd75f-gnfxw method=POST path=/api/transcriptions status=200 durationMs=591
[pod/gateway-78cb7fd75f-gnfxw/gateway] 2026-10-05T23:49:45.427+00:00 INFO  http.request requestId=e43c1b3c-e29e-4cbf-ba58-119dc0f718e5 role=api pod=gateway-78cb7fd75f-gnfxw method=POST path=/api/translations status=200 durationMs=217
[pod/gateway-78cb7fd75f-gnfxw/gateway] 2026-10-05T23:49:45.486+00:00 INFO  http.request requestId=97e0ae6b-61a1-48a1-a2f7-00b890795dfb role=api pod=gateway-78cb7fd75f-gnfxw method=POST path=/api/translations status=200 durationMs=245
[pod/gateway-78cb7fd75f-gnfxw/gateway] 2026-10-05T23:49:45.498+00:00 INFO  http.request requestId=4156ec1a-320d-4df2-85f0-536a13a42f92 role=api pod=gateway-78cb7fd75f-gnfxw method=POST path=/api/transcriptions status=200 durationMs=550
[pod/gateway-78cb7fd75f-gnfxw/gateway] 2026-10-05T23:49:45.511+00:00 INFO  http.request requestId=f41cafc5-b6ea-404c-8b48-105ea8e9fb39 role=api pod=gateway-78cb7fd75f-gnfxw method=POST path=/api/transcriptions status=200 durationMs=517
[pod/gateway-78cb7fd75f-gnfxw/gateway] 2026-10-05T23:49:45.529+00:00 INFO  http.request requestId=b086530e-01f6-4a74-8307-5530aea701b7 role=api pod=gateway-78cb7fd75f-gnfxw method=POST path=/api/translations status=200 durationMs=374
[pod/gateway-78cb7fd75f-gnfxw/gateway] 2026-10-05T23:49:45.552+00:00 INFO  http.request requestId=9e93049a-9ca1-42d4-8b4f-fc1733114a67 role=api pod=gateway-78cb7fd75f-gnfxw method=POST path=/api/transcriptions status=200 durationMs=453
[pod/gateway-78cb7fd75f-gnfxw/gateway] 2026-10-05T23:49:45.576+00:00 INFO  http.request requestId=e8d1dbbb-8596-4861-b666-2fb0877c6e1c role=api pod=gateway-78cb7fd75f-gnfxw method=POST path=/api/transcriptions status=200 durationMs=672
[pod/gateway-78cb7fd75f-gnfxw/gateway] 2026-10-05T23:49:45.594+00:00 INFO  http.request requestId=dfd4a303-7759-4a79-abd4-0b6a07a1f094 role=api pod=gateway-78cb7fd75f-gnfxw method=POST path=/api/translations status=200 durationMs=334
[pod/gateway-78cb7fd75f-gnfxw/gateway] 2026-10-05T23:49:45.654+00:00 INFO  http.request requestId=feccfc98-10a4-41cb-b2f0-55f36ac7e81b role=api pod=gateway-78cb7fd75f-gnfxw method=POST path=/api/transcriptions status=200 durationMs=481
[pod/gateway-78cb7fd75f-gnfxw/gateway] 2026-10-05T23:49:45.758+00:00 INFO  http.request requestId=38c34be1-c27b-42ce-bcdf-d1d8245c5dcd role=api pod=gateway-78cb7fd75f-gnfxw method=POST path=/api/transcriptions status=200 durationMs=704
[pod/gateway-78cb7fd75f-gnfxw/gateway] 2026-10-05T23:49:45.783+00:00 INFO  http.request requestId=519c0e50-8630-4d8a-b9be-7a8c3164140e role=api pod=gateway-78cb7fd75f-gnfxw method=POST path=/api/translations status=200 durationMs=379
[pod/gateway-78cb7fd75f-gnfxw/gateway] 2026-10-05T23:49:45.815+00:00 INFO  http.request requestId=103b0274-a8a2-4c88-b0af-57a98c4bfc8b role=api pod=gateway-78cb7fd75f-gnfxw method=POST path=/api/transcriptions status=200 durationMs=686
[pod/gateway-78cb7fd75f-gnfxw/gateway] 2026-10-05T23:49:45.818+00:00 INFO  http.request requestId=c6ae7342-f032-4ec2-9e33-f4fd5ac4a49b role=api pod=gateway-78cb7fd75f-gnfxw method=POST path=/api/translations status=200 durationMs=219
[pod/gateway-78cb7fd75f-gnfxw/gateway] 2026-10-05T23:49:45.844+00:00 INFO  http.request requestId=4900aca4-8c2e-4d2b-9195-18ab533a665c role=api pod=gateway-78cb7fd75f-gnfxw method=POST path=/api/translations status=200 durationMs=292
[pod/gateway-78cb7fd75f-gnfxw/gateway] 2026-10-05T23:49:45.876+00:00 INFO  http.request requestId=eb51a3e7-fb1e-4fb0-ac1d-14bf65e5ac57 role=api pod=gateway-78cb7fd75f-gnfxw method=POST path=/api/translations status=200 durationMs=387
[pod/gateway-78cb7fd75f-gnfxw/gateway] 2026-10-05T23:49:45.939+00:00 INFO  http.request requestId=e7f7cfe7-24ea-494c-a8fd-e385f8ea64f7 role=api pod=gateway-78cb7fd75f-gnfxw method=POST path=/api/translations status=200 durationMs=371
[pod/gateway-78cb7fd75f-gnfxw/gateway] 2026-10-05T23:49:46.077+00:00 INFO  http.request requestId=67f69831-4058-4846-82e0-f56ae8308aec role=api pod=gateway-78cb7fd75f-gnfxw method=POST path=/api/translations status=200 durationMs=236
[pod/gateway-78cb7fd75f-gnfxw/gateway] 2026-10-05T23:49:46.297+00:00 INFO  http.request requestId=b5e932bc-6040-4242-92f8-19ad28b8cdcc role=api pod=gateway-78cb7fd75f-gnfxw method=POST path=/api/translations status=200 durationMs=398
[pod/gateway-78cb7fd75f-gnfxw/gateway] 2026-10-05T23:49:47.766+00:00 INFO  http.request requestId=8f1d7ad3-8516-4f3b-a514-afb6ddd2f1b6 role=api pod=gateway-78cb7fd75f-gnfxw method=POST path=/api/translations status=200 durationMs=259
[pod/gateway-78cb7fd75f-gnfxw/gateway] 2026-10-05T23:49:48.247+00:00 INFO  http.request requestId=843872fe-51f3-43f4-96ce-274d9cfea4bb role=api pod=gateway-78cb7fd75f-gnfxw method=POST path=/api/translations status=200 durationMs=3004
[pod/gateway-78cb7fd75f-gnfxw/gateway] 2026-10-05T23:49:49.005+00:00 INFO  http.request requestId=0c4e8646-488e-4f73-a72e-1e04016690d9 role=api pod=gateway-78cb7fd75f-gnfxw method=POST path=/api/transcriptions status=200 durationMs=12006
[pod/gateway-78cb7fd75f-gnfxw/gateway] 2026-10-05T23:49:49.393+00:00 INFO  http.request requestId=c6d10a0e-c30a-4f05-845a-db4b059c9c32 role=api pod=gateway-78cb7fd75f-gnfxw method=POST path=/api/translations status=200 durationMs=387
[pod/gateway-78cb7fd75f-gnfxw/gateway] 2026-10-05T23:49:50.895+00:00 INFO  http.request requestId=a7e2a75b-7623-47c1-be49-3888483d2535 role=api pod=gateway-78cb7fd75f-gnfxw method=POST path=/api/translations status=200 durationMs=388
[pod/gateway-78cb7fd75f-gnfxw/gateway] 2026-10-05T23:49:52.006+00:00 INFO  http.request requestId=989cf29a-29d0-4d3f-a8ac-915a966ff527 role=api pod=gateway-78cb7fd75f-gnfxw method=POST path=/api/transcriptions status=200 durationMs=12007
[pod/gateway-78cb7fd75f-gnfxw/gateway] 2026-10-05T23:49:52.390+00:00 INFO  http.request requestId=e8b9b32a-3009-4471-91c7-eb40295b27ec role=api pod=gateway-78cb7fd75f-gnfxw method=POST path=/api/translations status=200 durationMs=384
[pod/gateway-78cb7fd75f-gnfxw/gateway] 2026-10-05T23:49:53.510+00:00 INFO  http.request requestId=f6718580-6c26-4788-9098-54ffa68ad862 role=api pod=gateway-78cb7fd75f-gnfxw method=POST path=/api/transcriptions status=200 durationMs=12008
[pod/gateway-78cb7fd75f-gnfxw/gateway] 2026-10-05T23:49:53.718+00:00 INFO  http.request requestId=ef578d17-3787-4df0-9b46-df81405a4c5d role=api pod=gateway-78cb7fd75f-gnfxw method=POST path=/api/translations status=200 durationMs=208
[pod/gateway-78cb7fd75f-gnfxw/gateway] 2026-10-05T23:49:55.227+00:00 INFO  http.request requestId=1b7d07cb-e630-43da-958a-5e9ff6f5e960 role=api pod=gateway-78cb7fd75f-gnfxw method=POST path=/api/translations status=200 durationMs=219
[pod/gateway-78cb7fd75f-gnfxw/gateway] 2026-10-05T23:49:56.859+00:00 INFO  http.request requestId=1336c0b2-392f-4de6-8158-03845625002c role=api pod=gateway-78cb7fd75f-gnfxw method=POST path=/api/translations status=200 durationMs=352
[pod/gateway-78cb7fd75f-q5rcv/gateway] 2026-10-05T23:49:35.438+00:00 INFO  http.request requestId=ee1d69fe-89b6-406c-8e49-9bcda24aa5dd role=api pod=gateway-78cb7fd75f-q5rcv method=POST path=/api/translations status=200 durationMs=216
[pod/gateway-78cb7fd75f-q5rcv/gateway] 2026-10-05T23:49:35.469+00:00 INFO  http.request requestId=da13454c-31bd-43cf-a412-d05fb8908ad1 role=api pod=gateway-78cb7fd75f-q5rcv method=POST path=/api/transcriptions status=200 durationMs=465
[pod/gateway-78cb7fd75f-q5rcv/gateway] 2026-10-05T23:49:35.488+00:00 INFO  http.request requestId=67199bea-da9c-4f10-9eda-98bd250d22a4 role=api pod=gateway-78cb7fd75f-q5rcv method=POST path=/api/transcriptions status=200 durationMs=453
[pod/gateway-78cb7fd75f-q5rcv/gateway] 2026-10-05T23:49:35.505+00:00 INFO  http.request requestId=14eccc9f-2520-4f8c-ac99-f6bd131bcf4f role=api pod=gateway-78cb7fd75f-q5rcv method=POST path=/api/transcriptions status=200 durationMs=12006
[pod/gateway-78cb7fd75f-q5rcv/gateway] 2026-10-05T23:49:35.553+00:00 INFO  http.request requestId=ce8a352b-b840-44ff-a44c-0f7f43b978c7 role=api pod=gateway-78cb7fd75f-q5rcv method=POST path=/api/translations status=200 durationMs=389
[pod/gateway-78cb7fd75f-q5rcv/gateway] 2026-10-05T23:49:35.577+00:00 INFO  http.request requestId=2bde2367-602a-4814-8020-c20a4cefce39 role=api pod=gateway-78cb7fd75f-q5rcv method=POST path=/api/transcriptions status=200 durationMs=423
[pod/gateway-78cb7fd75f-q5rcv/gateway] 2026-10-05T23:49:35.675+00:00 INFO  http.request requestId=8ed95ba6-e59c-4db0-9187-23311f90b2d1 role=api pod=gateway-78cb7fd75f-q5rcv method=POST path=/api/translations status=200 durationMs=346
[pod/gateway-78cb7fd75f-q5rcv/gateway] 2026-10-05T23:49:35.709+00:00 INFO  http.request requestId=b4e13d72-ed85-4833-acf4-ac7ec9a71665 role=api pod=gateway-78cb7fd75f-q5rcv method=POST path=/api/transcriptions status=200 durationMs=421
[pod/gateway-78cb7fd75f-q5rcv/gateway] 2026-10-05T23:49:35.721+00:00 INFO  http.request requestId=7f5c2e9b-8b49-4f19-9247-bceee6068e53 role=api pod=gateway-78cb7fd75f-q5rcv method=POST path=/api/transcriptions status=200 durationMs=448
[pod/gateway-78cb7fd75f-q5rcv/gateway] 2026-10-05T23:49:35.742+00:00 INFO  http.request requestId=7a7e73c3-8e02-4ea8-ab77-e4f22b9a8dae role=api pod=gateway-78cb7fd75f-q5rcv method=POST path=/api/transcriptions status=200 durationMs=484
[pod/gateway-78cb7fd75f-q5rcv/gateway] 2026-10-05T23:49:35.749+00:00 INFO  http.request requestId=e9d99580-0b67-4453-9f58-779bee9357ec role=api pod=gateway-78cb7fd75f-q5rcv method=POST path=/api/translations status=200 durationMs=279
[pod/gateway-78cb7fd75f-q5rcv/gateway] 2026-10-05T23:49:35.806+00:00 INFO  http.request requestId=577ef3da-245f-4f10-b3e7-4962332fe5b6 role=api pod=gateway-78cb7fd75f-q5rcv method=POST path=/api/transcriptions status=200 durationMs=786
[pod/gateway-78cb7fd75f-q5rcv/gateway] 2026-10-05T23:49:35.843+00:00 INFO  http.request requestId=566f16a9-66f3-4131-adb2-a3003d14240a role=api pod=gateway-78cb7fd75f-q5rcv method=POST path=/api/translations status=200 durationMs=341
[pod/gateway-78cb7fd75f-q5rcv/gateway] 2026-10-05T23:49:35.893+00:00 INFO  http.request requestId=888a34a6-3b1b-4037-99d7-536b1b680f07 role=api pod=gateway-78cb7fd75f-q5rcv method=POST path=/api/transcriptions status=200 durationMs=710
[pod/gateway-78cb7fd75f-q5rcv/gateway] 2026-10-05T23:49:35.902+00:00 INFO  http.request requestId=88d75b6e-6627-4c1a-96ad-3783f4c29590 role=api pod=gateway-78cb7fd75f-q5rcv method=POST path=/api/translations status=200 durationMs=323
[pod/gateway-78cb7fd75f-q5rcv/gateway] 2026-10-05T23:49:35.928+00:00 INFO  http.request requestId=1134e79c-d221-4ad0-9971-bbab434f0363 role=api pod=gateway-78cb7fd75f-q5rcv method=POST path=/api/translations status=200 durationMs=333
[pod/gateway-78cb7fd75f-q5rcv/gateway] 2026-10-05T23:49:35.928+00:00 INFO  http.request requestId=3cead58d-ba90-4c1a-b7e4-c1fd1d7e7ae5 role=api pod=gateway-78cb7fd75f-q5rcv method=POST path=/api/translations status=200 durationMs=216
[pod/gateway-78cb7fd75f-q5rcv/gateway] 2026-10-05T23:49:35.933+00:00 INFO  http.request requestId=2193d2f1-3907-4d29-a3c6-eb6acd6714a2 role=api pod=gateway-78cb7fd75f-q5rcv method=POST path=/api/transcriptions status=200 durationMs=495
[pod/gateway-78cb7fd75f-q5rcv/gateway] 2026-10-05T23:49:35.992+00:00 INFO  http.request requestId=6a20875c-247e-46bb-bb1b-6b936ec6d827 role=api pod=gateway-78cb7fd75f-q5rcv method=POST path=/api/transcriptions status=200 durationMs=764
[pod/gateway-78cb7fd75f-q5rcv/gateway] 2026-10-05T23:49:36.084+00:00 INFO  http.request requestId=bdef279d-80f3-4e11-a238-e520505832a0 role=api pod=gateway-78cb7fd75f-q5rcv method=POST path=/api/translations status=200 durationMs=263
[pod/gateway-78cb7fd75f-q5rcv/gateway] 2026-10-05T23:49:36.084+00:00 INFO  http.request requestId=e5e4d2ab-b0a8-4656-9b7e-41311a681c90 role=api pod=gateway-78cb7fd75f-q5rcv method=POST path=/api/transcriptions status=200 durationMs=675
[pod/gateway-78cb7fd75f-q5rcv/gateway] 2026-10-05T23:49:36.112+00:00 INFO  http.request requestId=bdb7417a-d5c7-4a33-beae-fe935417c7c3 role=api pod=gateway-78cb7fd75f-q5rcv method=POST path=/api/translations status=200 durationMs=241
[pod/gateway-78cb7fd75f-q5rcv/gateway] 2026-10-05T23:49:36.148+00:00 INFO  http.request requestId=f78a4c66-f5c3-4a14-981a-bda55c458bb7 role=api pod=gateway-78cb7fd75f-q5rcv method=POST path=/api/translations status=200 durationMs=210
[pod/gateway-78cb7fd75f-q5rcv/gateway] 2026-10-05T23:49:36.172+00:00 INFO  http.request requestId=9e43976e-b758-4a2d-bdf6-216389c4b7b9 role=api pod=gateway-78cb7fd75f-q5rcv method=POST path=/api/translations status=200 durationMs=236
[pod/gateway-78cb7fd75f-q5rcv/gateway] 2026-10-05T23:49:36.183+00:00 INFO  http.request requestId=62845997-430b-4e6c-968c-34ed7eac077d role=api pod=gateway-78cb7fd75f-q5rcv method=POST path=/api/translations status=200 durationMs=374
[pod/gateway-78cb7fd75f-q5rcv/gateway] 2026-10-05T23:49:36.190+00:00 INFO  http.request requestId=899d06c9-941e-47d8-9b4d-8902b5d757e1 role=api pod=gateway-78cb7fd75f-q5rcv method=POST path=/api/transcriptions status=200 durationMs=677
[pod/gateway-78cb7fd75f-q5rcv/gateway] 2026-10-05T23:49:36.320+00:00 INFO  http.request requestId=dadc8e59-73f2-4a08-b710-a45663b3041b role=api pod=gateway-78cb7fd75f-q5rcv method=POST path=/api/transcriptions status=200 durationMs=641
[pod/gateway-78cb7fd75f-q5rcv/gateway] 2026-10-05T23:49:36.434+00:00 INFO  http.request requestId=d06b4394-a6bf-4096-b258-13ca05321a66 role=api pod=gateway-78cb7fd75f-q5rcv method=POST path=/api/translations status=200 durationMs=350
[pod/gateway-78cb7fd75f-q5rcv/gateway] 2026-10-05T23:49:36.444+00:00 INFO  http.request requestId=6f4ea51e-659d-412f-a833-82fd785d0769 role=api pod=gateway-78cb7fd75f-q5rcv method=POST path=/api/translations status=200 durationMs=264
[pod/gateway-78cb7fd75f-q5rcv/gateway] 2026-10-05T23:49:36.454+00:00 INFO  http.request requestId=5b5debd4-7929-457d-84c6-4bd46e014614 role=api pod=gateway-78cb7fd75f-q5rcv method=POST path=/api/translations status=200 durationMs=307
[pod/gateway-78cb7fd75f-q5rcv/gateway] 2026-10-05T23:49:36.455+00:00 INFO  http.request requestId=550c93b2-17d0-42bc-ade9-ba9efd1732ec role=api pod=gateway-78cb7fd75f-q5rcv method=POST path=/api/transcriptions status=200 durationMs=536
[pod/gateway-78cb7fd75f-q5rcv/gateway] 2026-10-05T23:49:36.469+00:00 INFO  http.request requestId=40d81050-a187-493c-b0e3-49ecfe8aa407 role=api pod=gateway-78cb7fd75f-q5rcv method=POST path=/api/transcriptions status=200 durationMs=730
[pod/gateway-78cb7fd75f-q5rcv/gateway] 2026-10-05T23:49:36.471+00:00 INFO  http.request requestId=eb8bcbda-6c7b-4141-9896-09ae9daba217 role=api pod=gateway-78cb7fd75f-q5rcv method=POST path=/api/transcriptions status=200 durationMs=478
[pod/gateway-78cb7fd75f-q5rcv/gateway] 2026-10-05T23:49:36.502+00:00 INFO  http.request requestId=2032823f-0d56-42b5-a28c-64a7ab5ddaee role=api pod=gateway-78cb7fd75f-q5rcv method=POST path=/api/translations status=200 durationMs=294
[pod/gateway-78cb7fd75f-q5rcv/gateway] 2026-10-05T23:49:36.537+00:00 INFO  http.request requestId=f4a2f2e6-6556-4cdf-a313-da4a4617c812 role=api pod=gateway-78cb7fd75f-q5rcv method=POST path=/api/translations status=200 durationMs=350
[pod/gateway-78cb7fd75f-q5rcv/gateway] 2026-10-05T23:49:36.819+00:00 INFO  http.request requestId=4b71f325-44aa-472c-aeb8-8fe57b1b2f5e role=api pod=gateway-78cb7fd75f-q5rcv method=POST path=/api/transcriptions status=200 durationMs=720
[pod/gateway-78cb7fd75f-q5rcv/gateway] 2026-10-05T23:49:36.820+00:00 INFO  http.request requestId=d2ec306b-c9c5-4745-9564-c1987379c67b role=api pod=gateway-78cb7fd75f-q5rcv method=POST path=/api/translations status=200 durationMs=495
[pod/gateway-78cb7fd75f-q5rcv/gateway] 2026-10-05T23:49:36.821+00:00 INFO  http.request requestId=153c5b5f-c6d9-48b9-9e7c-4826cd96b0ca role=api pod=gateway-78cb7fd75f-q5rcv method=POST path=/api/translations status=200 durationMs=349
[pod/gateway-78cb7fd75f-q5rcv/gateway] 2026-10-05T23:49:36.821+00:00 INFO  http.request requestId=1b186187-5ed9-4bc1-8c03-6121527276a6 role=api pod=gateway-78cb7fd75f-q5rcv method=POST path=/api/translations status=200 durationMs=367
[pod/gateway-78cb7fd75f-q5rcv/gateway] 2026-10-05T23:49:36.823+00:00 INFO  http.request requestId=f44c9496-428c-411d-946d-d9c6763fe3b4 role=api pod=gateway-78cb7fd75f-q5rcv method=POST path=/api/translations status=200 durationMs=354
[pod/gateway-78cb7fd75f-q5rcv/gateway] 2026-10-05T23:49:36.825+00:00 INFO  http.request requestId=e3b7900a-da13-4697-b3ff-0993e4a3410f role=api pod=gateway-78cb7fd75f-q5rcv method=POST path=/api/translations status=200 durationMs=403
[pod/gateway-78cb7fd75f-q5rcv/gateway] 2026-10-05T23:49:36.825+00:00 INFO  http.request requestId=12b54363-f730-41e3-83d3-8348a2866356 role=api pod=gateway-78cb7fd75f-q5rcv method=POST path=/api/transcriptions status=200 durationMs=922
[pod/gateway-78cb7fd75f-q5rcv/gateway] 2026-10-05T23:49:36.831+00:00 INFO  http.request requestId=41855e71-bf0c-41cb-9aa5-ace9b308880f role=api pod=gateway-78cb7fd75f-q5rcv method=POST path=/api/transcriptions status=200 durationMs=447
[pod/gateway-78cb7fd75f-q5rcv/gateway] 2026-10-05T23:49:36.852+00:00 INFO  http.request requestId=221670f5-1d8b-4d0b-acc5-d6820e40cd49 role=api pod=gateway-78cb7fd75f-q5rcv method=POST path=/api/transcriptions status=200 durationMs=648
[pod/gateway-78cb7fd75f-q5rcv/gateway] 2026-10-05T23:49:36.860+00:00 INFO  http.request requestId=122cd5e2-1866-4df1-8777-140e298b96ff role=api pod=gateway-78cb7fd75f-q5rcv method=POST path=/api/translations status=200 durationMs=404
[pod/gateway-78cb7fd75f-q5rcv/gateway] 2026-10-05T23:49:36.866+00:00 INFO  http.request requestId=67f72931-3e23-4920-bcbc-1e1835a48ef1 role=api pod=gateway-78cb7fd75f-q5rcv method=POST path=/api/transcriptions status=200 durationMs=408
[pod/gateway-78cb7fd75f-q5rcv/gateway] 2026-10-05T23:49:37.004+00:00 INFO  http.request requestId=d0053b7f-da1b-4f06-a143-c2c435d289eb role=api pod=gateway-78cb7fd75f-q5rcv method=POST path=/api/transcriptions status=200 durationMs=500
[pod/gateway-78cb7fd75f-q5rcv/gateway] 2026-10-05T23:49:37.024+00:00 INFO  http.request requestId=a4823bfe-8493-4f65-9746-0e9c18b38612 role=api pod=gateway-78cb7fd75f-q5rcv method=POST path=/api/transcriptions status=200 durationMs=551
[pod/gateway-78cb7fd75f-q5rcv/gateway] 2026-10-05T23:49:37.041+00:00 INFO  http.request requestId=89810a68-0142-45f4-87e9-98cc2c23ad07 role=api pod=gateway-78cb7fd75f-q5rcv method=POST path=/api/transcriptions status=200 durationMs=492
[pod/gateway-78cb7fd75f-q5rcv/gateway] 2026-10-05T23:49:37.061+00:00 INFO  http.request requestId=3738d783-ba75-4daa-bbe7-0dc973781930 role=api pod=gateway-78cb7fd75f-q5rcv method=POST path=/api/translations status=200 durationMs=228
[pod/gateway-78cb7fd75f-q5rcv/gateway] 2026-10-05T23:49:37.077+00:00 INFO  http.request requestId=21852928-c166-420a-b498-9aee13e2eca0 role=api pod=gateway-78cb7fd75f-q5rcv method=POST path=/api/translations status=200 durationMs=233
[pod/gateway-78cb7fd75f-q5rcv/gateway] 2026-10-05T23:49:37.096+00:00 INFO  http.request requestId=1b4b1598-dc57-44d4-88c3-d4c8618beec6 role=api pod=gateway-78cb7fd75f-q5rcv method=POST path=/api/translations status=200 durationMs=256
[pod/gateway-78cb7fd75f-q5rcv/gateway] 2026-10-05T23:49:37.122+00:00 INFO  http.request requestId=e862d69b-5767-4567-94b5-56de05fbac48 role=api pod=gateway-78cb7fd75f-q5rcv method=POST path=/api/translations status=200 durationMs=275
[pod/gateway-78cb7fd75f-q5rcv/gateway] 2026-10-05T23:49:37.152+00:00 INFO  http.request requestId=92219cfb-cd6c-47cb-a890-49b9a60aedb3 role=api pod=gateway-78cb7fd75f-q5rcv method=POST path=/api/translations status=200 durationMs=318
[pod/gateway-78cb7fd75f-q5rcv/gateway] 2026-10-05T23:49:37.185+00:00 INFO  http.request requestId=5de3a626-5a5e-415b-aefa-b0accce25f68 role=api pod=gateway-78cb7fd75f-q5rcv method=POST path=/api/translations status=200 durationMs=347
[pod/gateway-78cb7fd75f-q5rcv/gateway] 2026-10-05T23:49:37.194+00:00 INFO  http.request requestId=ebf2550b-b4a9-4b4a-a24b-54846d1da356 role=api pod=gateway-78cb7fd75f-q5rcv method=POST path=/api/translations status=200 durationMs=364
[pod/gateway-78cb7fd75f-q5rcv/gateway] 2026-10-05T23:49:37.253+00:00 INFO  http.request requestId=a97b5ac5-d695-4871-aa6e-8b647269b441 role=api pod=gateway-78cb7fd75f-q5rcv method=POST path=/api/translations status=200 durationMs=247
[pod/gateway-78cb7fd75f-q5rcv/gateway] 2026-10-05T23:49:37.323+00:00 INFO  http.request requestId=7438fe52-496a-461a-ad4c-d6e718e4171f role=api pod=gateway-78cb7fd75f-q5rcv method=POST path=/api/transcriptions status=200 durationMs=534
[pod/gateway-78cb7fd75f-q5rcv/gateway] 2026-10-05T23:49:37.349+00:00 INFO  http.request requestId=6786e4d1-dabe-4aae-a086-b5f82cbe0a60 role=api pod=gateway-78cb7fd75f-q5rcv method=POST path=/api/transcriptions status=200 durationMs=635
[pod/gateway-78cb7fd75f-q5rcv/gateway] 2026-10-05T23:49:37.352+00:00 INFO  http.request requestId=90a0be2b-a1ba-4026-a535-282900e5f444 role=api pod=gateway-78cb7fd75f-q5rcv method=POST path=/api/transcriptions status=200 durationMs=578
[pod/gateway-78cb7fd75f-q5rcv/gateway] 2026-10-05T23:49:37.415+00:00 INFO  http.request requestId=9160140c-0913-4c64-9c80-01e5d655b83c role=api pod=gateway-78cb7fd75f-q5rcv method=POST path=/api/transcriptions status=200 durationMs=536
[pod/gateway-78cb7fd75f-q5rcv/gateway] 2026-10-05T23:49:37.430+00:00 INFO  http.request requestId=c6f967b5-c845-4950-af03-811ab669389f role=api pod=gateway-78cb7fd75f-q5rcv method=POST path=/api/translations status=200 durationMs=337
[pod/gateway-78cb7fd75f-q5rcv/gateway] 2026-10-05T23:49:37.453+00:00 INFO  http.request requestId=0f5b507e-ab0d-48d6-9766-10ab4bc55651 role=api pod=gateway-78cb7fd75f-q5rcv method=POST path=/api/transcriptions status=200 durationMs=691
[pod/gateway-78cb7fd75f-q5rcv/gateway] 2026-10-05T23:49:37.549+00:00 INFO  http.request requestId=b259f3e6-a010-4e1d-af94-3362c0cc51b7 role=api pod=gateway-78cb7fd75f-q5rcv method=POST path=/api/transcriptions status=200 durationMs=594
[pod/gateway-78cb7fd75f-q5rcv/gateway] 2026-10-05T23:49:37.557+00:00 INFO  http.request requestId=c1439b1c-6ead-4952-ae8b-531518972824 role=api pod=gateway-78cb7fd75f-q5rcv method=POST path=/api/transcriptions status=200 durationMs=663
[pod/gateway-78cb7fd75f-q5rcv/gateway] 2026-10-05T23:49:37.616+00:00 INFO  http.request requestId=844518a9-d678-48b8-8b78-6627464e7243 role=api pod=gateway-78cb7fd75f-q5rcv method=POST path=/api/translations status=200 durationMs=247
[pod/gateway-78cb7fd75f-q5rcv/gateway] 2026-10-05T23:49:37.629+00:00 INFO  http.request requestId=d36afe4b-32f6-4f45-9705-7b973544ac63 role=api pod=gateway-78cb7fd75f-q5rcv method=POST path=/api/transcriptions status=200 durationMs=600
[pod/gateway-78cb7fd75f-q5rcv/gateway] 2026-10-05T23:49:37.652+00:00 INFO  http.request requestId=6c5f2539-5049-4b13-872f-b3f313483af2 role=api pod=gateway-78cb7fd75f-q5rcv method=POST path=/api/transcriptions status=200 durationMs=608
[pod/gateway-78cb7fd75f-q5rcv/gateway] 2026-10-05T23:49:37.657+00:00 INFO  http.request requestId=9f69dbee-4562-42de-97ea-87dfa6b53af5 role=api pod=gateway-78cb7fd75f-q5rcv method=POST path=/api/translations status=200 durationMs=299
[pod/gateway-78cb7fd75f-q5rcv/gateway] 2026-10-05T23:49:37.722+00:00 INFO  http.request requestId=bd7dff22-95fb-4d6d-833e-d49dd6b2337b role=api pod=gateway-78cb7fd75f-q5rcv method=POST path=/api/translations status=200 durationMs=407
[pod/gateway-78cb7fd75f-q5rcv/gateway] 2026-10-05T23:49:37.737+00:00 INFO  http.request requestId=a8434e7f-bc57-4f6b-9275-cb970ad56a84 role=api pod=gateway-78cb7fd75f-q5rcv method=POST path=/api/transcriptions status=200 durationMs=409
[pod/gateway-78cb7fd75f-q5rcv/gateway] 2026-10-05T23:49:37.790+00:00 INFO  http.request requestId=90ba9c93-47f8-42fe-b390-895c160f3daf role=api pod=gateway-78cb7fd75f-q5rcv method=POST path=/api/transcriptions status=200 durationMs=670
[pod/gateway-78cb7fd75f-q5rcv/gateway] 2026-10-05T23:49:37.805+00:00 INFO  http.request requestId=8462a4ce-8fba-41a2-b177-6f936fbf02fa role=api pod=gateway-78cb7fd75f-q5rcv method=POST path=/api/translations status=200 durationMs=233
[pod/gateway-78cb7fd75f-q5rcv/gateway] 2026-10-05T23:49:37.838+00:00 INFO  http.request requestId=640459ea-f59a-4cb0-bafa-ee28c491832c role=api pod=gateway-78cb7fd75f-q5rcv method=POST path=/api/translations status=200 durationMs=208
[pod/gateway-78cb7fd75f-q5rcv/gateway] 2026-10-05T23:49:37.886+00:00 INFO  http.request requestId=ff0f5d20-d022-4371-aeb8-a21e5d225fc3 role=api pod=gateway-78cb7fd75f-q5rcv method=POST path=/api/translations status=200 durationMs=328
[pod/gateway-78cb7fd75f-q5rcv/gateway] 2026-10-05T23:49:37.924+00:00 INFO  http.request requestId=d80aec3c-23c9-48d3-88d4-0d768044a38e role=api pod=gateway-78cb7fd75f-q5rcv method=POST path=/api/transcriptions status=200 durationMs=715
[pod/gateway-78cb7fd75f-q5rcv/gateway] 2026-10-05T23:49:37.972+00:00 INFO  http.request requestId=dfbd2100-da2e-4539-822e-367301dee424 role=api pod=gateway-78cb7fd75f-q5rcv method=POST path=/api/transcriptions status=200 durationMs=493
[pod/gateway-78cb7fd75f-q5rcv/gateway] 2026-10-05T23:49:37.981+00:00 INFO  http.request requestId=bbfae641-f5cd-41b6-b096-e73278388ea9 role=api pod=gateway-78cb7fd75f-q5rcv method=POST path=/api/translations status=200 durationMs=351
[pod/gateway-78cb7fd75f-q5rcv/gateway] 2026-10-05T23:49:38.000+00:00 INFO  http.request requestId=2c7474ed-1524-4ac2-bd05-532701139152 role=api pod=gateway-78cb7fd75f-q5rcv method=POST path=/api/translations status=200 durationMs=210
[pod/gateway-78cb7fd75f-q5rcv/gateway] 2026-10-05T23:49:38.103+00:00 INFO  http.request requestId=29eb3cc7-d25a-4908-b79b-dc625fcef401 role=api pod=gateway-78cb7fd75f-q5rcv method=POST path=/api/translations status=200 durationMs=274
[pod/gateway-78cb7fd75f-q5rcv/gateway] 2026-10-05T23:49:38.109+00:00 INFO  http.request requestId=8f799119-5a96-4143-8a12-204caaed6eab role=api pod=gateway-78cb7fd75f-q5rcv method=POST path=/api/translations status=200 durationMs=257
[pod/gateway-78cb7fd75f-q5rcv/gateway] 2026-10-05T23:49:38.130+00:00 INFO  http.request requestId=8d165a3e-9b5d-43d8-a266-c4bba707127f role=api pod=gateway-78cb7fd75f-q5rcv method=POST path=/api/transcriptions status=200 durationMs=621
[pod/gateway-78cb7fd75f-q5rcv/gateway] 2026-10-05T23:49:38.144+00:00 INFO  http.request requestId=a868d181-e12a-4099-8a30-bc1cdde23e05 role=api pod=gateway-78cb7fd75f-q5rcv method=POST path=/api/transcriptions status=200 durationMs=726
[pod/gateway-78cb7fd75f-q5rcv/gateway] 2026-10-05T23:49:38.170+00:00 INFO  http.request requestId=b7a38d18-de45-41fc-8246-492eb1248dc6 role=api pod=gateway-78cb7fd75f-q5rcv method=POST path=/api/transcriptions status=200 durationMs=721
[pod/gateway-78cb7fd75f-q5rcv/gateway] 2026-10-05T23:49:38.211+00:00 INFO  http.request requestId=e5778a53-da97-4bc0-b5e7-e6a9a8fb152b role=api pod=gateway-78cb7fd75f-q5rcv method=POST path=/api/translations status=200 durationMs=339
[pod/gateway-78cb7fd75f-q5rcv/gateway] 2026-10-05T23:49:38.227+00:00 INFO  http.request requestId=b9fef6f4-59c6-49f7-864b-66981b441830 role=api pod=gateway-78cb7fd75f-q5rcv method=POST path=/api/transcriptions status=200 durationMs=554
[pod/gateway-78cb7fd75f-q5rcv/gateway] 2026-10-05T23:49:38.231+00:00 INFO  http.request requestId=94bfb096-f188-4647-b738-71cd98b85215 role=api pod=gateway-78cb7fd75f-q5rcv method=POST path=/api/translations status=200 durationMs=335
[pod/gateway-78cb7fd75f-q5rcv/gateway] 2026-10-05T23:49:38.264+00:00 INFO  http.request requestId=f6bf1a12-1488-40de-8e6a-4b0c09d76834 role=api pod=gateway-78cb7fd75f-q5rcv method=POST path=/api/translations status=200 durationMs=279
[pod/gateway-78cb7fd75f-q5rcv/gateway] 2026-10-05T23:49:38.285+00:00 INFO  http.request requestId=4a1542a0-cddf-4fc2-8576-2bc0fb297993 role=api pod=gateway-78cb7fd75f-q5rcv method=POST path=/api/transcriptions status=200 durationMs=491
[pod/gateway-78cb7fd75f-q5rcv/gateway] 2026-10-05T23:49:38.325+00:00 INFO  http.request requestId=25d17b9d-a328-4a48-b2da-d3b418835564 role=api pod=gateway-78cb7fd75f-q5rcv method=POST path=/api/transcriptions status=200 durationMs=667
[pod/gateway-78cb7fd75f-q5rcv/gateway] 2026-10-05T23:49:38.359+00:00 INFO  http.request requestId=d8dc31fd-8248-45fe-84bd-799dce129111 role=api pod=gateway-78cb7fd75f-q5rcv method=POST path=/api/translations status=200 durationMs=227
[pod/gateway-78cb7fd75f-q5rcv/gateway] 2026-10-05T23:49:38.471+00:00 INFO  http.request requestId=b7ff03ca-2487-4166-a4d9-8b98511dbcce role=api pod=gateway-78cb7fd75f-q5rcv method=POST path=/api/transcriptions status=200 durationMs=543
[pod/gateway-78cb7fd75f-q5rcv/gateway] 2026-10-05T23:49:38.471+00:00 INFO  http.request requestId=a1536aa6-e871-42b7-967c-eac8e71b5c2e role=api pod=gateway-78cb7fd75f-q5rcv method=POST path=/api/transcriptions status=200 durationMs=423
[pod/gateway-78cb7fd75f-q5rcv/gateway] 2026-10-05T23:49:38.493+00:00 INFO  http.request requestId=89756919-9c55-4439-95ca-4962c977233b role=api pod=gateway-78cb7fd75f-q5rcv method=POST path=/api/translations status=200 durationMs=322
[pod/gateway-78cb7fd75f-q5rcv/gateway] 2026-10-05T23:49:38.504+00:00 INFO  http.request requestId=b1ee1222-0eeb-4cfa-b724-fb82dc7694a2 role=api pod=gateway-78cb7fd75f-q5rcv method=POST path=/api/translations status=200 durationMs=332
[pod/gateway-78cb7fd75f-q5rcv/gateway] 2026-10-05T23:49:38.518+00:00 INFO  http.request requestId=a4f7e622-e823-40f9-b4ef-154b6f4c90cf role=api pod=gateway-78cb7fd75f-q5rcv method=POST path=/api/translations status=200 durationMs=233
[pod/gateway-78cb7fd75f-q5rcv/gateway] 2026-10-05T23:49:38.536+00:00 INFO  http.request requestId=d56b9937-19db-4f80-aee1-9d6474ca4f32 role=api pod=gateway-78cb7fd75f-q5rcv method=POST path=/api/translations status=200 durationMs=351
[pod/gateway-78cb7fd75f-q5rcv/gateway] 2026-10-05T23:49:38.601+00:00 INFO  http.request requestId=c347b69a-24a8-4223-8f60-4fd748bebc65 role=api pod=gateway-78cb7fd75f-q5rcv method=POST path=/api/transcriptions status=200 durationMs=492
[pod/gateway-78cb7fd75f-q5rcv/gateway] 2026-10-05T23:49:38.678+00:00 INFO  http.request requestId=fa1e24a2-082f-43d0-8593-e036511a37ba role=api pod=gateway-78cb7fd75f-q5rcv method=POST path=/api/transcriptions status=200 durationMs=524
[pod/gateway-78cb7fd75f-q5rcv/gateway] 2026-10-05T23:49:38.719+00:00 INFO  http.request requestId=b196ff83-5725-4f0e-9ac5-6cc48c723802 role=api pod=gateway-78cb7fd75f-q5rcv method=POST path=/api/transcriptions status=200 durationMs=476
[pod/gateway-78cb7fd75f-q5rcv/gateway] 2026-10-05T23:49:38.758+00:00 INFO  http.request requestId=00dc75b9-515a-4a69-ae17-9fc0c4f7e08b role=api pod=gateway-78cb7fd75f-q5rcv method=POST path=/api/translations status=200 durationMs=225
[pod/gateway-78cb7fd75f-q5rcv/gateway] 2026-10-05T23:49:38.832+00:00 INFO  http.request requestId=0fbd57dd-3db0-417b-a0e2-45e1eb82ac99 role=api pod=gateway-78cb7fd75f-q5rcv method=POST path=/api/translations status=200 durationMs=329
[pod/gateway-78cb7fd75f-q5rcv/gateway] 2026-10-05T23:49:38.838+00:00 INFO  http.request requestId=2c8fdeee-d17e-47f6-bff0-629c7d9bd3f0 role=api pod=gateway-78cb7fd75f-q5rcv method=POST path=/api/translations status=200 durationMs=366
[pod/gateway-78cb7fd75f-q5rcv/gateway] 2026-10-05T23:49:38.910+00:00 INFO  http.request requestId=7fdb6987-c735-4b31-afd2-5b2de41c575f role=api pod=gateway-78cb7fd75f-q5rcv method=POST path=/api/translations status=200 durationMs=221
[pod/gateway-78cb7fd75f-q5rcv/gateway] 2026-10-05T23:49:38.916+00:00 INFO  http.request requestId=67537d2a-ce89-4d9e-b03a-06dd4aec3530 role=api pod=gateway-78cb7fd75f-q5rcv method=POST path=/api/transcriptions status=200 durationMs=688
[pod/gateway-78cb7fd75f-q5rcv/gateway] 2026-10-05T23:49:38.934+00:00 INFO  http.request requestId=96ee01fb-3e32-44d4-9ffa-c210a7a86898 role=api pod=gateway-78cb7fd75f-q5rcv method=POST path=/api/transcriptions status=200 durationMs=601
[pod/gateway-78cb7fd75f-q5rcv/gateway] 2026-10-05T23:49:38.983+00:00 INFO  http.request requestId=32baca88-476a-4be1-825a-72676a69456b role=api pod=gateway-78cb7fd75f-q5rcv method=POST path=/api/transcriptions status=200 durationMs=695
[pod/gateway-78cb7fd75f-q5rcv/gateway] 2026-10-05T23:49:39.020+00:00 INFO  http.request requestId=12054e2b-16be-4ac0-925f-0871a323cea7 role=api pod=gateway-78cb7fd75f-q5rcv method=POST path=/api/translations status=200 durationMs=293
[pod/gateway-78cb7fd75f-q5rcv/gateway] 2026-10-05T23:49:39.030+00:00 INFO  http.request requestId=20d17a5a-7951-435e-9947-5f31c87e7c5a role=api pod=gateway-78cb7fd75f-q5rcv method=POST path=/api/transcriptions status=200 durationMs=547
[pod/gateway-78cb7fd75f-q5rcv/gateway] 2026-10-05T23:49:39.041+00:00 INFO  http.request requestId=9f25dce3-b0f9-45c4-9d5e-5fddc2d1aaa0 role=api pod=gateway-78cb7fd75f-q5rcv method=POST path=/api/transcriptions status=200 durationMs=737
[pod/gateway-78cb7fd75f-q5rcv/gateway] 2026-10-05T23:49:39.066+00:00 INFO  http.request requestId=59acc9c5-2cd1-4ecc-8914-0771dc115ae9 role=api pod=gateway-78cb7fd75f-q5rcv method=POST path=/api/transcriptions status=200 durationMs=702
[pod/gateway-78cb7fd75f-q5rcv/gateway] 2026-10-05T23:49:39.111+00:00 INFO  http.request requestId=9f8ee479-94d1-4df7-916b-98f4d46d168d role=api pod=gateway-78cb7fd75f-q5rcv method=POST path=/api/translations status=200 durationMs=394
[pod/gateway-78cb7fd75f-q5rcv/gateway] 2026-10-05T23:49:39.121+00:00 INFO  http.request requestId=39cebffd-d0bf-4f1b-9770-0e88174f77ff role=api pod=gateway-78cb7fd75f-q5rcv method=POST path=/api/translations status=200 durationMs=355
[pod/gateway-78cb7fd75f-q5rcv/gateway] 2026-10-05T23:49:39.213+00:00 INFO  http.request requestId=de947983-435f-4903-8a13-ea0b1cafb672 role=api pod=gateway-78cb7fd75f-q5rcv method=POST path=/api/translations status=200 durationMs=297
[pod/gateway-78cb7fd75f-q5rcv/gateway] 2026-10-05T23:49:39.284+00:00 INFO  http.request requestId=09408da3-cd2a-426b-91d8-6e86b16f2956 role=api pod=gateway-78cb7fd75f-q5rcv method=POST path=/api/translations status=200 durationMs=217
[pod/gateway-78cb7fd75f-q5rcv/gateway] 2026-10-05T23:49:39.309+00:00 INFO  http.request requestId=c754c5a2-8123-4c11-b34b-f90c2c8c7a15 role=api pod=gateway-78cb7fd75f-q5rcv method=POST path=/api/translations status=200 durationMs=374
[pod/gateway-78cb7fd75f-q5rcv/gateway] 2026-10-05T23:49:39.328+00:00 INFO  http.request requestId=5e85c810-3a7c-4ed5-9360-8c2161b5eadc role=api pod=gateway-78cb7fd75f-q5rcv method=POST path=/api/translations status=200 durationMs=227
[pod/gateway-78cb7fd75f-q5rcv/gateway] 2026-10-05T23:49:39.379+00:00 INFO  http.request requestId=75b7e2d5-ceac-441b-aae5-4b9da4da85f2 role=api pod=gateway-78cb7fd75f-q5rcv method=POST path=/api/translations status=200 durationMs=337
[pod/gateway-78cb7fd75f-q5rcv/gateway] 2026-10-05T23:49:39.394+00:00 INFO  http.request requestId=3f784c28-1e34-4f52-8a9c-c4153b481019 role=api pod=gateway-78cb7fd75f-q5rcv method=POST path=/api/transcriptions status=200 durationMs=790
[pod/gateway-78cb7fd75f-q5rcv/gateway] 2026-10-05T23:49:39.476+00:00 INFO  http.request requestId=32357103-371a-4441-b512-ff46a491cdee role=api pod=gateway-78cb7fd75f-q5rcv method=POST path=/api/translations status=200 durationMs=236
[pod/gateway-78cb7fd75f-q5rcv/gateway] 2026-10-05T23:49:39.480+00:00 INFO  http.request requestId=acbe78cc-71af-4955-9a12-ca4e536ac015 role=api pod=gateway-78cb7fd75f-q5rcv method=POST path=/api/transcriptions status=200 durationMs=441
[pod/gateway-78cb7fd75f-q5rcv/gateway] 2026-10-05T23:49:39.499+00:00 INFO  http.request requestId=92dd4d01-1ca1-4919-b523-12ddc27ee89c role=api pod=gateway-78cb7fd75f-q5rcv method=POST path=/api/translations status=200 durationMs=368
[pod/gateway-78cb7fd75f-q5rcv/gateway] 2026-10-05T23:49:39.502+00:00 INFO  http.request requestId=c54f11d5-03b4-4aca-9b3e-8af283f59c3a role=api pod=gateway-78cb7fd75f-q5rcv method=POST path=/api/translations status=200 durationMs=210
[pod/gateway-78cb7fd75f-q5rcv/gateway] 2026-10-05T23:49:39.504+00:00 INFO  http.request requestId=d5062866-dad4-45e0-a58f-f42873a52a33 role=api pod=gateway-78cb7fd75f-q5rcv method=POST path=/api/transcriptions status=200 durationMs=556
[pod/gateway-78cb7fd75f-q5rcv/gateway] 2026-10-05T23:49:39.508+00:00 INFO  http.request requestId=8978ca47-ddcb-48d1-b053-3c4cc0642ab3 role=api pod=gateway-78cb7fd75f-q5rcv method=POST path=/api/transcriptions status=200 durationMs=664
[pod/gateway-78cb7fd75f-q5rcv/gateway] 2026-10-05T23:49:39.598+00:00 INFO  http.request requestId=6edde9d9-5949-427f-a1ce-357cb5f78199 role=api pod=gateway-78cb7fd75f-q5rcv method=POST path=/api/transcriptions status=200 durationMs=575
[pod/gateway-78cb7fd75f-q5rcv/gateway] 2026-10-05T23:49:39.674+00:00 INFO  http.request requestId=b88230b1-f2f4-4a26-92c7-dd30881a0001 role=api pod=gateway-78cb7fd75f-q5rcv method=POST path=/api/translations status=200 durationMs=357
[pod/gateway-78cb7fd75f-q5rcv/gateway] 2026-10-05T23:49:39.735+00:00 INFO  http.request requestId=3d857ea5-56fa-4f43-8dd3-23318c535760 role=api pod=gateway-78cb7fd75f-q5rcv method=POST path=/api/translations status=200 durationMs=255
[pod/gateway-78cb7fd75f-q5rcv/gateway] 2026-10-05T23:49:39.760+00:00 INFO  http.request requestId=1fcf1739-6006-4160-835f-5329e8273649 role=api pod=gateway-78cb7fd75f-q5rcv method=POST path=/api/translations status=200 durationMs=250
[pod/gateway-78cb7fd75f-q5rcv/gateway] 2026-10-05T23:49:39.760+00:00 INFO  http.request requestId=1d5a11f1-d49d-4723-9bf9-ca20e6e42143 role=api pod=gateway-78cb7fd75f-q5rcv method=POST path=/api/transcriptions status=200 durationMs=766
[pod/gateway-78cb7fd75f-q5rcv/gateway] 2026-10-05T23:49:39.791+00:00 INFO  http.request requestId=1e15241d-259f-4a84-922a-3b01bb4e0682 role=api pod=gateway-78cb7fd75f-q5rcv method=POST path=/api/translations status=200 durationMs=300
[pod/gateway-78cb7fd75f-q5rcv/gateway] 2026-10-05T23:49:39.819+00:00 INFO  http.request requestId=48f78d41-d5c7-43ad-b61c-089479d4fe7b role=api pod=gateway-78cb7fd75f-q5rcv method=POST path=/api/translations status=200 durationMs=314
[pod/gateway-78cb7fd75f-q5rcv/gateway] 2026-10-05T23:49:39.823+00:00 INFO  http.request requestId=e82b320c-b64d-4ec8-b6c5-6898499b69cc role=api pod=gateway-78cb7fd75f-q5rcv method=POST path=/api/translations status=200 durationMs=318
[pod/gateway-78cb7fd75f-q5rcv/gateway] 2026-10-05T23:49:39.825+00:00 INFO  http.request requestId=063f6ed6-c64c-4782-8ec1-eb9915b5de13 role=api pod=gateway-78cb7fd75f-q5rcv method=POST path=/api/transcriptions status=200 durationMs=772
[pod/gateway-78cb7fd75f-q5rcv/gateway] 2026-10-05T23:49:39.837+00:00 INFO  http.request requestId=50b6becc-f8a9-4bb7-942a-fc7004d091a8 role=api pod=gateway-78cb7fd75f-q5rcv method=POST path=/api/transcriptions status=200 durationMs=648
[pod/gateway-78cb7fd75f-q5rcv/gateway] 2026-10-05T23:49:39.863+00:00 INFO  http.request requestId=c6679237-2997-4f1b-84dc-926ee6aa60d4 role=api pod=gateway-78cb7fd75f-q5rcv method=POST path=/api/translations status=200 durationMs=354
[pod/gateway-78cb7fd75f-q5rcv/gateway] 2026-10-05T23:49:39.867+00:00 INFO  http.request requestId=7ebf6e93-661f-4df1-a324-4e6f80c6b128 role=api pod=gateway-78cb7fd75f-q5rcv method=POST path=/api/transcriptions status=200 durationMs=452
[pod/gateway-78cb7fd75f-q5rcv/gateway] 2026-10-05T23:49:39.915+00:00 INFO  http.request requestId=40a3ce82-4f3a-47e0-9013-db7504c0c56c role=api pod=gateway-78cb7fd75f-q5rcv method=POST path=/api/translations status=200 durationMs=242
[pod/gateway-78cb7fd75f-q5rcv/gateway] 2026-10-05T23:49:40.066+00:00 INFO  http.request requestId=2933d815-b30a-4d66-bec0-6ecfbf6f78c3 role=api pod=gateway-78cb7fd75f-q5rcv method=POST path=/api/translations status=200 durationMs=356
[pod/gateway-78cb7fd75f-q5rcv/gateway] 2026-10-05T23:49:40.132+00:00 INFO  http.request requestId=eef9ad75-10c6-491a-a906-7270a326da50 role=api pod=gateway-78cb7fd75f-q5rcv method=POST path=/api/translations status=200 durationMs=372
[pod/gateway-78cb7fd75f-q5rcv/gateway] 2026-10-05T23:49:40.141+00:00 INFO  http.request requestId=8778ac11-b67b-44b3-bbea-36b8d0db5d11 role=api pod=gateway-78cb7fd75f-q5rcv method=POST path=/api/translations status=200 durationMs=274
[pod/gateway-78cb7fd75f-q5rcv/gateway] 2026-10-05T23:49:40.173+00:00 INFO  http.request requestId=44bbaa5e-710c-4c25-9a15-8357fd366f16 role=api pod=gateway-78cb7fd75f-q5rcv method=POST path=/api/translations status=200 durationMs=347
[pod/gateway-78cb7fd75f-q5rcv/gateway] 2026-10-05T23:49:40.188+00:00 INFO  http.request requestId=6b180dc3-4e78-4569-bbba-6a58253b55af role=api pod=gateway-78cb7fd75f-q5rcv method=POST path=/api/translations status=200 durationMs=304
[pod/gateway-78cb7fd75f-q5rcv/gateway] 2026-10-05T23:49:40.272+00:00 INFO  http.request requestId=66e5d9f8-11d3-47ff-9525-3b6918e06832 role=api pod=gateway-78cb7fd75f-q5rcv method=POST path=/api/transcriptions status=200 durationMs=663
[pod/gateway-78cb7fd75f-q5rcv/gateway] 2026-10-05T23:49:40.313+00:00 INFO  http.request requestId=be048d6b-2ca6-4818-a83e-f167823daa53 role=api pod=gateway-78cb7fd75f-q5rcv method=POST path=/api/transcriptions status=200 durationMs=510
[pod/gateway-78cb7fd75f-q5rcv/gateway] 2026-10-05T23:49:40.322+00:00 INFO  http.request requestId=2cc520d7-2b1b-412c-a7cf-976baac1f261 role=api pod=gateway-78cb7fd75f-q5rcv method=POST path=/api/transcriptions status=200 durationMs=577
[pod/gateway-78cb7fd75f-q5rcv/gateway] 2026-10-05T23:49:40.350+00:00 INFO  http.request requestId=d15ff188-cccf-452f-994a-0694dcd7cddc role=api pod=gateway-78cb7fd75f-q5rcv method=POST path=/api/transcriptions status=200 durationMs=427
[pod/gateway-78cb7fd75f-q5rcv/gateway] 2026-10-05T23:49:40.353+00:00 INFO  http.request requestId=639ab451-fe64-4b26-8a00-2a26731b8023 role=api pod=gateway-78cb7fd75f-q5rcv method=POST path=/api/transcriptions status=200 durationMs=579
[pod/gateway-78cb7fd75f-q5rcv/gateway] 2026-10-05T23:49:40.380+00:00 INFO  http.request requestId=ba4131fa-c8f2-4279-ae1c-0b7d92c0c077 role=api pod=gateway-78cb7fd75f-q5rcv method=POST path=/api/translations status=200 durationMs=270
[pod/gateway-78cb7fd75f-q5rcv/gateway] 2026-10-05T23:49:40.400+00:00 INFO  http.request requestId=7f63c2f1-0a0c-4e12-b9eb-9a9bbc000af7 role=api pod=gateway-78cb7fd75f-q5rcv method=POST path=/api/transcriptions status=200 durationMs=731
[pod/gateway-78cb7fd75f-q5rcv/gateway] 2026-10-05T23:49:40.422+00:00 INFO  http.request requestId=3d909002-6518-4a6b-a0c7-9651836be892 role=api pod=gateway-78cb7fd75f-q5rcv method=POST path=/api/transcriptions status=200 durationMs=543
[pod/gateway-78cb7fd75f-q5rcv/gateway] 2026-10-05T23:49:40.430+00:00 INFO  http.request requestId=87c4da4c-bb4b-4c3e-b973-7bd578a8a3f6 role=api pod=gateway-78cb7fd75f-q5rcv method=POST path=/api/transcriptions status=200 durationMs=597
[pod/gateway-78cb7fd75f-q5rcv/gateway] 2026-10-05T23:49:40.534+00:00 INFO  http.request requestId=62f506eb-8262-4109-a405-9a051444ec27 role=api pod=gateway-78cb7fd75f-q5rcv method=POST path=/api/translations status=200 durationMs=369
[pod/gateway-78cb7fd75f-q5rcv/gateway] 2026-10-05T23:49:40.539+00:00 INFO  http.request requestId=6858fea7-138e-4dc6-93c1-ba308cf46c9d role=api pod=gateway-78cb7fd75f-q5rcv method=POST path=/api/translations status=200 durationMs=256
[pod/gateway-78cb7fd75f-q5rcv/gateway] 2026-10-05T23:49:40.566+00:00 INFO  http.request requestId=cd086beb-d3c1-4f61-859c-35616ca500d2 role=api pod=gateway-78cb7fd75f-q5rcv method=POST path=/api/translations status=200 durationMs=345
[pod/gateway-78cb7fd75f-q5rcv/gateway] 2026-10-05T23:49:40.616+00:00 INFO  http.request requestId=bee77a4b-3529-464e-9466-ea9c0819898d role=api pod=gateway-78cb7fd75f-q5rcv method=POST path=/api/transcriptions status=200 durationMs=483
[pod/gateway-78cb7fd75f-q5rcv/gateway] 2026-10-05T23:49:40.731+00:00 INFO  http.request requestId=d2d4ced6-d9c5-48da-9f1d-1ce06324f797 role=api pod=gateway-78cb7fd75f-q5rcv method=POST path=/api/translations status=200 durationMs=377
[pod/gateway-78cb7fd75f-q5rcv/gateway] 2026-10-05T23:49:40.757+00:00 INFO  http.request requestId=8cbd9ab0-bdbd-4d61-9453-74e4ee7d9538 role=api pod=gateway-78cb7fd75f-q5rcv method=POST path=/api/translations status=200 durationMs=333
[pod/gateway-78cb7fd75f-q5rcv/gateway] 2026-10-05T23:49:40.786+00:00 INFO  http.request requestId=9cb6699f-58d8-403c-9e4d-0f00d38463d6 role=api pod=gateway-78cb7fd75f-q5rcv method=POST path=/api/translations status=200 durationMs=399
[pod/gateway-78cb7fd75f-q5rcv/gateway] 2026-10-05T23:49:40.831+00:00 INFO  http.request requestId=e5038c64-8ce5-42b4-bfb8-5f7057b2778b role=api pod=gateway-78cb7fd75f-q5rcv method=POST path=/api/transcriptions status=200 durationMs=518
[pod/gateway-78cb7fd75f-q5rcv/gateway] 2026-10-05T23:49:40.833+00:00 INFO  http.request requestId=173a582a-fe61-492e-ae96-5b40f8c9f65b role=api pod=gateway-78cb7fd75f-q5rcv method=POST path=/api/translations status=200 durationMs=255
[pod/gateway-78cb7fd75f-q5rcv/gateway] 2026-10-05T23:49:40.845+00:00 INFO  http.request requestId=b02469dc-d4aa-4ab0-9e5d-0cbf0fcc3bde role=api pod=gateway-78cb7fd75f-q5rcv method=POST path=/api/transcriptions status=200 durationMs=517
[pod/gateway-78cb7fd75f-q5rcv/gateway] 2026-10-05T23:49:40.882+00:00 INFO  http.request requestId=59f95000-5c76-4784-933d-7a36678a23dc role=api pod=gateway-78cb7fd75f-q5rcv method=POST path=/api/transcriptions status=200 durationMs=688
[pod/gateway-78cb7fd75f-q5rcv/gateway] 2026-10-05T23:49:41.011+00:00 INFO  http.request requestId=be55a27e-4c2f-4739-b2c0-1ae6a77c1587 role=api pod=gateway-78cb7fd75f-q5rcv method=POST path=/api/transcriptions status=200 durationMs=653
[pod/gateway-78cb7fd75f-q5rcv/gateway] 2026-10-05T23:49:41.041+00:00 INFO  http.request requestId=50308f61-0d63-4be6-b9ad-90e1a3147d74 role=api pod=gateway-78cb7fd75f-q5rcv method=POST path=/api/transcriptions status=200 durationMs=608
[pod/gateway-78cb7fd75f-q5rcv/gateway] 2026-10-05T23:49:41.081+00:00 INFO  http.request requestId=97353508-f3ca-4173-bf93-765e034aa812 role=api pod=gateway-78cb7fd75f-q5rcv method=POST path=/api/translations status=200 durationMs=233
[pod/gateway-78cb7fd75f-q5rcv/gateway] 2026-10-05T23:49:41.141+00:00 INFO  http.request requestId=0adcbd76-8168-48c0-8811-37dc6c0e7e71 role=api pod=gateway-78cb7fd75f-q5rcv method=POST path=/api/translations status=200 durationMs=296
[pod/gateway-78cb7fd75f-q5rcv/gateway] 2026-10-05T23:49:41.195+00:00 INFO  http.request requestId=6ee2a2ba-92e7-49f6-9e5a-01657ae77234 role=api pod=gateway-78cb7fd75f-q5rcv method=POST path=/api/translations status=200 durationMs=299
[pod/gateway-78cb7fd75f-q5rcv/gateway] 2026-10-05T23:49:41.237+00:00 INFO  http.request requestId=40f77337-7d6f-42ea-85f2-f45b0d8af91b role=api pod=gateway-78cb7fd75f-q5rcv method=POST path=/api/translations status=200 durationMs=375
[pod/gateway-78cb7fd75f-q5rcv/gateway] 2026-10-05T23:49:41.246+00:00 INFO  http.request requestId=694197c8-f8c6-49c5-8aa2-2a4ba23a798d role=api pod=gateway-78cb7fd75f-q5rcv method=POST path=/api/translations status=200 durationMs=369
[pod/gateway-78cb7fd75f-q5rcv/gateway] 2026-10-05T23:49:41.255+00:00 INFO  http.request requestId=3e509687-cc96-4a41-b400-a49fbae269d5 role=api pod=gateway-78cb7fd75f-q5rcv method=POST path=/api/transcriptions status=200 durationMs=417
[pod/gateway-78cb7fd75f-q5rcv/gateway] 2026-10-05T23:49:41.257+00:00 INFO  http.request requestId=574badc9-5c23-41e4-b9a2-1dc92b919cb7 role=api pod=gateway-78cb7fd75f-q5rcv method=POST path=/api/transcriptions status=200 durationMs=719
[pod/gateway-78cb7fd75f-q5rcv/gateway] 2026-10-05T23:49:41.343+00:00 INFO  http.request requestId=f3065963-6aa4-467d-a435-c5589b549e60 role=api pod=gateway-78cb7fd75f-q5rcv method=POST path=/api/translations status=200 durationMs=293
[pod/gateway-78cb7fd75f-q5rcv/gateway] 2026-10-05T23:49:41.372+00:00 INFO  http.request requestId=b65544ac-81bb-41ba-b60f-cd745f76ef0f role=api pod=gateway-78cb7fd75f-q5rcv method=POST path=/api/transcriptions status=200 durationMs=744
[pod/gateway-78cb7fd75f-q5rcv/gateway] 2026-10-05T23:49:41.454+00:00 INFO  http.request requestId=2f5bafee-822c-4550-802a-83437fc84d32 role=api pod=gateway-78cb7fd75f-q5rcv method=POST path=/api/translations status=200 durationMs=286
[pod/gateway-78cb7fd75f-q5rcv/gateway] 2026-10-05T23:49:41.504+00:00 INFO  http.request requestId=e311f632-e11a-4352-a485-93ae865aa5fa role=api pod=gateway-78cb7fd75f-q5rcv method=POST path=/api/transcriptions status=200 durationMs=456
[pod/gateway-78cb7fd75f-q5rcv/gateway] 2026-10-05T23:49:41.505+00:00 INFO  http.request requestId=0aff0c24-a9e8-4b9f-a649-b758a6c09715 role=api pod=gateway-78cb7fd75f-q5rcv method=POST path=/api/translations status=200 durationMs=244
[pod/gateway-78cb7fd75f-q5rcv/gateway] 2026-10-05T23:49:41.509+00:00 INFO  http.request requestId=a5bb2438-70d7-414f-be4d-4aedf39b63a7 role=api pod=gateway-78cb7fd75f-q5rcv method=POST path=/api/translations status=200 durationMs=262
[pod/gateway-78cb7fd75f-q5rcv/gateway] 2026-10-05T23:49:41.623+00:00 INFO  http.request requestId=cadab8ce-ff76-48a7-89a2-44df069a94c1 role=api pod=gateway-78cb7fd75f-q5rcv method=POST path=/api/transcriptions status=200 durationMs=544
[pod/gateway-78cb7fd75f-q5rcv/gateway] 2026-10-05T23:49:41.640+00:00 INFO  http.request requestId=7bfdc51c-2049-463f-8953-ebfc3d7f3ea2 role=api pod=gateway-78cb7fd75f-q5rcv method=POST path=/api/transcriptions status=200 durationMs=546
[pod/gateway-78cb7fd75f-q5rcv/gateway] 2026-10-05T23:49:41.680+00:00 INFO  http.request requestId=6e7401c4-328a-4617-87c3-494e2395a7ed role=api pod=gateway-78cb7fd75f-q5rcv method=POST path=/api/transcriptions status=200 durationMs=797
[pod/gateway-78cb7fd75f-q5rcv/gateway] 2026-10-05T23:49:41.706+00:00 INFO  http.request requestId=32b255bb-6291-43cf-b258-4b33478d4af7 role=api pod=gateway-78cb7fd75f-q5rcv method=POST path=/api/translations status=200 durationMs=331
[pod/gateway-78cb7fd75f-q5rcv/gateway] 2026-10-05T23:49:41.803+00:00 INFO  http.request requestId=a3a9713d-afc0-4617-828b-591285358a36 role=api pod=gateway-78cb7fd75f-q5rcv method=POST path=/api/transcriptions status=200 durationMs=784
[pod/gateway-78cb7fd75f-q5rcv/gateway] 2026-10-05T23:49:41.820+00:00 INFO  http.request requestId=46d80b4d-7f4d-43dc-b209-9881e00c7228 role=api pod=gateway-78cb7fd75f-q5rcv method=POST path=/api/transcriptions status=200 durationMs=562
[pod/gateway-78cb7fd75f-q5rcv/gateway] 2026-10-05T23:49:41.837+00:00 INFO  http.request requestId=fb980d0f-6cda-4aaa-bd12-18ed6788202b role=api pod=gateway-78cb7fd75f-q5rcv method=POST path=/api/translations status=200 durationMs=257
[pod/gateway-78cb7fd75f-q5rcv/gateway] 2026-10-05T23:49:41.985+00:00 INFO  http.request requestId=f1f5ce18-101c-4cd1-885e-9c72f03e1eeb role=api pod=gateway-78cb7fd75f-q5rcv method=POST path=/api/transcriptions status=200 durationMs=515
[pod/gateway-78cb7fd75f-q5rcv/gateway] 2026-10-05T23:49:41.986+00:00 INFO  http.request requestId=e15a725d-d352-420e-bd5d-9f65714db319 role=api pod=gateway-78cb7fd75f-q5rcv method=POST path=/api/transcriptions status=200 durationMs=621
[pod/gateway-78cb7fd75f-q5rcv/gateway] 2026-10-05T23:49:42.069+00:00 INFO  http.request requestId=30f8da12-22ec-4ba9-b554-25d31172f287 role=api pod=gateway-78cb7fd75f-q5rcv method=POST path=/api/translations status=200 durationMs=387
[pod/gateway-78cb7fd75f-q5rcv/gateway] 2026-10-05T23:49:42.093+00:00 INFO  http.request requestId=7f92899e-e5c2-4590-b6a3-6ef3af04047f role=api pod=gateway-78cb7fd75f-q5rcv method=POST path=/api/transcriptions status=200 durationMs=564
[pod/gateway-78cb7fd75f-q5rcv/gateway] 2026-10-05T23:49:42.105+00:00 INFO  http.request requestId=273a1bae-2b48-4c7a-9054-f85bcdacf5c7 role=api pod=gateway-78cb7fd75f-q5rcv method=POST path=/api/transcriptions status=200 durationMs=441
[pod/gateway-78cb7fd75f-q5rcv/gateway] 2026-10-05T23:49:42.119+00:00 INFO  http.request requestId=61405ea5-01c2-40a8-9cb7-8e3055087d1a role=api pod=gateway-78cb7fd75f-q5rcv method=POST path=/api/transcriptions status=200 durationMs=786
[pod/gateway-78cb7fd75f-q5rcv/gateway] 2026-10-05T23:49:42.131+00:00 INFO  http.request requestId=ba801f17-6661-4093-86aa-77ff0dfac465 role=api pod=gateway-78cb7fd75f-q5rcv method=POST path=/api/translations status=200 durationMs=326
[pod/gateway-78cb7fd75f-q5rcv/gateway] 2026-10-05T23:49:42.169+00:00 INFO  http.request requestId=bedbe391-017f-4544-ba26-5f5862bcc886 role=api pod=gateway-78cb7fd75f-q5rcv method=POST path=/api/translations status=200 durationMs=305
[pod/gateway-78cb7fd75f-q5rcv/gateway] 2026-10-05T23:49:42.182+00:00 INFO  http.request requestId=8aa96f06-10a3-4ffc-9482-eed816a49731 role=api pod=gateway-78cb7fd75f-q5rcv method=POST path=/api/translations status=200 durationMs=328
[pod/gateway-78cb7fd75f-q5rcv/gateway] 2026-10-05T23:49:42.277+00:00 INFO  http.request requestId=d4b38b90-9bd5-43ea-913f-e6b0dbcfd94f role=api pod=gateway-78cb7fd75f-q5rcv method=POST path=/api/translations status=200 durationMs=453
[pod/gateway-78cb7fd75f-q5rcv/gateway] 2026-10-05T23:49:42.291+00:00 INFO  http.request requestId=2e3244a9-5b03-4df2-acb1-8965809a0dd9 role=api pod=gateway-78cb7fd75f-q5rcv method=POST path=/api/translations status=200 durationMs=299
[pod/gateway-78cb7fd75f-q5rcv/gateway] 2026-10-05T23:49:42.310+00:00 INFO  http.request requestId=3d01f0d9-5104-4c50-801f-9261cd60e181 role=api pod=gateway-78cb7fd75f-q5rcv method=POST path=/api/transcriptions status=200 durationMs=600
[pod/gateway-78cb7fd75f-q5rcv/gateway] 2026-10-05T23:49:42.328+00:00 INFO  http.request requestId=e68b1531-b010-4364-a42a-d1bf1ac57348 role=api pod=gateway-78cb7fd75f-q5rcv method=POST path=/api/translations status=200 durationMs=342
[pod/gateway-78cb7fd75f-q5rcv/gateway] 2026-10-05T23:49:42.342+00:00 INFO  http.request requestId=dd70b36a-ac38-4c2c-989b-585dc0a3fd47 role=api pod=gateway-78cb7fd75f-q5rcv method=POST path=/api/transcriptions status=200 durationMs=694
[pod/gateway-78cb7fd75f-q5rcv/gateway] 2026-10-05T23:49:42.462+00:00 INFO  http.request requestId=009645fe-14f9-4c5b-a1ca-1afd459a4bbb role=api pod=gateway-78cb7fd75f-q5rcv method=POST path=/api/translations status=200 durationMs=337
[pod/gateway-78cb7fd75f-q5rcv/gateway] 2026-10-05T23:49:42.512+00:00 INFO  http.request requestId=7d5021c1-4954-4c12-b403-66c9650ce9e9 role=api pod=gateway-78cb7fd75f-q5rcv method=POST path=/api/translations status=200 durationMs=230
[pod/gateway-78cb7fd75f-q5rcv/gateway] 2026-10-05T23:49:42.529+00:00 INFO  http.request requestId=7b79bf19-9f1c-4245-ba29-912a0545ad02 role=api pod=gateway-78cb7fd75f-q5rcv method=POST path=/api/translations status=200 durationMs=389
[pod/gateway-78cb7fd75f-q5rcv/gateway] 2026-10-05T23:49:42.569+00:00 INFO  http.request requestId=5bafb61c-082a-4cd5-937f-8f9e775d124c role=api pod=gateway-78cb7fd75f-q5rcv method=POST path=/api/transcriptions status=200 durationMs=546
[pod/gateway-78cb7fd75f-q5rcv/gateway] 2026-10-05T23:49:42.768+00:00 INFO  http.request requestId=561229cb-6683-4b2f-a8ca-65d8b6b0737a role=api pod=gateway-78cb7fd75f-q5rcv method=POST path=/api/transcriptions status=200 durationMs=654
[pod/gateway-78cb7fd75f-q5rcv/gateway] 2026-10-05T23:49:42.797+00:00 INFO  http.request requestId=2f5c7418-4762-4856-b182-eb0a0d36eaea role=api pod=gateway-78cb7fd75f-q5rcv method=POST path=/api/transcriptions status=200 durationMs=713
[pod/gateway-78cb7fd75f-q5rcv/gateway] 2026-10-05T23:49:42.814+00:00 INFO  http.request requestId=d08c1b25-a621-49d4-89e9-b534db6b0bc1 role=api pod=gateway-78cb7fd75f-q5rcv method=POST path=/api/translations status=200 durationMs=347
[pod/gateway-78cb7fd75f-q5rcv/gateway] 2026-10-05T23:49:42.821+00:00 INFO  http.request requestId=5b8777e9-9964-4ed9-8473-df76da5e6d76 role=api pod=gateway-78cb7fd75f-q5rcv method=POST path=/api/translations status=200 durationMs=397
[pod/gateway-78cb7fd75f-q5rcv/gateway] 2026-10-05T23:49:42.846+00:00 INFO  http.request requestId=0a761733-168d-4bf4-91b5-30eb3cd2025c role=api pod=gateway-78cb7fd75f-q5rcv method=POST path=/api/transcriptions status=200 durationMs=493
[pod/gateway-78cb7fd75f-q5rcv/gateway] 2026-10-05T23:49:42.852+00:00 INFO  http.request requestId=8c99d0a5-e1e9-4281-8a3b-1b656993263d role=api pod=gateway-78cb7fd75f-q5rcv method=POST path=/api/transcriptions status=200 durationMs=528
[pod/gateway-78cb7fd75f-q5rcv/gateway] 2026-10-05T23:49:42.883+00:00 INFO  http.request requestId=2d078989-e3a9-489d-98f5-7e0e44ba4e39 role=api pod=gateway-78cb7fd75f-q5rcv method=POST path=/api/transcriptions status=200 durationMs=784
[pod/gateway-78cb7fd75f-q5rcv/gateway] 2026-10-05T23:49:42.960+00:00 INFO  http.request requestId=6c4a2092-94b9-422f-b84b-687bdfe137fd role=api pod=gateway-78cb7fd75f-q5rcv method=POST path=/api/translations status=200 durationMs=402
[pod/gateway-78cb7fd75f-q5rcv/gateway] 2026-10-05T23:49:43.003+00:00 INFO  http.request requestId=7bd217f8-477b-4257-bf9d-ee0c8feef0dc role=api pod=gateway-78cb7fd75f-q5rcv method=POST path=/api/transcriptions status=200 durationMs=12005
[pod/gateway-78cb7fd75f-q5rcv/gateway] 2026-10-05T23:49:43.067+00:00 INFO  http.request requestId=50ccdf34-f3d3-418f-bc6f-02fa933a862b role=api pod=gateway-78cb7fd75f-q5rcv method=POST path=/api/transcriptions status=200 durationMs=827
[pod/gateway-78cb7fd75f-q5rcv/gateway] 2026-10-05T23:49:43.083+00:00 INFO  http.request requestId=96673f40-863e-4d15-99b4-c6dc231b6c05 role=api pod=gateway-78cb7fd75f-q5rcv method=POST path=/api/transcriptions status=200 durationMs=838
[pod/gateway-78cb7fd75f-q5rcv/gateway] 2026-10-05T23:49:43.129+00:00 INFO  http.request requestId=916c5060-70c7-42e6-baaa-aa73bf28afc5 role=api pod=gateway-78cb7fd75f-q5rcv method=POST path=/api/translations status=200 durationMs=292
[pod/gateway-78cb7fd75f-q5rcv/gateway] 2026-10-05T23:49:43.162+00:00 INFO  http.request requestId=d59aafa8-ed36-422d-8edc-16e54ef472dc role=api pod=gateway-78cb7fd75f-q5rcv method=POST path=/api/transcriptions status=200 durationMs=673
[pod/gateway-78cb7fd75f-q5rcv/gateway] 2026-10-05T23:49:43.183+00:00 INFO  http.request requestId=ffa03c3f-a11a-4f77-9238-1787ac027262 role=api pod=gateway-78cb7fd75f-q5rcv method=POST path=/api/translations status=200 durationMs=296
[pod/gateway-78cb7fd75f-q5rcv/gateway] 2026-10-05T23:49:43.212+00:00 INFO  http.request requestId=a113135d-8add-48ce-b591-1ace83f9fc89 role=api pod=gateway-78cb7fd75f-q5rcv method=POST path=/api/translations status=200 durationMs=354
[pod/gateway-78cb7fd75f-q5rcv/gateway] 2026-10-05T23:49:43.216+00:00 INFO  http.request requestId=08a6f9b5-0f72-43a7-9bbd-60c4acbc2491 role=api pod=gateway-78cb7fd75f-q5rcv method=POST path=/api/transcriptions status=200 durationMs=682
[pod/gateway-78cb7fd75f-q5rcv/gateway] 2026-10-05T23:49:43.298+00:00 INFO  http.request requestId=92e3bc55-240b-4d95-9ec8-13f5219d419b role=api pod=gateway-78cb7fd75f-q5rcv method=POST path=/api/transcriptions status=200 durationMs=450
[pod/gateway-78cb7fd75f-q5rcv/gateway] 2026-10-05T23:49:43.348+00:00 INFO  http.request requestId=19ec21da-8229-437b-b59c-bb107bf6b900 role=api pod=gateway-78cb7fd75f-q5rcv method=POST path=/api/transcriptions status=200 durationMs=574
[pod/gateway-78cb7fd75f-q5rcv/gateway] 2026-10-05T23:49:43.393+00:00 INFO  http.request requestId=d620f61f-3372-48a1-a5d2-0142fce8510b role=api pod=gateway-78cb7fd75f-q5rcv method=POST path=/api/transcriptions status=200 durationMs=424
[pod/gateway-78cb7fd75f-q5rcv/gateway] 2026-10-05T23:49:43.418+00:00 INFO  http.request requestId=ab3a1abb-8ad1-480b-b232-182af2e2a24a role=api pod=gateway-78cb7fd75f-q5rcv method=POST path=/api/translations status=200 durationMs=355
[pod/gateway-78cb7fd75f-q5rcv/gateway] 2026-10-05T23:49:43.427+00:00 INFO  http.request requestId=cc35cb17-c1fc-4519-8222-e7bbbd2c86d7 role=api pod=gateway-78cb7fd75f-q5rcv method=POST path=/api/translations status=200 durationMs=210
[pod/gateway-78cb7fd75f-q5rcv/gateway] 2026-10-05T23:49:43.475+00:00 INFO  http.request requestId=8d175c8d-2371-4835-ba11-1d265b3d5ac6 role=api pod=gateway-78cb7fd75f-q5rcv method=POST path=/api/translations status=200 durationMs=279
[pod/gateway-78cb7fd75f-q5rcv/gateway] 2026-10-05T23:49:43.502+00:00 INFO  http.request requestId=72126c03-02ce-4164-a82c-760afe8be01b role=api pod=gateway-78cb7fd75f-q5rcv method=POST path=/api/transcriptions status=200 durationMs=623
[pod/gateway-78cb7fd75f-q5rcv/gateway] 2026-10-05T23:49:43.528+00:00 INFO  http.request requestId=2ea8307d-9073-4a02-b440-fda94ee1bb71 role=api pod=gateway-78cb7fd75f-q5rcv method=POST path=/api/translations status=200 durationMs=285
[pod/gateway-78cb7fd75f-q5rcv/gateway] 2026-10-05T23:49:43.554+00:00 INFO  http.request requestId=647d6cd8-9dac-45a6-b5df-37f032aaa277 role=api pod=gateway-78cb7fd75f-q5rcv method=POST path=/api/transcriptions status=200 durationMs=748
[pod/gateway-78cb7fd75f-q5rcv/gateway] 2026-10-05T23:49:43.595+00:00 INFO  http.request requestId=fac8a0ea-2743-4f05-87ee-6101530bd4e8 role=api pod=gateway-78cb7fd75f-q5rcv method=POST path=/api/transcriptions status=200 durationMs=461
[pod/gateway-78cb7fd75f-q5rcv/gateway] 2026-10-05T23:49:43.649+00:00 INFO  http.request requestId=05398b4c-e4a1-4262-91fa-3dbcf40d92d8 role=api pod=gateway-78cb7fd75f-q5rcv method=POST path=/api/transcriptions status=200 durationMs=635
[pod/gateway-78cb7fd75f-q5rcv/gateway] 2026-10-05T23:49:43.651+00:00 INFO  http.request requestId=6fb2f4da-e9be-4d99-84f1-d1bd79afc134 role=api pod=gateway-78cb7fd75f-q5rcv method=POST path=/api/transcriptions status=200 durationMs=563
[pod/gateway-78cb7fd75f-q5rcv/gateway] 2026-10-05T23:49:43.717+00:00 INFO  http.request requestId=ef28445c-b99a-4562-b121-2a8c3debdf2a role=api pod=gateway-78cb7fd75f-q5rcv method=POST path=/api/transcriptions status=200 durationMs=644
[pod/gateway-78cb7fd75f-q5rcv/gateway] 2026-10-05T23:49:43.737+00:00 INFO  http.request requestId=ea965aef-31f7-428e-9012-196cca2ad791 role=api pod=gateway-78cb7fd75f-q5rcv method=POST path=/api/translations status=200 durationMs=334
[pod/gateway-78cb7fd75f-q5rcv/gateway] 2026-10-05T23:49:43.767+00:00 INFO  http.request requestId=e307c59f-fea1-4c11-a417-d713d20ea575 role=api pod=gateway-78cb7fd75f-q5rcv method=POST path=/api/translations status=200 durationMs=3002
[pod/gateway-78cb7fd75f-q5rcv/gateway] 2026-10-05T23:49:43.791+00:00 INFO  http.request requestId=bcfc6b01-6573-4b60-a8ef-afbf110cf3ee role=api pod=gateway-78cb7fd75f-q5rcv method=POST path=/api/translations status=200 durationMs=281
[pod/gateway-78cb7fd75f-q5rcv/gateway] 2026-10-05T23:49:43.888+00:00 INFO  http.request requestId=255d0a7a-e960-4bba-b57c-9b726e0a99ce role=api pod=gateway-78cb7fd75f-q5rcv method=POST path=/api/translations status=200 durationMs=332
[pod/gateway-78cb7fd75f-q5rcv/gateway] 2026-10-05T23:49:43.904+00:00 INFO  http.request requestId=4f66f473-2b8e-4694-9ee3-4a7fe76cb6f2 role=api pod=gateway-78cb7fd75f-q5rcv method=POST path=/api/transcriptions status=200 durationMs=681
[pod/gateway-78cb7fd75f-q5rcv/gateway] 2026-10-05T23:49:43.911+00:00 INFO  http.request requestId=833180ec-5a09-47b4-bfef-5b5a3098ffbe role=api pod=gateway-78cb7fd75f-q5rcv method=POST path=/api/translations status=200 durationMs=259
[pod/gateway-78cb7fd75f-q5rcv/gateway] 2026-10-05T23:49:43.951+00:00 INFO  http.request requestId=88467a5d-5477-4495-a762-d4bde269c99d role=api pod=gateway-78cb7fd75f-q5rcv method=POST path=/api/translations status=200 durationMs=352
[pod/gateway-78cb7fd75f-q5rcv/gateway] 2026-10-05T23:49:43.963+00:00 INFO  http.request requestId=5520e590-d1ab-40f0-adde-6ff3caf88782 role=api pod=gateway-78cb7fd75f-q5rcv method=POST path=/api/transcriptions status=200 durationMs=530
[pod/gateway-78cb7fd75f-q5rcv/gateway] 2026-10-05T23:49:43.973+00:00 INFO  http.request requestId=75f7f2ee-a6e6-443f-a5f6-ab79df6002e2 role=api pod=gateway-78cb7fd75f-q5rcv method=POST path=/api/transcriptions status=200 durationMs=495
[pod/gateway-78cb7fd75f-q5rcv/gateway] 2026-10-05T23:49:44.014+00:00 INFO  http.request requestId=989697e0-2768-4bb9-98de-134069cbd502 role=api pod=gateway-78cb7fd75f-q5rcv method=POST path=/api/translations status=200 durationMs=206
[pod/gateway-78cb7fd75f-q5rcv/gateway] 2026-10-05T23:49:44.033+00:00 INFO  http.request requestId=4c7d9a2c-b3aa-491e-a7d2-c79f77195ce5 role=api pod=gateway-78cb7fd75f-q5rcv method=POST path=/api/transcriptions status=200 durationMs=733
[pod/gateway-78cb7fd75f-q5rcv/gateway] 2026-10-05T23:49:44.066+00:00 INFO  http.request requestId=39989219-4d66-453a-9aa3-6d1eb21af58f role=api pod=gateway-78cb7fd75f-q5rcv method=POST path=/api/transcriptions status=200 durationMs=678
[pod/gateway-78cb7fd75f-q5rcv/gateway] 2026-10-05T23:49:44.180+00:00 INFO  http.request requestId=773f08b8-e3ed-4a0e-b376-efb14f3492df role=api pod=gateway-78cb7fd75f-q5rcv method=POST path=/api/translations status=200 durationMs=207
[pod/gateway-78cb7fd75f-q5rcv/gateway] 2026-10-05T23:49:44.180+00:00 INFO  http.request requestId=bd96b0e4-bcfd-42fb-9f36-98f0214c26fa role=api pod=gateway-78cb7fd75f-q5rcv method=POST path=/api/translations status=200 durationMs=268
[pod/gateway-78cb7fd75f-q5rcv/gateway] 2026-10-05T23:49:44.192+00:00 INFO  http.request requestId=b5d79caf-4574-4292-b539-8c9f24f48937 role=api pod=gateway-78cb7fd75f-q5rcv method=POST path=/api/translations status=200 durationMs=249
[pod/gateway-78cb7fd75f-q5rcv/gateway] 2026-10-05T23:49:44.216+00:00 INFO  http.request requestId=bc492e58-4169-4a93-9588-78863faccd76 role=api pod=gateway-78cb7fd75f-q5rcv method=POST path=/api/translations status=200 durationMs=401
[pod/gateway-78cb7fd75f-q5rcv/gateway] 2026-10-05T23:49:44.266+00:00 INFO  http.request requestId=3c7419db-c8d0-4b7b-8cc0-8377b64aa6a0 role=api pod=gateway-78cb7fd75f-q5rcv method=POST path=/api/transcriptions status=200 durationMs=727
[pod/gateway-78cb7fd75f-q5rcv/gateway] 2026-10-05T23:49:44.274+00:00 INFO  http.request requestId=cdc694c0-230c-4169-9584-e0a28398f7a1 role=api pod=gateway-78cb7fd75f-q5rcv method=POST path=/api/translations status=200 durationMs=388
[pod/gateway-78cb7fd75f-q5rcv/gateway] 2026-10-05T23:49:44.396+00:00 INFO  http.request requestId=9c3649cb-51cf-422f-b17e-22a8098a5a72 role=api pod=gateway-78cb7fd75f-q5rcv method=POST path=/api/transcriptions status=200 durationMs=422
[pod/gateway-78cb7fd75f-q5rcv/gateway] 2026-10-05T23:49:44.426+00:00 INFO  http.request requestId=49331177-20fc-470b-9e92-5b3ca81f0cba role=api pod=gateway-78cb7fd75f-q5rcv method=POST path=/api/transcriptions status=200 durationMs=677
[pod/gateway-78cb7fd75f-q5rcv/gateway] 2026-10-05T23:49:44.446+00:00 INFO  http.request requestId=d4ed4ab7-939c-4ff6-8f4a-2cf6d19d9b46 role=api pod=gateway-78cb7fd75f-q5rcv method=POST path=/api/transcriptions status=200 durationMs=547
[pod/gateway-78cb7fd75f-q5rcv/gateway] 2026-10-05T23:49:44.468+00:00 INFO  http.request requestId=f08d2b9b-8090-44ad-a479-6d64acabd173 role=api pod=gateway-78cb7fd75f-q5rcv method=POST path=/api/transcriptions status=200 durationMs=449
[pod/gateway-78cb7fd75f-q5rcv/gateway] 2026-10-05T23:49:44.543+00:00 INFO  http.request requestId=9d426c50-e673-42d3-8f0c-1ee5b7b178cc role=api pod=gateway-78cb7fd75f-q5rcv method=POST path=/api/translations status=200 durationMs=351
[pod/gateway-78cb7fd75f-q5rcv/gateway] 2026-10-05T23:49:44.554+00:00 INFO  http.request requestId=fec8e6cb-04c6-482f-80be-baf4900d32aa role=api pod=gateway-78cb7fd75f-q5rcv method=POST path=/api/translations status=200 durationMs=386
[pod/gateway-78cb7fd75f-q5rcv/gateway] 2026-10-05T23:49:44.619+00:00 INFO  http.request requestId=8b3e5747-2e46-4287-868e-94df186b561d role=api pod=gateway-78cb7fd75f-q5rcv method=POST path=/api/translations status=200 durationMs=307
[pod/gateway-78cb7fd75f-q5rcv/gateway] 2026-10-05T23:49:44.651+00:00 INFO  http.request requestId=96604753-db4f-49de-8f7c-799b8aeb22a5 role=api pod=gateway-78cb7fd75f-q5rcv method=POST path=/api/translations status=200 durationMs=223
[pod/gateway-78cb7fd75f-q5rcv/gateway] 2026-10-05T23:49:44.684+00:00 INFO  http.request requestId=3a9e9602-d9e0-4859-8e82-6d8e2e7d5587 role=api pod=gateway-78cb7fd75f-q5rcv method=POST path=/api/transcriptions status=200 durationMs=530
[pod/gateway-78cb7fd75f-q5rcv/gateway] 2026-10-05T23:49:44.701+00:00 INFO  http.request requestId=9db3f296-b53d-4048-af82-147da2c7e989 role=api pod=gateway-78cb7fd75f-q5rcv method=POST path=/api/translations status=200 durationMs=248
[pod/gateway-78cb7fd75f-q5rcv/gateway] 2026-10-05T23:49:44.713+00:00 INFO  http.request requestId=724495a7-610b-4b8c-8d85-09553fceb581 role=api pod=gateway-78cb7fd75f-q5rcv method=POST path=/api/transcriptions status=200 durationMs=679
[pod/gateway-78cb7fd75f-q5rcv/gateway] 2026-10-05T23:49:44.751+00:00 INFO  http.request requestId=1df9ba4c-7b6e-48e6-a3dd-a2257a7d7c97 role=api pod=gateway-78cb7fd75f-q5rcv method=POST path=/api/transcriptions status=200 durationMs=792
[pod/gateway-78cb7fd75f-q5rcv/gateway] 2026-10-05T23:49:44.760+00:00 INFO  http.request requestId=893d8f3c-8475-4a85-a01e-75816cd54cbb role=api pod=gateway-78cb7fd75f-q5rcv method=POST path=/api/transcriptions status=200 durationMs=681
[pod/gateway-78cb7fd75f-q5rcv/gateway] 2026-10-05T23:49:44.779+00:00 INFO  http.request requestId=21c27c5e-8e58-408a-ae92-1fe95a699704 role=api pod=gateway-78cb7fd75f-q5rcv method=POST path=/api/translations status=200 durationMs=378
[pod/gateway-78cb7fd75f-q5rcv/gateway] 2026-10-05T23:49:44.834+00:00 INFO  http.request requestId=dc0074db-2042-4b30-bbf5-f8aac3a98890 role=api pod=gateway-78cb7fd75f-q5rcv method=POST path=/api/transcriptions status=200 durationMs=560
[pod/gateway-78cb7fd75f-q5rcv/gateway] 2026-10-05T23:49:44.879+00:00 INFO  http.request requestId=987894ab-67cf-4731-ba56-a5ed87fef2fc role=api pod=gateway-78cb7fd75f-q5rcv method=POST path=/api/transcriptions status=200 durationMs=681
[pod/gateway-78cb7fd75f-q5rcv/gateway] 2026-10-05T23:49:44.907+00:00 INFO  http.request requestId=dcfecf0b-4fc7-4dcb-bcca-eab7e3ca2ece role=api pod=gateway-78cb7fd75f-q5rcv method=POST path=/api/transcriptions status=200 durationMs=724
[pod/gateway-78cb7fd75f-q5rcv/gateway] 2026-10-05T23:49:44.957+00:00 INFO  http.request requestId=802c605b-9f11-4743-9145-0b58a7fe95c5 role=api pod=gateway-78cb7fd75f-q5rcv method=POST path=/api/translations status=200 durationMs=255
[pod/gateway-78cb7fd75f-q5rcv/gateway] 2026-10-05T23:49:45.018+00:00 INFO  http.request requestId=d0397dd3-6359-4a92-8c97-cae6b8c5cf36 role=api pod=gateway-78cb7fd75f-q5rcv method=POST path=/api/translations status=200 durationMs=257
[pod/gateway-78cb7fd75f-q5rcv/gateway] 2026-10-05T23:49:45.027+00:00 INFO  http.request requestId=4864d180-9b9e-47d5-85ca-d06cc6647eaa role=api pod=gateway-78cb7fd75f-q5rcv method=POST path=/api/translations status=200 durationMs=308
[pod/gateway-78cb7fd75f-q5rcv/gateway] 2026-10-05T23:49:45.027+00:00 INFO  http.request requestId=5e4ed805-4f22-4f10-963f-8543f5fcbb97 role=api pod=gateway-78cb7fd75f-q5rcv method=POST path=/api/transcriptions status=200 durationMs=708
[pod/gateway-78cb7fd75f-q5rcv/gateway] 2026-10-05T23:49:45.130+00:00 INFO  http.request requestId=a13f0da2-0abe-41c3-b5d9-c298730ec353 role=api pod=gateway-78cb7fd75f-q5rcv method=POST path=/api/transcriptions status=200 durationMs=601
[pod/gateway-78cb7fd75f-q5rcv/gateway] 2026-10-05T23:49:45.244+00:00 INFO  http.request requestId=3eb59bc3-c5db-48f3-a820-b68e82bff8ec role=api pod=gateway-78cb7fd75f-q5rcv method=POST path=/api/translations status=200 durationMs=217
[pod/gateway-78cb7fd75f-q5rcv/gateway] 2026-10-05T23:49:45.260+00:00 INFO  http.request requestId=b8b7a259-06fc-445f-bb51-161a82c7d179 role=api pod=gateway-78cb7fd75f-q5rcv method=POST path=/api/transcriptions status=200 durationMs=626
[pod/gateway-78cb7fd75f-q5rcv/gateway] 2026-10-05T23:49:45.293+00:00 INFO  http.request requestId=0a05583d-e43c-4747-bbb8-2bf2b563e01e role=api pod=gateway-78cb7fd75f-q5rcv method=POST path=/api/transcriptions status=200 durationMs=628
[pod/gateway-78cb7fd75f-q5rcv/gateway] 2026-10-05T23:49:45.319+00:00 INFO  http.request requestId=31a5e873-e1b4-4ea8-bce3-430251e0d3f3 role=api pod=gateway-78cb7fd75f-q5rcv method=POST path=/api/transcriptions status=200 durationMs=775
[pod/gateway-78cb7fd75f-q5rcv/gateway] 2026-10-05T23:49:45.360+00:00 INFO  http.request requestId=d7afa5e3-817b-457d-8c03-9323d2d2f0da role=api pod=gateway-78cb7fd75f-q5rcv method=POST path=/api/translations status=200 durationMs=313
[pod/gateway-78cb7fd75f-q5rcv/gateway] 2026-10-05T23:49:45.370+00:00 INFO  http.request requestId=129adafe-7c75-48cf-8070-07481b59e006 role=api pod=gateway-78cb7fd75f-q5rcv method=POST path=/api/translations status=200 durationMs=236
[pod/gateway-78cb7fd75f-q5rcv/gateway] 2026-10-05T23:49:45.378+00:00 INFO  http.request requestId=b660b765-e43f-48b1-b041-6a4381df0e3d role=api pod=gateway-78cb7fd75f-q5rcv method=POST path=/api/translations status=200 durationMs=348
[pod/gateway-78cb7fd75f-q5rcv/gateway] 2026-10-05T23:49:45.482+00:00 INFO  http.request requestId=e98a1c49-a6ed-4b2b-b4a3-616f893f365d role=api pod=gateway-78cb7fd75f-q5rcv method=POST path=/api/transcriptions status=200 durationMs=623
[pod/gateway-78cb7fd75f-q5rcv/gateway] 2026-10-05T23:49:45.490+00:00 INFO  http.request requestId=033cc832-42c7-41ea-80fa-890efe096faa role=api pod=gateway-78cb7fd75f-q5rcv method=POST path=/api/transcriptions status=200 durationMs=571
[pod/gateway-78cb7fd75f-q5rcv/gateway] 2026-10-05T23:49:45.506+00:00 INFO  http.request requestId=41f8f755-0ec0-4e17-85fe-c369afd3a1fa role=api pod=gateway-78cb7fd75f-q5rcv method=POST path=/api/transcriptions status=200 durationMs=738
[pod/gateway-78cb7fd75f-q5rcv/gateway] 2026-10-05T23:49:45.553+00:00 INFO  http.request requestId=6c0181c3-ed57-41c5-9fbf-de1278fc690e role=api pod=gateway-78cb7fd75f-q5rcv method=POST path=/api/translations status=200 durationMs=260
[pod/gateway-78cb7fd75f-q5rcv/gateway] 2026-10-05T23:49:45.567+00:00 INFO  http.request requestId=fbe85c74-eae0-4b17-8543-1840fe8a726a role=api pod=gateway-78cb7fd75f-q5rcv method=POST path=/api/transcriptions status=200 durationMs=784
[pod/gateway-78cb7fd75f-q5rcv/gateway] 2026-10-05T23:49:45.572+00:00 INFO  http.request requestId=cd58892d-8b3c-43c6-a311-88b0da7a298f role=api pod=gateway-78cb7fd75f-q5rcv method=POST path=/api/transcriptions status=200 durationMs=608
[pod/gateway-78cb7fd75f-q5rcv/gateway] 2026-10-05T23:49:45.588+00:00 INFO  http.request requestId=ebf3dcff-f343-4b35-a02b-f0d1754ffbd9 role=api pod=gateway-78cb7fd75f-q5rcv method=POST path=/api/translations status=200 durationMs=338
[pod/gateway-78cb7fd75f-q5rcv/gateway] 2026-10-05T23:49:45.593+00:00 INFO  http.request requestId=7aca8231-5df5-4860-a25c-696e5bc903dc role=api pod=gateway-78cb7fd75f-q5rcv method=POST path=/api/translations status=200 durationMs=251
[pod/gateway-78cb7fd75f-q5rcv/gateway] 2026-10-05T23:49:45.664+00:00 INFO  http.request requestId=45701860-cd92-4e5f-aa4c-8d1060f740e2 role=api pod=gateway-78cb7fd75f-q5rcv method=POST path=/api/transcriptions status=200 durationMs=774
[pod/gateway-78cb7fd75f-q5rcv/gateway] 2026-10-05T23:49:45.728+00:00 INFO  http.request requestId=9b087d34-ce69-47d7-994f-f76981db46f7 role=api pod=gateway-78cb7fd75f-q5rcv method=POST path=/api/translations status=200 durationMs=230
[pod/gateway-78cb7fd75f-q5rcv/gateway] 2026-10-05T23:49:45.767+00:00 INFO  http.request requestId=d46218ee-75e5-4660-9572-7b23b5b17ff9 role=api pod=gateway-78cb7fd75f-q5rcv method=POST path=/api/translations status=200 durationMs=380
[pod/gateway-78cb7fd75f-q5rcv/gateway] 2026-10-05T23:49:45.876+00:00 INFO  http.request requestId=05c6911d-d51b-465f-bce0-4a93d444b77d role=api pod=gateway-78cb7fd75f-q5rcv method=POST path=/api/translations status=200 durationMs=300
[pod/gateway-78cb7fd75f-q5rcv/gateway] 2026-10-05T23:49:45.876+00:00 INFO  http.request requestId=039c9834-fb41-4f34-b6f7-211154ffaa8a role=api pod=gateway-78cb7fd75f-q5rcv method=POST path=/api/translations status=200 durationMs=277
[pod/gateway-78cb7fd75f-q5rcv/gateway] 2026-10-05T23:49:45.938+00:00 INFO  http.request requestId=6bf2d963-6de2-4495-8bbb-e837411861a3 role=api pod=gateway-78cb7fd75f-q5rcv method=POST path=/api/translations status=200 durationMs=366
[pod/gateway-78cb7fd75f-q5rcv/gateway] 2026-10-05T23:49:45.966+00:00 INFO  http.request requestId=72469d41-21de-4aa9-ac0c-4fe025d40513 role=api pod=gateway-78cb7fd75f-q5rcv method=POST path=/api/transcriptions status=200 durationMs=641
[pod/gateway-78cb7fd75f-q5rcv/gateway] 2026-10-05T23:49:46.018+00:00 INFO  http.request requestId=eb9aab14-d8c8-4b41-bac7-078daa77f2a4 role=api pod=gateway-78cb7fd75f-q5rcv method=POST path=/api/translations status=200 durationMs=345
[pod/gateway-78cb7fd75f-q5rcv/gateway] 2026-10-05T23:49:46.026+00:00 INFO  http.request requestId=92ffa3ef-cb38-44ae-a020-01577248ddea role=api pod=gateway-78cb7fd75f-q5rcv method=POST path=/api/transcriptions status=200 durationMs=762
[pod/gateway-78cb7fd75f-q5rcv/gateway] 2026-10-05T23:49:46.077+00:00 INFO  http.request requestId=54676de5-0033-4a9a-a86c-69aa18852e47 role=api pod=gateway-78cb7fd75f-q5rcv method=POST path=/api/transcriptions status=200 durationMs=783
[pod/gateway-78cb7fd75f-q5rcv/gateway] 2026-10-05T23:49:46.107+00:00 INFO  http.request requestId=ef4392db-8fa1-42f1-89ff-32b89ce17524 role=api pod=gateway-78cb7fd75f-q5rcv method=POST path=/api/translations status=200 durationMs=347
[pod/gateway-78cb7fd75f-q5rcv/gateway] 2026-10-05T23:49:46.379+00:00 INFO  http.request requestId=77fe5f22-5cec-44d0-a5dc-e1f5cc721df6 role=api pod=gateway-78cb7fd75f-q5rcv method=POST path=/api/translations status=200 durationMs=353
[pod/gateway-78cb7fd75f-q5rcv/gateway] 2026-10-05T23:49:47.507+00:00 INFO  http.request requestId=1410229b-8d5c-4329-a97e-93de887a008c role=api pod=gateway-78cb7fd75f-q5rcv method=POST path=/api/transcriptions status=200 durationMs=12007
[pod/gateway-78cb7fd75f-65qtr/gateway] 2026-10-05T23:49:37.745+00:00 INFO  http.request requestId=dd60e5f7-4fe7-4b04-bca3-bd33441ed84c role=api pod=gateway-78cb7fd75f-65qtr method=POST path=/api/transcriptions status=200 durationMs=760
[pod/gateway-78cb7fd75f-65qtr/gateway] 2026-10-05T23:49:37.762+00:00 INFO  http.request requestId=ce977ae1-17b5-4b3c-8b6f-0be0bd43f86b role=api pod=gateway-78cb7fd75f-65qtr method=POST path=/api/translations status=200 durationMs=298
[pod/gateway-78cb7fd75f-65qtr/gateway] 2026-10-05T23:49:37.763+00:00 INFO  http.request requestId=5cfc8b58-d161-4130-be9c-1287c6f2aef5 role=api pod=gateway-78cb7fd75f-65qtr method=POST path=/api/translations status=200 durationMs=307
[pod/gateway-78cb7fd75f-65qtr/gateway] 2026-10-05T23:49:37.779+00:00 INFO  http.request requestId=e54673de-9320-4e56-a787-66681f049ade role=api pod=gateway-78cb7fd75f-65qtr method=POST path=/api/translations status=200 durationMs=381
[pod/gateway-78cb7fd75f-65qtr/gateway] 2026-10-05T23:49:37.826+00:00 INFO  http.request requestId=77eef74f-45af-4640-b796-c8808fb46812 role=api pod=gateway-78cb7fd75f-65qtr method=POST path=/api/translations status=200 durationMs=277
[pod/gateway-78cb7fd75f-65qtr/gateway] 2026-10-05T23:49:37.829+00:00 INFO  http.request requestId=a11baac7-a1fb-4e0d-ba06-93a68f61d6b6 role=api pod=gateway-78cb7fd75f-65qtr method=POST path=/api/transcriptions status=200 durationMs=441
[pod/gateway-78cb7fd75f-65qtr/gateway] 2026-10-05T23:49:37.861+00:00 INFO  http.request requestId=17b55e8c-e057-4826-99e0-cd4bcf28aefa role=api pod=gateway-78cb7fd75f-65qtr method=POST path=/api/transcriptions status=200 durationMs=711
[pod/gateway-78cb7fd75f-65qtr/gateway] 2026-10-05T23:49:37.896+00:00 INFO  http.request requestId=b31f0afc-a1b5-453d-b741-89b195974ad2 role=api pod=gateway-78cb7fd75f-65qtr method=POST path=/api/transcriptions status=200 durationMs=762
[pod/gateway-78cb7fd75f-65qtr/gateway] 2026-10-05T23:49:37.989+00:00 INFO  http.request requestId=ec984d69-4cdb-4f17-b7f1-6145b898d95f role=api pod=gateway-78cb7fd75f-65qtr method=POST path=/api/translations status=200 durationMs=346
[pod/gateway-78cb7fd75f-65qtr/gateway] 2026-10-05T23:49:38.109+00:00 INFO  http.request requestId=c5236af4-8712-4469-8e9e-2af8beb19c97 role=api pod=gateway-78cb7fd75f-65qtr method=POST path=/api/transcriptions status=200 durationMs=751
[pod/gateway-78cb7fd75f-65qtr/gateway] 2026-10-05T23:49:38.131+00:00 INFO  http.request requestId=246b08a6-6ee9-4afa-b949-7f44799a441d role=api pod=gateway-78cb7fd75f-65qtr method=POST path=/api/transcriptions status=200 durationMs=728
[pod/gateway-78cb7fd75f-65qtr/gateway] 2026-10-05T23:49:38.131+00:00 INFO  http.request requestId=5fb3ae71-e06d-4f65-81f0-24eff04a93b0 role=api pod=gateway-78cb7fd75f-65qtr method=POST path=/api/translations status=200 durationMs=298
[pod/gateway-78cb7fd75f-65qtr/gateway] 2026-10-05T23:49:38.172+00:00 INFO  http.request requestId=e5c72761-38d6-4c2a-9081-fc6a8020318e role=api pod=gateway-78cb7fd75f-65qtr method=POST path=/api/transcriptions status=200 durationMs=738
[pod/gateway-78cb7fd75f-65qtr/gateway] 2026-10-05T23:49:38.184+00:00 INFO  http.request requestId=546a2efb-3948-4de0-815f-7b3c5382eeb7 role=api pod=gateway-78cb7fd75f-65qtr method=POST path=/api/transcriptions status=200 durationMs=481
[pod/gateway-78cb7fd75f-65qtr/gateway] 2026-10-05T23:49:38.198+00:00 INFO  http.request requestId=216d977a-9dc7-4240-b649-88be9b5b1722 role=api pod=gateway-78cb7fd75f-65qtr method=POST path=/api/translations status=200 durationMs=300
[pod/gateway-78cb7fd75f-65qtr/gateway] 2026-10-05T23:49:38.224+00:00 INFO  http.request requestId=1825274f-a94c-4655-af64-963329025df1 role=api pod=gateway-78cb7fd75f-65qtr method=POST path=/api/transcriptions status=200 durationMs=596
[pod/gateway-78cb7fd75f-65qtr/gateway] 2026-10-05T23:49:38.226+00:00 INFO  http.request requestId=ddff2a8a-5da3-4097-9ea8-f7b224961c9f role=api pod=gateway-78cb7fd75f-65qtr method=POST path=/api/transcriptions status=200 durationMs=613
[pod/gateway-78cb7fd75f-65qtr/gateway] 2026-10-05T23:49:38.264+00:00 INFO  http.request requestId=94e0a692-57cb-4cd1-b79b-98e4448721c6 role=api pod=gateway-78cb7fd75f-65qtr method=POST path=/api/translations status=200 durationMs=282
[pod/gateway-78cb7fd75f-65qtr/gateway] 2026-10-05T23:49:38.339+00:00 INFO  http.request requestId=11707f63-7f1f-4ea3-b0ac-b48096833f64 role=api pod=gateway-78cb7fd75f-65qtr method=POST path=/api/translations status=200 durationMs=229
[pod/gateway-78cb7fd75f-65qtr/gateway] 2026-10-05T23:49:38.342+00:00 INFO  http.request requestId=31f82c40-8d95-415c-b556-0c00efa17821 role=api pod=gateway-78cb7fd75f-65qtr method=POST path=/api/transcriptions status=200 durationMs=473
[pod/gateway-78cb7fd75f-65qtr/gateway] 2026-10-05T23:49:38.375+00:00 INFO  http.request requestId=d10fd5fb-a385-461a-9919-db05472aeef0 role=api pod=gateway-78cb7fd75f-65qtr method=POST path=/api/transcriptions status=200 durationMs=626
[pod/gateway-78cb7fd75f-65qtr/gateway] 2026-10-05T23:49:38.396+00:00 INFO  http.request requestId=8b4a64b6-8d88-458d-8a47-068ccaec9c16 role=api pod=gateway-78cb7fd75f-65qtr method=POST path=/api/translations status=200 durationMs=233
[pod/gateway-78cb7fd75f-65qtr/gateway] 2026-10-05T23:49:38.502+00:00 INFO  http.request requestId=60e157b6-31a6-41f8-ae0a-1d1ce86683d1 role=api pod=gateway-78cb7fd75f-65qtr method=POST path=/api/transcriptions status=200 durationMs=12004
[pod/gateway-78cb7fd75f-65qtr/gateway] 2026-10-05T23:49:38.517+00:00 INFO  http.request requestId=b82f8793-e9c8-4a45-9644-3827dbbb3177 role=api pod=gateway-78cb7fd75f-65qtr method=POST path=/api/translations status=200 durationMs=343
[pod/gateway-78cb7fd75f-65qtr/gateway] 2026-10-05T23:49:38.522+00:00 INFO  http.request requestId=bcfaa715-0783-4e7c-a3e1-746773715f5f role=api pod=gateway-78cb7fd75f-65qtr method=POST path=/api/translations status=200 durationMs=273
[pod/gateway-78cb7fd75f-65qtr/gateway] 2026-10-05T23:49:38.528+00:00 INFO  http.request requestId=3231ea1f-91b0-4760-a7cd-5e9ab59d8454 role=api pod=gateway-78cb7fd75f-65qtr method=POST path=/api/translations status=200 durationMs=384
[pod/gateway-78cb7fd75f-65qtr/gateway] 2026-10-05T23:49:38.559+00:00 INFO  http.request requestId=ed58bd7d-a41a-4420-89e5-9e23c4365ffb role=api pod=gateway-78cb7fd75f-65qtr method=POST path=/api/transcriptions status=200 durationMs=421
[pod/gateway-78cb7fd75f-65qtr/gateway] 2026-10-05T23:49:38.564+00:00 INFO  http.request requestId=e0246a72-21a7-4a1e-b8dd-a29f6c4ffb79 role=api pod=gateway-78cb7fd75f-65qtr method=POST path=/api/translations status=200 durationMs=337
[pod/gateway-78cb7fd75f-65qtr/gateway] 2026-10-05T23:49:38.625+00:00 INFO  http.request requestId=7dcb42d5-e1a0-4ee0-8349-2e6f1a773bdc role=api pod=gateway-78cb7fd75f-65qtr method=POST path=/api/translations status=200 durationMs=279
[pod/gateway-78cb7fd75f-65qtr/gateway] 2026-10-05T23:49:38.642+00:00 INFO  http.request requestId=1d232461-6534-4803-be04-d8cf71579e1e role=api pod=gateway-78cb7fd75f-65qtr method=POST path=/api/translations status=200 durationMs=316
[pod/gateway-78cb7fd75f-65qtr/gateway] 2026-10-05T23:49:38.664+00:00 INFO  http.request requestId=b61c1601-508b-4a14-bb68-2ad7b04400cc role=api pod=gateway-78cb7fd75f-65qtr method=POST path=/api/transcriptions status=200 durationMs=539
[pod/gateway-78cb7fd75f-65qtr/gateway] 2026-10-05T23:49:38.715+00:00 INFO  http.request requestId=a08e8752-8629-4d7b-a356-19277403a43d role=api pod=gateway-78cb7fd75f-65qtr method=POST path=/api/transcriptions status=200 durationMs=711
[pod/gateway-78cb7fd75f-65qtr/gateway] 2026-10-05T23:49:38.719+00:00 INFO  http.request requestId=71423c2d-a2df-45bf-a00d-6dc5186101c7 role=api pod=gateway-78cb7fd75f-65qtr method=POST path=/api/translations status=200 durationMs=249
[pod/gateway-78cb7fd75f-65qtr/gateway] 2026-10-05T23:49:38.734+00:00 INFO  http.request requestId=53ecfd6b-7cc5-4ad2-9a65-ba82d8355646 role=api pod=gateway-78cb7fd75f-65qtr method=POST path=/api/translations status=200 durationMs=244
[pod/gateway-78cb7fd75f-65qtr/gateway] 2026-10-05T23:49:38.744+00:00 INFO  http.request requestId=a181b0dd-8686-4a81-aace-e02d9a4b9b2c role=api pod=gateway-78cb7fd75f-65qtr method=POST path=/api/transcriptions status=200 durationMs=772
[pod/gateway-78cb7fd75f-65qtr/gateway] 2026-10-05T23:49:38.800+00:00 INFO  http.request requestId=c9406c52-b200-4605-87a5-33c91a3a6a8e role=api pod=gateway-78cb7fd75f-65qtr method=POST path=/api/translations status=200 durationMs=356
[pod/gateway-78cb7fd75f-65qtr/gateway] 2026-10-05T23:49:38.864+00:00 INFO  http.request requestId=4b1dcae9-fb74-4e77-bb38-11e3b989c924 role=api pod=gateway-78cb7fd75f-65qtr method=POST path=/api/translations status=200 durationMs=302
[pod/gateway-78cb7fd75f-65qtr/gateway] 2026-10-05T23:49:38.877+00:00 INFO  http.request requestId=77ef18b3-6783-4ab2-aec5-5358593194f0 role=api pod=gateway-78cb7fd75f-65qtr method=POST path=/api/translations status=200 durationMs=318
[pod/gateway-78cb7fd75f-65qtr/gateway] 2026-10-05T23:49:38.881+00:00 INFO  http.request requestId=1000152b-5cf9-4578-9d38-76edc2da3ca1 role=api pod=gateway-78cb7fd75f-65qtr method=POST path=/api/transcriptions status=200 durationMs=683
[pod/gateway-78cb7fd75f-65qtr/gateway] 2026-10-05T23:49:38.884+00:00 INFO  http.request requestId=188e43b1-9682-463b-8213-95d6fe7f4a61 role=api pod=gateway-78cb7fd75f-65qtr method=POST path=/api/transcriptions status=200 durationMs=670
[pod/gateway-78cb7fd75f-65qtr/gateway] 2026-10-05T23:49:39.055+00:00 INFO  http.request requestId=90dc3206-8656-4629-9546-b1b175b01b9c role=api pod=gateway-78cb7fd75f-65qtr method=POST path=/api/translations status=200 durationMs=310
[pod/gateway-78cb7fd75f-65qtr/gateway] 2026-10-05T23:49:39.055+00:00 INFO  http.request requestId=deef3705-edf4-4aaa-9883-6dd763722b93 role=api pod=gateway-78cb7fd75f-65qtr method=POST path=/api/transcriptions status=200 durationMs=677
[pod/gateway-78cb7fd75f-65qtr/gateway] 2026-10-05T23:49:39.074+00:00 INFO  http.request requestId=ac0d3806-53bb-47a1-89d5-6a19d2fe1cb3 role=api pod=gateway-78cb7fd75f-65qtr method=POST path=/api/transcriptions status=200 durationMs=455
[pod/gateway-78cb7fd75f-65qtr/gateway] 2026-10-05T23:49:39.105+00:00 INFO  http.request requestId=e3f4996b-1f64-4474-9723-ee99e797fe23 role=api pod=gateway-78cb7fd75f-65qtr method=POST path=/api/translations status=200 durationMs=385
[pod/gateway-78cb7fd75f-65qtr/gateway] 2026-10-05T23:49:39.152+00:00 INFO  http.request requestId=0ffe43f2-b6b9-44b4-a014-5bb9ae5bfab7 role=api pod=gateway-78cb7fd75f-65qtr method=POST path=/api/transcriptions status=200 durationMs=638
[pod/gateway-78cb7fd75f-65qtr/gateway] 2026-10-05T23:49:39.162+00:00 INFO  http.request requestId=a066c18d-ac81-4cc0-9209-16ee37384be5 role=api pod=gateway-78cb7fd75f-65qtr method=POST path=/api/transcriptions status=200 durationMs=528
[pod/gateway-78cb7fd75f-65qtr/gateway] 2026-10-05T23:49:39.199+00:00 INFO  http.request requestId=0dddc320-7f22-443d-98d9-23b2476942cc role=api pod=gateway-78cb7fd75f-65qtr method=POST path=/api/translations status=200 durationMs=380
[pod/gateway-78cb7fd75f-65qtr/gateway] 2026-10-05T23:49:39.205+00:00 INFO  http.request requestId=5974dd34-6ded-4792-9f6f-e232de1b60f0 role=api pod=gateway-78cb7fd75f-65qtr method=POST path=/api/transcriptions status=200 durationMs=630
[pod/gateway-78cb7fd75f-65qtr/gateway] 2026-10-05T23:49:39.205+00:00 INFO  http.request requestId=877fd1a0-c773-4795-a321-e35adb907b77 role=api pod=gateway-78cb7fd75f-65qtr method=POST path=/api/translations status=200 durationMs=301
[pod/gateway-78cb7fd75f-65qtr/gateway] 2026-10-05T23:49:39.242+00:00 INFO  http.request requestId=f3f427b8-7e6f-43c8-98a6-d5a418b60121 role=api pod=gateway-78cb7fd75f-65qtr method=POST path=/api/transcriptions status=200 durationMs=714
[pod/gateway-78cb7fd75f-65qtr/gateway] 2026-10-05T23:49:39.299+00:00 INFO  http.request requestId=d5e9898a-b1c8-43db-95a6-217ed756e2a0 role=api pod=gateway-78cb7fd75f-65qtr method=POST path=/api/transcriptions status=200 durationMs=635
[pod/gateway-78cb7fd75f-65qtr/gateway] 2026-10-05T23:49:39.336+00:00 INFO  http.request requestId=d71446a9-1af2-4dd0-80e5-0c56fe70a141 role=api pod=gateway-78cb7fd75f-65qtr method=POST path=/api/translations status=200 durationMs=305
[pod/gateway-78cb7fd75f-65qtr/gateway] 2026-10-05T23:49:39.352+00:00 INFO  http.request requestId=52870ca7-7174-4ed1-a239-ad127fedc8aa role=api pod=gateway-78cb7fd75f-65qtr method=POST path=/api/translations status=200 durationMs=296
[pod/gateway-78cb7fd75f-65qtr/gateway] 2026-10-05T23:49:39.456+00:00 INFO  http.request requestId=134548a1-8dba-467c-80df-10e619d87152 role=api pod=gateway-78cb7fd75f-65qtr method=POST path=/api/translations status=200 durationMs=390
[pod/gateway-78cb7fd75f-65qtr/gateway] 2026-10-05T23:49:39.490+00:00 INFO  http.request requestId=924ee988-d7ed-45d6-baad-195b61cc97a9 role=api pod=gateway-78cb7fd75f-65qtr method=POST path=/api/transcriptions status=200 durationMs=617
[pod/gateway-78cb7fd75f-65qtr/gateway] 2026-10-05T23:49:39.497+00:00 INFO  http.request requestId=e3f4e991-713a-41ce-8054-730df77650d4 role=api pod=gateway-78cb7fd75f-65qtr method=POST path=/api/transcriptions status=200 durationMs=594
[pod/gateway-78cb7fd75f-65qtr/gateway] 2026-10-05T23:49:39.510+00:00 INFO  http.request requestId=0771bfd3-6524-4baf-9e1b-87bafe5ef337 role=api pod=gateway-78cb7fd75f-65qtr method=POST path=/api/transcriptions status=200 durationMs=756
[pod/gateway-78cb7fd75f-65qtr/gateway] 2026-10-05T23:49:39.538+00:00 INFO  http.request requestId=298289f4-3745-48b6-8042-26da3cbec00a role=api pod=gateway-78cb7fd75f-65qtr method=POST path=/api/translations status=200 durationMs=384
[pod/gateway-78cb7fd75f-65qtr/gateway] 2026-10-05T23:49:39.544+00:00 INFO  http.request requestId=b6f7f0da-1dda-409f-a4b1-72db5b5c5644 role=api pod=gateway-78cb7fd75f-65qtr method=POST path=/api/translations status=200 durationMs=293
[pod/gateway-78cb7fd75f-65qtr/gateway] 2026-10-05T23:49:39.556+00:00 INFO  http.request requestId=994b436c-f7fe-4a64-8d2e-3d88ba185d90 role=api pod=gateway-78cb7fd75f-65qtr method=POST path=/api/transcriptions status=200 durationMs=667
[pod/gateway-78cb7fd75f-65qtr/gateway] 2026-10-05T23:49:39.626+00:00 INFO  http.request requestId=666d1be8-176e-4e6e-86c6-735d7d718f15 role=api pod=gateway-78cb7fd75f-65qtr method=POST path=/api/transcriptions status=200 durationMs=452
[pod/gateway-78cb7fd75f-65qtr/gateway] 2026-10-05T23:49:39.673+00:00 INFO  http.request requestId=acdd5981-c67e-4296-9173-39cc1fa2967a role=api pod=gateway-78cb7fd75f-65qtr method=POST path=/api/transcriptions status=200 durationMs=560
[pod/gateway-78cb7fd75f-65qtr/gateway] 2026-10-05T23:49:39.781+00:00 INFO  http.request requestId=06ff4e4e-36b5-4b7c-ac19-4932b9787354 role=api pod=gateway-78cb7fd75f-65qtr method=POST path=/api/transcriptions status=200 durationMs=472
[pod/gateway-78cb7fd75f-65qtr/gateway] 2026-10-05T23:49:39.783+00:00 INFO  http.request requestId=1c05779d-1fa2-4e76-a6d2-db96a8c15c26 role=api pod=gateway-78cb7fd75f-65qtr method=POST path=/api/translations status=200 durationMs=206
[pod/gateway-78cb7fd75f-65qtr/gateway] 2026-10-05T23:49:39.794+00:00 INFO  http.request requestId=5418ad7c-6ffb-4eac-923e-f256d968a865 role=api pod=gateway-78cb7fd75f-65qtr method=POST path=/api/translations status=200 durationMs=301
[pod/gateway-78cb7fd75f-65qtr/gateway] 2026-10-05T23:49:39.887+00:00 INFO  http.request requestId=ac509ef6-3136-427e-bc4e-36c23d602734 role=api pod=gateway-78cb7fd75f-65qtr method=POST path=/api/transcriptions status=200 durationMs=803
[pod/gateway-78cb7fd75f-65qtr/gateway] 2026-10-05T23:49:39.954+00:00 INFO  http.request requestId=708053fd-241b-4d46-8109-ffaca8c4d172 role=api pod=gateway-78cb7fd75f-65qtr method=POST path=/api/transcriptions status=200 durationMs=735
[pod/gateway-78cb7fd75f-65qtr/gateway] 2026-10-05T23:49:39.979+00:00 INFO  http.request requestId=66a997b2-e7ad-4047-98ee-39a36f64d747 role=api pod=gateway-78cb7fd75f-65qtr method=POST path=/api/translations status=200 durationMs=380
[pod/gateway-78cb7fd75f-65qtr/gateway] 2026-10-05T23:49:39.982+00:00 INFO  http.request requestId=924e928c-8522-4a7d-83cf-85f2488dcb52 role=api pod=gateway-78cb7fd75f-65qtr method=POST path=/api/translations status=200 durationMs=393
[pod/gateway-78cb7fd75f-65qtr/gateway] 2026-10-05T23:49:39.996+00:00 INFO  http.request requestId=8c9ddc35-6c1d-4642-af92-abe11b733a9c role=api pod=gateway-78cb7fd75f-65qtr method=POST path=/api/translations status=200 durationMs=277
[pod/gateway-78cb7fd75f-65qtr/gateway] 2026-10-05T23:49:40.004+00:00 INFO  http.request requestId=d044eebd-508f-456e-b3fd-8f6b805b1978 role=api pod=gateway-78cb7fd75f-65qtr method=POST path=/api/transcriptions status=200 durationMs=12005
[pod/gateway-78cb7fd75f-65qtr/gateway] 2026-10-05T23:49:40.019+00:00 INFO  http.request requestId=dcec3d71-622b-4693-afac-9f902fc0467c role=api pod=gateway-78cb7fd75f-65qtr method=POST path=/api/translations status=200 durationMs=220
[pod/gateway-78cb7fd75f-65qtr/gateway] 2026-10-05T23:49:40.024+00:00 INFO  http.request requestId=1f6c95cf-53ba-496a-9757-8997dc9a6c4b role=api pod=gateway-78cb7fd75f-65qtr method=POST path=/api/transcriptions status=200 durationMs=776
[pod/gateway-78cb7fd75f-65qtr/gateway] 2026-10-05T23:49:40.026+00:00 INFO  http.request requestId=d51553a6-b6b7-486a-8912-9ebb1c6d0e49 role=api pod=gateway-78cb7fd75f-65qtr method=POST path=/api/translations status=200 durationMs=240
[pod/gateway-78cb7fd75f-65qtr/gateway] 2026-10-05T23:49:40.028+00:00 INFO  http.request requestId=4cdb6e25-4f75-442c-a493-2ffd1e73e339 role=api pod=gateway-78cb7fd75f-65qtr method=POST path=/api/transcriptions status=200 durationMs=569
[pod/gateway-78cb7fd75f-65qtr/gateway] 2026-10-05T23:49:40.031+00:00 INFO  http.request requestId=17f59116-bba6-4758-8e07-4e54d1bd75c0 role=api pod=gateway-78cb7fd75f-65qtr method=POST path=/api/transcriptions status=200 durationMs=512
[pod/gateway-78cb7fd75f-65qtr/gateway] 2026-10-05T23:49:40.055+00:00 INFO  http.request requestId=51e86592-837f-4ce8-afa0-5632026c23fc role=api pod=gateway-78cb7fd75f-65qtr method=POST path=/api/translations status=200 durationMs=381
[pod/gateway-78cb7fd75f-65qtr/gateway] 2026-10-05T23:49:40.109+00:00 INFO  http.request requestId=bb7184b5-58b6-4d28-a0d1-647ed61c1588 role=api pod=gateway-78cb7fd75f-65qtr method=POST path=/api/transcriptions status=200 durationMs=561
[pod/gateway-78cb7fd75f-65qtr/gateway] 2026-10-05T23:49:40.151+00:00 INFO  http.request requestId=ce495e96-3076-4b92-a276-0e1ef4e34fe0 role=api pod=gateway-78cb7fd75f-65qtr method=POST path=/api/transcriptions status=200 durationMs=586
[pod/gateway-78cb7fd75f-65qtr/gateway] 2026-10-05T23:49:40.207+00:00 INFO  http.request requestId=af3975e7-02a3-43f3-9e88-80b9290e768e role=api pod=gateway-78cb7fd75f-65qtr method=POST path=/api/transcriptions status=200 durationMs=553
[pod/gateway-78cb7fd75f-65qtr/gateway] 2026-10-05T23:49:40.227+00:00 INFO  http.request requestId=dcca3953-c94e-4981-8572-88a3d42fba57 role=api pod=gateway-78cb7fd75f-65qtr method=POST path=/api/transcriptions status=200 durationMs=588
[pod/gateway-78cb7fd75f-65qtr/gateway] 2026-10-05T23:49:40.236+00:00 INFO  http.request requestId=b15e7e86-c482-460d-bd3f-b5da979b670c role=api pod=gateway-78cb7fd75f-65qtr method=POST path=/api/translations status=200 durationMs=231
[pod/gateway-78cb7fd75f-65qtr/gateway] 2026-10-05T23:49:40.238+00:00 INFO  http.request requestId=191ea68f-b29f-42f6-b12e-666cf11fe4c0 role=api pod=gateway-78cb7fd75f-65qtr method=POST path=/api/translations status=200 durationMs=210
[pod/gateway-78cb7fd75f-65qtr/gateway] 2026-10-05T23:49:40.245+00:00 INFO  http.request requestId=9f97ade4-679e-4918-8ea5-02d5b8cb7236 role=api pod=gateway-78cb7fd75f-65qtr method=POST path=/api/translations status=200 durationMs=208
[pod/gateway-78cb7fd75f-65qtr/gateway] 2026-10-05T23:49:40.247+00:00 INFO  http.request requestId=83539384-8e28-49a6-a894-f1ff796ff807 role=api pod=gateway-78cb7fd75f-65qtr method=POST path=/api/translations status=200 durationMs=326
[pod/gateway-78cb7fd75f-65qtr/gateway] 2026-10-05T23:49:40.268+00:00 INFO  http.request requestId=20ff5fdb-1b16-4dc1-af69-100261cc514e role=api pod=gateway-78cb7fd75f-65qtr method=POST path=/api/translations status=200 durationMs=252
[pod/gateway-78cb7fd75f-65qtr/gateway] 2026-10-05T23:49:40.283+00:00 INFO  http.request requestId=3f3d22fb-6886-44a2-ad82-deb5fd963c61 role=api pod=gateway-78cb7fd75f-65qtr method=POST path=/api/transcriptions status=200 durationMs=494
[pod/gateway-78cb7fd75f-65qtr/gateway] 2026-10-05T23:49:40.337+00:00 INFO  http.request requestId=597323ef-4825-4d09-811d-24063e812e83 role=api pod=gateway-78cb7fd75f-65qtr method=POST path=/api/translations status=200 durationMs=332
[pod/gateway-78cb7fd75f-65qtr/gateway] 2026-10-05T23:49:40.367+00:00 INFO  http.request requestId=5d29ad77-481c-462a-a740-35cb613b9446 role=api pod=gateway-78cb7fd75f-65qtr method=POST path=/api/translations status=200 durationMs=343
[pod/gateway-78cb7fd75f-65qtr/gateway] 2026-10-05T23:49:40.430+00:00 INFO  http.request requestId=243afbb6-cf65-4d5e-81a3-fecda080874b role=api pod=gateway-78cb7fd75f-65qtr method=POST path=/api/translations status=200 durationMs=399
[pod/gateway-78cb7fd75f-65qtr/gateway] 2026-10-05T23:49:40.449+00:00 INFO  http.request requestId=6a90a750-75b6-462d-b8fc-b446e82d1ef0 role=api pod=gateway-78cb7fd75f-65qtr method=POST path=/api/translations status=200 durationMs=322
[pod/gateway-78cb7fd75f-65qtr/gateway] 2026-10-05T23:49:40.526+00:00 INFO  http.request requestId=28ec4cb2-7768-4f11-91e9-74398243a0e8 role=api pod=gateway-78cb7fd75f-65qtr method=POST path=/api/translations status=200 durationMs=375
[pod/gateway-78cb7fd75f-65qtr/gateway] 2026-10-05T23:49:40.529+00:00 INFO  http.request requestId=133ca7e2-7b6f-4be3-a2f5-0be1e5130a36 role=api pod=gateway-78cb7fd75f-65qtr method=POST path=/api/translations status=200 durationMs=237
[pod/gateway-78cb7fd75f-65qtr/gateway] 2026-10-05T23:49:40.548+00:00 INFO  http.request requestId=5bce2a48-9870-4467-8c33-a4a1ca972bd3 role=api pod=gateway-78cb7fd75f-65qtr method=POST path=/api/translations status=200 durationMs=302
[pod/gateway-78cb7fd75f-65qtr/gateway] 2026-10-05T23:49:40.576+00:00 INFO  http.request requestId=209061ec-55e9-47b5-966b-f66c6876bc14 role=api pod=gateway-78cb7fd75f-65qtr method=POST path=/api/transcriptions status=200 durationMs=607
[pod/gateway-78cb7fd75f-65qtr/gateway] 2026-10-05T23:49:40.585+00:00 INFO  http.request requestId=407eaec9-6025-4004-82bd-dd6dc8757f11 role=api pod=gateway-78cb7fd75f-65qtr method=POST path=/api/translations status=200 durationMs=342
[pod/gateway-78cb7fd75f-65qtr/gateway] 2026-10-05T23:49:40.626+00:00 INFO  http.request requestId=4612e678-352d-4632-ac2d-cc38a7707ded role=api pod=gateway-78cb7fd75f-65qtr method=POST path=/api/translations status=200 durationMs=303
[pod/gateway-78cb7fd75f-65qtr/gateway] 2026-10-05T23:49:40.634+00:00 INFO  http.request requestId=d052eb62-678e-4552-a190-273f76514448 role=api pod=gateway-78cb7fd75f-65qtr method=POST path=/api/translations status=200 durationMs=304
[pod/gateway-78cb7fd75f-65qtr/gateway] 2026-10-05T23:49:40.695+00:00 INFO  http.request requestId=5e6be69b-78c5-4fa1-8b83-88dd3e39eaeb role=api pod=gateway-78cb7fd75f-65qtr method=POST path=/api/transcriptions status=200 durationMs=636
[pod/gateway-78cb7fd75f-65qtr/gateway] 2026-10-05T23:49:40.711+00:00 INFO  http.request requestId=0f55a354-b253-4c14-8a09-d6a8265081af role=api pod=gateway-78cb7fd75f-65qtr method=POST path=/api/transcriptions status=200 durationMs=668
[pod/gateway-78cb7fd75f-65qtr/gateway] 2026-10-05T23:49:40.739+00:00 INFO  http.request requestId=8568c546-bfb0-4294-9cd8-cb12f386cd2f role=api pod=gateway-78cb7fd75f-65qtr method=POST path=/api/translations status=200 durationMs=212
[pod/gateway-78cb7fd75f-65qtr/gateway] 2026-10-05T23:49:40.745+00:00 INFO  http.request requestId=cfa6c39a-f7c6-49c7-b849-5f1ad9be4123 role=api pod=gateway-78cb7fd75f-65qtr method=POST path=/api/transcriptions status=200 durationMs=504
[pod/gateway-78cb7fd75f-65qtr/gateway] 2026-10-05T23:49:40.781+00:00 INFO  http.request requestId=a18571ca-7a4f-4225-a213-629d249c2618 role=api pod=gateway-78cb7fd75f-65qtr method=POST path=/api/translations status=200 durationMs=226
[pod/gateway-78cb7fd75f-65qtr/gateway] 2026-10-05T23:49:40.817+00:00 INFO  http.request requestId=e2939458-920b-432d-839b-9f8cc4727e96 role=api pod=gateway-78cb7fd75f-65qtr method=POST path=/api/transcriptions status=200 durationMs=444
[pod/gateway-78cb7fd75f-65qtr/gateway] 2026-10-05T23:49:40.877+00:00 INFO  http.request requestId=2be88c2b-9dd7-4551-af81-d3dff7f8f64b role=api pod=gateway-78cb7fd75f-65qtr method=POST path=/api/transcriptions status=200 durationMs=593
[pod/gateway-78cb7fd75f-65qtr/gateway] 2026-10-05T23:49:40.951+00:00 INFO  http.request requestId=3f243dc4-b0ff-46ed-ae05-a622a5c88173 role=api pod=gateway-78cb7fd75f-65qtr method=POST path=/api/transcriptions status=200 durationMs=487
[pod/gateway-78cb7fd75f-65qtr/gateway] 2026-10-05T23:49:40.996+00:00 INFO  http.request requestId=e73a51a4-5b59-41ba-87b4-55510121bafc role=api pod=gateway-78cb7fd75f-65qtr method=POST path=/api/translations status=200 durationMs=251
[pod/gateway-78cb7fd75f-65qtr/gateway] 2026-10-05T23:49:41.056+00:00 INFO  http.request requestId=75a968d5-d346-4444-8d08-e1f99e2490d3 role=api pod=gateway-78cb7fd75f-65qtr method=POST path=/api/transcriptions status=200 durationMs=713
[pod/gateway-78cb7fd75f-65qtr/gateway] 2026-10-05T23:49:41.119+00:00 INFO  http.request requestId=104d0604-142b-4623-9452-771894ff111d role=api pod=gateway-78cb7fd75f-65qtr method=POST path=/api/transcriptions status=200 durationMs=535
[pod/gateway-78cb7fd75f-65qtr/gateway] 2026-10-05T23:49:41.120+00:00 INFO  http.request requestId=cbdd5932-b910-4b7d-ac59-085c5e38f1f6 role=api pod=gateway-78cb7fd75f-65qtr method=POST path=/api/transcriptions status=200 durationMs=416
[pod/gateway-78cb7fd75f-65qtr/gateway] 2026-10-05T23:49:41.133+00:00 INFO  http.request requestId=0f8c4197-9be6-44d0-9a26-fc0024cfcd12 role=api pod=gateway-78cb7fd75f-65qtr method=POST path=/api/translations status=200 durationMs=315
[pod/gateway-78cb7fd75f-65qtr/gateway] 2026-10-05T23:49:41.168+00:00 INFO  http.request requestId=014e9eb1-66a1-472e-98f9-040b15909fe2 role=api pod=gateway-78cb7fd75f-65qtr method=POST path=/api/transcriptions status=200 durationMs=570
[pod/gateway-78cb7fd75f-65qtr/gateway] 2026-10-05T23:49:41.172+00:00 INFO  http.request requestId=229dd8a3-b546-4e5c-96c7-424c8afa160c role=api pod=gateway-78cb7fd75f-65qtr method=POST path=/api/transcriptions status=200 durationMs=724
[pod/gateway-78cb7fd75f-65qtr/gateway] 2026-10-05T23:49:41.176+00:00 INFO  http.request requestId=941f5f85-32bf-437c-bc62-a9e0f8563bd9 role=api pod=gateway-78cb7fd75f-65qtr method=POST path=/api/translations status=200 durationMs=296
[pod/gateway-78cb7fd75f-65qtr/gateway] 2026-10-05T23:49:41.179+00:00 INFO  http.request requestId=8f7397c7-e13f-47d6-9bb4-4ea740258d09 role=api pod=gateway-78cb7fd75f-65qtr method=POST path=/api/translations status=200 durationMs=222
[pod/gateway-78cb7fd75f-65qtr/gateway] 2026-10-05T23:49:41.205+00:00 INFO  http.request requestId=6e09a1be-ebe7-41cc-be4b-5e18c8a8d58b role=api pod=gateway-78cb7fd75f-65qtr method=POST path=/api/transcriptions status=200 durationMs=516
[pod/gateway-78cb7fd75f-65qtr/gateway] 2026-10-05T23:49:41.230+00:00 INFO  http.request requestId=b773b1ea-b6d8-4afd-938d-8faec946de59 role=api pod=gateway-78cb7fd75f-65qtr method=POST path=/api/translations status=200 durationMs=279
[pod/gateway-78cb7fd75f-65qtr/gateway] 2026-10-05T23:49:41.248+00:00 INFO  http.request requestId=0075e65e-89ce-438b-9479-f9374393b87f role=api pod=gateway-78cb7fd75f-65qtr method=POST path=/api/translations status=200 durationMs=206
[pod/gateway-78cb7fd75f-65qtr/gateway] 2026-10-05T23:49:41.250+00:00 INFO  http.request requestId=c91aa037-5aab-4999-9ca7-893eaec11f77 role=api pod=gateway-78cb7fd75f-65qtr method=POST path=/api/translations status=200 durationMs=238
[pod/gateway-78cb7fd75f-65qtr/gateway] 2026-10-05T23:49:41.287+00:00 INFO  http.request requestId=79bf21cf-0e97-484b-a72f-520a5ecf72e8 role=api pod=gateway-78cb7fd75f-65qtr method=POST path=/api/transcriptions status=200 durationMs=463
[pod/gateway-78cb7fd75f-65qtr/gateway] 2026-10-05T23:49:41.368+00:00 INFO  http.request requestId=2dadb33d-d747-44c7-b916-625ac3b4af25 role=api pod=gateway-78cb7fd75f-65qtr method=POST path=/api/translations status=200 durationMs=248
[pod/gateway-78cb7fd75f-65qtr/gateway] 2026-10-05T23:49:41.418+00:00 INFO  http.request requestId=0f0b0c91-40cb-4c80-a52e-2aa37ba29346 role=api pod=gateway-78cb7fd75f-65qtr method=POST path=/api/translations status=200 durationMs=213
[pod/gateway-78cb7fd75f-65qtr/gateway] 2026-10-05T23:49:41.428+00:00 INFO  http.request requestId=6de721f5-1538-4b84-a54a-70d26f41b054 role=api pod=gateway-78cb7fd75f-65qtr method=POST path=/api/transcriptions status=200 durationMs=439
[pod/gateway-78cb7fd75f-65qtr/gateway] 2026-10-05T23:49:41.450+00:00 INFO  http.request requestId=d891b831-94b1-4926-abf0-183339b2128a role=api pod=gateway-78cb7fd75f-65qtr method=POST path=/api/translations status=200 durationMs=235
[pod/gateway-78cb7fd75f-65qtr/gateway] 2026-10-05T23:49:41.471+00:00 INFO  http.request requestId=a232151c-af60-4756-8d85-5f06007e46db role=api pod=gateway-78cb7fd75f-65qtr method=POST path=/api/translations status=200 durationMs=265
[pod/gateway-78cb7fd75f-65qtr/gateway] 2026-10-05T23:49:41.476+00:00 INFO  http.request requestId=08870df9-bb7f-41a3-a626-f5e2859c24b0 role=api pod=gateway-78cb7fd75f-65qtr method=POST path=/api/transcriptions status=200 durationMs=728
[pod/gateway-78cb7fd75f-65qtr/gateway] 2026-10-05T23:49:41.505+00:00 INFO  http.request requestId=2e58c6e9-3fa6-495f-a892-633f41498b55 role=api pod=gateway-78cb7fd75f-65qtr method=POST path=/api/transcriptions status=200 durationMs=12006
[pod/gateway-78cb7fd75f-65qtr/gateway] 2026-10-05T23:49:41.579+00:00 INFO  http.request requestId=874944ae-22fb-41dd-bb9c-dbde5b5c4ecf role=api pod=gateway-78cb7fd75f-65qtr method=POST path=/api/transcriptions status=200 durationMs=456
[pod/gateway-78cb7fd75f-65qtr/gateway] 2026-10-05T23:49:41.583+00:00 INFO  http.request requestId=64286020-5e80-48ae-8fea-96af443562d5 role=api pod=gateway-78cb7fd75f-65qtr method=POST path=/api/translations status=200 durationMs=328
[pod/gateway-78cb7fd75f-65qtr/gateway] 2026-10-05T23:49:41.588+00:00 INFO  http.request requestId=e0e05e4a-d550-4219-a590-ab2d5c2431b2 role=api pod=gateway-78cb7fd75f-65qtr method=POST path=/api/transcriptions status=200 durationMs=778
[pod/gateway-78cb7fd75f-65qtr/gateway] 2026-10-05T23:49:41.621+00:00 INFO  http.request requestId=b4e7b14b-9587-4184-9beb-764bbd0da837 role=api pod=gateway-78cb7fd75f-65qtr method=POST path=/api/translations status=200 durationMs=248
[pod/gateway-78cb7fd75f-65qtr/gateway] 2026-10-05T23:49:41.634+00:00 INFO  http.request requestId=3ef65070-e145-46bc-9fdf-f78ff4074dab role=api pod=gateway-78cb7fd75f-65qtr method=POST path=/api/transcriptions status=200 durationMs=466
[pod/gateway-78cb7fd75f-65qtr/gateway] 2026-10-05T23:49:41.666+00:00 INFO  http.request requestId=5c31d1f2-1281-40e8-b767-1d2cae699466 role=api pod=gateway-78cb7fd75f-65qtr method=POST path=/api/translations status=200 durationMs=238
[pod/gateway-78cb7fd75f-65qtr/gateway] 2026-10-05T23:49:41.674+00:00 INFO  http.request requestId=1ced3660-cb7c-41c7-80d7-7a66ebbe2112 role=api pod=gateway-78cb7fd75f-65qtr method=POST path=/api/translations status=200 durationMs=240
[pod/gateway-78cb7fd75f-65qtr/gateway] 2026-10-05T23:49:41.681+00:00 INFO  http.request requestId=8cd9c40b-6437-46cc-81cf-0d123aefaf93 role=api pod=gateway-78cb7fd75f-65qtr method=POST path=/api/transcriptions status=200 durationMs=543
[pod/gateway-78cb7fd75f-65qtr/gateway] 2026-10-05T23:49:41.700+00:00 INFO  http.request requestId=f736ef90-34ca-4d75-bdd3-aa464cf4e60a role=api pod=gateway-78cb7fd75f-65qtr method=POST path=/api/translations status=200 durationMs=229
[pod/gateway-78cb7fd75f-65qtr/gateway] 2026-10-05T23:49:41.789+00:00 INFO  http.request requestId=c1bbe8fb-5818-42cb-b419-72300f12ec64 role=api pod=gateway-78cb7fd75f-65qtr method=POST path=/api/transcriptions status=200 durationMs=501
[pod/gateway-78cb7fd75f-65qtr/gateway] 2026-10-05T23:49:41.827+00:00 INFO  http.request requestId=43ad1774-1229-4060-aa2f-7a5471015ab7 role=api pod=gateway-78cb7fd75f-65qtr method=POST path=/api/transcriptions status=200 durationMs=762
[pod/gateway-78cb7fd75f-65qtr/gateway] 2026-10-05T23:49:41.829+00:00 INFO  http.request requestId=3dde9cbc-86f3-479d-ae2a-feaf8c76c8e2 role=api pod=gateway-78cb7fd75f-65qtr method=POST path=/api/translations status=200 durationMs=241
[pod/gateway-78cb7fd75f-65qtr/gateway] 2026-10-05T23:49:41.863+00:00 INFO  http.request requestId=f999e3fb-d446-4e26-92de-fae663a33628 role=api pod=gateway-78cb7fd75f-65qtr method=POST path=/api/transcriptions status=200 durationMs=439
[pod/gateway-78cb7fd75f-65qtr/gateway] 2026-10-05T23:49:41.871+00:00 INFO  http.request requestId=75c4a7df-8bed-43ef-ad51-5f0104c454ba role=api pod=gateway-78cb7fd75f-65qtr method=POST path=/api/translations status=200 durationMs=247
[pod/gateway-78cb7fd75f-65qtr/gateway] 2026-10-05T23:49:41.911+00:00 INFO  http.request requestId=ccf00b9f-a096-484d-b151-dc68ddb0f152 role=api pod=gateway-78cb7fd75f-65qtr method=POST path=/api/translations status=200 durationMs=322
[pod/gateway-78cb7fd75f-65qtr/gateway] 2026-10-05T23:49:41.933+00:00 INFO  http.request requestId=b46c1916-8b6e-48e4-8a53-9d91d9130622 role=api pod=gateway-78cb7fd75f-65qtr method=POST path=/api/translations status=200 durationMs=296
[pod/gateway-78cb7fd75f-65qtr/gateway] 2026-10-05T23:49:41.976+00:00 INFO  http.request requestId=36f5c284-2404-4836-af6e-dd44f4997158 role=api pod=gateway-78cb7fd75f-65qtr method=POST path=/api/transcriptions status=200 durationMs=777
[pod/gateway-78cb7fd75f-65qtr/gateway] 2026-10-05T23:49:41.976+00:00 INFO  http.request requestId=fc3be7cc-0dd7-479f-b265-c645e6f0595f role=api pod=gateway-78cb7fd75f-65qtr method=POST path=/api/transcriptions status=200 durationMs=463
[pod/gateway-78cb7fd75f-65qtr/gateway] 2026-10-05T23:49:41.991+00:00 INFO  http.request requestId=cdc65aa5-f3bf-4d27-a2c2-3177472e3153 role=api pod=gateway-78cb7fd75f-65qtr method=POST path=/api/transcriptions status=200 durationMs=508
[pod/gateway-78cb7fd75f-65qtr/gateway] 2026-10-05T23:49:42.000+00:00 INFO  http.request requestId=bf216f54-2a39-4bae-bfd4-de20c3e2a488 role=api pod=gateway-78cb7fd75f-65qtr method=POST path=/api/translations status=200 durationMs=320
[pod/gateway-78cb7fd75f-65qtr/gateway] 2026-10-05T23:49:42.051+00:00 INFO  http.request requestId=0dc09bd7-e9a9-43d5-96b2-2510cd5c57e6 role=api pod=gateway-78cb7fd75f-65qtr method=POST path=/api/translations status=200 durationMs=352
[pod/gateway-78cb7fd75f-65qtr/gateway] 2026-10-05T23:49:42.142+00:00 INFO  http.request requestId=b91cf5d1-adcb-4adc-89d9-cb0e84994f01 role=api pod=gateway-78cb7fd75f-65qtr method=POST path=/api/translations status=200 durationMs=321
[pod/gateway-78cb7fd75f-65qtr/gateway] 2026-10-05T23:49:42.254+00:00 INFO  http.request requestId=2b9f3b10-8ed6-4394-85ce-520c81814188 role=api pod=gateway-78cb7fd75f-65qtr method=POST path=/api/translations status=200 durationMs=3048
[pod/gateway-78cb7fd75f-65qtr/gateway] 2026-10-05T23:49:42.269+00:00 INFO  http.request requestId=600bba91-b89a-4b8a-91d3-9f6b833c9194 role=api pod=gateway-78cb7fd75f-65qtr method=POST path=/api/transcriptions status=200 durationMs=470
[pod/gateway-78cb7fd75f-65qtr/gateway] 2026-10-05T23:49:42.275+00:00 INFO  http.request requestId=60cf02d4-fe85-40b8-bef5-eb1f13f60162 role=api pod=gateway-78cb7fd75f-65qtr method=POST path=/api/translations status=200 durationMs=273
[pod/gateway-78cb7fd75f-65qtr/gateway] 2026-10-05T23:49:42.277+00:00 INFO  http.request requestId=0c33001b-a72f-4370-ba15-9b810551224e role=api pod=gateway-78cb7fd75f-65qtr method=POST path=/api/translations status=200 durationMs=336
[pod/gateway-78cb7fd75f-65qtr/gateway] 2026-10-05T23:49:42.289+00:00 INFO  http.request requestId=d825943e-49db-4306-9cba-84c3fa961a49 role=api pod=gateway-78cb7fd75f-65qtr method=POST path=/api/transcriptions status=200 durationMs=700
[pod/gateway-78cb7fd75f-65qtr/gateway] 2026-10-05T23:49:42.290+00:00 INFO  http.request requestId=b30f28bd-ae9a-48ca-bc97-cabd75d1aa5f role=api pod=gateway-78cb7fd75f-65qtr method=POST path=/api/translations status=200 durationMs=314
[pod/gateway-78cb7fd75f-65qtr/gateway] 2026-10-05T23:49:42.297+00:00 INFO  http.request requestId=22862420-7ab0-4c07-8525-8f163780f757 role=api pod=gateway-78cb7fd75f-65qtr method=POST path=/api/transcriptions status=200 durationMs=678
[pod/gateway-78cb7fd75f-65qtr/gateway] 2026-10-05T23:49:42.358+00:00 INFO  http.request requestId=c95bea2b-025f-44c3-af72-7e8b9a76d2b8 role=api pod=gateway-78cb7fd75f-65qtr method=POST path=/api/transcriptions status=200 durationMs=530
[pod/gateway-78cb7fd75f-65qtr/gateway] 2026-10-05T23:49:42.358+00:00 INFO  http.request requestId=9f1bac48-9a7d-4fd7-a368-9c96d627e2dd role=api pod=gateway-78cb7fd75f-65qtr method=POST path=/api/transcriptions status=200 durationMs=455
[pod/gateway-78cb7fd75f-65qtr/gateway] 2026-10-05T23:49:42.380+00:00 INFO  http.request requestId=42904209-2114-487a-b718-050dd2d87ba4 role=api pod=gateway-78cb7fd75f-65qtr method=POST path=/api/translations status=200 durationMs=332
[pod/gateway-78cb7fd75f-65qtr/gateway] 2026-10-05T23:49:42.383+00:00 INFO  http.request requestId=ca745fb5-47a4-4b98-a17d-60f1c0b17e86 role=api pod=gateway-78cb7fd75f-65qtr method=POST path=/api/transcriptions status=200 durationMs=689
[pod/gateway-78cb7fd75f-65qtr/gateway] 2026-10-05T23:49:42.383+00:00 INFO  http.request requestId=d24eb795-ec06-4b0e-9572-18818e6604bc role=api pod=gateway-78cb7fd75f-65qtr method=POST path=/api/translations status=200 durationMs=327
[pod/gateway-78cb7fd75f-65qtr/gateway] 2026-10-05T23:49:42.383+00:00 INFO  http.request requestId=68e13801-8ce3-48e7-ae56-2e55f86304f5 role=api pod=gateway-78cb7fd75f-65qtr method=POST path=/api/transcriptions status=200 durationMs=508
[pod/gateway-78cb7fd75f-65qtr/gateway] 2026-10-05T23:49:42.418+00:00 INFO  http.request requestId=59527fb5-a218-4287-b070-fa72a701ed58 role=api pod=gateway-78cb7fd75f-65qtr method=POST path=/api/transcriptions status=200 durationMs=664
[pod/gateway-78cb7fd75f-65qtr/gateway] 2026-10-05T23:49:42.447+00:00 INFO  http.request requestId=07445d75-8170-46aa-8894-33e9c1bc1548 role=api pod=gateway-78cb7fd75f-65qtr method=POST path=/api/translations status=200 durationMs=301
[pod/gateway-78cb7fd75f-65qtr/gateway] 2026-10-05T23:49:42.465+00:00 INFO  http.request requestId=14325424-0cbc-4286-b23f-83c5645b2158 role=api pod=gateway-78cb7fd75f-65qtr method=POST path=/api/transcriptions status=200 durationMs=472
[pod/gateway-78cb7fd75f-65qtr/gateway] 2026-10-05T23:49:42.513+00:00 INFO  http.request requestId=5ee5feb1-a0d5-483c-83a7-e24fb846712f role=api pod=gateway-78cb7fd75f-65qtr method=POST path=/api/transcriptions status=200 durationMs=670
[pod/gateway-78cb7fd75f-65qtr/gateway] 2026-10-05T23:49:42.596+00:00 INFO  http.request requestId=8934b6c4-9f72-40d5-8286-2472900181dc role=api pod=gateway-78cb7fd75f-65qtr method=POST path=/api/transcriptions status=200 durationMs=677
[pod/gateway-78cb7fd75f-65qtr/gateway] 2026-10-05T23:49:42.610+00:00 INFO  http.request requestId=7f1dda41-6b23-4d2e-8429-53c7738f4da6 role=api pod=gateway-78cb7fd75f-65qtr method=POST path=/api/translations status=200 durationMs=310
[pod/gateway-78cb7fd75f-65qtr/gateway] 2026-10-05T23:49:42.620+00:00 INFO  http.request requestId=942cdbf1-f83a-4788-9e61-9a3306247666 role=api pod=gateway-78cb7fd75f-65qtr method=POST path=/api/translations status=200 durationMs=349
[pod/gateway-78cb7fd75f-65qtr/gateway] 2026-10-05T23:49:42.637+00:00 INFO  http.request requestId=8ef885c9-03e2-4208-9cc0-ad450579dde9 role=api pod=gateway-78cb7fd75f-65qtr method=POST path=/api/translations status=200 durationMs=254
[pod/gateway-78cb7fd75f-65qtr/gateway] 2026-10-05T23:49:42.656+00:00 INFO  http.request requestId=b05e112d-4f4c-45b4-a53c-121f4ab84271 role=api pod=gateway-78cb7fd75f-65qtr method=POST path=/api/translations status=200 durationMs=357
[pod/gateway-78cb7fd75f-65qtr/gateway] 2026-10-05T23:49:42.677+00:00 INFO  http.request requestId=56b62efa-efed-43ca-89f3-2ee82f75f924 role=api pod=gateway-78cb7fd75f-65qtr method=POST path=/api/translations status=200 durationMs=318
[pod/gateway-78cb7fd75f-65qtr/gateway] 2026-10-05T23:49:42.704+00:00 INFO  http.request requestId=275776bd-4ce8-46af-992a-d4a993b366d8 role=api pod=gateway-78cb7fd75f-65qtr method=POST path=/api/transcriptions status=200 durationMs=424
[pod/gateway-78cb7fd75f-65qtr/gateway] 2026-10-05T23:49:42.713+00:00 INFO  http.request requestId=046b9b8a-0552-422a-937e-78afe13c6348 role=api pod=gateway-78cb7fd75f-65qtr method=POST path=/api/transcriptions status=200 durationMs=419
[pod/gateway-78cb7fd75f-65qtr/gateway] 2026-10-05T23:49:42.748+00:00 INFO  http.request requestId=0d08d88d-0532-46ca-8709-4425e113b274 role=api pod=gateway-78cb7fd75f-65qtr method=POST path=/api/transcriptions status=200 durationMs=769
[pod/gateway-78cb7fd75f-65qtr/gateway] 2026-10-05T23:49:42.814+00:00 INFO  http.request requestId=8cc93200-68c4-4b09-a551-5451d2ce9038 role=api pod=gateway-78cb7fd75f-65qtr method=POST path=/api/translations status=200 durationMs=209
[pod/gateway-78cb7fd75f-65qtr/gateway] 2026-10-05T23:49:42.886+00:00 INFO  http.request requestId=24c0ad0e-c66c-4d62-8213-2373ed7aaab9 role=api pod=gateway-78cb7fd75f-65qtr method=POST path=/api/transcriptions status=200 durationMs=487
[pod/gateway-78cb7fd75f-65qtr/gateway] 2026-10-05T23:49:42.890+00:00 INFO  http.request requestId=6662a49b-84fd-4260-aae1-be8ab5220ef5 role=api pod=gateway-78cb7fd75f-65qtr method=POST path=/api/translations status=200 durationMs=203
[pod/gateway-78cb7fd75f-65qtr/gateway] 2026-10-05T23:49:42.913+00:00 INFO  http.request requestId=60b2fd2e-0499-4016-8983-b0090255352e role=api pod=gateway-78cb7fd75f-65qtr method=POST path=/api/translations status=200 durationMs=208
[pod/gateway-78cb7fd75f-65qtr/gateway] 2026-10-05T23:49:42.933+00:00 INFO  http.request requestId=fd83fb27-88d8-4ee2-856c-07d84e2f59f0 role=api pod=gateway-78cb7fd75f-65qtr method=POST path=/api/translations status=200 durationMs=336
[pod/gateway-78cb7fd75f-65qtr/gateway] 2026-10-05T23:49:42.970+00:00 INFO  http.request requestId=a2738b2a-e805-421c-8e9c-10ac1bff975c role=api pod=gateway-78cb7fd75f-65qtr method=POST path=/api/transcriptions status=200 durationMs=586
[pod/gateway-78cb7fd75f-65qtr/gateway] 2026-10-05T23:49:42.989+00:00 INFO  http.request requestId=d2508ec3-34d9-438a-8ae7-c38bbd742070 role=api pod=gateway-78cb7fd75f-65qtr method=POST path=/api/transcriptions status=200 durationMs=621
[pod/gateway-78cb7fd75f-65qtr/gateway] 2026-10-05T23:49:43.009+00:00 INFO  http.request requestId=7d2bb936-6008-4682-a329-5d32918438cf role=api pod=gateway-78cb7fd75f-65qtr method=POST path=/api/translations status=200 durationMs=298
[pod/gateway-78cb7fd75f-65qtr/gateway] 2026-10-05T23:49:43.020+00:00 INFO  http.request requestId=86efb485-10c3-4fcd-97f2-ef22e91707e3 role=api pod=gateway-78cb7fd75f-65qtr method=POST path=/api/transcriptions status=200 durationMs=591
[pod/gateway-78cb7fd75f-65qtr/gateway] 2026-10-05T23:49:43.051+00:00 INFO  http.request requestId=4c6142b1-2aff-4806-8ba2-0d307d9e7993 role=api pod=gateway-78cb7fd75f-65qtr method=POST path=/api/transcriptions status=200 durationMs=428
[pod/gateway-78cb7fd75f-65qtr/gateway] 2026-10-05T23:49:43.075+00:00 INFO  http.request requestId=4007c2be-1344-4502-835a-f7f83b1309a9 role=api pod=gateway-78cb7fd75f-65qtr method=POST path=/api/translations status=200 durationMs=326
[pod/gateway-78cb7fd75f-65qtr/gateway] 2026-10-05T23:49:43.106+00:00 INFO  http.request requestId=0bba7bad-cef1-41ad-ba95-ea9cb511a303 role=api pod=gateway-78cb7fd75f-65qtr method=POST path=/api/transcriptions status=200 durationMs=633
[pod/gateway-78cb7fd75f-65qtr/gateway] 2026-10-05T23:49:43.114+00:00 INFO  http.request requestId=9fdda840-9cbf-4fe5-a535-977fff131169 role=api pod=gateway-78cb7fd75f-65qtr method=POST path=/api/translations status=200 durationMs=285
[pod/gateway-78cb7fd75f-65qtr/gateway] 2026-10-05T23:49:43.139+00:00 INFO  http.request requestId=15cf89c5-0ddf-4d73-9850-6d1a8b6c8348 role=api pod=gateway-78cb7fd75f-65qtr method=POST path=/api/translations status=200 durationMs=370
[pod/gateway-78cb7fd75f-65qtr/gateway] 2026-10-05T23:49:43.139+00:00 INFO  http.request requestId=f8565441-eda8-4eff-af3b-d7ab245323e6 role=api pod=gateway-78cb7fd75f-65qtr method=POST path=/api/transcriptions status=200 durationMs=620
[pod/gateway-78cb7fd75f-65qtr/gateway] 2026-10-05T23:49:43.149+00:00 INFO  http.request requestId=3c1c26dd-4790-4f59-910f-d21fc460beda role=api pod=gateway-78cb7fd75f-65qtr method=POST path=/api/translations status=200 durationMs=233
[pod/gateway-78cb7fd75f-65qtr/gateway] 2026-10-05T23:49:43.172+00:00 INFO  http.request requestId=9b1ff8aa-967d-48cc-b1e3-84abc5f77153 role=api pod=gateway-78cb7fd75f-65qtr method=POST path=/api/translations status=200 durationMs=281
[pod/gateway-78cb7fd75f-65qtr/gateway] 2026-10-05T23:49:43.173+00:00 INFO  http.request requestId=808c67a9-a74d-4192-9dfe-a9fdc1003a84 role=api pod=gateway-78cb7fd75f-65qtr method=POST path=/api/transcriptions status=200 durationMs=535
[pod/gateway-78cb7fd75f-65qtr/gateway] 2026-10-05T23:49:43.292+00:00 INFO  http.request requestId=a0a68ce3-b30e-4aff-a108-a63a8b3b0e35 role=api pod=gateway-78cb7fd75f-65qtr method=POST path=/api/transcriptions status=200 durationMs=502
[pod/gateway-78cb7fd75f-65qtr/gateway] 2026-10-05T23:49:43.315+00:00 INFO  http.request requestId=eadfa97c-a262-4197-be95-3526b3ba8c8d role=api pod=gateway-78cb7fd75f-65qtr method=POST path=/api/translations status=200 durationMs=302
[pod/gateway-78cb7fd75f-65qtr/gateway] 2026-10-05T23:49:43.316+00:00 INFO  http.request requestId=6545bb19-1d45-4e3f-b3b0-d4f3fb469c70 role=api pod=gateway-78cb7fd75f-65qtr method=POST path=/api/translations status=200 durationMs=366
[pod/gateway-78cb7fd75f-65qtr/gateway] 2026-10-05T23:49:43.320+00:00 INFO  http.request requestId=06052aea-c86e-4f38-afb4-f54e19209541 role=api pod=gateway-78cb7fd75f-65qtr method=POST path=/api/translations status=200 durationMs=252
[pod/gateway-78cb7fd75f-65qtr/gateway] 2026-10-05T23:49:43.339+00:00 INFO  http.request requestId=633738fb-cb0b-451f-96f4-b6d0da8880ed role=api pod=gateway-78cb7fd75f-65qtr method=POST path=/api/translations status=200 durationMs=312
[pod/gateway-78cb7fd75f-65qtr/gateway] 2026-10-05T23:49:43.339+00:00 INFO  http.request requestId=e66fe47f-ad7a-4d64-bedd-ee985c74d04f role=api pod=gateway-78cb7fd75f-65qtr method=POST path=/api/transcriptions status=200 durationMs=610
[pod/gateway-78cb7fd75f-65qtr/gateway] 2026-10-05T23:49:43.389+00:00 INFO  http.request requestId=2a9ef252-0e44-482d-8cb5-a661a073244b role=api pod=gateway-78cb7fd75f-65qtr method=POST path=/api/translations status=200 durationMs=276
[pod/gateway-78cb7fd75f-65qtr/gateway] 2026-10-05T23:49:43.406+00:00 INFO  http.request requestId=9f3ecac9-4304-4dde-9ec3-3eaa9678990a role=api pod=gateway-78cb7fd75f-65qtr method=POST path=/api/translations status=200 durationMs=355
[pod/gateway-78cb7fd75f-65qtr/gateway] 2026-10-05T23:49:43.443+00:00 INFO  http.request requestId=b97dfee2-d0c0-4ff1-b5a9-503ea1fef53c role=api pod=gateway-78cb7fd75f-65qtr method=POST path=/api/translations status=200 durationMs=281
[pod/gateway-78cb7fd75f-65qtr/gateway] 2026-10-05T23:49:43.448+00:00 INFO  http.request requestId=de9f6375-3654-4bed-8177-25ab2adb2698 role=api pod=gateway-78cb7fd75f-65qtr method=POST path=/api/translations status=200 durationMs=309
[pod/gateway-78cb7fd75f-65qtr/gateway] 2026-10-05T23:49:43.465+00:00 INFO  http.request requestId=582b217c-47e8-4478-a640-de15ed66f17d role=api pod=gateway-78cb7fd75f-65qtr method=POST path=/api/translations status=200 durationMs=382
[pod/gateway-78cb7fd75f-65qtr/gateway] 2026-10-05T23:49:43.498+00:00 INFO  http.request requestId=0dcd98ef-7a1e-4b86-907c-b24a7a43cb99 role=api pod=gateway-78cb7fd75f-65qtr method=POST path=/api/translations status=200 durationMs=325
[pod/gateway-78cb7fd75f-65qtr/gateway] 2026-10-05T23:49:43.525+00:00 INFO  http.request requestId=2f3c1fdc-5d02-464d-93d4-c793d8ea8d67 role=api pod=gateway-78cb7fd75f-65qtr method=POST path=/api/translations status=200 durationMs=224
[pod/gateway-78cb7fd75f-65qtr/gateway] 2026-10-05T23:49:43.555+00:00 INFO  http.request requestId=0799d05c-3148-459e-9ea9-6dd58971a125 role=api pod=gateway-78cb7fd75f-65qtr method=POST path=/api/transcriptions status=200 durationMs=662
[pod/gateway-78cb7fd75f-65qtr/gateway] 2026-10-05T23:49:43.599+00:00 INFO  http.request requestId=bcf684f5-18b9-4ddf-8ced-6ca274e64616 role=api pod=gateway-78cb7fd75f-65qtr method=POST path=/api/transcriptions status=200 durationMs=615
[pod/gateway-78cb7fd75f-65qtr/gateway] 2026-10-05T23:49:43.610+00:00 INFO  http.request requestId=1ca8c871-0823-4066-b656-1d67ef32eb96 role=api pod=gateway-78cb7fd75f-65qtr method=POST path=/api/translations status=200 durationMs=294
[pod/gateway-78cb7fd75f-65qtr/gateway] 2026-10-05T23:49:43.675+00:00 INFO  http.request requestId=56c792e1-b85c-4b2f-962c-62fd14c17d79 role=api pod=gateway-78cb7fd75f-65qtr method=POST path=/api/translations status=200 durationMs=231
[pod/gateway-78cb7fd75f-65qtr/gateway] 2026-10-05T23:49:43.684+00:00 INFO  http.request requestId=47767814-76d4-49ec-9cef-0f5cb5b25594 role=api pod=gateway-78cb7fd75f-65qtr method=POST path=/api/transcriptions status=200 durationMs=565
[pod/gateway-78cb7fd75f-65qtr/gateway] 2026-10-05T23:49:43.732+00:00 INFO  http.request requestId=7444e84a-d707-40a1-b8bc-d29efc5e2f49 role=api pod=gateway-78cb7fd75f-65qtr method=POST path=/api/translations status=200 durationMs=339
[pod/gateway-78cb7fd75f-65qtr/gateway] 2026-10-05T23:49:43.807+00:00 INFO  http.request requestId=328fab9f-36c1-430a-ab8f-7e60e1abe4d6 role=api pod=gateway-78cb7fd75f-65qtr method=POST path=/api/transcriptions status=200 durationMs=749
[pod/gateway-78cb7fd75f-65qtr/gateway] 2026-10-05T23:49:43.814+00:00 INFO  http.request requestId=e31af8c0-cd43-44e4-a467-8580ca8f68a8 role=api pod=gateway-78cb7fd75f-65qtr method=POST path=/api/translations status=200 durationMs=311
[pod/gateway-78cb7fd75f-65qtr/gateway] 2026-10-05T23:49:43.830+00:00 INFO  http.request requestId=2d355888-c4cd-4f57-85d4-276a3e8f4ddd role=api pod=gateway-78cb7fd75f-65qtr method=POST path=/api/translations status=200 durationMs=218
[pod/gateway-78cb7fd75f-65qtr/gateway] 2026-10-05T23:49:43.868+00:00 INFO  http.request requestId=e318a1aa-41d4-4806-bf20-cb905d8733d4 role=api pod=gateway-78cb7fd75f-65qtr method=POST path=/api/transcriptions status=200 durationMs=629
[pod/gateway-78cb7fd75f-65qtr/gateway] 2026-10-05T23:49:43.877+00:00 INFO  http.request requestId=78505d48-fb24-441e-89c7-04735ef620cf role=api pod=gateway-78cb7fd75f-65qtr method=POST path=/api/translations status=200 durationMs=323
[pod/gateway-78cb7fd75f-65qtr/gateway] 2026-10-05T23:49:43.880+00:00 INFO  http.request requestId=53810b65-2626-419d-9eac-1ad4ec0fd64b role=api pod=gateway-78cb7fd75f-65qtr method=POST path=/api/transcriptions status=200 durationMs=730
[pod/gateway-78cb7fd75f-65qtr/gateway] 2026-10-05T23:49:43.960+00:00 INFO  http.request requestId=82bdae32-6da2-47c3-9898-1abfe9c0bc2e role=api pod=gateway-78cb7fd75f-65qtr method=POST path=/api/translations status=200 durationMs=275
[pod/gateway-78cb7fd75f-65qtr/gateway] 2026-10-05T23:49:43.974+00:00 INFO  http.request requestId=307239ea-483a-4517-bdeb-9cd89b7b116e role=api pod=gateway-78cb7fd75f-65qtr method=POST path=/api/translations status=200 durationMs=382
[pod/gateway-78cb7fd75f-65qtr/gateway] 2026-10-05T23:49:43.976+00:00 INFO  http.request requestId=80039f46-2883-47ac-bfa3-586e7d02e43f role=api pod=gateway-78cb7fd75f-65qtr method=POST path=/api/translations status=200 durationMs=259
[pod/gateway-78cb7fd75f-65qtr/gateway] 2026-10-05T23:49:43.991+00:00 INFO  http.request requestId=b18b25f4-57e1-4f31-92bf-e2d43dc73640 role=api pod=gateway-78cb7fd75f-65qtr method=POST path=/api/transcriptions status=200 durationMs=647
[pod/gateway-78cb7fd75f-65qtr/gateway] 2026-10-05T23:49:44.007+00:00 INFO  http.request requestId=5cfaf78b-c200-40ed-beb7-cc8e0a6ed136 role=api pod=gateway-78cb7fd75f-65qtr method=POST path=/api/transcriptions status=200 durationMs=588
[pod/gateway-78cb7fd75f-65qtr/gateway] 2026-10-05T23:49:44.015+00:00 INFO  http.request requestId=9aa07531-5e94-4eef-9305-01eb15d50593 role=api pod=gateway-78cb7fd75f-65qtr method=POST path=/api/translations status=200 durationMs=366
[pod/gateway-78cb7fd75f-65qtr/gateway] 2026-10-05T23:49:44.031+00:00 INFO  http.request requestId=7aa30cf0-f67a-4b49-952e-767cdf7bfb58 role=api pod=gateway-78cb7fd75f-65qtr method=POST path=/api/transcriptions status=200 durationMs=567
[pod/gateway-78cb7fd75f-65qtr/gateway] 2026-10-05T23:49:44.046+00:00 INFO  http.request requestId=a5efd298-1f17-41c4-87f3-63d6cf7e1a59 role=api pod=gateway-78cb7fd75f-65qtr method=POST path=/api/transcriptions status=200 durationMs=476
[pod/gateway-78cb7fd75f-65qtr/gateway] 2026-10-05T23:49:44.173+00:00 INFO  http.request requestId=51896498-bee9-4d4e-83bd-1a68cef2fd1a role=api pod=gateway-78cb7fd75f-65qtr method=POST path=/api/translations status=200 durationMs=340
[pod/gateway-78cb7fd75f-65qtr/gateway] 2026-10-05T23:49:44.201+00:00 INFO  http.request requestId=2c9a2965-9743-4b64-af17-9363240725c8 role=api pod=gateway-78cb7fd75f-65qtr method=POST path=/api/transcriptions status=200 durationMs=571
[pod/gateway-78cb7fd75f-65qtr/gateway] 2026-10-05T23:49:44.209+00:00 INFO  http.request requestId=56ccbcfe-28b5-4d65-ad5d-b52ada776559 role=api pod=gateway-78cb7fd75f-65qtr method=POST path=/api/transcriptions status=200 durationMs=477
[pod/gateway-78cb7fd75f-65qtr/gateway] 2026-10-05T23:49:44.219+00:00 INFO  http.request requestId=9b7eae78-33e9-4dfb-9876-be265f0a1c60 role=api pod=gateway-78cb7fd75f-65qtr method=POST path=/api/translations status=200 durationMs=211
[pod/gateway-78cb7fd75f-65qtr/gateway] 2026-10-05T23:49:44.226+00:00 INFO  http.request requestId=7bfd3458-92d6-45c8-b8af-42dd5c29f93a role=api pod=gateway-78cb7fd75f-65qtr method=POST path=/api/translations status=200 durationMs=262
[pod/gateway-78cb7fd75f-65qtr/gateway] 2026-10-05T23:49:44.320+00:00 INFO  http.request requestId=71ab0093-b6d1-4155-a50e-8d732525ae09 role=api pod=gateway-78cb7fd75f-65qtr method=POST path=/api/transcriptions status=200 durationMs=451
[pod/gateway-78cb7fd75f-65qtr/gateway] 2026-10-05T23:49:44.349+00:00 INFO  http.request requestId=6f8f45b0-2506-471b-a793-81057390052a role=api pod=gateway-78cb7fd75f-65qtr method=POST path=/api/translations status=200 durationMs=248
[pod/gateway-78cb7fd75f-65qtr/gateway] 2026-10-05T23:49:44.371+00:00 INFO  http.request requestId=7ea7d54f-9ffb-4f56-9fa8-f2b28d8b820b role=api pod=gateway-78cb7fd75f-65qtr method=POST path=/api/transcriptions status=200 durationMs=548
[pod/gateway-78cb7fd75f-65qtr/gateway] 2026-10-05T23:49:44.380+00:00 INFO  http.request requestId=9c9a85b9-3456-4bbf-b4b6-f64169531816 role=api pod=gateway-78cb7fd75f-65qtr method=POST path=/api/translations status=200 durationMs=348
[pod/gateway-78cb7fd75f-65qtr/gateway] 2026-10-05T23:49:44.408+00:00 INFO  http.request requestId=a9cae6b6-78ac-4935-bb60-2ec6b0d33be0 role=api pod=gateway-78cb7fd75f-65qtr method=POST path=/api/translations status=200 durationMs=375
[pod/gateway-78cb7fd75f-65qtr/gateway] 2026-10-05T23:49:44.434+00:00 INFO  http.request requestId=e35ff468-a781-4069-9b73-a936c5d55859 role=api pod=gateway-78cb7fd75f-65qtr method=POST path=/api/translations status=200 durationMs=388
[pod/gateway-78cb7fd75f-65qtr/gateway] 2026-10-05T23:49:44.454+00:00 INFO  http.request requestId=023bebe0-802d-422c-beb1-8d49a9faecf5 role=api pod=gateway-78cb7fd75f-65qtr method=POST path=/api/transcriptions status=200 durationMs=571
[pod/gateway-78cb7fd75f-65qtr/gateway] 2026-10-05T23:49:44.461+00:00 INFO  http.request requestId=b580a5df-ad2f-46a3-8b87-4b05b329eb36 role=api pod=gateway-78cb7fd75f-65qtr method=POST path=/api/transcriptions status=200 durationMs=457
[pod/gateway-78cb7fd75f-65qtr/gateway] 2026-10-05T23:49:44.482+00:00 INFO  http.request requestId=6bb3ad0f-5ef6-47a0-b3b0-a316c5e5a103 role=api pod=gateway-78cb7fd75f-65qtr method=POST path=/api/translations status=200 durationMs=302
[pod/gateway-78cb7fd75f-65qtr/gateway] 2026-10-05T23:49:44.529+00:00 INFO  http.request requestId=8b4c215d-2da9-470b-b5e9-50f3ec763b97 role=api pod=gateway-78cb7fd75f-65qtr method=POST path=/api/transcriptions status=200 durationMs=721
[pod/gateway-78cb7fd75f-65qtr/gateway] 2026-10-05T23:49:44.573+00:00 INFO  http.request requestId=50fa7403-81af-4df9-893e-f148c615bf46 role=api pod=gateway-78cb7fd75f-65qtr method=POST path=/api/transcriptions status=200 durationMs=509
[pod/gateway-78cb7fd75f-65qtr/gateway] 2026-10-05T23:49:44.573+00:00 INFO  http.request requestId=3aaa72d9-8a39-45a6-9d84-62353e497fb0 role=api pod=gateway-78cb7fd75f-65qtr method=POST path=/api/translations status=200 durationMs=327
[pod/gateway-78cb7fd75f-65qtr/gateway] 2026-10-05T23:49:44.598+00:00 INFO  http.request requestId=e7933bf7-bea7-41cf-ae36-a193e374d4de role=api pod=gateway-78cb7fd75f-65qtr method=POST path=/api/translations status=200 durationMs=248
[pod/gateway-78cb7fd75f-65qtr/gateway] 2026-10-05T23:49:44.646+00:00 INFO  http.request requestId=c7789e60-2d05-4a23-971c-db3f0f0456e8 role=api pod=gateway-78cb7fd75f-65qtr method=POST path=/api/translations status=200 durationMs=380
[pod/gateway-78cb7fd75f-65qtr/gateway] 2026-10-05T23:49:44.669+00:00 INFO  http.request requestId=038945ba-bd24-4e9b-a3ae-20285eb73f09 role=api pod=gateway-78cb7fd75f-65qtr method=POST path=/api/translations status=200 durationMs=272
[pod/gateway-78cb7fd75f-65qtr/gateway] 2026-10-05T23:49:44.669+00:00 INFO  http.request requestId=9473b1c5-481e-45fa-a961-0cfea5032185 role=api pod=gateway-78cb7fd75f-65qtr method=POST path=/api/transcriptions status=200 durationMs=680
[pod/gateway-78cb7fd75f-65qtr/gateway] 2026-10-05T23:49:44.685+00:00 INFO  http.request requestId=4e480796-7022-420a-b79b-186eaa94cf89 role=api pod=gateway-78cb7fd75f-65qtr method=POST path=/api/translations status=200 durationMs=362
[pod/gateway-78cb7fd75f-65qtr/gateway] 2026-10-05T23:49:44.689+00:00 INFO  http.request requestId=053addf5-fe12-48bb-9f4b-7fd6c4d233e4 role=api pod=gateway-78cb7fd75f-65qtr method=POST path=/api/transcriptions status=200 durationMs=595
[pod/gateway-78cb7fd75f-65qtr/gateway] 2026-10-05T23:49:44.739+00:00 INFO  http.request requestId=9db981da-c616-4b17-bd92-10a592a4681d role=api pod=gateway-78cb7fd75f-65qtr method=POST path=/api/transcriptions status=200 durationMs=526
[pod/gateway-78cb7fd75f-65qtr/gateway] 2026-10-05T23:49:44.765+00:00 INFO  http.request requestId=fc79a884-36b0-4c24-9bb1-bd15d9816e02 role=api pod=gateway-78cb7fd75f-65qtr method=POST path=/api/translations status=200 durationMs=318
[pod/gateway-78cb7fd75f-65qtr/gateway] 2026-10-05T23:49:44.779+00:00 INFO  http.request requestId=bdbdc02e-6f93-4559-bb4a-b44a5f828c21 role=api pod=gateway-78cb7fd75f-65qtr method=POST path=/api/translations status=200 durationMs=311
[pod/gateway-78cb7fd75f-65qtr/gateway] 2026-10-05T23:49:44.794+00:00 INFO  http.request requestId=f3861b4b-bfa6-4594-8fb1-7b3812d19e5a role=api pod=gateway-78cb7fd75f-65qtr method=POST path=/api/translations status=200 durationMs=336
[pod/gateway-78cb7fd75f-65qtr/gateway] 2026-10-05T23:49:44.797+00:00 INFO  http.request requestId=80a95ca4-ebb3-4ab4-a49d-7a66faf3a93d role=api pod=gateway-78cb7fd75f-65qtr method=POST path=/api/translations status=200 durationMs=370
[pod/gateway-78cb7fd75f-65qtr/gateway] 2026-10-05T23:49:44.916+00:00 INFO  http.request requestId=f0544c5b-b966-4c98-90c9-73bb3e6ac6aa role=api pod=gateway-78cb7fd75f-65qtr method=POST path=/api/translations status=200 durationMs=335
[pod/gateway-78cb7fd75f-65qtr/gateway] 2026-10-05T23:49:44.930+00:00 INFO  http.request requestId=458daecb-74d4-43a6-9b1d-b2c25208124c role=api pod=gateway-78cb7fd75f-65qtr method=POST path=/api/translations status=200 durationMs=283
[pod/gateway-78cb7fd75f-65qtr/gateway] 2026-10-05T23:49:45.008+00:00 INFO  http.request requestId=7c265e08-75e9-40e4-92c4-39de8aa66401 role=api pod=gateway-78cb7fd75f-65qtr method=POST path=/api/translations status=200 durationMs=338
[pod/gateway-78cb7fd75f-65qtr/gateway] 2026-10-05T23:49:45.057+00:00 INFO  http.request requestId=2ae175fc-4a0b-49db-86a0-fd96199430d1 role=api pod=gateway-78cb7fd75f-65qtr method=POST path=/api/translations status=200 durationMs=367
[pod/gateway-78cb7fd75f-65qtr/gateway] 2026-10-05T23:49:45.080+00:00 INFO  http.request requestId=cbf1ff82-0967-4eec-88c9-fa5c5cfcc58d role=api pod=gateway-78cb7fd75f-65qtr method=POST path=/api/translations status=200 durationMs=332
[pod/gateway-78cb7fd75f-65qtr/gateway] 2026-10-05T23:49:45.083+00:00 INFO  http.request requestId=2d48ce14-9f71-454f-8db0-4efc5fec214c role=api pod=gateway-78cb7fd75f-65qtr method=POST path=/api/translations status=200 durationMs=287
[pod/gateway-78cb7fd75f-65qtr/gateway] 2026-10-05T23:49:45.134+00:00 INFO  http.request requestId=a3d04e88-7f6d-447b-b066-c46d9d3225b0 role=api pod=gateway-78cb7fd75f-65qtr method=POST path=/api/transcriptions status=200 durationMs=710
[pod/gateway-78cb7fd75f-65qtr/gateway] 2026-10-05T23:49:45.145+00:00 INFO  http.request requestId=f37ffbeb-5922-4a1f-80d3-48d944c2b8e7 role=api pod=gateway-78cb7fd75f-65qtr method=POST path=/api/transcriptions status=200 durationMs=766
[pod/gateway-78cb7fd75f-65qtr/gateway] 2026-10-05T23:49:45.181+00:00 INFO  http.request requestId=ab7af167-ac25-4345-98d9-d068df15a0b7 role=api pod=gateway-78cb7fd75f-65qtr method=POST path=/api/transcriptions status=200 durationMs=622
[pod/gateway-78cb7fd75f-65qtr/gateway] 2026-10-05T23:49:45.198+00:00 INFO  http.request requestId=56ebb2aa-3a31-4625-910a-21ffbca60218 role=api pod=gateway-78cb7fd75f-65qtr method=POST path=/api/translations status=200 durationMs=259
[pod/gateway-78cb7fd75f-65qtr/gateway] 2026-10-05T23:49:45.210+00:00 INFO  http.request requestId=86e4b125-cec7-473d-a016-1859fe345af6 role=api pod=gateway-78cb7fd75f-65qtr method=POST path=/api/transcriptions status=200 durationMs=741
[pod/gateway-78cb7fd75f-65qtr/gateway] 2026-10-05T23:49:45.221+00:00 INFO  http.request requestId=3106c7ff-6a61-4018-b786-2709a1025b1f role=api pod=gateway-78cb7fd75f-65qtr method=POST path=/api/transcriptions status=200 durationMs=737
[pod/gateway-78cb7fd75f-65qtr/gateway] 2026-10-05T23:49:45.249+00:00 INFO  http.request requestId=79eb9442-00f1-42e5-9ff7-b40936c6a51f role=api pod=gateway-78cb7fd75f-65qtr method=POST path=/api/transcriptions status=200 durationMs=674
[pod/gateway-78cb7fd75f-65qtr/gateway] 2026-10-05T23:49:45.306+00:00 INFO  http.request requestId=403147f2-c8bf-43a6-81d8-87302c5b85f8 role=api pod=gateway-78cb7fd75f-65qtr method=POST path=/api/translations status=200 durationMs=399
[pod/gateway-78cb7fd75f-65qtr/gateway] 2026-10-05T23:49:45.307+00:00 INFO  http.request requestId=a1ece782-41c3-4357-b782-c4b6b792cf5a role=api pod=gateway-78cb7fd75f-65qtr method=POST path=/api/transcriptions status=200 durationMs=628
[pod/gateway-78cb7fd75f-65qtr/gateway] 2026-10-05T23:49:45.404+00:00 INFO  http.request requestId=f7abbb10-1cb2-45d5-a888-69a3aca257ec role=api pod=gateway-78cb7fd75f-65qtr method=POST path=/api/translations status=200 durationMs=296
[pod/gateway-78cb7fd75f-65qtr/gateway] 2026-10-05T23:49:45.415+00:00 INFO  http.request requestId=728e6af9-0936-47dc-bbbd-d365d4722f8a role=api pod=gateway-78cb7fd75f-65qtr method=POST path=/api/translations status=200 durationMs=269
[pod/gateway-78cb7fd75f-65qtr/gateway] 2026-10-05T23:49:45.426+00:00 INFO  http.request requestId=6b597d04-ffcc-4395-8577-b3fff8d6c6de role=api pod=gateway-78cb7fd75f-65qtr method=POST path=/api/transcriptions status=200 durationMs=598
[pod/gateway-78cb7fd75f-65qtr/gateway] 2026-10-05T23:49:45.448+00:00 INFO  http.request requestId=ad59b679-e659-44be-ac6b-7037c992117e role=api pod=gateway-78cb7fd75f-65qtr method=POST path=/api/translations status=200 durationMs=305
[pod/gateway-78cb7fd75f-65qtr/gateway] 2026-10-05T23:49:45.485+00:00 INFO  http.request requestId=9a02c779-ceb0-4f6d-a1eb-6f8b6f236d32 role=api pod=gateway-78cb7fd75f-65qtr method=POST path=/api/transcriptions status=200 durationMs=671
[pod/gateway-78cb7fd75f-65qtr/gateway] 2026-10-05T23:49:45.525+00:00 INFO  http.request requestId=2d26fe36-9997-41e5-a87a-81d20623cf27 role=api pod=gateway-78cb7fd75f-65qtr method=POST path=/api/translations status=200 durationMs=217
[pod/gateway-78cb7fd75f-65qtr/gateway] 2026-10-05T23:49:45.542+00:00 INFO  http.request requestId=e2720b88-7857-4dbc-9e4d-f7626b60eef9 role=api pod=gateway-78cb7fd75f-65qtr method=POST path=/api/transcriptions status=200 durationMs=607
[pod/gateway-78cb7fd75f-65qtr/gateway] 2026-10-05T23:49:45.598+00:00 INFO  http.request requestId=32bde195-9ccc-466d-897f-f0d545430189 role=api pod=gateway-78cb7fd75f-65qtr method=POST path=/api/transcriptions status=200 durationMs=724
[pod/gateway-78cb7fd75f-65qtr/gateway] 2026-10-05T23:49:45.599+00:00 INFO  http.request requestId=a8438947-d11e-4379-8403-f967a2458dd4 role=api pod=gateway-78cb7fd75f-65qtr method=POST path=/api/transcriptions status=200 durationMs=530
[pod/gateway-78cb7fd75f-65qtr/gateway] 2026-10-05T23:49:45.600+00:00 INFO  http.request requestId=c68b7a8d-90c2-42ca-9afe-ddb52fa9a09e role=api pod=gateway-78cb7fd75f-65qtr method=POST path=/api/transcriptions status=200 durationMs=412
[pod/gateway-78cb7fd75f-65qtr/gateway] 2026-10-05T23:49:45.639+00:00 INFO  http.request requestId=53ac7d61-d393-4a7e-961c-6ad20ba3d0dc role=api pod=gateway-78cb7fd75f-65qtr method=POST path=/api/translations status=200 durationMs=384
[pod/gateway-78cb7fd75f-65qtr/gateway] 2026-10-05T23:49:45.657+00:00 INFO  http.request requestId=1dc6e9c5-ee42-440c-86f7-ebda611f49e7 role=api pod=gateway-78cb7fd75f-65qtr method=POST path=/api/transcriptions status=200 durationMs=619
[pod/gateway-78cb7fd75f-65qtr/gateway] 2026-10-05T23:49:45.714+00:00 INFO  http.request requestId=93312e55-f207-449e-8112-c8f653a2b8b6 role=api pod=gateway-78cb7fd75f-65qtr method=POST path=/api/transcriptions status=200 durationMs=495
[pod/gateway-78cb7fd75f-65qtr/gateway] 2026-10-05T23:49:45.722+00:00 INFO  http.request requestId=a65777ff-b199-4076-b097-ef28695a178b role=api pod=gateway-78cb7fd75f-65qtr method=POST path=/api/translations status=200 durationMs=295
[pod/gateway-78cb7fd75f-65qtr/gateway] 2026-10-05T23:49:45.751+00:00 INFO  http.request requestId=c469075a-2d11-45c6-be34-aab26fabafb1 role=api pod=gateway-78cb7fd75f-65qtr method=POST path=/api/translations status=200 durationMs=240
[pod/gateway-78cb7fd75f-65qtr/gateway] 2026-10-05T23:49:45.764+00:00 INFO  http.request requestId=e350aecf-6349-437e-89b6-8926819e704f role=api pod=gateway-78cb7fd75f-65qtr method=POST path=/api/transcriptions status=200 durationMs=680
[pod/gateway-78cb7fd75f-65qtr/gateway] 2026-10-05T23:49:45.815+00:00 INFO  http.request requestId=36821f82-8f08-4b44-99a9-151b2a08558e role=api pod=gateway-78cb7fd75f-65qtr method=POST path=/api/translations status=200 durationMs=325
[pod/gateway-78cb7fd75f-65qtr/gateway] 2026-10-05T23:49:45.840+00:00 INFO  http.request requestId=379ad024-54a2-4f94-8edf-fb4268771306 role=api pod=gateway-78cb7fd75f-65qtr method=POST path=/api/transcriptions status=200 durationMs=637
[pod/gateway-78cb7fd75f-65qtr/gateway] 2026-10-05T23:49:45.841+00:00 INFO  http.request requestId=b874d69e-537e-4e1d-b479-668819b7916c role=api pod=gateway-78cb7fd75f-65qtr method=POST path=/api/translations status=200 durationMs=233
[pod/gateway-78cb7fd75f-65qtr/gateway] 2026-10-05T23:49:45.899+00:00 INFO  http.request requestId=44322490-9577-48b6-8327-08249bffd38e role=api pod=gateway-78cb7fd75f-65qtr method=POST path=/api/transcriptions status=200 durationMs=591
[pod/gateway-78cb7fd75f-65qtr/gateway] 2026-10-05T23:49:45.939+00:00 INFO  http.request requestId=099ceec1-5f88-48d6-9cef-f0c8f014017f role=api pod=gateway-78cb7fd75f-65qtr method=POST path=/api/translations status=200 durationMs=274
[pod/gateway-78cb7fd75f-65qtr/gateway] 2026-10-05T23:49:45.942+00:00 INFO  http.request requestId=c11f6d60-968a-4118-9ebc-dbbba5044fc5 role=api pod=gateway-78cb7fd75f-65qtr method=POST path=/api/transcriptions status=200 durationMs=708
[pod/gateway-78cb7fd75f-65qtr/gateway] 2026-10-05T23:49:45.954+00:00 INFO  http.request requestId=0a1bc921-3e3d-45f3-8351-06e2d0346496 role=api pod=gateway-78cb7fd75f-65qtr method=POST path=/api/translations status=200 durationMs=354
[pod/gateway-78cb7fd75f-65qtr/gateway] 2026-10-05T23:49:45.974+00:00 INFO  http.request requestId=b579190b-26cc-4bed-807e-c4b9caec112f role=api pod=gateway-78cb7fd75f-65qtr method=POST path=/api/translations status=200 durationMs=249
[pod/gateway-78cb7fd75f-65qtr/gateway] 2026-10-05T23:49:46.002+00:00 INFO  http.request requestId=afffe6f5-39b0-44c9-afdc-438fc2dc1086 role=api pod=gateway-78cb7fd75f-65qtr method=POST path=/api/transcriptions status=200 durationMs=12004
[pod/gateway-78cb7fd75f-65qtr/gateway] 2026-10-05T23:49:46.028+00:00 INFO  http.request requestId=906102ea-2ebc-4803-9daa-be87af8b8c73 role=api pod=gateway-78cb7fd75f-65qtr method=POST path=/api/translations status=200 durationMs=212
[pod/gateway-78cb7fd75f-65qtr/gateway] 2026-10-05T23:49:46.115+00:00 INFO  http.request requestId=0aa89d5e-6f69-4b95-9ef1-e7c389173cc1 role=api pod=gateway-78cb7fd75f-65qtr method=POST path=/api/translations status=200 durationMs=271
[pod/gateway-78cb7fd75f-65qtr/gateway] 2026-10-05T23:49:46.251+00:00 INFO  http.request requestId=a6aa60d5-7c1a-4c00-b1e6-44b30ec5feaa role=api pod=gateway-78cb7fd75f-65qtr method=POST path=/api/translations status=200 durationMs=284
[pod/gateway-78cb7fd75f-65qtr/gateway] 2026-10-05T23:49:46.349+00:00 INFO  http.request requestId=55b41e96-306f-4c0d-807e-83c6d18eb724 role=api pod=gateway-78cb7fd75f-65qtr method=POST path=/api/translations status=200 durationMs=347
[pod/gateway-78cb7fd75f-65qtr/gateway] 2026-10-05T23:49:46.355+00:00 INFO  http.request requestId=5f2eed10-6c17-46e9-bee6-5a5efc5a064c role=api pod=gateway-78cb7fd75f-65qtr method=POST path=/api/translations status=200 durationMs=278
[pod/gateway-78cb7fd75f-65qtr/gateway] 2026-10-05T23:49:55.006+00:00 INFO  http.request requestId=35516439-55cc-449c-96c8-a0c6d2021117 role=api pod=gateway-78cb7fd75f-65qtr method=POST path=/api/transcriptions status=200 durationMs=12008
