[pod/gateway-78cb7fd75f-65qtr/gateway] 2026-10-05T23:52:09.440+00:00 INFO  http.request requestId=563edb1f-e5c9-4f08-8715-d0a70adde5fa role=api pod=gateway-78cb7fd75f-65qtr method=POST path=/api/transcriptions status=200 durationMs=544
[pod/gateway-78cb7fd75f-65qtr/gateway] 2026-10-05T23:52:09.444+00:00 INFO  http.request requestId=f22ff4ef-7a23-468c-be00-a722202d8606 role=api pod=gateway-78cb7fd75f-65qtr method=POST path=/api/translations status=200 durationMs=361
[pod/gateway-78cb7fd75f-65qtr/gateway] 2026-10-05T23:52:09.450+00:00 INFO  http.request requestId=4c51bfc1-902b-4763-873e-ddd91191f511 role=api pod=gateway-78cb7fd75f-65qtr method=POST path=/api/transcriptions status=200 durationMs=720
[pod/gateway-78cb7fd75f-65qtr/gateway] 2026-10-05T23:52:09.475+00:00 INFO  http.request requestId=d658a1e8-1d9c-42f7-af3a-9ad679b2b70b role=api pod=gateway-78cb7fd75f-65qtr method=POST path=/api/transcriptions status=200 durationMs=641
[pod/gateway-78cb7fd75f-65qtr/gateway] 2026-10-05T23:52:09.560+00:00 INFO  http.request requestId=bbb0e457-8d12-4403-908a-c44e61588102 role=api pod=gateway-78cb7fd75f-65qtr method=POST path=/api/translations status=200 durationMs=376
[pod/gateway-78cb7fd75f-65qtr/gateway] 2026-10-05T23:52:09.567+00:00 INFO  http.request requestId=1a98b087-b5b5-48fa-ac0d-3eb10cb0650e role=api pod=gateway-78cb7fd75f-65qtr method=POST path=/api/translations status=200 durationMs=205
[pod/gateway-78cb7fd75f-65qtr/gateway] 2026-10-05T23:52:09.580+00:00 INFO  http.request requestId=634b762a-4209-475b-887b-3e0b4ccfa1f7 role=api pod=gateway-78cb7fd75f-65qtr method=POST path=/api/translations status=200 durationMs=238
[pod/gateway-78cb7fd75f-65qtr/gateway] 2026-10-05T23:52:09.605+00:00 INFO  http.request requestId=f21ea971-0ed7-4b9d-9c3a-0d69e163e2c6 role=api pod=gateway-78cb7fd75f-65qtr method=POST path=/api/translations status=200 durationMs=249
[pod/gateway-78cb7fd75f-65qtr/gateway] 2026-10-05T23:52:09.609+00:00 INFO  http.request requestId=31d37350-d828-4e26-9f5d-94b4236c2c56 role=api pod=gateway-78cb7fd75f-65qtr method=POST path=/api/transcriptions status=200 durationMs=474
[pod/gateway-78cb7fd75f-65qtr/gateway] 2026-10-05T23:52:09.637+00:00 INFO  http.request requestId=ac7c9ed2-173c-4035-86c7-13b6102a7952 role=api pod=gateway-78cb7fd75f-65qtr method=POST path=/api/transcriptions status=200 durationMs=592
[pod/gateway-78cb7fd75f-65qtr/gateway] 2026-10-05T23:52:09.654+00:00 INFO  http.request requestId=d9b54847-df13-4e5c-ba40-c7bef6b592f3 role=api pod=gateway-78cb7fd75f-65qtr method=POST path=/api/transcriptions status=200 durationMs=430
[pod/gateway-78cb7fd75f-65qtr/gateway] 2026-10-05T23:52:09.659+00:00 INFO  http.request requestId=226dc4ac-df48-45ce-ae1d-63360708eb20 role=api pod=gateway-78cb7fd75f-65qtr method=POST path=/api/transcriptions status=200 durationMs=719
[pod/gateway-78cb7fd75f-65qtr/gateway] 2026-10-05T23:52:09.674+00:00 INFO  http.request requestId=5b5ff1b7-9a30-4e8a-9be2-59832ae6065d role=api pod=gateway-78cb7fd75f-65qtr method=POST path=/api/translations status=200 durationMs=376
[pod/gateway-78cb7fd75f-65qtr/gateway] 2026-10-05T23:52:09.687+00:00 INFO  http.request requestId=37e9e115-3bb7-4a7e-aa9c-70b3b30e10b2 role=api pod=gateway-78cb7fd75f-65qtr method=POST path=/api/translations status=200 durationMs=254
[pod/gateway-78cb7fd75f-65qtr/gateway] 2026-10-05T23:52:09.701+00:00 INFO  http.request requestId=76ef52ed-1185-4230-a0c2-96abd3054f74 role=api pod=gateway-78cb7fd75f-65qtr method=POST path=/api/translations status=200 durationMs=380
[pod/gateway-78cb7fd75f-65qtr/gateway] 2026-10-05T23:52:09.718+00:00 INFO  http.request requestId=4299cb59-543b-4fd5-a3ba-0c6da7dc0e57 role=api pod=gateway-78cb7fd75f-65qtr method=POST path=/api/translations status=200 durationMs=278
[pod/gateway-78cb7fd75f-65qtr/gateway] 2026-10-05T23:52:09.733+00:00 INFO  http.request requestId=78919bfe-c967-46e2-9de8-614dbe4e7467 role=api pod=gateway-78cb7fd75f-65qtr method=POST path=/api/translations status=200 durationMs=283
[pod/gateway-78cb7fd75f-65qtr/gateway] 2026-10-05T23:52:09.747+00:00 INFO  http.request requestId=6749fbc9-1f74-4230-9966-bf0d8ca10a74 role=api pod=gateway-78cb7fd75f-65qtr method=POST path=/api/translations status=200 durationMs=349
[pod/gateway-78cb7fd75f-65qtr/gateway] 2026-10-05T23:52:09.757+00:00 INFO  http.request requestId=08f909e4-0186-4693-9f88-16f13451d844 role=api pod=gateway-78cb7fd75f-65qtr method=POST path=/api/transcriptions status=200 durationMs=802
[pod/gateway-78cb7fd75f-65qtr/gateway] 2026-10-05T23:52:09.767+00:00 INFO  http.request requestId=68718bc4-02a7-40ed-aefd-b5ddaf8861e6 role=api pod=gateway-78cb7fd75f-65qtr method=POST path=/api/transcriptions status=200 durationMs=738
[pod/gateway-78cb7fd75f-65qtr/gateway] 2026-10-05T23:52:09.772+00:00 INFO  http.request requestId=dfb1fa3a-e9dc-4fc4-9fc8-4a7f9321f258 role=api pod=gateway-78cb7fd75f-65qtr method=POST path=/api/transcriptions status=200 durationMs=802
[pod/gateway-78cb7fd75f-65qtr/gateway] 2026-10-05T23:52:09.777+00:00 INFO  http.request requestId=4cf53506-59a2-4b41-8566-8aa727e032fb role=api pod=gateway-78cb7fd75f-65qtr method=POST path=/api/transcriptions status=200 durationMs=792
[pod/gateway-78cb7fd75f-65qtr/gateway] 2026-10-05T23:52:09.800+00:00 INFO  http.request requestId=8307cccf-2c6a-4fe5-b743-69cc035875b4 role=api pod=gateway-78cb7fd75f-65qtr method=POST path=/api/transcriptions status=200 durationMs=561
[pod/gateway-78cb7fd75f-65qtr/gateway] 2026-10-05T23:52:09.814+00:00 INFO  http.request requestId=cdf28b79-20bd-4125-8f7f-b34a5e5070be role=api pod=gateway-78cb7fd75f-65qtr method=POST path=/api/transcriptions status=200 durationMs=634
[pod/gateway-78cb7fd75f-65qtr/gateway] 2026-10-05T23:52:09.839+00:00 INFO  http.request requestId=1640d4ec-6a93-459c-a415-9d9d0cc8ff59 role=api pod=gateway-78cb7fd75f-65qtr method=POST path=/api/transcriptions status=200 durationMs=585
[pod/gateway-78cb7fd75f-65qtr/gateway] 2026-10-05T23:52:09.847+00:00 INFO  http.request requestId=00a5b50c-f8a3-41ff-bd55-476d14760d04 role=api pod=gateway-78cb7fd75f-65qtr method=POST path=/api/transcriptions status=200 durationMs=577
[pod/gateway-78cb7fd75f-65qtr/gateway] 2026-10-05T23:52:09.867+00:00 INFO  http.request requestId=8071ac12-f686-478f-81b1-1a88f183844d role=api pod=gateway-78cb7fd75f-65qtr method=POST path=/api/translations status=200 durationMs=230
[pod/gateway-78cb7fd75f-65qtr/gateway] 2026-10-05T23:52:09.879+00:00 INFO  http.request requestId=fb60e0fd-4f57-44f5-98ce-10b60abe4ff4 role=api pod=gateway-78cb7fd75f-65qtr method=POST path=/api/translations status=200 durationMs=220
[pod/gateway-78cb7fd75f-65qtr/gateway] 2026-10-05T23:52:09.902+00:00 INFO  http.request requestId=4aedfddd-33f8-4cbb-aecf-db8256bf4863 role=api pod=gateway-78cb7fd75f-65qtr method=POST path=/api/translations status=200 durationMs=247
[pod/gateway-78cb7fd75f-65qtr/gateway] 2026-10-05T23:52:09.917+00:00 INFO  http.request requestId=3c65e38f-47ad-4e79-b687-e45534470ce1 role=api pod=gateway-78cb7fd75f-65qtr method=POST path=/api/translations status=200 durationMs=230
[pod/gateway-78cb7fd75f-65qtr/gateway] 2026-10-05T23:52:09.937+00:00 INFO  http.request requestId=2eee218a-f16d-4e55-95e1-3ee9a71f1159 role=api pod=gateway-78cb7fd75f-65qtr method=POST path=/api/translations status=200 durationMs=380
[pod/gateway-78cb7fd75f-65qtr/gateway] 2026-10-05T23:52:09.943+00:00 INFO  http.request requestId=eb22b889-5152-4c02-9431-080e06d39b53 role=api pod=gateway-78cb7fd75f-65qtr method=POST path=/api/transcriptions status=200 durationMs=478
[pod/gateway-78cb7fd75f-65qtr/gateway] 2026-10-05T23:52:09.943+00:00 INFO  http.request requestId=7af5e847-3110-4580-95b4-c9e8e2ca7940 role=api pod=gateway-78cb7fd75f-65qtr method=POST path=/api/transcriptions status=200 durationMs=538
[pod/gateway-78cb7fd75f-65qtr/gateway] 2026-10-05T23:52:09.959+00:00 INFO  http.request requestId=31e714cb-31be-4ac1-81ac-9521d0b9fc72 role=api pod=gateway-78cb7fd75f-65qtr method=POST path=/api/translations status=200 durationMs=3005
[pod/gateway-78cb7fd75f-65qtr/gateway] 2026-10-05T23:52:09.976+00:00 INFO  http.request requestId=77b7262d-3e69-46ff-a635-8a8f3848f0eb role=api pod=gateway-78cb7fd75f-65qtr method=POST path=/api/translations status=200 durationMs=319
[pod/gateway-78cb7fd75f-65qtr/gateway] 2026-10-05T23:52:10.002+00:00 INFO  http.request requestId=f03d4ffc-9984-497b-bf2c-e2ab5cee53b7 role=api pod=gateway-78cb7fd75f-65qtr method=POST path=/api/transcriptions status=200 durationMs=613
[pod/gateway-78cb7fd75f-65qtr/gateway] 2026-10-05T23:52:10.044+00:00 INFO  http.request requestId=e01bb82d-f647-44ce-ad75-448ef8dce436 role=api pod=gateway-78cb7fd75f-65qtr method=POST path=/api/translations status=200 durationMs=295
[pod/gateway-78cb7fd75f-65qtr/gateway] 2026-10-05T23:52:10.048+00:00 INFO  http.request requestId=e6beb119-ccae-4d27-bf5d-563c598bc6b0 role=api pod=gateway-78cb7fd75f-65qtr method=POST path=/api/translations status=200 durationMs=325
[pod/gateway-78cb7fd75f-65qtr/gateway] 2026-10-05T23:52:10.074+00:00 INFO  http.request requestId=f89fbc66-f169-43bf-afc7-9b68c717706c role=api pod=gateway-78cb7fd75f-65qtr method=POST path=/api/transcriptions status=200 durationMs=743
[pod/gateway-78cb7fd75f-65qtr/gateway] 2026-10-05T23:52:10.077+00:00 INFO  http.request requestId=806a1418-8bf9-49f2-9b85-10c301db489e role=api pod=gateway-78cb7fd75f-65qtr method=POST path=/api/translations status=200 durationMs=307
[pod/gateway-78cb7fd75f-65qtr/gateway] 2026-10-05T23:52:10.092+00:00 INFO  http.request requestId=11ffe534-d29b-4e8b-8723-6b6e1f3e4745 role=api pod=gateway-78cb7fd75f-65qtr method=POST path=/api/transcriptions status=200 durationMs=418
[pod/gateway-78cb7fd75f-65qtr/gateway] 2026-10-05T23:52:10.106+00:00 INFO  http.request requestId=0ca0ea67-c5db-45b1-92ab-3b556be48ea2 role=api pod=gateway-78cb7fd75f-65qtr method=POST path=/api/transcriptions status=200 durationMs=536
[pod/gateway-78cb7fd75f-65qtr/gateway] 2026-10-05T23:52:10.126+00:00 INFO  http.request requestId=5ad283b5-e0a4-4d92-b5cb-0c454d3c5ff2 role=api pod=gateway-78cb7fd75f-65qtr method=POST path=/api/translations status=200 durationMs=359
[pod/gateway-78cb7fd75f-65qtr/gateway] 2026-10-05T23:52:10.148+00:00 INFO  http.request requestId=e3b2ceef-0b9e-4aaf-b9dd-b8cb4a3bd178 role=api pod=gateway-78cb7fd75f-65qtr method=POST path=/api/transcriptions status=200 durationMs=414
[pod/gateway-78cb7fd75f-65qtr/gateway] 2026-10-05T23:52:10.164+00:00 INFO  http.request requestId=41bc0d44-730d-481b-81ac-85380ef2bc21 role=api pod=gateway-78cb7fd75f-65qtr method=POST path=/api/transcriptions status=200 durationMs=715
[pod/gateway-78cb7fd75f-65qtr/gateway] 2026-10-05T23:52:10.177+00:00 INFO  http.request requestId=d448c279-6145-44ad-815b-1e994c0c41bf role=api pod=gateway-78cb7fd75f-65qtr method=POST path=/api/transcriptions status=200 durationMs=698
[pod/gateway-78cb7fd75f-65qtr/gateway] 2026-10-05T23:52:10.201+00:00 INFO  http.request requestId=de88c7dd-404b-4e0d-8722-d3632ed87193 role=api pod=gateway-78cb7fd75f-65qtr method=POST path=/api/translations status=200 durationMs=258
[pod/gateway-78cb7fd75f-65qtr/gateway] 2026-10-05T23:52:10.246+00:00 INFO  http.request requestId=897c2250-d868-427c-a9c7-b3e92fea4101 role=api pod=gateway-78cb7fd75f-65qtr method=POST path=/api/transcriptions status=200 durationMs=480
[pod/gateway-78cb7fd75f-65qtr/gateway] 2026-10-05T23:52:10.297+00:00 INFO  http.request requestId=057a0e55-4ef9-4ed3-b271-50c15ffa831d role=api pod=gateway-78cb7fd75f-65qtr method=POST path=/api/transcriptions status=200 durationMs=803
[pod/gateway-78cb7fd75f-65qtr/gateway] 2026-10-05T23:52:10.302+00:00 INFO  http.request requestId=b7d36526-7878-4e8c-8b24-3462357b55e3 role=api pod=gateway-78cb7fd75f-65qtr method=POST path=/api/translations status=200 durationMs=227
[pod/gateway-78cb7fd75f-65qtr/gateway] 2026-10-05T23:52:10.309+00:00 INFO  http.request requestId=0df10c23-be6d-4348-8842-4be369fe5c2e role=api pod=gateway-78cb7fd75f-65qtr method=POST path=/api/transcriptions status=200 durationMs=500
[pod/gateway-78cb7fd75f-65qtr/gateway] 2026-10-05T23:52:10.319+00:00 INFO  http.request requestId=7f977fca-23df-474b-8a3f-54bb5e9eb7cf role=api pod=gateway-78cb7fd75f-65qtr method=POST path=/api/transcriptions status=200 durationMs=600
[pod/gateway-78cb7fd75f-65qtr/gateway] 2026-10-05T23:52:10.321+00:00 INFO  http.request requestId=edfcde05-0fab-44fe-90f8-1dd8dc9a8ad9 role=api pod=gateway-78cb7fd75f-65qtr method=POST path=/api/translations status=200 durationMs=247
[pod/gateway-78cb7fd75f-65qtr/gateway] 2026-10-05T23:52:10.332+00:00 INFO  http.request requestId=e24b7025-cf06-4c4a-8fa3-41a9e568034e role=api pod=gateway-78cb7fd75f-65qtr method=POST path=/api/translations status=200 durationMs=347
[pod/gateway-78cb7fd75f-65qtr/gateway] 2026-10-05T23:52:10.339+00:00 INFO  http.request requestId=7bccc377-14ff-46ae-97a3-e6ed59798f34 role=api pod=gateway-78cb7fd75f-65qtr method=POST path=/api/transcriptions status=200 durationMs=724
[pod/gateway-78cb7fd75f-65qtr/gateway] 2026-10-05T23:52:10.349+00:00 INFO  http.request requestId=1eca4a96-f219-402d-a56f-e12dbdee4c43 role=api pod=gateway-78cb7fd75f-65qtr method=POST path=/api/transcriptions status=200 durationMs=404
[pod/gateway-78cb7fd75f-65qtr/gateway] 2026-10-05T23:52:10.386+00:00 INFO  http.request requestId=c9562c5c-4590-4c0e-ac54-75e500290283 role=api pod=gateway-78cb7fd75f-65qtr method=POST path=/api/translations status=200 durationMs=210
[pod/gateway-78cb7fd75f-65qtr/gateway] 2026-10-05T23:52:10.392+00:00 INFO  http.request requestId=8fc7b413-3c03-4203-9ce3-6627984e7b62 role=api pod=gateway-78cb7fd75f-65qtr method=POST path=/api/transcriptions status=200 durationMs=613
[pod/gateway-78cb7fd75f-65qtr/gateway] 2026-10-05T23:52:10.440+00:00 INFO  http.request requestId=7be9bfd3-5f29-441a-886e-6cb7beb080c8 role=api pod=gateway-78cb7fd75f-65qtr method=POST path=/api/transcriptions status=200 durationMs=645
[pod/gateway-78cb7fd75f-65qtr/gateway] 2026-10-05T23:52:10.450+00:00 INFO  http.request requestId=0f0ee28e-97c4-4107-87d3-3777eb564053 role=api pod=gateway-78cb7fd75f-65qtr method=POST path=/api/transcriptions status=200 durationMs=611
[pod/gateway-78cb7fd75f-65qtr/gateway] 2026-10-05T23:52:10.455+00:00 INFO  http.request requestId=8382a0f8-cdd2-47cd-b048-0a3e4d89e03c role=api pod=gateway-78cb7fd75f-65qtr method=POST path=/api/transcriptions status=200 durationMs=751
[pod/gateway-78cb7fd75f-65qtr/gateway] 2026-10-05T23:52:10.456+00:00 INFO  http.request requestId=7ded4d84-7b77-4134-b529-7bf8fc2946eb role=api pod=gateway-78cb7fd75f-65qtr method=POST path=/api/transcriptions status=200 durationMs=586
[pod/gateway-78cb7fd75f-65qtr/gateway] 2026-10-05T23:52:10.466+00:00 INFO  http.request requestId=f5b01e68-3be5-437d-9992-0c7d67c08a9f role=api pod=gateway-78cb7fd75f-65qtr method=POST path=/api/transcriptions status=200 durationMs=505
[pod/gateway-78cb7fd75f-65qtr/gateway] 2026-10-05T23:52:10.466+00:00 INFO  http.request requestId=5cc53f48-0382-4758-bf62-07291947b0e0 role=api pod=gateway-78cb7fd75f-65qtr method=POST path=/api/transcriptions status=200 durationMs=612
[pod/gateway-78cb7fd75f-65qtr/gateway] 2026-10-05T23:52:10.479+00:00 INFO  http.request requestId=5fd5add5-5b9b-4dc4-9a61-e042e7f782ce role=api pod=gateway-78cb7fd75f-65qtr method=POST path=/api/transcriptions status=200 durationMs=475
[pod/gateway-78cb7fd75f-65qtr/gateway] 2026-10-05T23:52:10.497+00:00 INFO  http.request requestId=1ded9c13-60e1-48d7-801a-f62417a08b37 role=api pod=gateway-78cb7fd75f-65qtr method=POST path=/api/translations status=200 durationMs=394
[pod/gateway-78cb7fd75f-65qtr/gateway] 2026-10-05T23:52:10.562+00:00 INFO  http.request requestId=24f27dab-006b-4809-b071-8df2bbf2bba5 role=api pod=gateway-78cb7fd75f-65qtr method=POST path=/api/translations status=200 durationMs=229
[pod/gateway-78cb7fd75f-65qtr/gateway] 2026-10-05T23:52:10.563+00:00 INFO  http.request requestId=526b17e5-b53a-4a18-95d7-d3a68bbb40a3 role=api pod=gateway-78cb7fd75f-65qtr method=POST path=/api/translations status=200 durationMs=381
[pod/gateway-78cb7fd75f-65qtr/gateway] 2026-10-05T23:52:10.576+00:00 INFO  http.request requestId=4b360626-ece6-4d6f-a523-863dcb837a9d role=api pod=gateway-78cb7fd75f-65qtr method=POST path=/api/transcriptions status=200 durationMs=407
[pod/gateway-78cb7fd75f-65qtr/gateway] 2026-10-05T23:52:10.585+00:00 INFO  http.request requestId=d156b76a-3858-4e1d-966d-ccfb141a4391 role=api pod=gateway-78cb7fd75f-65qtr method=POST path=/api/transcriptions status=200 durationMs=701
[pod/gateway-78cb7fd75f-65qtr/gateway] 2026-10-05T23:52:10.588+00:00 INFO  http.request requestId=d7ac7fd7-5e2a-4409-b12d-27cf8a560553 role=api pod=gateway-78cb7fd75f-65qtr method=POST path=/api/transcriptions status=200 durationMs=762
[pod/gateway-78cb7fd75f-65qtr/gateway] 2026-10-05T23:52:10.590+00:00 INFO  http.request requestId=104c9e2a-9a83-4ab0-9b8b-b26822ad60e5 role=api pod=gateway-78cb7fd75f-65qtr method=POST path=/api/translations status=200 durationMs=290
[pod/gateway-78cb7fd75f-65qtr/gateway] 2026-10-05T23:52:10.600+00:00 INFO  http.request requestId=1c2aef62-54b6-446b-af1d-68d401274364 role=api pod=gateway-78cb7fd75f-65qtr method=POST path=/api/transcriptions status=200 durationMs=671
[pod/gateway-78cb7fd75f-65qtr/gateway] 2026-10-05T23:52:10.613+00:00 INFO  http.request requestId=209851ab-c182-4e39-b937-8c71833f546e role=api pod=gateway-78cb7fd75f-65qtr method=POST path=/api/transcriptions status=200 durationMs=548
[pod/gateway-78cb7fd75f-65qtr/gateway] 2026-10-05T23:52:10.683+00:00 INFO  http.request requestId=bceb9deb-1620-4c39-98b7-94d396331204 role=api pod=gateway-78cb7fd75f-65qtr method=POST path=/api/transcriptions status=200 durationMs=766
[pod/gateway-78cb7fd75f-65qtr/gateway] 2026-10-05T23:52:10.696+00:00 INFO  http.request requestId=8d4d251f-b9c9-4fde-872f-04b1c864aa43 role=api pod=gateway-78cb7fd75f-65qtr method=POST path=/api/translations status=200 durationMs=376
[pod/gateway-78cb7fd75f-65qtr/gateway] 2026-10-05T23:52:10.709+00:00 INFO  http.request requestId=63737cc9-9d06-42cd-93e0-cdc6c884abee role=api pod=gateway-78cb7fd75f-65qtr method=POST path=/api/translations status=200 durationMs=360
[pod/gateway-78cb7fd75f-65qtr/gateway] 2026-10-05T23:52:10.713+00:00 INFO  http.request requestId=e1e1d6ad-f93c-4a1c-94d7-bdc1da558e29 role=api pod=gateway-78cb7fd75f-65qtr method=POST path=/api/translations status=200 durationMs=246
[pod/gateway-78cb7fd75f-65qtr/gateway] 2026-10-05T23:52:10.713+00:00 INFO  http.request requestId=df41828d-70c4-47b5-b3e2-6b802cd8088b role=api pod=gateway-78cb7fd75f-65qtr method=POST path=/api/transcriptions status=200 durationMs=12004
[pod/gateway-78cb7fd75f-65qtr/gateway] 2026-10-05T23:52:10.732+00:00 INFO  http.request requestId=e256e79c-27a4-46a1-9ddb-07a4e01fc8f0 role=api pod=gateway-78cb7fd75f-65qtr method=POST path=/api/transcriptions status=200 durationMs=577
[pod/gateway-78cb7fd75f-65qtr/gateway] 2026-10-05T23:52:10.736+00:00 INFO  http.request requestId=d75d4528-c782-4173-9d22-fec6513b6e31 role=api pod=gateway-78cb7fd75f-65qtr method=POST path=/api/transcriptions status=200 durationMs=642
[pod/gateway-78cb7fd75f-65qtr/gateway] 2026-10-05T23:52:10.745+00:00 INFO  http.request requestId=5faff107-174c-4ca2-bef5-d98739196e9c role=api pod=gateway-78cb7fd75f-65qtr method=POST path=/api/translations status=200 durationMs=353
[pod/gateway-78cb7fd75f-65qtr/gateway] 2026-10-05T23:52:10.784+00:00 INFO  http.request requestId=235acc0c-8e34-4812-ba3b-51915ae86ac3 role=api pod=gateway-78cb7fd75f-65qtr method=POST path=/api/translations status=200 durationMs=317
[pod/gateway-78cb7fd75f-65qtr/gateway] 2026-10-05T23:52:10.784+00:00 INFO  http.request requestId=41acb3ba-941d-40b7-98cc-8b2b37dcd8ca role=api pod=gateway-78cb7fd75f-65qtr method=POST path=/api/translations status=200 durationMs=207
[pod/gateway-78cb7fd75f-65qtr/gateway] 2026-10-05T23:52:10.785+00:00 INFO  http.request requestId=a6e482db-986b-4ce6-986b-dbcb823a84f9 role=api pod=gateway-78cb7fd75f-65qtr method=POST path=/api/translations status=200 durationMs=318
[pod/gateway-78cb7fd75f-65qtr/gateway] 2026-10-05T23:52:10.792+00:00 INFO  http.request requestId=1e7062fc-f40d-47cf-9417-ebad1ef6767f role=api pod=gateway-78cb7fd75f-65qtr method=POST path=/api/transcriptions status=200 durationMs=683
[pod/gateway-78cb7fd75f-65qtr/gateway] 2026-10-05T23:52:10.808+00:00 INFO  http.request requestId=ace62394-65f4-4ba6-a6fc-51933f45d208 role=api pod=gateway-78cb7fd75f-65qtr method=POST path=/api/translations status=200 durationMs=240
[pod/gateway-78cb7fd75f-65qtr/gateway] 2026-10-05T23:52:10.808+00:00 INFO  http.request requestId=491d3fe2-af84-4eb1-a0a8-9840e2cb8c15 role=api pod=gateway-78cb7fd75f-65qtr method=POST path=/api/translations status=200 durationMs=361
[pod/gateway-78cb7fd75f-65qtr/gateway] 2026-10-05T23:52:10.816+00:00 INFO  http.request requestId=58eb9e97-79a3-4ff8-9770-c20718fb8339 role=api pod=gateway-78cb7fd75f-65qtr method=POST path=/api/transcriptions status=200 durationMs=601
[pod/gateway-78cb7fd75f-65qtr/gateway] 2026-10-05T23:52:10.830+00:00 INFO  http.request requestId=58635fbe-ade0-4e9b-9f97-0ae181f4f999 role=api pod=gateway-78cb7fd75f-65qtr method=POST path=/api/translations status=200 durationMs=390
[pod/gateway-78cb7fd75f-65qtr/gateway] 2026-10-05T23:52:10.845+00:00 INFO  http.request requestId=124ccfc4-2a01-456c-83a4-322508e87de9 role=api pod=gateway-78cb7fd75f-65qtr method=POST path=/api/transcriptions status=200 durationMs=586
[pod/gateway-78cb7fd75f-65qtr/gateway] 2026-10-05T23:52:10.847+00:00 INFO  http.request requestId=6d70814d-95b7-43fd-9b81-f73b947eb922 role=api pod=gateway-78cb7fd75f-65qtr method=POST path=/api/translations status=200 durationMs=389
[pod/gateway-78cb7fd75f-65qtr/gateway] 2026-10-05T23:52:10.848+00:00 INFO  http.request requestId=4c29744d-a388-4457-99ef-dd70b18151a1 role=api pod=gateway-78cb7fd75f-65qtr method=POST path=/api/transcriptions status=200 durationMs=514
[pod/gateway-78cb7fd75f-65qtr/gateway] 2026-10-05T23:52:10.853+00:00 INFO  http.request requestId=027de98f-a6f2-4f2e-9b32-ef74926f3d19 role=api pod=gateway-78cb7fd75f-65qtr method=POST path=/api/translations status=200 durationMs=373
[pod/gateway-78cb7fd75f-65qtr/gateway] 2026-10-05T23:52:10.908+00:00 INFO  http.request requestId=73017e72-e4d7-4e89-ae02-d45d9c6f620f role=api pod=gateway-78cb7fd75f-65qtr method=POST path=/api/translations status=200 durationMs=323
[pod/gateway-78cb7fd75f-65qtr/gateway] 2026-10-05T23:52:10.942+00:00 INFO  http.request requestId=64b6b173-7941-450a-bfe5-985d5325ef22 role=api pod=gateway-78cb7fd75f-65qtr method=POST path=/api/transcriptions status=200 durationMs=592
[pod/gateway-78cb7fd75f-65qtr/gateway] 2026-10-05T23:52:10.947+00:00 INFO  http.request requestId=8ff30f49-689a-44bf-bc11-c906ce01bff2 role=api pod=gateway-78cb7fd75f-65qtr method=POST path=/api/translations status=200 durationMs=339
[pod/gateway-78cb7fd75f-65qtr/gateway] 2026-10-05T23:52:10.953+00:00 INFO  http.request requestId=f8407589-5384-4848-9410-51e8260d5965 role=api pod=gateway-78cb7fd75f-65qtr method=POST path=/api/translations status=200 durationMs=239
[pod/gateway-78cb7fd75f-65qtr/gateway] 2026-10-05T23:52:10.967+00:00 INFO  http.request requestId=29bfa961-603c-4c7f-befb-966495611229 role=api pod=gateway-78cb7fd75f-65qtr method=POST path=/api/translations status=200 durationMs=235
[pod/gateway-78cb7fd75f-65qtr/gateway] 2026-10-05T23:52:10.981+00:00 INFO  http.request requestId=7d524b56-548d-457d-b6a6-f1b3d13dd616 role=api pod=gateway-78cb7fd75f-65qtr method=POST path=/api/transcriptions status=200 durationMs=527
[pod/gateway-78cb7fd75f-65qtr/gateway] 2026-10-05T23:52:11.002+00:00 INFO  http.request requestId=636f420f-8aa1-4629-bfbe-5a8add52afef role=api pod=gateway-78cb7fd75f-65qtr method=POST path=/api/translations status=200 durationMs=298
[pod/gateway-78cb7fd75f-65qtr/gateway] 2026-10-05T23:52:11.024+00:00 INFO  http.request requestId=ecbe4b53-b54e-4625-a8f8-ae2c90adfa70 role=api pod=gateway-78cb7fd75f-65qtr method=POST path=/api/transcriptions status=200 durationMs=629
[pod/gateway-78cb7fd75f-65qtr/gateway] 2026-10-05T23:52:11.024+00:00 INFO  http.request requestId=c96701b3-e9b8-45f6-87b3-35ff5a374752 role=api pod=gateway-78cb7fd75f-65qtr method=POST path=/api/translations status=200 durationMs=393
[pod/gateway-78cb7fd75f-65qtr/gateway] 2026-10-05T23:52:11.041+00:00 INFO  http.request requestId=1503349e-c5c7-4fcd-b573-78adeb38f36b role=api pod=gateway-78cb7fd75f-65qtr method=POST path=/api/transcriptions status=200 durationMs=737
[pod/gateway-78cb7fd75f-65qtr/gateway] 2026-10-05T23:52:11.078+00:00 INFO  http.request requestId=eb8e7301-5295-45a7-9c85-b010478ac7da role=api pod=gateway-78cb7fd75f-65qtr method=POST path=/api/transcriptions status=200 durationMs=458
[pod/gateway-78cb7fd75f-65qtr/gateway] 2026-10-05T23:52:11.079+00:00 INFO  http.request requestId=182efbb2-fc36-4dfb-a689-147b3070d551 role=api pod=gateway-78cb7fd75f-65qtr method=POST path=/api/transcriptions status=200 durationMs=667
[pod/gateway-78cb7fd75f-65qtr/gateway] 2026-10-05T23:52:11.079+00:00 INFO  http.request requestId=f329a655-1f93-499e-8001-507fdc908657 role=api pod=gateway-78cb7fd75f-65qtr method=POST path=/api/translations status=200 durationMs=286
[pod/gateway-78cb7fd75f-65qtr/gateway] 2026-10-05T23:52:11.093+00:00 INFO  http.request requestId=c09909e6-a31b-4649-b2f9-4a89e88f1632 role=api pod=gateway-78cb7fd75f-65qtr method=POST path=/api/transcriptions status=200 durationMs=489
[pod/gateway-78cb7fd75f-65qtr/gateway] 2026-10-05T23:52:11.100+00:00 INFO  http.request requestId=e5f53e48-e11c-43f6-b20f-a1ff516e09d0 role=api pod=gateway-78cb7fd75f-65qtr method=POST path=/api/translations status=200 durationMs=365
[pod/gateway-78cb7fd75f-65qtr/gateway] 2026-10-05T23:52:11.104+00:00 INFO  http.request requestId=3639cee9-9e15-4b73-9253-94462d430a50 role=api pod=gateway-78cb7fd75f-65qtr method=POST path=/api/translations status=200 durationMs=255
[pod/gateway-78cb7fd75f-65qtr/gateway] 2026-10-05T23:52:11.109+00:00 INFO  http.request requestId=57500f86-92dd-4b70-a953-8d2388aa7a30 role=api pod=gateway-78cb7fd75f-65qtr method=POST path=/api/translations status=200 durationMs=314
[pod/gateway-78cb7fd75f-65qtr/gateway] 2026-10-05T23:52:11.200+00:00 INFO  http.request requestId=548d5401-c0e0-4167-80b9-298ee524f9a9 role=api pod=gateway-78cb7fd75f-65qtr method=POST path=/api/transcriptions status=200 durationMs=716
[pod/gateway-78cb7fd75f-65qtr/gateway] 2026-10-05T23:52:11.211+00:00 INFO  http.request requestId=3329e855-4653-4c2a-bd94-f2ccf622ebec role=api pod=gateway-78cb7fd75f-65qtr method=POST path=/api/translations status=200 durationMs=308
[pod/gateway-78cb7fd75f-65qtr/gateway] 2026-10-05T23:52:11.215+00:00 INFO  http.request requestId=ee895db5-5b04-423f-ab16-f070eb582517 role=api pod=gateway-78cb7fd75f-65qtr method=POST path=/api/translations status=200 durationMs=368
[pod/gateway-78cb7fd75f-65qtr/gateway] 2026-10-05T23:52:11.230+00:00 INFO  http.request requestId=359a41de-0e58-4a59-b26c-1c46b8ba128b role=api pod=gateway-78cb7fd75f-65qtr method=POST path=/api/translations status=200 durationMs=248
[pod/gateway-78cb7fd75f-65qtr/gateway] 2026-10-05T23:52:11.230+00:00 INFO  http.request requestId=bb3a0a72-a937-48c5-bb2f-49bdcb3c7b32 role=api pod=gateway-78cb7fd75f-65qtr method=POST path=/api/transcriptions status=200 durationMs=535
[pod/gateway-78cb7fd75f-65qtr/gateway] 2026-10-05T23:52:11.237+00:00 INFO  http.request requestId=94878749-34c7-4c06-af84-f12e268554ec role=api pod=gateway-78cb7fd75f-65qtr method=POST path=/api/transcriptions status=200 durationMs=647
[pod/gateway-78cb7fd75f-65qtr/gateway] 2026-10-05T23:52:11.247+00:00 INFO  http.request requestId=1ecc0315-cb1b-4f46-92fb-46187d1cb3aa role=api pod=gateway-78cb7fd75f-65qtr method=POST path=/api/translations status=200 durationMs=388
[pod/gateway-78cb7fd75f-65qtr/gateway] 2026-10-05T23:52:11.255+00:00 INFO  http.request requestId=c2e5e142-4503-4124-8cda-562ad26eee81 role=api pod=gateway-78cb7fd75f-65qtr method=POST path=/api/transcriptions status=200 durationMs=605
[pod/gateway-78cb7fd75f-65qtr/gateway] 2026-10-05T23:52:11.276+00:00 INFO  http.request requestId=cbf9085a-bbd3-4a1c-9af0-1ece2b5f1c76 role=api pod=gateway-78cb7fd75f-65qtr method=POST path=/api/translations status=200 durationMs=333
[pod/gateway-78cb7fd75f-65qtr/gateway] 2026-10-05T23:52:11.283+00:00 INFO  http.request requestId=8f1935f7-babb-447a-ac7a-bcc307cf25e1 role=api pod=gateway-78cb7fd75f-65qtr method=POST path=/api/translations status=200 durationMs=242
[pod/gateway-78cb7fd75f-65qtr/gateway] 2026-10-05T23:52:11.293+00:00 INFO  http.request requestId=f8d9d998-b048-424a-9dda-0a7367d38933 role=api pod=gateway-78cb7fd75f-65qtr method=POST path=/api/translations status=200 durationMs=269
[pod/gateway-78cb7fd75f-65qtr/gateway] 2026-10-05T23:52:11.297+00:00 INFO  http.request requestId=df3064b9-8285-4636-b99c-d5d09ea4f052 role=api pod=gateway-78cb7fd75f-65qtr method=POST path=/api/translations status=200 durationMs=218
[pod/gateway-78cb7fd75f-65qtr/gateway] 2026-10-05T23:52:11.304+00:00 INFO  http.request requestId=ace7a596-fa91-487f-92de-fa156f7aa802 role=api pod=gateway-78cb7fd75f-65qtr method=POST path=/api/transcriptions status=200 durationMs=489
[pod/gateway-78cb7fd75f-65qtr/gateway] 2026-10-05T23:52:11.316+00:00 INFO  http.request requestId=89d55da7-0684-4113-8bc9-772dd05e9659 role=api pod=gateway-78cb7fd75f-65qtr method=POST path=/api/translations status=200 durationMs=390
[pod/gateway-78cb7fd75f-65qtr/gateway] 2026-10-05T23:52:11.320+00:00 INFO  http.request requestId=3cde72aa-46f4-427c-b80a-a15490297127 role=api pod=gateway-78cb7fd75f-65qtr method=POST path=/api/transcriptions status=200 durationMs=549
[pod/gateway-78cb7fd75f-65qtr/gateway] 2026-10-05T23:52:11.358+00:00 INFO  http.request requestId=6ff4d24d-d042-4826-92c6-c5bb915f5768 role=api pod=gateway-78cb7fd75f-65qtr method=POST path=/api/transcriptions status=200 durationMs=528
[pod/gateway-78cb7fd75f-65qtr/gateway] 2026-10-05T23:52:11.359+00:00 INFO  http.request requestId=86fd3d52-9633-4127-ae48-3c95986bbf0b role=api pod=gateway-78cb7fd75f-65qtr method=POST path=/api/translations status=200 durationMs=266
[pod/gateway-78cb7fd75f-65qtr/gateway] 2026-10-05T23:52:11.395+00:00 INFO  http.request requestId=22d14563-c021-49bc-a91c-6d70c9d0cefd role=api pod=gateway-78cb7fd75f-65qtr method=POST path=/api/transcriptions status=200 durationMs=656
[pod/gateway-78cb7fd75f-65qtr/gateway] 2026-10-05T23:52:11.446+00:00 INFO  http.request requestId=c21c33cb-8639-472f-9907-38524fa67020 role=api pod=gateway-78cb7fd75f-65qtr method=POST path=/api/translations status=200 durationMs=348
[pod/gateway-78cb7fd75f-65qtr/gateway] 2026-10-05T23:52:11.449+00:00 INFO  http.request requestId=474f7010-93be-4b01-9bc4-aa639b927167 role=api pod=gateway-78cb7fd75f-65qtr method=POST path=/api/translations status=200 durationMs=403
[pod/gateway-78cb7fd75f-65qtr/gateway] 2026-10-05T23:52:11.451+00:00 INFO  http.request requestId=bff6de6d-605c-43f4-b6c3-f956d9610dad role=api pod=gateway-78cb7fd75f-65qtr method=POST path=/api/translations status=200 durationMs=3007
[pod/gateway-78cb7fd75f-65qtr/gateway] 2026-10-05T23:52:11.460+00:00 INFO  http.request requestId=1bfb9664-7e72-44f2-a1ab-cdaa21161302 role=api pod=gateway-78cb7fd75f-65qtr method=POST path=/api/transcriptions status=200 durationMs=435
[pod/gateway-78cb7fd75f-65qtr/gateway] 2026-10-05T23:52:11.475+00:00 INFO  http.request requestId=0c7da01c-e6af-4565-a249-4cbdd4861798 role=api pod=gateway-78cb7fd75f-65qtr method=POST path=/api/translations status=200 durationMs=229
[pod/gateway-78cb7fd75f-65qtr/gateway] 2026-10-05T23:52:11.477+00:00 INFO  http.request requestId=eb5af5a8-506c-465e-ba37-3c45d789241e role=api pod=gateway-78cb7fd75f-65qtr method=POST path=/api/translations status=200 durationMs=283
[pod/gateway-78cb7fd75f-65qtr/gateway] 2026-10-05T23:52:11.481+00:00 INFO  http.request requestId=d70b031a-8dd8-4528-9f6a-0483ce4e3f90 role=api pod=gateway-78cb7fd75f-65qtr method=POST path=/api/translations status=200 durationMs=249
[pod/gateway-78cb7fd75f-65qtr/gateway] 2026-10-05T23:52:11.523+00:00 INFO  http.request requestId=45243baa-6aef-4bb2-9f23-2c1e57967884 role=api pod=gateway-78cb7fd75f-65qtr method=POST path=/api/translations status=200 durationMs=310
[pod/gateway-78cb7fd75f-65qtr/gateway] 2026-10-05T23:52:11.545+00:00 INFO  http.request requestId=c4855f37-018e-4053-8345-40b4ad1a855c role=api pod=gateway-78cb7fd75f-65qtr method=POST path=/api/transcriptions status=200 durationMs=565
[pod/gateway-78cb7fd75f-65qtr/gateway] 2026-10-05T23:52:11.550+00:00 INFO  http.request requestId=8b737a83-77d3-4998-8280-eb7ac99f14f6 role=api pod=gateway-78cb7fd75f-65qtr method=POST path=/api/transcriptions status=200 durationMs=675
[pod/gateway-78cb7fd75f-65qtr/gateway] 2026-10-05T23:52:11.573+00:00 INFO  http.request requestId=ea65c4b9-f6b9-49d2-985c-a3cf50d155f0 role=api pod=gateway-78cb7fd75f-65qtr method=POST path=/api/transcriptions status=200 durationMs=429
[pod/gateway-78cb7fd75f-65qtr/gateway] 2026-10-05T23:52:11.586+00:00 INFO  http.request requestId=92604feb-c18e-4465-8953-491274a3272c role=api pod=gateway-78cb7fd75f-65qtr method=POST path=/api/translations status=200 durationMs=224
[pod/gateway-78cb7fd75f-65qtr/gateway] 2026-10-05T23:52:11.594+00:00 INFO  http.request requestId=c75de36c-14ed-4057-97d4-5b4aea581992 role=api pod=gateway-78cb7fd75f-65qtr method=POST path=/api/translations status=200 durationMs=290
[pod/gateway-78cb7fd75f-65qtr/gateway] 2026-10-05T23:52:11.597+00:00 INFO  http.request requestId=8dbd9d11-35fb-4756-867a-51e701e4a2df role=api pod=gateway-78cb7fd75f-65qtr method=POST path=/api/translations status=200 durationMs=366
[pod/gateway-78cb7fd75f-65qtr/gateway] 2026-10-05T23:52:11.602+00:00 INFO  http.request requestId=387099a6-00e6-44b0-9f7e-83c48186f5fd role=api pod=gateway-78cb7fd75f-65qtr method=POST path=/api/translations status=200 durationMs=367
[pod/gateway-78cb7fd75f-65qtr/gateway] 2026-10-05T23:52:11.604+00:00 INFO  http.request requestId=99b8a046-a1f5-45f0-a6aa-cc6ce8646cc5 role=api pod=gateway-78cb7fd75f-65qtr method=POST path=/api/transcriptions status=200 durationMs=609
[pod/gateway-78cb7fd75f-65qtr/gateway] 2026-10-05T23:52:11.632+00:00 INFO  http.request requestId=f2fbde2c-a911-4a8b-bcd6-411fe0e402ab role=api pod=gateway-78cb7fd75f-65qtr method=POST path=/api/transcriptions status=200 durationMs=683
[pod/gateway-78cb7fd75f-65qtr/gateway] 2026-10-05T23:52:11.663+00:00 INFO  http.request requestId=2f349d33-0c58-419c-94c8-bfb6deea1f94 role=api pod=gateway-78cb7fd75f-65qtr method=POST path=/api/transcriptions status=200 durationMs=548
[pod/gateway-78cb7fd75f-65qtr/gateway] 2026-10-05T23:52:11.683+00:00 INFO  http.request requestId=a6d46a93-ffda-452e-b50f-8dc29e036c05 role=api pod=gateway-78cb7fd75f-65qtr method=POST path=/api/translations status=200 durationMs=352
[pod/gateway-78cb7fd75f-65qtr/gateway] 2026-10-05T23:52:11.690+00:00 INFO  http.request requestId=1ec65560-d8ce-44df-afcc-84e51cdf293a role=api pod=gateway-78cb7fd75f-65qtr method=POST path=/api/translations status=200 durationMs=230
[pod/gateway-78cb7fd75f-65qtr/gateway] 2026-10-05T23:52:11.697+00:00 INFO  http.request requestId=a918b829-c487-4407-a2cc-a4f5617e1ea5 role=api pod=gateway-78cb7fd75f-65qtr method=POST path=/api/transcriptions status=200 durationMs=492
[pod/gateway-78cb7fd75f-65qtr/gateway] 2026-10-05T23:52:11.702+00:00 INFO  http.request requestId=0f27b66b-b76b-4c90-85a7-22c287a1db0e role=api pod=gateway-78cb7fd75f-65qtr method=POST path=/api/transcriptions status=200 durationMs=783
[pod/gateway-78cb7fd75f-65qtr/gateway] 2026-10-05T23:52:11.724+00:00 INFO  http.request requestId=78194657-28f8-44fc-b44f-bc1a9ec25f72 role=api pod=gateway-78cb7fd75f-65qtr method=POST path=/api/transcriptions status=200 durationMs=759
[pod/gateway-78cb7fd75f-65qtr/gateway] 2026-10-05T23:52:11.778+00:00 INFO  http.request requestId=bf8b3fc8-d886-45bb-97ac-cb6c97e61e07 role=api pod=gateway-78cb7fd75f-65qtr method=POST path=/api/transcriptions status=200 durationMs=528
[pod/gateway-78cb7fd75f-65qtr/gateway] 2026-10-05T23:52:11.805+00:00 INFO  http.request requestId=28c59a52-9827-45ce-a56b-76ff60178eab role=api pod=gateway-78cb7fd75f-65qtr method=POST path=/api/transcriptions status=200 durationMs=675
[pod/gateway-78cb7fd75f-65qtr/gateway] 2026-10-05T23:52:11.808+00:00 INFO  http.request requestId=7aa2cc87-00dd-4da7-9618-90a98de913af role=api pod=gateway-78cb7fd75f-65qtr method=POST path=/api/translations status=200 durationMs=229
[pod/gateway-78cb7fd75f-65qtr/gateway] 2026-10-05T23:52:11.808+00:00 INFO  http.request requestId=54e499d3-ae0b-4a24-9365-b614990f56bc role=api pod=gateway-78cb7fd75f-65qtr method=POST path=/api/translations status=200 durationMs=326
[pod/gateway-78cb7fd75f-65qtr/gateway] 2026-10-05T23:52:11.815+00:00 INFO  http.request requestId=7c610355-42d3-4a91-8b8e-cedd29a47c7b role=api pod=gateway-78cb7fd75f-65qtr method=POST path=/api/translations status=200 durationMs=227
[pod/gateway-78cb7fd75f-65qtr/gateway] 2026-10-05T23:52:11.841+00:00 INFO  http.request requestId=721d32db-1198-4cfc-820c-0d18127884e1 role=api pod=gateway-78cb7fd75f-65qtr method=POST path=/api/translations status=200 durationMs=291
[pod/gateway-78cb7fd75f-65qtr/gateway] 2026-10-05T23:52:11.855+00:00 INFO  http.request requestId=5d7f6331-890a-4b82-82e9-dab08a968363 role=api pod=gateway-78cb7fd75f-65qtr method=POST path=/api/transcriptions status=200 durationMs=501
[pod/gateway-78cb7fd75f-65qtr/gateway] 2026-10-05T23:52:11.858+00:00 INFO  http.request requestId=4df563c5-8a57-471f-8b42-8287eeaac2a8 role=api pod=gateway-78cb7fd75f-65qtr method=POST path=/api/transcriptions status=200 durationMs=459
[pod/gateway-78cb7fd75f-65qtr/gateway] 2026-10-05T23:52:11.910+00:00 INFO  http.request requestId=39e0c5e0-40ee-47d1-b318-5526bf4ab844 role=api pod=gateway-78cb7fd75f-65qtr method=POST path=/api/translations status=200 durationMs=351
[pod/gateway-78cb7fd75f-65qtr/gateway] 2026-10-05T23:52:11.917+00:00 INFO  http.request requestId=597bbb49-7704-4127-bb2a-f23f654377b8 role=api pod=gateway-78cb7fd75f-65qtr method=POST path=/api/transcriptions status=200 durationMs=637
[pod/gateway-78cb7fd75f-65qtr/gateway] 2026-10-05T23:52:11.918+00:00 INFO  http.request requestId=32fc483e-4017-4482-b9de-c0a1cf75a02a role=api pod=gateway-78cb7fd75f-65qtr method=POST path=/api/transcriptions status=200 durationMs=608
[pod/gateway-78cb7fd75f-65qtr/gateway] 2026-10-05T23:52:11.928+00:00 INFO  http.request requestId=46788c52-a0e5-4d82-8559-2175929c646e role=api pod=gateway-78cb7fd75f-65qtr method=POST path=/api/translations status=200 durationMs=231
[pod/gateway-78cb7fd75f-65qtr/gateway] 2026-10-05T23:52:11.937+00:00 INFO  http.request requestId=d4c25060-a03b-4665-b984-419226ea6f84 role=api pod=gateway-78cb7fd75f-65qtr method=POST path=/api/transcriptions status=200 durationMs=612
[pod/gateway-78cb7fd75f-65qtr/gateway] 2026-10-05T23:52:11.949+00:00 INFO  http.request requestId=c6be8c5a-be40-48bc-a847-d17d6851f1ae role=api pod=gateway-78cb7fd75f-65qtr method=POST path=/api/translations status=200 durationMs=344
[pod/gateway-78cb7fd75f-65qtr/gateway] 2026-10-05T23:52:11.951+00:00 INFO  http.request requestId=f592f55c-3d85-44c0-b07c-9cf7617ebfab role=api pod=gateway-78cb7fd75f-65qtr method=POST path=/api/translations status=200 durationMs=346
[pod/gateway-78cb7fd75f-65qtr/gateway] 2026-10-05T23:52:11.991+00:00 INFO  http.request requestId=7a28c388-3ad7-462b-9b5a-d8378fd05ea5 role=api pod=gateway-78cb7fd75f-65qtr method=POST path=/api/translations status=200 durationMs=357
[pod/gateway-78cb7fd75f-65qtr/gateway] 2026-10-05T23:52:11.997+00:00 INFO  http.request requestId=c23e241b-66d4-4ea5-9d26-3204a44a993b role=api pod=gateway-78cb7fd75f-65qtr method=POST path=/api/transcriptions status=200 durationMs=733
[pod/gateway-78cb7fd75f-65qtr/gateway] 2026-10-05T23:52:12.015+00:00 INFO  http.request requestId=5fb9a712-84cd-49ae-8ed1-824afb7d28cb role=api pod=gateway-78cb7fd75f-65qtr method=POST path=/api/translations status=200 durationMs=328
[pod/gateway-78cb7fd75f-65qtr/gateway] 2026-10-05T23:52:12.053+00:00 INFO  http.request requestId=4f765ebe-c138-4119-8553-8c5d2c3792d7 role=api pod=gateway-78cb7fd75f-65qtr method=POST path=/api/transcriptions status=200 durationMs=563
[pod/gateway-78cb7fd75f-65qtr/gateway] 2026-10-05T23:52:12.090+00:00 INFO  http.request requestId=1ee6df4f-fd9e-4bd7-8513-cd9a0593486f role=api pod=gateway-78cb7fd75f-65qtr method=POST path=/api/transcriptions status=200 durationMs=405
[pod/gateway-78cb7fd75f-65qtr/gateway] 2026-10-05T23:52:12.091+00:00 INFO  http.request requestId=5714940f-f78d-4c66-acff-473777fe4f84 role=api pod=gateway-78cb7fd75f-65qtr method=POST path=/api/transcriptions status=200 durationMs=795
[pod/gateway-78cb7fd75f-65qtr/gateway] 2026-10-05T23:52:12.140+00:00 INFO  http.request requestId=28d51ce4-74fc-4c60-bb3f-91b577ad82a0 role=api pod=gateway-78cb7fd75f-65qtr method=POST path=/api/translations status=200 durationMs=351
[pod/gateway-78cb7fd75f-65qtr/gateway] 2026-10-05T23:52:12.140+00:00 INFO  http.request requestId=a89746b0-72f3-4ad4-be61-1f6ad8a1ca54 role=api pod=gateway-78cb7fd75f-65qtr method=POST path=/api/transcriptions status=200 durationMs=410
[pod/gateway-78cb7fd75f-65qtr/gateway] 2026-10-05T23:52:12.141+00:00 INFO  http.request requestId=4e923425-9677-462a-8a14-f3a88a70bc43 role=api pod=gateway-78cb7fd75f-65qtr method=POST path=/api/translations status=200 durationMs=224
[pod/gateway-78cb7fd75f-65qtr/gateway] 2026-10-05T23:52:12.158+00:00 INFO  http.request requestId=6fb4bc69-1236-4c26-bd18-27653cc0d0aa role=api pod=gateway-78cb7fd75f-65qtr method=POST path=/api/translations status=200 durationMs=325
[pod/gateway-78cb7fd75f-65qtr/gateway] 2026-10-05T23:52:12.161+00:00 INFO  http.request requestId=0d74f84e-df09-499f-af45-29d01c231dd8 role=api pod=gateway-78cb7fd75f-65qtr method=POST path=/api/transcriptions status=200 durationMs=702
[pod/gateway-78cb7fd75f-65qtr/gateway] 2026-10-05T23:52:12.164+00:00 INFO  http.request requestId=db704fcf-d655-4178-9bd8-966103283041 role=api pod=gateway-78cb7fd75f-65qtr method=POST path=/api/translations status=200 durationMs=308
[pod/gateway-78cb7fd75f-65qtr/gateway] 2026-10-05T23:52:12.165+00:00 INFO  http.request requestId=b0eed4c2-7dba-41ae-8ceb-54fa6cb9aac7 role=api pod=gateway-78cb7fd75f-65qtr method=POST path=/api/transcriptions status=200 durationMs=796
[pod/gateway-78cb7fd75f-65qtr/gateway] 2026-10-05T23:52:12.211+00:00 INFO  http.request requestId=5803bde7-1416-42a6-8a51-e19bb3c3049e role=api pod=gateway-78cb7fd75f-65qtr method=POST path=/api/transcriptions status=200 durationMs=495
[pod/gateway-78cb7fd75f-65qtr/gateway] 2026-10-05T23:52:12.215+00:00 INFO  http.request requestId=c6dc4c7a-342c-4f56-9870-6bdc86d18b78 role=api pod=gateway-78cb7fd75f-65qtr method=POST path=/api/translations status=200 durationMs=357
[pod/gateway-78cb7fd75f-65qtr/gateway] 2026-10-05T23:52:12.244+00:00 INFO  http.request requestId=9c267d35-16fb-4627-b4bc-f9160fb9ae3c role=api pod=gateway-78cb7fd75f-65qtr method=POST path=/api/translations status=200 durationMs=246
[pod/gateway-78cb7fd75f-65qtr/gateway] 2026-10-05T23:52:12.251+00:00 INFO  http.request requestId=a326dfb2-f7f6-4f9f-a79e-95f51e2ba587 role=api pod=gateway-78cb7fd75f-65qtr method=POST path=/api/translations status=200 durationMs=333
[pod/gateway-78cb7fd75f-65qtr/gateway] 2026-10-05T23:52:12.262+00:00 INFO  http.request requestId=ac16ebd5-f9a9-46a6-92fa-ad801ae6467e role=api pod=gateway-78cb7fd75f-65qtr method=POST path=/api/transcriptions status=200 durationMs=593
[pod/gateway-78cb7fd75f-65qtr/gateway] 2026-10-05T23:52:12.269+00:00 INFO  http.request requestId=f29cbb9b-7ee3-4c39-bd04-99e02dedc855 role=api pod=gateway-78cb7fd75f-65qtr method=POST path=/api/translations status=200 durationMs=222
[pod/gateway-78cb7fd75f-65qtr/gateway] 2026-10-05T23:52:12.274+00:00 INFO  http.request requestId=6bbe379a-a915-48d9-95ee-45464f0824d1 role=api pod=gateway-78cb7fd75f-65qtr method=POST path=/api/transcriptions status=200 durationMs=724
[pod/gateway-78cb7fd75f-65qtr/gateway] 2026-10-05T23:52:12.293+00:00 INFO  http.request requestId=8e350035-c0c9-4039-b1b5-a38aaf3b6155 role=api pod=gateway-78cb7fd75f-65qtr method=POST path=/api/transcriptions status=200 durationMs=428
[pod/gateway-78cb7fd75f-65qtr/gateway] 2026-10-05T23:52:12.293+00:00 INFO  http.request requestId=d75f7f2d-789e-47ae-b833-5e0cb0c90548 role=api pod=gateway-78cb7fd75f-65qtr method=POST path=/api/transcriptions status=200 durationMs=459
[pod/gateway-78cb7fd75f-65qtr/gateway] 2026-10-05T23:52:12.306+00:00 INFO  http.request requestId=a012ab81-3a07-415f-ba8b-392eb5536aae role=api pod=gateway-78cb7fd75f-65qtr method=POST path=/api/transcriptions status=200 durationMs=487
[pod/gateway-78cb7fd75f-65qtr/gateway] 2026-10-05T23:52:12.318+00:00 INFO  http.request requestId=3eff1efe-38dd-4373-b816-afad4123c5b9 role=api pod=gateway-78cb7fd75f-65qtr method=POST path=/api/translations status=200 durationMs=209
[pod/gateway-78cb7fd75f-65qtr/gateway] 2026-10-05T23:52:12.330+00:00 INFO  http.request requestId=4a202327-5305-4d92-bc3e-d8182fccfcba role=api pod=gateway-78cb7fd75f-65qtr method=POST path=/api/translations status=200 durationMs=392
[pod/gateway-78cb7fd75f-65qtr/gateway] 2026-10-05T23:52:12.341+00:00 INFO  http.request requestId=61871c11-f448-4e90-a833-dbd795b67db4 role=api pod=gateway-78cb7fd75f-65qtr method=POST path=/api/transcriptions status=200 durationMs=762
[pod/gateway-78cb7fd75f-65qtr/gateway] 2026-10-05T23:52:12.355+00:00 INFO  http.request requestId=1768d207-f818-42ce-8636-234e59ac2040 role=api pod=gateway-78cb7fd75f-65qtr method=POST path=/api/transcriptions status=200 durationMs=506
[pod/gateway-78cb7fd75f-65qtr/gateway] 2026-10-05T23:52:12.376+00:00 INFO  http.request requestId=21a6e57a-7259-448d-b3ae-c4581c2acca7 role=api pod=gateway-78cb7fd75f-65qtr method=POST path=/api/transcriptions status=200 durationMs=436
[pod/gateway-78cb7fd75f-65qtr/gateway] 2026-10-05T23:52:12.414+00:00 INFO  http.request requestId=f776815c-907d-4abd-907c-e2b356914332 role=api pod=gateway-78cb7fd75f-65qtr method=POST path=/api/translations status=200 durationMs=354
[pod/gateway-78cb7fd75f-65qtr/gateway] 2026-10-05T23:52:12.437+00:00 INFO  http.request requestId=c59979e5-7d34-4ac9-8726-2dc93d4bd85b role=api pod=gateway-78cb7fd75f-65qtr method=POST path=/api/transcriptions status=200 durationMs=797
[pod/gateway-78cb7fd75f-65qtr/gateway] 2026-10-05T23:52:12.441+00:00 INFO  http.request requestId=ae5559fc-1fd0-46ee-8502-6a22ed0dce97 role=api pod=gateway-78cb7fd75f-65qtr method=POST path=/api/translations status=200 durationMs=229
[pod/gateway-78cb7fd75f-65qtr/gateway] 2026-10-05T23:52:12.448+00:00 INFO  http.request requestId=6598c38c-8815-4c6b-b3a2-bde494865c64 role=api pod=gateway-78cb7fd75f-65qtr method=POST path=/api/translations status=200 durationMs=287
[pod/gateway-78cb7fd75f-65qtr/gateway] 2026-10-05T23:52:12.449+00:00 INFO  http.request requestId=e36ae4cb-b5e9-4cd2-bd36-e66d3429fe26 role=api pod=gateway-78cb7fd75f-65qtr method=POST path=/api/translations status=200 durationMs=396
[pod/gateway-78cb7fd75f-65qtr/gateway] 2026-10-05T23:52:12.455+00:00 INFO  http.request requestId=27b326df-5467-4921-8b8b-7979b7efe3d3 role=api pod=gateway-78cb7fd75f-65qtr method=POST path=/api/translations status=200 durationMs=224
[pod/gateway-78cb7fd75f-65qtr/gateway] 2026-10-05T23:52:12.478+00:00 INFO  http.request requestId=6b1865a1-c73f-466e-b1b8-e021eeb312c4 role=api pod=gateway-78cb7fd75f-65qtr method=POST path=/api/transcriptions status=200 durationMs=778
[pod/gateway-78cb7fd75f-65qtr/gateway] 2026-10-05T23:52:12.504+00:00 INFO  http.request requestId=710d4012-2568-4181-92b8-c5d9e4df2e0d role=api pod=gateway-78cb7fd75f-65qtr method=POST path=/api/translations status=200 durationMs=282
[pod/gateway-78cb7fd75f-65qtr/gateway] 2026-10-05T23:52:12.510+00:00 INFO  http.request requestId=f62b8a1b-0123-4bc1-a0ac-ac7eebd313cd role=api pod=gateway-78cb7fd75f-65qtr method=POST path=/api/translations status=200 durationMs=344
[pod/gateway-78cb7fd75f-65qtr/gateway] 2026-10-05T23:52:12.513+00:00 INFO  http.request requestId=162a5e78-c91c-447e-9108-e6d2ee0e483a role=api pod=gateway-78cb7fd75f-65qtr method=POST path=/api/translations status=200 durationMs=250
[pod/gateway-78cb7fd75f-65qtr/gateway] 2026-10-05T23:52:12.516+00:00 INFO  http.request requestId=7ce3b4d9-a826-44ba-bdd6-d54fab2abbdc role=api pod=gateway-78cb7fd75f-65qtr method=POST path=/api/transcriptions status=200 durationMs=561
[pod/gateway-78cb7fd75f-65qtr/gateway] 2026-10-05T23:52:12.538+00:00 INFO  http.request requestId=6597fe94-d693-40c9-9113-1001a9a136f0 role=api pod=gateway-78cb7fd75f-65qtr method=POST path=/api/translations status=200 durationMs=231
[pod/gateway-78cb7fd75f-65qtr/gateway] 2026-10-05T23:52:12.538+00:00 INFO  http.request requestId=f476c77e-6318-44f8-b371-d8566b7184f2 role=api pod=gateway-78cb7fd75f-65qtr method=POST path=/api/transcriptions status=200 durationMs=612
[pod/gateway-78cb7fd75f-65qtr/gateway] 2026-10-05T23:52:12.616+00:00 INFO  http.request requestId=c6d1d8cd-3377-4657-bf4f-090c1cc9c787 role=api pod=gateway-78cb7fd75f-65qtr method=POST path=/api/transcriptions status=200 durationMs=421
[pod/gateway-78cb7fd75f-65qtr/gateway] 2026-10-05T23:52:12.619+00:00 INFO  http.request requestId=52b46c8e-e3f0-4f11-a7ee-fea458ca5520 role=api pod=gateway-78cb7fd75f-65qtr method=POST path=/api/translations status=200 durationMs=345
[pod/gateway-78cb7fd75f-65qtr/gateway] 2026-10-05T23:52:12.639+00:00 INFO  http.request requestId=2d7b40ec-75f6-4d18-b7a7-87fea73653f0 role=api pod=gateway-78cb7fd75f-65qtr method=POST path=/api/transcriptions status=200 durationMs=489
[pod/gateway-78cb7fd75f-65qtr/gateway] 2026-10-05T23:52:12.646+00:00 INFO  http.request requestId=a531d587-68a1-4a7e-bc79-18baf1820523 role=api pod=gateway-78cb7fd75f-65qtr method=POST path=/api/transcriptions status=200 durationMs=512
[pod/gateway-78cb7fd75f-65qtr/gateway] 2026-10-05T23:52:12.651+00:00 INFO  http.request requestId=14fc1a2e-0768-4416-a4f4-876244ac3c06 role=api pod=gateway-78cb7fd75f-65qtr method=POST path=/api/transcriptions status=200 durationMs=667
[pod/gateway-78cb7fd75f-65qtr/gateway] 2026-10-05T23:52:12.684+00:00 INFO  http.request requestId=9d2d3465-3d2f-4c8f-812a-2ed850e1857b role=api pod=gateway-78cb7fd75f-65qtr method=POST path=/api/translations status=200 durationMs=391
[pod/gateway-78cb7fd75f-65qtr/gateway] 2026-10-05T23:52:12.715+00:00 INFO  http.request requestId=74fd80a9-9e24-4c0e-8d9e-dd2373a3a0f9 role=api pod=gateway-78cb7fd75f-65qtr method=POST path=/api/transcriptions status=200 durationMs=610
[pod/gateway-78cb7fd75f-65qtr/gateway] 2026-10-05T23:52:12.722+00:00 INFO  http.request requestId=f18de49b-0bea-465c-864e-9133f74965c5 role=api pod=gateway-78cb7fd75f-65qtr method=POST path=/api/translations status=200 durationMs=391
[pod/gateway-78cb7fd75f-65qtr/gateway] 2026-10-05T23:52:12.742+00:00 INFO  http.request requestId=8a61639c-3cc0-40ec-89ce-4f3a5e55bc7d role=api pod=gateway-78cb7fd75f-65qtr method=POST path=/api/translations status=200 durationMs=226
[pod/gateway-78cb7fd75f-65qtr/gateway] 2026-10-05T23:52:12.748+00:00 INFO  http.request requestId=c6d3a3f6-a448-48ad-a44a-f426a6e784ac role=api pod=gateway-78cb7fd75f-65qtr method=POST path=/api/translations status=200 durationMs=221
[pod/gateway-78cb7fd75f-65qtr/gateway] 2026-10-05T23:52:12.755+00:00 INFO  http.request requestId=0ab1937d-9a0e-4f9d-bb3d-04cea276d3d8 role=api pod=gateway-78cb7fd75f-65qtr method=POST path=/api/transcriptions status=200 durationMs=590
[pod/gateway-78cb7fd75f-65qtr/gateway] 2026-10-05T23:52:12.775+00:00 INFO  http.request requestId=fd8cbd9a-7589-41c1-8b60-a96382f12e04 role=api pod=gateway-78cb7fd75f-65qtr method=POST path=/api/translations status=200 durationMs=335
[pod/gateway-78cb7fd75f-65qtr/gateway] 2026-10-05T23:52:12.776+00:00 INFO  http.request requestId=26fb2223-6d27-4109-a8c6-42fdf7f9a764 role=api pod=gateway-78cb7fd75f-65qtr method=POST path=/api/transcriptions status=200 durationMs=507
[pod/gateway-78cb7fd75f-65qtr/gateway] 2026-10-05T23:52:12.777+00:00 INFO  http.request requestId=d204fd8e-622b-44b1-9948-2e12a7d58855 role=api pod=gateway-78cb7fd75f-65qtr method=POST path=/api/translations status=200 durationMs=298
[pod/gateway-78cb7fd75f-65qtr/gateway] 2026-10-05T23:52:12.784+00:00 INFO  http.request requestId=88de8d1a-ae69-4995-bdbb-985326859cbc role=api pod=gateway-78cb7fd75f-65qtr method=POST path=/api/translations status=200 durationMs=397
[pod/gateway-78cb7fd75f-65qtr/gateway] 2026-10-05T23:52:12.817+00:00 INFO  http.request requestId=62038ae0-2e65-47cf-acdd-d574425e041c role=api pod=gateway-78cb7fd75f-65qtr method=POST path=/api/transcriptions status=200 durationMs=518
[pod/gateway-78cb7fd75f-65qtr/gateway] 2026-10-05T23:52:12.863+00:00 INFO  http.request requestId=f761f114-0a41-4d51-a219-9f0ae97e2758 role=api pod=gateway-78cb7fd75f-65qtr method=POST path=/api/translations status=200 durationMs=364
[pod/gateway-78cb7fd75f-65qtr/gateway] 2026-10-05T23:52:12.889+00:00 INFO  http.request requestId=a67ed333-dde9-47cc-ae46-14608d0741d8 role=api pod=gateway-78cb7fd75f-65qtr method=POST path=/api/transcriptions status=200 durationMs=530
[pod/gateway-78cb7fd75f-65qtr/gateway] 2026-10-05T23:52:12.909+00:00 INFO  http.request requestId=7d3625e8-1508-4cc3-9025-6e8684063aa1 role=api pod=gateway-78cb7fd75f-65qtr method=POST path=/api/transcriptions status=200 durationMs=566
[pod/gateway-78cb7fd75f-65qtr/gateway] 2026-10-05T23:52:12.922+00:00 INFO  http.request requestId=8c6162d3-5637-433c-a9bd-d8b42335e7ad role=api pod=gateway-78cb7fd75f-65qtr method=POST path=/api/transcriptions status=200 durationMs=412
[pod/gateway-78cb7fd75f-65qtr/gateway] 2026-10-05T23:52:12.933+00:00 INFO  http.request requestId=4fd9adca-7479-4e8b-a2ca-c9a29a11f5db role=api pod=gateway-78cb7fd75f-65qtr method=POST path=/api/translations status=200 durationMs=287
[pod/gateway-78cb7fd75f-65qtr/gateway] 2026-10-05T23:52:12.948+00:00 INFO  http.request requestId=3188078f-0a8c-4bbc-9ac3-f2a662fd3bec role=api pod=gateway-78cb7fd75f-65qtr method=POST path=/api/transcriptions status=200 durationMs=767
[pod/gateway-78cb7fd75f-65qtr/gateway] 2026-10-05T23:52:12.966+00:00 INFO  http.request requestId=d26c559d-6839-40ee-a770-df606cf31291 role=api pod=gateway-78cb7fd75f-65qtr method=POST path=/api/translations status=200 durationMs=3003
[pod/gateway-78cb7fd75f-65qtr/gateway] 2026-10-05T23:52:12.972+00:00 INFO  http.request requestId=bbf02342-484d-4196-99d9-734063d0668b role=api pod=gateway-78cb7fd75f-65qtr method=POST path=/api/transcriptions status=200 durationMs=477
[pod/gateway-78cb7fd75f-65qtr/gateway] 2026-10-05T23:52:12.976+00:00 INFO  http.request requestId=d266a62c-f298-492d-980c-86a494bed9be role=api pod=gateway-78cb7fd75f-65qtr method=POST path=/api/translations status=200 durationMs=394
[pod/gateway-78cb7fd75f-65qtr/gateway] 2026-10-05T23:52:13.016+00:00 INFO  http.request requestId=7e7e278b-b0a9-4df5-9f43-630dd9fdaf4e role=api pod=gateway-78cb7fd75f-65qtr method=POST path=/api/translations status=200 durationMs=290
[pod/gateway-78cb7fd75f-65qtr/gateway] 2026-10-05T23:52:13.019+00:00 INFO  http.request requestId=e76fdf3d-cb60-4aae-b448-f0c311f0b42c role=api pod=gateway-78cb7fd75f-65qtr method=POST path=/api/transcriptions status=200 durationMs=704
[pod/gateway-78cb7fd75f-65qtr/gateway] 2026-10-05T23:52:13.025+00:00 INFO  http.request requestId=3e4cb65d-49ec-4db8-897f-a1f9df7c7306 role=api pod=gateway-78cb7fd75f-65qtr method=POST path=/api/transcriptions status=200 durationMs=771
[pod/gateway-78cb7fd75f-65qtr/gateway] 2026-10-05T23:52:13.034+00:00 INFO  http.request requestId=046791be-1871-42c1-a288-a82b2d8f492b role=api pod=gateway-78cb7fd75f-65qtr method=POST path=/api/transcriptions status=200 durationMs=494
[pod/gateway-78cb7fd75f-65qtr/gateway] 2026-10-05T23:52:13.092+00:00 INFO  http.request requestId=fde96524-5c3f-42d9-83a4-284c21dfd01e role=api pod=gateway-78cb7fd75f-65qtr method=POST path=/api/translations status=200 durationMs=236
[pod/gateway-78cb7fd75f-65qtr/gateway] 2026-10-05T23:52:13.098+00:00 INFO  http.request requestId=a44b4160-f684-47aa-981c-0201c59f4562 role=api pod=gateway-78cb7fd75f-65qtr method=POST path=/api/transcriptions status=200 durationMs=649
[pod/gateway-78cb7fd75f-65qtr/gateway] 2026-10-05T23:52:13.100+00:00 INFO  http.request requestId=893e754f-53f5-4004-b971-cf8ebfbca029 role=api pod=gateway-78cb7fd75f-65qtr method=POST path=/api/translations status=200 durationMs=205
[pod/gateway-78cb7fd75f-65qtr/gateway] 2026-10-05T23:52:13.100+00:00 INFO  http.request requestId=afb849a8-f99f-4009-9192-27bd28f7ca0f role=api pod=gateway-78cb7fd75f-65qtr method=POST path=/api/transcriptions status=200 durationMs=575
[pod/gateway-78cb7fd75f-65qtr/gateway] 2026-10-05T23:52:13.109+00:00 INFO  http.request requestId=db35a5a1-344a-41aa-b930-c32c566be0ea role=api pod=gateway-78cb7fd75f-65qtr method=POST path=/api/transcriptions status=200 durationMs=690
[pod/gateway-78cb7fd75f-65qtr/gateway] 2026-10-05T23:52:13.112+00:00 INFO  http.request requestId=750ebc85-bfda-4ff0-9b0b-dee32f9bfdd4 role=api pod=gateway-78cb7fd75f-65qtr method=POST path=/api/translations status=200 durationMs=350
[pod/gateway-78cb7fd75f-65qtr/gateway] 2026-10-05T23:52:13.117+00:00 INFO  http.request requestId=ab46c8be-0676-42cf-8e20-13ad01873d5a role=api pod=gateway-78cb7fd75f-65qtr method=POST path=/api/translations status=200 durationMs=362
[pod/gateway-78cb7fd75f-65qtr/gateway] 2026-10-05T23:52:13.127+00:00 INFO  http.request requestId=7957726b-79e6-4c4d-a9cf-65507cf1d731 role=api pod=gateway-78cb7fd75f-65qtr method=POST path=/api/transcriptions status=200 durationMs=647
[pod/gateway-78cb7fd75f-65qtr/gateway] 2026-10-05T23:52:13.150+00:00 INFO  http.request requestId=1af4a69e-485f-4d4a-a9c5-e84f47d22fec role=api pod=gateway-78cb7fd75f-65qtr method=POST path=/api/transcriptions status=200 durationMs=775
[pod/gateway-78cb7fd75f-65qtr/gateway] 2026-10-05T23:52:13.182+00:00 INFO  http.request requestId=04e3e149-543d-4fc6-b405-ceec6b79fc59 role=api pod=gateway-78cb7fd75f-65qtr method=POST path=/api/transcriptions status=200 durationMs=523
[pod/gateway-78cb7fd75f-65qtr/gateway] 2026-10-05T23:52:13.195+00:00 INFO  http.request requestId=be15b785-077b-4f9e-8334-fee9e4e1732b role=api pod=gateway-78cb7fd75f-65qtr method=POST path=/api/translations status=200 durationMs=316
[pod/gateway-78cb7fd75f-65qtr/gateway] 2026-10-05T23:52:13.204+00:00 INFO  http.request requestId=7de2e0f8-ae03-41ac-827f-67aa9461de62 role=api pod=gateway-78cb7fd75f-65qtr method=POST path=/api/translations status=200 durationMs=385
[pod/gateway-78cb7fd75f-65qtr/gateway] 2026-10-05T23:52:13.209+00:00 INFO  http.request requestId=9b30e49e-aab0-4350-a33a-94f0cbaf6237 role=api pod=gateway-78cb7fd75f-65qtr method=POST path=/api/transcriptions status=200 durationMs=429
[pod/gateway-78cb7fd75f-65qtr/gateway] 2026-10-05T23:52:13.212+00:00 INFO  http.request requestId=4fc488a5-7ed2-46ca-b25f-3e7d5d262223 role=api pod=gateway-78cb7fd75f-65qtr method=POST path=/api/transcriptions status=200 durationMs=492
[pod/gateway-78cb7fd75f-65qtr/gateway] 2026-10-05T23:52:13.215+00:00 INFO  http.request requestId=82a26791-0a77-4393-b9a1-7ca88d9f5e8b role=api pod=gateway-78cb7fd75f-65qtr method=POST path=/api/translations status=200 durationMs=398
[pod/gateway-78cb7fd75f-65qtr/gateway] 2026-10-05T23:52:13.224+00:00 INFO  http.request requestId=2e4f66d3-50ed-4cdb-b866-7bfbde8af3da role=api pod=gateway-78cb7fd75f-65qtr method=POST path=/api/translations status=200 durationMs=205
[pod/gateway-78cb7fd75f-65qtr/gateway] 2026-10-05T23:52:13.232+00:00 INFO  http.request requestId=7d2dfa83-f5db-47b7-a638-e7dccdb5098c role=api pod=gateway-78cb7fd75f-65qtr method=POST path=/api/transcriptions status=200 durationMs=588
[pod/gateway-78cb7fd75f-65qtr/gateway] 2026-10-05T23:52:13.258+00:00 INFO  http.request requestId=6720e9d1-70de-429e-a8d1-e0bc06680634 role=api pod=gateway-78cb7fd75f-65qtr method=POST path=/api/translations status=200 durationMs=232
[pod/gateway-78cb7fd75f-65qtr/gateway] 2026-10-05T23:52:13.297+00:00 INFO  http.request requestId=9c0fccba-fba3-4156-8df9-b32b2d1a301b role=api pod=gateway-78cb7fd75f-65qtr method=POST path=/api/translations status=200 durationMs=324
[pod/gateway-78cb7fd75f-65qtr/gateway] 2026-10-05T23:52:13.308+00:00 INFO  http.request requestId=34a50346-2cae-43df-be3b-f4db63ff5f46 role=api pod=gateway-78cb7fd75f-65qtr method=POST path=/api/translations status=200 durationMs=274
[pod/gateway-78cb7fd75f-65qtr/gateway] 2026-10-05T23:52:13.354+00:00 INFO  http.request requestId=f769ed90-f2e7-4d3b-9875-854431515bc0 role=api pod=gateway-78cb7fd75f-65qtr method=POST path=/api/translations status=200 durationMs=381
[pod/gateway-78cb7fd75f-65qtr/gateway] 2026-10-05T23:52:13.362+00:00 INFO  http.request requestId=d73d931e-364e-46e2-b7c0-c1c2c4a79e65 role=api pod=gateway-78cb7fd75f-65qtr method=POST path=/api/translations status=200 durationMs=252
[pod/gateway-78cb7fd75f-65qtr/gateway] 2026-10-05T23:52:13.370+00:00 INFO  http.request requestId=4adca29e-171d-4b94-b5fb-84b005154202 role=api pod=gateway-78cb7fd75f-65qtr method=POST path=/api/transcriptions status=200 durationMs=530
[pod/gateway-78cb7fd75f-65qtr/gateway] 2026-10-05T23:52:13.394+00:00 INFO  http.request requestId=207fa240-bb90-4a82-87f1-5f6bf593fea9 role=api pod=gateway-78cb7fd75f-65qtr method=POST path=/api/transcriptions status=200 durationMs=690
[pod/gateway-78cb7fd75f-65qtr/gateway] 2026-10-05T23:52:13.401+00:00 INFO  http.request requestId=3f528f43-929f-47a1-b76d-248e9d103f1a role=api pod=gateway-78cb7fd75f-65qtr method=POST path=/api/translations status=200 durationMs=219
[pod/gateway-78cb7fd75f-65qtr/gateway] 2026-10-05T23:52:13.421+00:00 INFO  http.request requestId=9975da1e-65e5-4ba1-98da-35aaba86caba role=api pod=gateway-78cb7fd75f-65qtr method=POST path=/api/transcriptions status=200 durationMs=672
[pod/gateway-78cb7fd75f-65qtr/gateway] 2026-10-05T23:52:13.429+00:00 INFO  http.request requestId=4fabd9a1-39f4-40e1-bbd7-3a5616e40ed3 role=api pod=gateway-78cb7fd75f-65qtr method=POST path=/api/transcriptions status=200 durationMs=800
[pod/gateway-78cb7fd75f-65qtr/gateway] 2026-10-05T23:52:13.469+00:00 INFO  http.request requestId=be97e127-0774-405b-aaf4-d4dea472b913 role=api pod=gateway-78cb7fd75f-65qtr method=POST path=/api/translations status=200 durationMs=269
[pod/gateway-78cb7fd75f-65qtr/gateway] 2026-10-05T23:52:13.481+00:00 INFO  http.request requestId=3902feda-6e1a-4e25-a718-fde08aa83aae role=api pod=gateway-78cb7fd75f-65qtr method=POST path=/api/translations status=200 durationMs=381
[pod/gateway-78cb7fd75f-65qtr/gateway] 2026-10-05T23:52:13.505+00:00 INFO  http.request requestId=b87ddacf-9281-4bd6-9d96-58ade40dbfbb role=api pod=gateway-78cb7fd75f-65qtr method=POST path=/api/translations status=200 durationMs=377
[pod/gateway-78cb7fd75f-65qtr/gateway] 2026-10-05T23:52:13.505+00:00 INFO  http.request requestId=0c4d0ee0-a00e-4562-99f7-f8f2ca13ce8d role=api pod=gateway-78cb7fd75f-65qtr method=POST path=/api/translations status=200 durationMs=256
[pod/gateway-78cb7fd75f-65qtr/gateway] 2026-10-05T23:52:13.524+00:00 INFO  http.request requestId=b23eb6df-8080-4e27-8d93-7150bbeea013 role=api pod=gateway-78cb7fd75f-65qtr method=POST path=/api/transcriptions status=200 durationMs=609
[pod/gateway-78cb7fd75f-65qtr/gateway] 2026-10-05T23:52:13.535+00:00 INFO  http.request requestId=cfdcb089-1ee4-4790-8792-69321ac1e8fb role=api pod=gateway-78cb7fd75f-65qtr method=POST path=/api/translations status=200 durationMs=385
[pod/gateway-78cb7fd75f-65qtr/gateway] 2026-10-05T23:52:13.537+00:00 INFO  http.request requestId=b95450bb-6b01-4318-b1f9-a077e59998cc role=api pod=gateway-78cb7fd75f-65qtr method=POST path=/api/translations status=200 durationMs=304
[pod/gateway-78cb7fd75f-65qtr/gateway] 2026-10-05T23:52:13.567+00:00 INFO  http.request requestId=34d9561c-386b-43c9-a792-91df7479fe52 role=api pod=gateway-78cb7fd75f-65qtr method=POST path=/api/translations status=200 durationMs=205
[pod/gateway-78cb7fd75f-65qtr/gateway] 2026-10-05T23:52:13.643+00:00 INFO  http.request requestId=4289bafd-326f-422d-aaa5-6e68e537e6d4 role=api pod=gateway-78cb7fd75f-65qtr method=POST path=/api/translations status=200 durationMs=232
[pod/gateway-78cb7fd75f-65qtr/gateway] 2026-10-05T23:52:13.669+00:00 INFO  http.request requestId=13fe01d6-fca9-4a2e-932b-e9be884ac6e7 role=api pod=gateway-78cb7fd75f-65qtr method=POST path=/api/transcriptions status=200 durationMs=650
[pod/gateway-78cb7fd75f-65qtr/gateway] 2026-10-05T23:52:13.669+00:00 INFO  http.request requestId=76ad70c8-524d-4612-b5be-7b58a61aa938 role=api pod=gateway-78cb7fd75f-65qtr method=POST path=/api/transcriptions status=200 durationMs=740
[pod/gateway-78cb7fd75f-65qtr/gateway] 2026-10-05T23:52:13.705+00:00 INFO  http.request requestId=80e37407-d652-4f3d-84f8-cfaa16733f8f role=api pod=gateway-78cb7fd75f-65qtr method=POST path=/api/transcriptions status=200 durationMs=715
[pod/gateway-78cb7fd75f-65qtr/gateway] 2026-10-05T23:52:13.705+00:00 INFO  http.request requestId=96b01303-dbff-4b5d-9247-9baa3017591c role=api pod=gateway-78cb7fd75f-65qtr method=POST path=/api/transcriptions status=200 durationMs=700
[pod/gateway-78cb7fd75f-65qtr/gateway] 2026-10-05T23:52:13.723+00:00 INFO  http.request requestId=c11a242e-ccb5-47b9-bc49-3d6c887fb313 role=api pod=gateway-78cb7fd75f-65qtr method=POST path=/api/translations status=200 durationMs=295
[pod/gateway-78cb7fd75f-65qtr/gateway] 2026-10-05T23:52:13.755+00:00 INFO  http.request requestId=31533904-0273-424b-82a5-a053764aee6f role=api pod=gateway-78cb7fd75f-65qtr method=POST path=/api/translations status=200 durationMs=360
[pod/gateway-78cb7fd75f-65qtr/gateway] 2026-10-05T23:52:13.772+00:00 INFO  http.request requestId=f70640c6-a209-46a2-b03e-15cf1f065588 role=api pod=gateway-78cb7fd75f-65qtr method=POST path=/api/transcriptions status=200 durationMs=738
[pod/gateway-78cb7fd75f-65qtr/gateway] 2026-10-05T23:52:13.794+00:00 INFO  http.request requestId=0a016cb9-d0d3-456c-86de-499423e22215 role=api pod=gateway-78cb7fd75f-65qtr method=POST path=/api/translations status=200 durationMs=260
[pod/gateway-78cb7fd75f-65qtr/gateway] 2026-10-05T23:52:13.810+00:00 INFO  http.request requestId=2629fc12-f769-42f6-9d82-fb9e9570f598 role=api pod=gateway-78cb7fd75f-65qtr method=POST path=/api/translations status=200 durationMs=322
[pod/gateway-78cb7fd75f-65qtr/gateway] 2026-10-05T23:52:13.864+00:00 INFO  http.request requestId=6351bff1-40c6-412f-9f1e-562e0cfa55b2 role=api pod=gateway-78cb7fd75f-65qtr method=POST path=/api/translations status=200 durationMs=285
[pod/gateway-78cb7fd75f-65qtr/gateway] 2026-10-05T23:52:13.887+00:00 INFO  http.request requestId=201c143b-7e91-4cea-890a-c2e4ef0fc6a2 role=api pod=gateway-78cb7fd75f-65qtr method=POST path=/api/translations status=200 durationMs=217
[pod/gateway-78cb7fd75f-65qtr/gateway] 2026-10-05T23:52:13.887+00:00 INFO  http.request requestId=bf388803-a8b0-4547-a6d8-856bc08412cf role=api pod=gateway-78cb7fd75f-65qtr method=POST path=/api/translations status=200 durationMs=235
[pod/gateway-78cb7fd75f-65qtr/gateway] 2026-10-05T23:52:13.903+00:00 INFO  http.request requestId=d6340ccf-1f35-4e8b-9617-628ff02140b9 role=api pod=gateway-78cb7fd75f-65qtr method=POST path=/api/translations status=200 durationMs=379
[pod/gateway-78cb7fd75f-65qtr/gateway] 2026-10-05T23:52:13.989+00:00 INFO  http.request requestId=1a840737-1ac7-430a-8551-e0c9fb0bd672 role=api pod=gateway-78cb7fd75f-65qtr method=POST path=/api/translations status=200 durationMs=320
[pod/gateway-78cb7fd75f-65qtr/gateway] 2026-10-05T23:52:14.044+00:00 INFO  http.request requestId=7c180db4-3de8-410d-b2f1-467ad6022b0f role=api pod=gateway-78cb7fd75f-65qtr method=POST path=/api/translations status=200 durationMs=368
[pod/gateway-78cb7fd75f-65qtr/gateway] 2026-10-05T23:52:14.466+00:00 INFO  http.request requestId=e6cd57ae-245a-4b6d-9f51-e9249709ae22 role=api pod=gateway-78cb7fd75f-65qtr method=POST path=/api/translations status=200 durationMs=3005
[pod/gateway-78cb7fd75f-65qtr/gateway] 2026-10-05T23:52:15.586+00:00 INFO  http.request requestId=cf7f2740-584b-49bf-9f26-bd911a57d8e7 role=api pod=gateway-78cb7fd75f-65qtr method=POST path=/api/translations status=200 durationMs=369
[pod/gateway-78cb7fd75f-65qtr/gateway] 2026-10-05T23:52:16.716+00:00 INFO  http.request requestId=68d6f059-232f-40df-8b5e-ab383dc120ff role=api pod=gateway-78cb7fd75f-65qtr method=POST path=/api/transcriptions status=200 durationMs=12006
[pod/gateway-78cb7fd75f-65qtr/gateway] 2026-10-05T23:52:16.973+00:00 INFO  http.request requestId=25441d4d-5f7d-4a8c-9a9c-b214f0271cd0 role=api pod=gateway-78cb7fd75f-65qtr method=POST path=/api/translations status=200 durationMs=256
[pod/gateway-78cb7fd75f-65qtr/gateway] 2026-10-05T23:52:18.213+00:00 INFO  http.request requestId=95463367-8a04-400e-bbf7-e8b17bd6bade role=api pod=gateway-78cb7fd75f-65qtr method=POST path=/api/transcriptions status=200 durationMs=12004
[pod/gateway-78cb7fd75f-65qtr/gateway] 2026-10-05T23:52:18.425+00:00 INFO  http.request requestId=0e05e24b-8bf2-4d26-b7df-d1131f85fd8d role=api pod=gateway-78cb7fd75f-65qtr method=POST path=/api/translations status=200 durationMs=210
[pod/gateway-78cb7fd75f-65qtr/gateway] 2026-10-05T23:52:19.717+00:00 INFO  http.request requestId=7768040e-4533-48fc-8b5d-33b6d6222082 role=api pod=gateway-78cb7fd75f-65qtr method=POST path=/api/transcriptions status=200 durationMs=12008
[pod/gateway-78cb7fd75f-65qtr/gateway] 2026-10-05T23:52:19.968+00:00 INFO  http.request requestId=4a2586da-0b17-4c25-b6dc-4ed3e585da1c role=api pod=gateway-78cb7fd75f-65qtr method=POST path=/api/translations status=200 durationMs=249
[pod/gateway-78cb7fd75f-65qtr/gateway] 2026-10-05T23:52:21.004+00:00 INFO  http.request requestId=2cc2389a-f490-4064-9541-778f05897ee2 role=api pod=gateway-78cb7fd75f-65qtr method=GET path=/api/config status=200 durationMs=0
[pod/gateway-78cb7fd75f-65qtr/gateway] 2026-10-05T23:52:21.566+00:00 INFO  http.request requestId=da0404f7-9925-452f-b164-9cb897ac6b7e role=api pod=gateway-78cb7fd75f-65qtr method=POST path=/api/translations status=200 durationMs=345
[pod/gateway-78cb7fd75f-65qtr/gateway] 2026-10-05T23:52:22.941+00:00 INFO  http.request requestId=b53a580b-f75d-4860-b6ec-b7e4e13e2d53 role=api pod=gateway-78cb7fd75f-65qtr method=POST path=/api/translations status=200 durationMs=219
[pod/gateway-78cb7fd75f-65qtr/gateway] 2026-10-05T23:52:24.509+00:00 INFO  http.request requestId=27cc481a-139a-40de-8950-5fc010ad7e9f role=api pod=gateway-78cb7fd75f-65qtr method=POST path=/api/translations status=200 durationMs=286
[pod/gateway-78cb7fd75f-gnfxw/gateway] 2026-10-05T23:52:10.187+00:00 INFO  http.request requestId=cdc0c3e5-1bf1-416d-bba4-29c2c4e9132f role=api pod=gateway-78cb7fd75f-gnfxw method=POST path=/api/translations status=200 durationMs=372
[pod/gateway-78cb7fd75f-gnfxw/gateway] 2026-10-05T23:52:10.187+00:00 INFO  http.request requestId=681db26c-2ce8-4d22-8ffa-40b39356dde3 role=api pod=gateway-78cb7fd75f-gnfxw method=POST path=/api/transcriptions status=200 durationMs=752
[pod/gateway-78cb7fd75f-gnfxw/gateway] 2026-10-05T23:52:10.190+00:00 INFO  http.request requestId=5fb59f35-779e-47f3-a986-5524122aaa8d role=api pod=gateway-78cb7fd75f-gnfxw method=GET path=/api/data/sessions status=200 durationMs=1
[pod/gateway-78cb7fd75f-gnfxw/gateway] 2026-10-05T23:52:10.209+00:00 INFO  http.request requestId=40398d95-94ee-487f-be72-bfba5618a119 role=api pod=gateway-78cb7fd75f-gnfxw method=POST path=/api/translations status=200 durationMs=370
[pod/gateway-78cb7fd75f-gnfxw/gateway] 2026-10-05T23:52:10.217+00:00 INFO  http.request requestId=017d61e7-3317-4202-badd-d57426a97457 role=api pod=gateway-78cb7fd75f-gnfxw method=POST path=/api/translations status=200 durationMs=215
[pod/gateway-78cb7fd75f-gnfxw/gateway] 2026-10-05T23:52:10.228+00:00 INFO  http.request requestId=e8a8699a-4f4c-45ea-9eb9-5964fd902a7b role=api pod=gateway-78cb7fd75f-gnfxw method=POST path=/api/translations status=200 durationMs=381
[pod/gateway-78cb7fd75f-gnfxw/gateway] 2026-10-05T23:52:10.241+00:00 INFO  http.request requestId=431ae445-43cf-4066-80eb-d4ac8bbd1791 role=api pod=gateway-78cb7fd75f-gnfxw method=GET path=/api/data/sessions status=200 durationMs=1
[pod/gateway-78cb7fd75f-gnfxw/gateway] 2026-10-05T23:52:10.245+00:00 INFO  http.request requestId=19c2c871-316d-429c-974e-b89c0941da3a role=api pod=gateway-78cb7fd75f-gnfxw method=POST path=/api/transcriptions status=200 durationMs=615
[pod/gateway-78cb7fd75f-gnfxw/gateway] 2026-10-05T23:52:10.248+00:00 INFO  http.request requestId=41d7cbfd-d976-4ecc-a327-e16efdb82827 role=api pod=gateway-78cb7fd75f-gnfxw method=POST path=/api/translations status=200 durationMs=211
[pod/gateway-78cb7fd75f-gnfxw/gateway] 2026-10-05T23:52:10.258+00:00 INFO  http.request requestId=b1a0ab55-592f-4e3c-93c7-1ffdef4f4980 role=api pod=gateway-78cb7fd75f-gnfxw method=POST path=/api/translations status=200 durationMs=323
[pod/gateway-78cb7fd75f-gnfxw/gateway] 2026-10-05T23:52:10.288+00:00 INFO  http.request requestId=2134a084-192b-4560-a635-099f5cff7eeb role=api pod=gateway-78cb7fd75f-gnfxw method=POST path=/api/transcriptions status=200 durationMs=598
[pod/gateway-78cb7fd75f-gnfxw/gateway] 2026-10-05T23:52:10.291+00:00 INFO  http.request requestId=42da9c8b-2aff-4ab0-beaf-05601da96b74 role=api pod=gateway-78cb7fd75f-gnfxw method=GET path=/api/data/sessions status=200 durationMs=1
[pod/gateway-78cb7fd75f-gnfxw/gateway] 2026-10-05T23:52:10.299+00:00 INFO  http.request requestId=d8c2113c-1bd0-43f2-86be-54869cd3bd27 role=api pod=gateway-78cb7fd75f-gnfxw method=POST path=/api/transcriptions status=200 durationMs=774
[pod/gateway-78cb7fd75f-gnfxw/gateway] 2026-10-05T23:52:10.304+00:00 INFO  http.request requestId=301fc5f8-7a16-405b-b890-d8f9c7e9d8bd role=api pod=gateway-78cb7fd75f-gnfxw method=POST path=/api/translations status=200 durationMs=361
[pod/gateway-78cb7fd75f-gnfxw/gateway] 2026-10-05T23:52:10.329+00:00 INFO  http.request requestId=ed7f5b0b-5448-4ff9-8050-a84b93217c04 role=api pod=gateway-78cb7fd75f-gnfxw method=POST path=/api/translations status=200 durationMs=298
[pod/gateway-78cb7fd75f-gnfxw/gateway] 2026-10-05T23:52:10.332+00:00 INFO  http.request requestId=4d8d3883-eab8-4218-9cfd-48653263f5f5 role=api pod=gateway-78cb7fd75f-gnfxw method=POST path=/api/transcriptions status=200 durationMs=793
[pod/gateway-78cb7fd75f-gnfxw/gateway] 2026-10-05T23:52:10.341+00:00 INFO  http.request requestId=80a3350e-59e1-4b37-9871-96700bc17212 role=api pod=gateway-78cb7fd75f-gnfxw method=GET path=/api/data/sessions status=200 durationMs=1
[pod/gateway-78cb7fd75f-gnfxw/gateway] 2026-10-05T23:52:10.355+00:00 INFO  http.request requestId=79142661-d401-4bb7-a568-740bddd3d092 role=api pod=gateway-78cb7fd75f-gnfxw method=POST path=/api/translations status=200 durationMs=263
[pod/gateway-78cb7fd75f-gnfxw/gateway] 2026-10-05T23:52:10.368+00:00 INFO  http.request requestId=b4b9d95d-5bdc-4bc2-8d98-8e16cf7f18f4 role=api pod=gateway-78cb7fd75f-gnfxw method=POST path=/api/translations status=200 durationMs=280
[pod/gateway-78cb7fd75f-gnfxw/gateway] 2026-10-05T23:52:10.391+00:00 INFO  http.request requestId=afb0090e-42fc-4c40-8ea1-4ae41404bce9 role=api pod=gateway-78cb7fd75f-gnfxw method=GET path=/api/data/sessions status=200 durationMs=1
[pod/gateway-78cb7fd75f-gnfxw/gateway] 2026-10-05T23:52:10.418+00:00 INFO  http.request requestId=a2f2a905-2ef4-4ac2-a1ba-54bab01b5c2e role=api pod=gateway-78cb7fd75f-gnfxw method=POST path=/api/transcriptions status=200 durationMs=773
[pod/gateway-78cb7fd75f-gnfxw/gateway] 2026-10-05T23:52:10.441+00:00 INFO  http.request requestId=99811547-1216-493a-824d-1c9c8924b9a7 role=api pod=gateway-78cb7fd75f-gnfxw method=GET path=/api/data/sessions status=200 durationMs=1
[pod/gateway-78cb7fd75f-gnfxw/gateway] 2026-10-05T23:52:10.447+00:00 INFO  http.request requestId=c4bb5b0b-b4d4-4c60-8166-d98df1fd4696 role=api pod=gateway-78cb7fd75f-gnfxw method=POST path=/api/transcriptions status=200 durationMs=787
[pod/gateway-78cb7fd75f-gnfxw/gateway] 2026-10-05T23:52:10.452+00:00 INFO  http.request requestId=8b062343-1f01-4776-8e0a-7f04d8c6aebb role=api pod=gateway-78cb7fd75f-gnfxw method=POST path=/api/translations status=200 durationMs=206
[pod/gateway-78cb7fd75f-gnfxw/gateway] 2026-10-05T23:52:10.466+00:00 INFO  http.request requestId=aaa9f160-b0ce-42c8-979e-130ee01082ab role=api pod=gateway-78cb7fd75f-gnfxw method=POST path=/api/transcriptions status=200 durationMs=417
[pod/gateway-78cb7fd75f-gnfxw/gateway] 2026-10-05T23:52:10.491+00:00 INFO  http.request requestId=8210d5b8-aed8-4452-8e68-01ba270ba0b9 role=api pod=gateway-78cb7fd75f-gnfxw method=GET path=/api/data/sessions status=200 durationMs=1
[pod/gateway-78cb7fd75f-gnfxw/gateway] 2026-10-05T23:52:10.491+00:00 INFO  http.request requestId=24378bcf-ad34-4a36-814e-46f3f5e0a10b role=api pod=gateway-78cb7fd75f-gnfxw method=POST path=/api/translations status=200 durationMs=355
[pod/gateway-78cb7fd75f-gnfxw/gateway] 2026-10-05T23:52:10.491+00:00 INFO  http.request requestId=93445488-b963-4b2c-90c8-2162e109d42d role=api pod=gateway-78cb7fd75f-gnfxw method=POST path=/api/translations status=200 durationMs=327
[pod/gateway-78cb7fd75f-gnfxw/gateway] 2026-10-05T23:52:10.506+00:00 INFO  http.request requestId=5c7d4dc0-e53a-4607-8a91-6c5b3583b4e6 role=api pod=gateway-78cb7fd75f-gnfxw method=POST path=/api/translations status=200 durationMs=399
[pod/gateway-78cb7fd75f-gnfxw/gateway] 2026-10-05T23:52:10.528+00:00 INFO  http.request requestId=550800fd-ef09-47f0-aead-ea91b0c59cc2 role=api pod=gateway-78cb7fd75f-gnfxw method=POST path=/api/translations status=200 durationMs=380
[pod/gateway-78cb7fd75f-gnfxw/gateway] 2026-10-05T23:52:10.531+00:00 INFO  http.request requestId=90ae7bc6-b0dd-4ac3-9eff-de328c9f2e44 role=api pod=gateway-78cb7fd75f-gnfxw method=POST path=/api/translations status=200 durationMs=354
[pod/gateway-78cb7fd75f-gnfxw/gateway] 2026-10-05T23:52:10.541+00:00 INFO  http.request requestId=10d9a672-508c-4e46-a262-f82c2b5e9fb3 role=api pod=gateway-78cb7fd75f-gnfxw method=GET path=/api/data/sessions status=200 durationMs=0
[pod/gateway-78cb7fd75f-gnfxw/gateway] 2026-10-05T23:52:10.552+00:00 INFO  http.request requestId=57c92903-dc6a-41b2-b2f9-a8bc9837161f role=api pod=gateway-78cb7fd75f-gnfxw method=POST path=/api/translations status=200 durationMs=306
[pod/gateway-78cb7fd75f-gnfxw/gateway] 2026-10-05T23:52:10.557+00:00 INFO  http.request requestId=854ff4da-f272-4216-b45b-4c220827b8bd role=api pod=gateway-78cb7fd75f-gnfxw method=POST path=/api/transcriptions status=200 durationMs=658
[pod/gateway-78cb7fd75f-gnfxw/gateway] 2026-10-05T23:52:10.557+00:00 INFO  http.request requestId=cb2e49b5-e89d-47ef-b78a-cb8c98471d35 role=api pod=gateway-78cb7fd75f-gnfxw method=POST path=/api/translations status=200 durationMs=259
[pod/gateway-78cb7fd75f-gnfxw/gateway] 2026-10-05T23:52:10.558+00:00 INFO  http.request requestId=f88ce1c9-db1f-4b33-90c2-9241ec923a68 role=api pod=gateway-78cb7fd75f-gnfxw method=POST path=/api/translations status=200 durationMs=370
[pod/gateway-78cb7fd75f-gnfxw/gateway] 2026-10-05T23:52:10.567+00:00 INFO  http.request requestId=685d5c91-a7b5-47e7-ba3a-0c6773dbe977 role=api pod=gateway-78cb7fd75f-gnfxw method=POST path=/api/transcriptions status=200 durationMs=592
[pod/gateway-78cb7fd75f-gnfxw/gateway] 2026-10-05T23:52:10.584+00:00 INFO  http.request requestId=6fa93636-eeea-4f60-b4af-c53d55939fd9 role=api pod=gateway-78cb7fd75f-gnfxw method=POST path=/api/translations status=200 durationMs=275
[pod/gateway-78cb7fd75f-gnfxw/gateway] 2026-10-05T23:52:10.590+00:00 INFO  http.request requestId=1ee396a6-8e07-4d88-b366-63b3a74a52e8 role=api pod=gateway-78cb7fd75f-gnfxw method=GET path=/api/data/sessions status=200 durationMs=1
[pod/gateway-78cb7fd75f-gnfxw/gateway] 2026-10-05T23:52:10.598+00:00 INFO  http.request requestId=acfa500e-6762-4742-9f29-0a273b5b2398 role=api pod=gateway-78cb7fd75f-gnfxw method=POST path=/api/translations status=200 durationMs=310
[pod/gateway-78cb7fd75f-gnfxw/gateway] 2026-10-05T23:52:10.608+00:00 INFO  http.request requestId=564de9e3-66bc-4e15-9dc7-dee309aba1cb role=api pod=gateway-78cb7fd75f-gnfxw method=POST path=/api/transcriptions status=200 durationMs=483
[pod/gateway-78cb7fd75f-gnfxw/gateway] 2026-10-05T23:52:10.631+00:00 INFO  http.request requestId=8c462b4a-6b5a-4559-83f2-1f652e97d94b role=api pod=gateway-78cb7fd75f-gnfxw method=POST path=/api/transcriptions status=200 durationMs=431
[pod/gateway-78cb7fd75f-gnfxw/gateway] 2026-10-05T23:52:10.640+00:00 INFO  http.request requestId=4df48282-85c6-4a64-867d-ea79f10ebf70 role=api pod=gateway-78cb7fd75f-gnfxw method=GET path=/api/data/sessions status=200 durationMs=0
[pod/gateway-78cb7fd75f-gnfxw/gateway] 2026-10-05T23:52:10.690+00:00 INFO  http.request requestId=231bcfa7-56d0-4e65-85d1-3bbaa466b26e role=api pod=gateway-78cb7fd75f-gnfxw method=GET path=/api/data/sessions status=200 durationMs=1
[pod/gateway-78cb7fd75f-gnfxw/gateway] 2026-10-05T23:52:10.704+00:00 INFO  http.request requestId=147b4206-52b7-4985-a061-87c01cba695b role=api pod=gateway-78cb7fd75f-gnfxw method=POST path=/api/transcriptions status=200 durationMs=474
[pod/gateway-78cb7fd75f-gnfxw/gateway] 2026-10-05T23:52:10.704+00:00 INFO  http.request requestId=59b300ac-6c74-4fd5-9deb-5cd360c4a014 role=api pod=gateway-78cb7fd75f-gnfxw method=POST path=/api/translations status=200 durationMs=249
[pod/gateway-78cb7fd75f-gnfxw/gateway] 2026-10-05T23:52:10.707+00:00 INFO  http.request requestId=ba3a788b-5aa2-412b-a91a-a60c13ff6b28 role=api pod=gateway-78cb7fd75f-gnfxw method=POST path=/api/transcriptions status=200 durationMs=673
[pod/gateway-78cb7fd75f-gnfxw/gateway] 2026-10-05T23:52:10.734+00:00 INFO  http.request requestId=7aa6ba5e-78de-49b5-a847-b14c4b22e5fa role=api pod=gateway-78cb7fd75f-gnfxw method=POST path=/api/transcriptions status=200 durationMs=714
[pod/gateway-78cb7fd75f-gnfxw/gateway] 2026-10-05T23:52:10.741+00:00 INFO  http.request requestId=56719069-cdf0-42d5-9d75-1a1bf0a2b0e9 role=api pod=gateway-78cb7fd75f-gnfxw method=GET path=/api/data/sessions status=200 durationMs=1
[pod/gateway-78cb7fd75f-gnfxw/gateway] 2026-10-05T23:52:10.741+00:00 INFO  http.request requestId=aacb0ff3-78ba-479c-a8d0-044991f042be role=api pod=gateway-78cb7fd75f-gnfxw method=POST path=/api/translations status=200 durationMs=401
[pod/gateway-78cb7fd75f-gnfxw/gateway] 2026-10-05T23:52:10.745+00:00 INFO  http.request requestId=1f909326-822a-49cd-9e88-b271ad12a80d role=api pod=gateway-78cb7fd75f-gnfxw method=POST path=/api/transcriptions status=200 durationMs=756
[pod/gateway-78cb7fd75f-gnfxw/gateway] 2026-10-05T23:52:10.755+00:00 INFO  http.request requestId=7630b3f8-5bd6-4015-b93b-c8d9ab2148e0 role=api pod=gateway-78cb7fd75f-gnfxw method=POST path=/api/translations status=200 durationMs=337
[pod/gateway-78cb7fd75f-gnfxw/gateway] 2026-10-05T23:52:10.770+00:00 INFO  http.request requestId=e19ed71c-a9b8-4178-b8a9-161ee6362f0e role=api pod=gateway-78cb7fd75f-gnfxw method=POST path=/api/translations status=200 durationMs=319
[pod/gateway-78cb7fd75f-gnfxw/gateway] 2026-10-05T23:52:10.779+00:00 INFO  http.request requestId=7f00e97b-ec41-42b9-88e3-9aac6744db1b role=api pod=gateway-78cb7fd75f-gnfxw method=POST path=/api/transcriptions status=200 durationMs=415
[pod/gateway-78cb7fd75f-gnfxw/gateway] 2026-10-05T23:52:10.794+00:00 INFO  http.request requestId=1e118534-6b98-42a5-ba2c-1bf1eb076467 role=api pod=gateway-78cb7fd75f-gnfxw method=POST path=/api/transcriptions status=200 durationMs=610
[pod/gateway-78cb7fd75f-gnfxw/gateway] 2026-10-05T23:52:10.795+00:00 INFO  http.request requestId=44249aa2-606e-48d9-b72f-af94b27f3e8e role=api pod=gateway-78cb7fd75f-gnfxw method=GET path=/api/data/sessions status=200 durationMs=5
[pod/gateway-78cb7fd75f-gnfxw/gateway] 2026-10-05T23:52:10.806+00:00 INFO  http.request requestId=cb2ff641-bafb-4d22-b42f-5f9e222b3bbf role=api pod=gateway-78cb7fd75f-gnfxw method=POST path=/api/translations status=200 durationMs=248
[pod/gateway-78cb7fd75f-gnfxw/gateway] 2026-10-05T23:52:10.807+00:00 INFO  http.request requestId=12bb5598-c859-4a17-bf7a-cdb47b50f09e role=api pod=gateway-78cb7fd75f-gnfxw method=POST path=/api/translations status=200 durationMs=206
[pod/gateway-78cb7fd75f-gnfxw/gateway] 2026-10-05T23:52:10.833+00:00 INFO  http.request requestId=b0ec19f7-e860-451d-bcd9-148a5fd2a471 role=api pod=gateway-78cb7fd75f-gnfxw method=POST path=/api/translations status=200 durationMs=245
[pod/gateway-78cb7fd75f-gnfxw/gateway] 2026-10-05T23:52:10.841+00:00 INFO  http.request requestId=eeea7d5b-7569-4eb3-af6b-7270476a8147 role=api pod=gateway-78cb7fd75f-gnfxw method=GET path=/api/data/sessions status=200 durationMs=1
[pod/gateway-78cb7fd75f-gnfxw/gateway] 2026-10-05T23:52:10.842+00:00 INFO  http.request requestId=a88530ad-ddee-45e5-82df-4b246ea1fec3 role=api pod=gateway-78cb7fd75f-gnfxw method=POST path=/api/transcriptions status=200 durationMs=762
[pod/gateway-78cb7fd75f-gnfxw/gateway] 2026-10-05T23:52:10.846+00:00 INFO  http.request requestId=06b6a95e-43ee-456f-a966-f46802b1c936 role=api pod=gateway-78cb7fd75f-gnfxw method=POST path=/api/transcriptions status=200 durationMs=601
[pod/gateway-78cb7fd75f-gnfxw/gateway] 2026-10-05T23:52:10.859+00:00 INFO  http.request requestId=13ce9e15-675c-4d01-a461-c00f185eef8c role=api pod=gateway-78cb7fd75f-gnfxw method=POST path=/api/transcriptions status=200 durationMs=479
[pod/gateway-78cb7fd75f-gnfxw/gateway] 2026-10-05T23:52:10.892+00:00 INFO  http.request requestId=86dbabb5-9320-423d-b3b9-72f23ade8e7a role=api pod=gateway-78cb7fd75f-gnfxw method=GET path=/api/data/sessions status=200 durationMs=1
[pod/gateway-78cb7fd75f-gnfxw/gateway] 2026-10-05T23:52:10.902+00:00 INFO  http.request requestId=9cd89729-28b3-4c2a-ac33-1e5c7506ef12 role=api pod=gateway-78cb7fd75f-gnfxw method=POST path=/api/transcriptions status=200 durationMs=433
[pod/gateway-78cb7fd75f-gnfxw/gateway] 2026-10-05T23:52:10.925+00:00 INFO  http.request requestId=bba92933-01ea-4f8b-b24f-1fa49ecbfa3f role=api pod=gateway-78cb7fd75f-gnfxw method=POST path=/api/transcriptions status=200 durationMs=786
[pod/gateway-78cb7fd75f-gnfxw/gateway] 2026-10-05T23:52:10.941+00:00 INFO  http.request requestId=eb3898cb-aed6-44cc-a66a-e40ce08af415 role=api pod=gateway-78cb7fd75f-gnfxw method=GET path=/api/data/sessions status=200 durationMs=1
[pod/gateway-78cb7fd75f-gnfxw/gateway] 2026-10-05T23:52:10.991+00:00 INFO  http.request requestId=67fd0e60-2f62-42df-8084-dc88bf857ce2 role=api pod=gateway-78cb7fd75f-gnfxw method=GET path=/api/data/sessions status=200 durationMs=1
[pod/gateway-78cb7fd75f-gnfxw/gateway] 2026-10-05T23:52:10.993+00:00 INFO  http.request requestId=63be3b1b-479e-43e7-b84e-8fb6786bc178 role=api pod=gateway-78cb7fd75f-gnfxw method=POST path=/api/translations status=200 durationMs=380
[pod/gateway-78cb7fd75f-gnfxw/gateway] 2026-10-05T23:52:11.020+00:00 INFO  http.request requestId=d7b02fdf-494c-46b4-9106-d53a68770de3 role=api pod=gateway-78cb7fd75f-gnfxw method=POST path=/api/translations status=200 durationMs=240
[pod/gateway-78cb7fd75f-gnfxw/gateway] 2026-10-05T23:52:11.030+00:00 INFO  http.request requestId=c3628a50-1795-4239-b5c4-4be3d26fad16 role=api pod=gateway-78cb7fd75f-gnfxw method=POST path=/api/translations status=200 durationMs=322
[pod/gateway-78cb7fd75f-gnfxw/gateway] 2026-10-05T23:52:11.030+00:00 INFO  http.request requestId=bd6dac19-d674-4a28-bacf-f5deb1581c07 role=api pod=gateway-78cb7fd75f-gnfxw method=POST path=/api/transcriptions status=200 durationMs=740
[pod/gateway-78cb7fd75f-gnfxw/gateway] 2026-10-05T23:52:11.036+00:00 INFO  http.request requestId=eba81008-4f1e-4574-b660-e2ba04c355f1 role=api pod=gateway-78cb7fd75f-gnfxw method=POST path=/api/transcriptions status=200 durationMs=508
[pod/gateway-78cb7fd75f-gnfxw/gateway] 2026-10-05T23:52:11.042+00:00 INFO  http.request requestId=9f113be0-7e90-42bd-b4b7-5b57a18a23ce role=api pod=gateway-78cb7fd75f-gnfxw method=POST path=/api/translations status=200 durationMs=358
[pod/gateway-78cb7fd75f-gnfxw/gateway] 2026-10-05T23:52:11.042+00:00 INFO  http.request requestId=2678c8a5-c47f-45d4-9f28-e44a273bd071 role=api pod=gateway-78cb7fd75f-gnfxw method=GET path=/api/data/sessions status=200 durationMs=1
[pod/gateway-78cb7fd75f-gnfxw/gateway] 2026-10-05T23:52:11.046+00:00 INFO  http.request requestId=9fd1be2d-ce76-4cb7-b334-6a5b4da6f19d role=api pod=gateway-78cb7fd75f-gnfxw method=POST path=/api/transcriptions status=200 durationMs=501
[pod/gateway-78cb7fd75f-gnfxw/gateway] 2026-10-05T23:52:11.059+00:00 INFO  http.request requestId=ec1b3351-dace-4bb5-8e62-1fb7c5901f5e role=api pod=gateway-78cb7fd75f-gnfxw method=POST path=/api/transcriptions status=200 durationMs=634
[pod/gateway-78cb7fd75f-gnfxw/gateway] 2026-10-05T23:52:11.063+00:00 INFO  http.request requestId=d17fa578-3adb-4be6-82f7-930879b2f836 role=api pod=gateway-78cb7fd75f-gnfxw method=POST path=/api/translations status=200 durationMs=318
[pod/gateway-78cb7fd75f-gnfxw/gateway] 2026-10-05T23:52:11.068+00:00 INFO  http.request requestId=6ac8b928-9f4d-4b23-aa50-194f3745ef52 role=api pod=gateway-78cb7fd75f-gnfxw method=POST path=/api/translations status=200 durationMs=252
[pod/gateway-78cb7fd75f-gnfxw/gateway] 2026-10-05T23:52:11.069+00:00 INFO  http.request requestId=555b728b-169a-4fd6-b638-cfda1654d119 role=api pod=gateway-78cb7fd75f-gnfxw method=POST path=/api/transcriptions status=200 durationMs=794
[pod/gateway-78cb7fd75f-gnfxw/gateway] 2026-10-05T23:52:11.069+00:00 INFO  http.request requestId=fac64210-ffbd-4b85-ad33-09525f430a0b role=api pod=gateway-78cb7fd75f-gnfxw method=POST path=/api/transcriptions status=200 durationMs=510
[pod/gateway-78cb7fd75f-gnfxw/gateway] 2026-10-05T23:52:11.086+00:00 INFO  http.request requestId=cc5b7d8e-cc82-4dfd-8f06-67284e271b39 role=api pod=gateway-78cb7fd75f-gnfxw method=POST path=/api/translations status=200 durationMs=241
[pod/gateway-78cb7fd75f-gnfxw/gateway] 2026-10-05T23:52:11.093+00:00 INFO  http.request requestId=248985bd-7cee-4942-a4c9-0068d310ce8a role=api pod=gateway-78cb7fd75f-gnfxw method=GET path=/api/data/sessions status=200 durationMs=1
[pod/gateway-78cb7fd75f-gnfxw/gateway] 2026-10-05T23:52:11.097+00:00 INFO  http.request requestId=1b222058-329a-40f2-9277-b4cc3a264502 role=api pod=gateway-78cb7fd75f-gnfxw method=POST path=/api/transcriptions status=200 durationMs=778
[pod/gateway-78cb7fd75f-gnfxw/gateway] 2026-10-05T23:52:11.137+00:00 INFO  http.request requestId=b46ad7d7-98b7-4152-b594-a8bd6800d116 role=api pod=gateway-78cb7fd75f-gnfxw method=POST path=/api/translations status=200 durationMs=400
[pod/gateway-78cb7fd75f-gnfxw/gateway] 2026-10-05T23:52:11.142+00:00 INFO  http.request requestId=edc44bb2-cd6b-4025-aeb5-087c2d5b7733 role=api pod=gateway-78cb7fd75f-gnfxw method=GET path=/api/data/sessions status=200 durationMs=1
[pod/gateway-78cb7fd75f-gnfxw/gateway] 2026-10-05T23:52:11.167+00:00 INFO  http.request requestId=f43535c2-cf83-4eb1-903b-062a9a756246 role=api pod=gateway-78cb7fd75f-gnfxw method=POST path=/api/translations status=200 durationMs=325
[pod/gateway-78cb7fd75f-gnfxw/gateway] 2026-10-05T23:52:11.188+00:00 INFO  http.request requestId=9b833a1a-4894-467b-bcdb-4d6341955ee0 role=api pod=gateway-78cb7fd75f-gnfxw method=POST path=/api/transcriptions status=200 durationMs=613
[pod/gateway-78cb7fd75f-gnfxw/gateway] 2026-10-05T23:52:11.192+00:00 INFO  http.request requestId=5d063d1f-2cb2-4878-8744-6cab8dcf4a9d role=api pod=gateway-78cb7fd75f-gnfxw method=GET path=/api/data/sessions status=200 durationMs=2
[pod/gateway-78cb7fd75f-gnfxw/gateway] 2026-10-05T23:52:11.194+00:00 INFO  http.request requestId=ce7a68d7-3186-4cd2-896e-c15bb9dc7538 role=api pod=gateway-78cb7fd75f-gnfxw method=POST path=/api/transcriptions status=200 durationMs=437
[pod/gateway-78cb7fd75f-gnfxw/gateway] 2026-10-05T23:52:11.213+00:00 INFO  http.request requestId=1a471caa-6030-4a41-a323-3dfa873ac6bd role=api pod=gateway-78cb7fd75f-gnfxw method=POST path=/api/transcriptions status=200 durationMs=714
[pod/gateway-78cb7fd75f-gnfxw/gateway] 2026-10-05T23:52:11.232+00:00 INFO  http.request requestId=b95024a8-ffe8-4708-a560-dbd7605459ed role=api pod=gateway-78cb7fd75f-gnfxw method=POST path=/api/transcriptions status=200 durationMs=792
[pod/gateway-78cb7fd75f-gnfxw/gateway] 2026-10-05T23:52:11.235+00:00 INFO  http.request requestId=06b41c18-5724-48fd-916d-847256e0304e role=api pod=gateway-78cb7fd75f-gnfxw method=POST path=/api/transcriptions status=200 durationMs=720
[pod/gateway-78cb7fd75f-gnfxw/gateway] 2026-10-05T23:52:11.240+00:00 INFO  http.request requestId=ff75a1c6-bff2-4985-a9a8-1367e57b92a6 role=api pod=gateway-78cb7fd75f-gnfxw method=GET path=/api/data/sessions status=200 durationMs=0
[pod/gateway-78cb7fd75f-gnfxw/gateway] 2026-10-05T23:52:11.246+00:00 INFO  http.request requestId=737c270a-7e13-43a8-9483-471c739945ca role=api pod=gateway-78cb7fd75f-gnfxw method=POST path=/api/transcriptions status=200 durationMs=579
[pod/gateway-78cb7fd75f-gnfxw/gateway] 2026-10-05T23:52:11.292+00:00 INFO  http.request requestId=668fcff2-054b-4a4d-9e55-88dba1b64174 role=api pod=gateway-78cb7fd75f-gnfxw method=GET path=/api/data/sessions status=200 durationMs=1
[pod/gateway-78cb7fd75f-gnfxw/gateway] 2026-10-05T23:52:11.292+00:00 INFO  http.request requestId=2c62b6ef-fc59-41d2-a082-a1a77f723948 role=api pod=gateway-78cb7fd75f-gnfxw method=POST path=/api/translations status=200 durationMs=222
[pod/gateway-78cb7fd75f-gnfxw/gateway] 2026-10-05T23:52:11.304+00:00 INFO  http.request requestId=66c2799f-19a1-4669-b8e9-c6714b2ef93c role=api pod=gateway-78cb7fd75f-gnfxw method=POST path=/api/transcriptions status=200 durationMs=668
[pod/gateway-78cb7fd75f-gnfxw/gateway] 2026-10-05T23:52:11.330+00:00 INFO  http.request requestId=667052c4-b7f6-462b-8b99-3b1c87352a0c role=api pod=gateway-78cb7fd75f-gnfxw method=POST path=/api/transcriptions status=200 durationMs=425
[pod/gateway-78cb7fd75f-gnfxw/gateway] 2026-10-05T23:52:11.342+00:00 INFO  http.request requestId=e77aa4e1-5909-4191-addb-023c110f330d role=api pod=gateway-78cb7fd75f-gnfxw method=GET path=/api/data/sessions status=200 durationMs=1
[pod/gateway-78cb7fd75f-gnfxw/gateway] 2026-10-05T23:52:11.362+00:00 INFO  http.request requestId=c796246e-cf4e-4cec-9c2f-6575058be6b7 role=api pod=gateway-78cb7fd75f-gnfxw method=POST path=/api/transcriptions status=200 durationMs=680
[pod/gateway-78cb7fd75f-gnfxw/gateway] 2026-10-05T23:52:11.372+00:00 INFO  http.request requestId=30eec70c-a809-4406-bd9b-148277d7988c role=api pod=gateway-78cb7fd75f-gnfxw method=POST path=/api/translations status=200 durationMs=342
[pod/gateway-78cb7fd75f-gnfxw/gateway] 2026-10-05T23:52:11.391+00:00 INFO  http.request requestId=41eef188-6e9a-46b0-a3d3-7559620db4bb role=api pod=gateway-78cb7fd75f-gnfxw method=GET path=/api/data/sessions status=200 durationMs=1
[pod/gateway-78cb7fd75f-gnfxw/gateway] 2026-10-05T23:52:11.393+00:00 INFO  http.request requestId=65eff695-43c9-41ef-a06e-391be336ae82 role=api pod=gateway-78cb7fd75f-gnfxw method=POST path=/api/translations status=200 durationMs=333
[pod/gateway-78cb7fd75f-gnfxw/gateway] 2026-10-05T23:52:11.419+00:00 INFO  http.request requestId=ad5e4bae-367f-478a-b6b5-6fc461603984 role=api pod=gateway-78cb7fd75f-gnfxw method=POST path=/api/translations status=200 durationMs=383
[pod/gateway-78cb7fd75f-gnfxw/gateway] 2026-10-05T23:52:11.420+00:00 INFO  http.request requestId=ec570501-7f1c-42e8-9ba7-8254598448d3 role=api pod=gateway-78cb7fd75f-gnfxw method=POST path=/api/transcriptions status=200 durationMs=696
[pod/gateway-78cb7fd75f-gnfxw/gateway] 2026-10-05T23:52:11.441+00:00 INFO  http.request requestId=faa98ca7-97a7-4c27-8b64-0082a9e6bcba role=api pod=gateway-78cb7fd75f-gnfxw method=GET path=/api/data/sessions status=200 durationMs=1
[pod/gateway-78cb7fd75f-gnfxw/gateway] 2026-10-05T23:52:11.442+00:00 INFO  http.request requestId=a7621041-ac0b-4b5c-864b-ea4c88cdd3b1 role=api pod=gateway-78cb7fd75f-gnfxw method=POST path=/api/translations status=200 durationMs=372
[pod/gateway-78cb7fd75f-gnfxw/gateway] 2026-10-05T23:52:11.449+00:00 INFO  http.request requestId=953a9720-ad4f-4f2c-8b6f-ed672f753aa5 role=api pod=gateway-78cb7fd75f-gnfxw method=POST path=/api/translations status=200 durationMs=370
[pod/gateway-78cb7fd75f-gnfxw/gateway] 2026-10-05T23:52:11.461+00:00 INFO  http.request requestId=1d153b11-54a5-4e0b-a82a-84305b13aacc role=api pod=gateway-78cb7fd75f-gnfxw method=POST path=/api/transcriptions status=200 durationMs=662
[pod/gateway-78cb7fd75f-gnfxw/gateway] 2026-10-05T23:52:11.464+00:00 INFO  http.request requestId=a3b7e823-a3c2-428a-bb1a-0293c447cd78 role=api pod=gateway-78cb7fd75f-gnfxw method=POST path=/api/translations status=200 durationMs=227
[pod/gateway-78cb7fd75f-gnfxw/gateway] 2026-10-05T23:52:11.483+00:00 INFO  http.request requestId=6d6076cb-8453-480f-9a1e-fe6a5bfd4edd role=api pod=gateway-78cb7fd75f-gnfxw method=POST path=/api/transcriptions status=200 durationMs=473
[pod/gateway-78cb7fd75f-gnfxw/gateway] 2026-10-05T23:52:11.491+00:00 INFO  http.request requestId=50975b0d-f643-45fa-b68d-ec6180a29ef5 role=api pod=gateway-78cb7fd75f-gnfxw method=GET path=/api/data/sessions status=200 durationMs=1
[pod/gateway-78cb7fd75f-gnfxw/gateway] 2026-10-05T23:52:11.501+00:00 INFO  http.request requestId=e809a2c4-9748-439c-9a4e-f25267a54f82 role=api pod=gateway-78cb7fd75f-gnfxw method=POST path=/api/transcriptions status=200 durationMs=717
[pod/gateway-78cb7fd75f-gnfxw/gateway] 2026-10-05T23:52:11.523+00:00 INFO  http.request requestId=3cb1e7a1-77fb-4b7d-8b7c-3be36eee2152 role=api pod=gateway-78cb7fd75f-gnfxw method=POST path=/api/transcriptions status=200 durationMs=454
[pod/gateway-78cb7fd75f-gnfxw/gateway] 2026-10-05T23:52:11.531+00:00 INFO  http.request requestId=734ddaa3-06d1-4070-afac-d66c24ee406d role=api pod=gateway-78cb7fd75f-gnfxw method=POST path=/api/translations status=200 durationMs=331
[pod/gateway-78cb7fd75f-gnfxw/gateway] 2026-10-05T23:52:11.542+00:00 INFO  http.request requestId=5e6b3f48-f39a-40b8-aaf7-5bedecc8da94 role=api pod=gateway-78cb7fd75f-gnfxw method=GET path=/api/data/sessions status=200 durationMs=1
[pod/gateway-78cb7fd75f-gnfxw/gateway] 2026-10-05T23:52:11.543+00:00 INFO  http.request requestId=a1b7ed71-f604-4e8a-81bb-307cc86a00b0 role=api pod=gateway-78cb7fd75f-gnfxw method=POST path=/api/translations status=200 durationMs=288
[pod/gateway-78cb7fd75f-gnfxw/gateway] 2026-10-05T23:52:11.556+00:00 INFO  http.request requestId=e7b429d1-0c23-4d28-b508-2b54355d4d88 role=api pod=gateway-78cb7fd75f-gnfxw method=POST path=/api/translations status=200 durationMs=236
[pod/gateway-78cb7fd75f-gnfxw/gateway] 2026-10-05T23:52:11.559+00:00 INFO  http.request requestId=616943ac-b33c-4285-8026-78520095e6e6 role=api pod=gateway-78cb7fd75f-gnfxw method=POST path=/api/transcriptions status=200 durationMs=504
[pod/gateway-78cb7fd75f-gnfxw/gateway] 2026-10-05T23:52:11.571+00:00 INFO  http.request requestId=851d3f6f-9981-45b2-a067-e66767aa8c2f role=api pod=gateway-78cb7fd75f-gnfxw method=POST path=/api/translations status=200 durationMs=382
[pod/gateway-78cb7fd75f-gnfxw/gateway] 2026-10-05T23:52:11.579+00:00 INFO  http.request requestId=c82653a1-80df-4c88-855f-0b32b8a8089d role=api pod=gateway-78cb7fd75f-gnfxw method=POST path=/api/transcriptions status=200 durationMs=735
[pod/gateway-78cb7fd75f-gnfxw/gateway] 2026-10-05T23:52:11.588+00:00 INFO  http.request requestId=6082ba40-21c9-4573-b4d2-91e3a3113b1e role=api pod=gateway-78cb7fd75f-gnfxw method=POST path=/api/transcriptions status=200 durationMs=548
[pod/gateway-78cb7fd75f-gnfxw/gateway] 2026-10-05T23:52:11.592+00:00 INFO  http.request requestId=f939d262-81a8-44b3-a6bf-59986add43b5 role=api pod=gateway-78cb7fd75f-gnfxw method=GET path=/api/data/sessions status=200 durationMs=1
[pod/gateway-78cb7fd75f-gnfxw/gateway] 2026-10-05T23:52:11.599+00:00 INFO  http.request requestId=cbcbcee5-80fd-4bb4-a5f8-366df3fc3a62 role=api pod=gateway-78cb7fd75f-gnfxw method=POST path=/api/transcriptions status=200 durationMs=665
[pod/gateway-78cb7fd75f-gnfxw/gateway] 2026-10-05T23:52:11.605+00:00 INFO  http.request requestId=b31594f0-24ae-45c4-a28b-02641e64e0f9 role=api pod=gateway-78cb7fd75f-gnfxw method=POST path=/api/transcriptions status=200 durationMs=416
[pod/gateway-78cb7fd75f-gnfxw/gateway] 2026-10-05T23:52:11.623+00:00 INFO  http.request requestId=4599b7e4-593e-4ac1-acb8-26b953af812f role=api pod=gateway-78cb7fd75f-gnfxw method=POST path=/api/transcriptions status=200 durationMs=763
[pod/gateway-78cb7fd75f-gnfxw/gateway] 2026-10-05T23:52:11.623+00:00 INFO  http.request requestId=bedb47cf-7b7e-4887-9d1c-512517720934 role=api pod=gateway-78cb7fd75f-gnfxw method=POST path=/api/translations status=200 durationMs=319
[pod/gateway-78cb7fd75f-gnfxw/gateway] 2026-10-05T23:52:11.634+00:00 INFO  http.request requestId=993e3e01-bf65-48c0-b56f-22aaa56a636c role=api pod=gateway-78cb7fd75f-gnfxw method=POST path=/api/transcriptions status=200 durationMs=744
[pod/gateway-78cb7fd75f-gnfxw/gateway] 2026-10-05T23:52:11.641+00:00 INFO  http.request requestId=13f1cde4-71de-4df1-a6dd-7a072254a761 role=api pod=gateway-78cb7fd75f-gnfxw method=GET path=/api/data/sessions status=200 durationMs=1
[pod/gateway-78cb7fd75f-gnfxw/gateway] 2026-10-05T23:52:11.652+00:00 INFO  http.request requestId=26ac5fe2-e2ae-498d-bef5-1ef640278c1c role=api pod=gateway-78cb7fd75f-gnfxw method=POST path=/api/translations status=200 durationMs=295
[pod/gateway-78cb7fd75f-gnfxw/gateway] 2026-10-05T23:52:11.687+00:00 INFO  http.request requestId=8dff0bbf-1d31-41d0-9e73-9146d61d2cb1 role=api pod=gateway-78cb7fd75f-gnfxw method=POST path=/api/transcriptions status=200 durationMs=468
[pod/gateway-78cb7fd75f-gnfxw/gateway] 2026-10-05T23:52:11.691+00:00 INFO  http.request requestId=24927e40-a177-4315-ac6a-f6018c3d77bc role=api pod=gateway-78cb7fd75f-gnfxw method=GET path=/api/data/sessions status=200 durationMs=1
[pod/gateway-78cb7fd75f-gnfxw/gateway] 2026-10-05T23:52:11.704+00:00 INFO  http.request requestId=bccd6e00-82ca-49dd-ab36-c569dfdcce90 role=api pod=gateway-78cb7fd75f-gnfxw method=POST path=/api/translations status=200 durationMs=308
[pod/gateway-78cb7fd75f-gnfxw/gateway] 2026-10-05T23:52:11.716+00:00 INFO  http.request requestId=f605dcea-0374-4b31-a3e0-7e95832abf97 role=api pod=gateway-78cb7fd75f-gnfxw method=POST path=/api/translations status=200 durationMs=215
[pod/gateway-78cb7fd75f-gnfxw/gateway] 2026-10-05T23:52:11.717+00:00 INFO  http.request requestId=d80ff978-04e8-47e7-9553-8f08c9170d3a role=api pod=gateway-78cb7fd75f-gnfxw method=POST path=/api/transcriptions status=200 durationMs=617
[pod/gateway-78cb7fd75f-gnfxw/gateway] 2026-10-05T23:52:11.729+00:00 INFO  http.request requestId=d0330bad-5ab0-453b-953c-8c1234583fef role=api pod=gateway-78cb7fd75f-gnfxw method=POST path=/api/transcriptions status=200 durationMs=553
[pod/gateway-78cb7fd75f-gnfxw/gateway] 2026-10-05T23:52:11.741+00:00 INFO  http.request requestId=8887f77a-6efa-4e48-86ad-3294d40b9881 role=api pod=gateway-78cb7fd75f-gnfxw method=GET path=/api/data/sessions status=200 durationMs=1
[pod/gateway-78cb7fd75f-gnfxw/gateway] 2026-10-05T23:52:11.772+00:00 INFO  http.request requestId=a24d7aef-2d8f-46a6-870a-1c2c3b9f698b role=api pod=gateway-78cb7fd75f-gnfxw method=POST path=/api/translations status=200 durationMs=248
[pod/gateway-78cb7fd75f-gnfxw/gateway] 2026-10-05T23:52:11.774+00:00 INFO  http.request requestId=f22a1752-e15d-46b2-ac39-7f46d9afe09a role=api pod=gateway-78cb7fd75f-gnfxw method=POST path=/api/translations status=200 durationMs=353
[pod/gateway-78cb7fd75f-gnfxw/gateway] 2026-10-05T23:52:11.788+00:00 INFO  http.request requestId=25d9281e-17a5-4be4-b46c-6ccf744e7acb role=api pod=gateway-78cb7fd75f-gnfxw method=POST path=/api/transcriptions status=200 durationMs=704
[pod/gateway-78cb7fd75f-gnfxw/gateway] 2026-10-05T23:52:11.791+00:00 INFO  http.request requestId=d653c221-9b9b-4228-8e9e-e98d7013467e role=api pod=gateway-78cb7fd75f-gnfxw method=GET path=/api/data/sessions status=200 durationMs=1
[pod/gateway-78cb7fd75f-gnfxw/gateway] 2026-10-05T23:52:11.803+00:00 INFO  http.request requestId=ef01f5ef-9c9a-450e-932a-14719fdd15bd role=api pod=gateway-78cb7fd75f-gnfxw method=POST path=/api/translations status=200 durationMs=230
[pod/gateway-78cb7fd75f-gnfxw/gateway] 2026-10-05T23:52:11.804+00:00 INFO  http.request requestId=092191d9-8b78-4bae-9058-c9ddbf51b4d6 role=api pod=gateway-78cb7fd75f-gnfxw method=POST path=/api/translations status=200 durationMs=259
[pod/gateway-78cb7fd75f-gnfxw/gateway] 2026-10-05T23:52:11.832+00:00 INFO  http.request requestId=3bb29e82-1170-4f41-957e-75fd5dfa1560 role=api pod=gateway-78cb7fd75f-gnfxw method=POST path=/api/transcriptions status=200 durationMs=672
[pod/gateway-78cb7fd75f-gnfxw/gateway] 2026-10-05T23:52:11.842+00:00 INFO  http.request requestId=1c968410-028c-47aa-820c-407651577c89 role=api pod=gateway-78cb7fd75f-gnfxw method=GET path=/api/data/sessions status=200 durationMs=1
[pod/gateway-78cb7fd75f-gnfxw/gateway] 2026-10-05T23:52:11.843+00:00 INFO  http.request requestId=5f370ff6-88db-49f6-92ac-46f69907b823 role=api pod=gateway-78cb7fd75f-gnfxw method=POST path=/api/transcriptions status=200 durationMs=427
[pod/gateway-78cb7fd75f-gnfxw/gateway] 2026-10-05T23:52:11.872+00:00 INFO  http.request requestId=aeb52e73-c3e8-48e7-91b1-0b1b7f62a9cb role=api pod=gateway-78cb7fd75f-gnfxw method=POST path=/api/transcriptions status=200 durationMs=533
[pod/gateway-78cb7fd75f-gnfxw/gateway] 2026-10-05T23:52:11.876+00:00 INFO  http.request requestId=58e23db7-87f8-4499-9da6-fe71d105271c role=api pod=gateway-78cb7fd75f-gnfxw method=POST path=/api/translations status=200 durationMs=277
[pod/gateway-78cb7fd75f-gnfxw/gateway] 2026-10-05T23:52:11.893+00:00 INFO  http.request requestId=ededd0a9-b6a1-40cd-8868-4cbd5ffbf5ed role=api pod=gateway-78cb7fd75f-gnfxw method=GET path=/api/data/sessions status=200 durationMs=1
[pod/gateway-78cb7fd75f-gnfxw/gateway] 2026-10-05T23:52:11.909+00:00 INFO  http.request requestId=523742e7-1368-4123-a471-0ab75fa1037b role=api pod=gateway-78cb7fd75f-gnfxw method=POST path=/api/translations status=200 durationMs=286
[pod/gateway-78cb7fd75f-gnfxw/gateway] 2026-10-05T23:52:11.941+00:00 INFO  http.request requestId=79e23a20-969b-45a2-822e-d0fa17ab14c7 role=api pod=gateway-78cb7fd75f-gnfxw method=GET path=/api/data/sessions status=200 durationMs=1
[pod/gateway-78cb7fd75f-gnfxw/gateway] 2026-10-05T23:52:11.941+00:00 INFO  http.request requestId=ac27d4bc-241a-45f3-8c51-11f5cd8bc64d role=api pod=gateway-78cb7fd75f-gnfxw method=POST path=/api/translations status=200 durationMs=217
[pod/gateway-78cb7fd75f-gnfxw/gateway] 2026-10-05T23:52:11.944+00:00 INFO  http.request requestId=4ef5a852-38a6-48ac-94b3-75ede387a223 role=api pod=gateway-78cb7fd75f-gnfxw method=POST path=/api/transcriptions status=200 durationMs=709
[pod/gateway-78cb7fd75f-gnfxw/gateway] 2026-10-05T23:52:11.946+00:00 INFO  http.request requestId=c90507dc-c54d-47b9-838a-ecb3559d5747 role=api pod=gateway-78cb7fd75f-gnfxw method=POST path=/api/translations status=200 durationMs=216
[pod/gateway-78cb7fd75f-gnfxw/gateway] 2026-10-05T23:52:11.958+00:00 INFO  http.request requestId=ad52ff37-a3a5-42b4-bc46-a324b519e823 role=api pod=gateway-78cb7fd75f-gnfxw method=POST path=/api/translations status=200 durationMs=255
[pod/gateway-78cb7fd75f-gnfxw/gateway] 2026-10-05T23:52:11.963+00:00 INFO  http.request requestId=308b0926-9ee3-4ee6-affa-52cb1c644ce4 role=api pod=gateway-78cb7fd75f-gnfxw method=POST path=/api/translations status=200 durationMs=297
[pod/gateway-78cb7fd75f-gnfxw/gateway] 2026-10-05T23:52:11.968+00:00 INFO  http.request requestId=53b4f25f-7bd2-4799-92ba-97431bed6d9c role=api pod=gateway-78cb7fd75f-gnfxw method=POST path=/api/transcriptions status=200 durationMs=493
[pod/gateway-78cb7fd75f-gnfxw/gateway] 2026-10-05T23:52:11.991+00:00 INFO  http.request requestId=fb47e6e4-61f6-4610-a1c9-99b5a37c7613 role=api pod=gateway-78cb7fd75f-gnfxw method=GET path=/api/data/sessions status=200 durationMs=1
[pod/gateway-78cb7fd75f-gnfxw/gateway] 2026-10-05T23:52:12.002+00:00 INFO  http.request requestId=3e842087-7075-463d-83d1-a118a160de3a role=api pod=gateway-78cb7fd75f-gnfxw method=POST path=/api/translations status=200 durationMs=369
[pod/gateway-78cb7fd75f-gnfxw/gateway] 2026-10-05T23:52:12.027+00:00 INFO  http.request requestId=de64cc66-a903-400a-a24c-df5eed28ee5d role=api pod=gateway-78cb7fd75f-gnfxw method=POST path=/api/translations status=200 durationMs=310
[pod/gateway-78cb7fd75f-gnfxw/gateway] 2026-10-05T23:52:12.027+00:00 INFO  http.request requestId=658608dd-888b-4587-8c41-7a57c6b5381b role=api pod=gateway-78cb7fd75f-gnfxw method=POST path=/api/transcriptions status=200 durationMs=643
[pod/gateway-78cb7fd75f-gnfxw/gateway] 2026-10-05T23:52:12.042+00:00 INFO  http.request requestId=52395a32-d0cb-45e2-84bd-83b107c1cf86 role=api pod=gateway-78cb7fd75f-gnfxw method=GET path=/api/data/sessions status=200 durationMs=1
[pod/gateway-78cb7fd75f-gnfxw/gateway] 2026-10-05T23:52:12.047+00:00 INFO  http.request requestId=6ac71573-a6d3-4a21-9c7e-e3f232b90f75 role=api pod=gateway-78cb7fd75f-gnfxw method=POST path=/api/transcriptions status=200 durationMs=617
[pod/gateway-78cb7fd75f-gnfxw/gateway] 2026-10-05T23:52:12.053+00:00 INFO  http.request requestId=e0215ff8-6580-446e-9ab9-3eb2b030766e role=api pod=gateway-78cb7fd75f-gnfxw method=POST path=/api/translations status=200 durationMs=275
[pod/gateway-78cb7fd75f-gnfxw/gateway] 2026-10-05T23:52:12.059+00:00 INFO  http.request requestId=6b10a952-ef82-45b7-a024-5eda630791da role=api pod=gateway-78cb7fd75f-gnfxw method=POST path=/api/transcriptions status=200 durationMs=615
[pod/gateway-78cb7fd75f-gnfxw/gateway] 2026-10-05T23:52:12.090+00:00 INFO  http.request requestId=d23fac65-112d-4c32-a6da-182a3a77e42b role=api pod=gateway-78cb7fd75f-gnfxw method=POST path=/api/translations status=200 durationMs=285
[pod/gateway-78cb7fd75f-gnfxw/gateway] 2026-10-05T23:52:12.092+00:00 INFO  http.request requestId=f5f64ec7-bdec-4cc8-a6a3-26d0066a553d role=api pod=gateway-78cb7fd75f-gnfxw method=GET path=/api/data/sessions status=200 durationMs=1
[pod/gateway-78cb7fd75f-gnfxw/gateway] 2026-10-05T23:52:12.109+00:00 INFO  http.request requestId=326d2d44-1013-407e-9d9c-5c7c6e14f9ae role=api pod=gateway-78cb7fd75f-gnfxw method=POST path=/api/transcriptions status=200 durationMs=500
[pod/gateway-78cb7fd75f-gnfxw/gateway] 2026-10-05T23:52:12.136+00:00 INFO  http.request requestId=e3c4ee5c-a548-4988-869f-28c8f809cd59 role=api pod=gateway-78cb7fd75f-gnfxw method=POST path=/api/transcriptions status=200 durationMs=542
[pod/gateway-78cb7fd75f-gnfxw/gateway] 2026-10-05T23:52:12.138+00:00 INFO  http.request requestId=8545d93b-1f0b-473b-a2ee-50cf27a903d5 role=api pod=gateway-78cb7fd75f-gnfxw method=POST path=/api/transcriptions status=200 durationMs=512
[pod/gateway-78cb7fd75f-gnfxw/gateway] 2026-10-05T23:52:12.143+00:00 INFO  http.request requestId=330aec1a-87fa-43cf-839f-b9f9cfa0af84 role=api pod=gateway-78cb7fd75f-gnfxw method=GET path=/api/data/sessions status=200 durationMs=2
[pod/gateway-78cb7fd75f-gnfxw/gateway] 2026-10-05T23:52:12.154+00:00 INFO  http.request requestId=8e12c789-5ff7-45c9-8187-e64aff3b14f1 role=api pod=gateway-78cb7fd75f-gnfxw method=POST path=/api/translations status=200 durationMs=282
[pod/gateway-78cb7fd75f-gnfxw/gateway] 2026-10-05T23:52:12.191+00:00 INFO  http.request requestId=af05e88b-02a3-474e-9145-922823eec1bf role=api pod=gateway-78cb7fd75f-gnfxw method=GET path=/api/data/sessions status=200 durationMs=1
[pod/gateway-78cb7fd75f-gnfxw/gateway] 2026-10-05T23:52:12.202+00:00 INFO  http.request requestId=d8700eeb-157f-4cd2-99d2-d600d532c1f8 role=api pod=gateway-78cb7fd75f-gnfxw method=POST path=/api/translations status=200 durationMs=359
[pod/gateway-78cb7fd75f-gnfxw/gateway] 2026-10-05T23:52:12.221+00:00 INFO  http.request requestId=b0ab4f7f-68c3-40e0-b4a7-97c9fe079c2b role=api pod=gateway-78cb7fd75f-gnfxw method=POST path=/api/transcriptions status=200 durationMs=701
[pod/gateway-78cb7fd75f-gnfxw/gateway] 2026-10-05T23:52:12.231+00:00 INFO  http.request requestId=04c9d401-f9ac-4eba-a8f3-d3241a0caee6 role=api pod=gateway-78cb7fd75f-gnfxw method=POST path=/api/transcriptions status=200 durationMs=576
[pod/gateway-78cb7fd75f-gnfxw/gateway] 2026-10-05T23:52:12.242+00:00 INFO  http.request requestId=30569980-c1be-4280-bc83-0694390464f8 role=api pod=gateway-78cb7fd75f-gnfxw method=GET path=/api/data/sessions status=200 durationMs=1
[pod/gateway-78cb7fd75f-gnfxw/gateway] 2026-10-05T23:52:12.260+00:00 INFO  http.request requestId=6f1103cb-a9a9-4d01-af24-f79d301b40cc role=api pod=gateway-78cb7fd75f-gnfxw method=POST path=/api/translations status=200 durationMs=292
[pod/gateway-78cb7fd75f-gnfxw/gateway] 2026-10-05T23:52:12.261+00:00 INFO  http.request requestId=0ecc317a-30e3-4d32-bbcc-4c9fc0e62bf7 role=api pod=gateway-78cb7fd75f-gnfxw method=POST path=/api/transcriptions status=200 durationMs=727
[pod/gateway-78cb7fd75f-gnfxw/gateway] 2026-10-05T23:52:12.263+00:00 INFO  http.request requestId=c2b28a34-f470-408b-9a88-54522f2fb0dd role=api pod=gateway-78cb7fd75f-gnfxw method=POST path=/api/transcriptions status=200 durationMs=503
[pod/gateway-78cb7fd75f-gnfxw/gateway] 2026-10-05T23:52:12.280+00:00 INFO  http.request requestId=28b274a9-0fd7-427e-954c-e2ce80058aa6 role=api pod=gateway-78cb7fd75f-gnfxw method=POST path=/api/translations status=200 durationMs=252
[pod/gateway-78cb7fd75f-gnfxw/gateway] 2026-10-05T23:52:12.292+00:00 INFO  http.request requestId=fb964ed1-2132-49d1-9ecd-a43e476eba78 role=api pod=gateway-78cb7fd75f-gnfxw method=GET path=/api/data/sessions status=200 durationMs=1
[pod/gateway-78cb7fd75f-gnfxw/gateway] 2026-10-05T23:52:12.293+00:00 INFO  http.request requestId=fb163a76-21c5-4c7a-aea9-3223e977fa89 role=api pod=gateway-78cb7fd75f-gnfxw method=POST path=/api/transcriptions status=200 durationMs=789
[pod/gateway-78cb7fd75f-gnfxw/gateway] 2026-10-05T23:52:12.306+00:00 INFO  http.request requestId=d65cf34a-ee3d-45b6-93aa-98f6ca0bc33a role=api pod=gateway-78cb7fd75f-gnfxw method=POST path=/api/translations status=200 durationMs=215
[pod/gateway-78cb7fd75f-gnfxw/gateway] 2026-10-05T23:52:12.308+00:00 INFO  http.request requestId=2ac7b63f-50a8-4168-a718-6abc08b6b6e1 role=api pod=gateway-78cb7fd75f-gnfxw method=POST path=/api/translations status=200 durationMs=364
[pod/gateway-78cb7fd75f-gnfxw/gateway] 2026-10-05T23:52:12.330+00:00 INFO  http.request requestId=7e98ba37-73bb-41a8-8c1e-b38455c0c6ab role=api pod=gateway-78cb7fd75f-gnfxw method=POST path=/api/transcriptions status=200 durationMs=766
[pod/gateway-78cb7fd75f-gnfxw/gateway] 2026-10-05T23:52:12.338+00:00 INFO  http.request requestId=a073dec4-936b-4357-96fe-3cb22e6fe9e0 role=api pod=gateway-78cb7fd75f-gnfxw method=POST path=/api/transcriptions status=200 durationMs=535
[pod/gateway-78cb7fd75f-gnfxw/gateway] 2026-10-05T23:52:12.338+00:00 INFO  http.request requestId=eaec6b22-41ee-4a39-8b9c-0b46ca7b52c5 role=api pod=gateway-78cb7fd75f-gnfxw method=POST path=/api/transcriptions status=200 durationMs=12058
[pod/gateway-78cb7fd75f-gnfxw/gateway] 2026-10-05T23:52:12.342+00:00 INFO  http.request requestId=47744224-0ec6-4e23-8965-3c2223be41c1 role=api pod=gateway-78cb7fd75f-gnfxw method=GET path=/api/data/sessions status=200 durationMs=1
[pod/gateway-78cb7fd75f-gnfxw/gateway] 2026-10-05T23:52:12.345+00:00 INFO  http.request requestId=fa0c05b5-a85f-492c-995d-eaa43188703b role=api pod=gateway-78cb7fd75f-gnfxw method=POST path=/api/translations status=200 durationMs=253
[pod/gateway-78cb7fd75f-gnfxw/gateway] 2026-10-05T23:52:12.387+00:00 INFO  http.request requestId=d3e43fd9-69c2-4903-a825-c1a06a84ae88 role=api pod=gateway-78cb7fd75f-gnfxw method=POST path=/api/transcriptions status=200 durationMs=508
[pod/gateway-78cb7fd75f-gnfxw/gateway] 2026-10-05T23:52:12.387+00:00 INFO  http.request requestId=6cf59e2c-8102-46a1-9fa5-b8c81f3de28d role=api pod=gateway-78cb7fd75f-gnfxw method=POST path=/api/transcriptions status=200 durationMs=641
[pod/gateway-78cb7fd75f-gnfxw/gateway] 2026-10-05T23:52:12.391+00:00 INFO  http.request requestId=3f24ae83-3822-423f-8aba-9e2637da5de8 role=api pod=gateway-78cb7fd75f-gnfxw method=GET path=/api/data/sessions status=200 durationMs=0
[pod/gateway-78cb7fd75f-gnfxw/gateway] 2026-10-05T23:52:12.396+00:00 INFO  http.request requestId=7a201d45-7d41-454a-9dfd-c50589d2922e role=api pod=gateway-78cb7fd75f-gnfxw method=POST path=/api/translations status=200 durationMs=259
[pod/gateway-78cb7fd75f-gnfxw/gateway] 2026-10-05T23:52:12.411+00:00 INFO  http.request requestId=59fb0ea0-74e5-4989-8ce8-185071cb30aa role=api pod=gateway-78cb7fd75f-gnfxw method=POST path=/api/translations status=200 durationMs=273
[pod/gateway-78cb7fd75f-gnfxw/gateway] 2026-10-05T23:52:12.419+00:00 INFO  http.request requestId=cf5c2308-1a6e-4fb9-8041-a04709bdaafc role=api pod=gateway-78cb7fd75f-gnfxw method=POST path=/api/transcriptions status=200 durationMs=644
[pod/gateway-78cb7fd75f-gnfxw/gateway] 2026-10-05T23:52:12.438+00:00 INFO  http.request requestId=3bef8535-bb55-4b39-9513-4b7148b9246b role=api pod=gateway-78cb7fd75f-gnfxw method=POST path=/api/transcriptions status=200 durationMs=650
[pod/gateway-78cb7fd75f-gnfxw/gateway] 2026-10-05T23:52:12.441+00:00 INFO  http.request requestId=f95bcccd-17c7-45c6-ad73-98ed73fd6ad6 role=api pod=gateway-78cb7fd75f-gnfxw method=GET path=/api/data/sessions status=200 durationMs=1
[pod/gateway-78cb7fd75f-gnfxw/gateway] 2026-10-05T23:52:12.457+00:00 INFO  http.request requestId=75e58a26-50db-431d-8556-7874bc931ede role=api pod=gateway-78cb7fd75f-gnfxw method=POST path=/api/transcriptions status=200 durationMs=548
[pod/gateway-78cb7fd75f-gnfxw/gateway] 2026-10-05T23:52:12.491+00:00 INFO  http.request requestId=1843e007-47a8-4007-b356-315e806f5431 role=api pod=gateway-78cb7fd75f-gnfxw method=GET path=/api/data/sessions status=200 durationMs=1
[pod/gateway-78cb7fd75f-gnfxw/gateway] 2026-10-05T23:52:12.499+00:00 INFO  http.request requestId=0e3b76ab-fd3c-40d6-aa4d-98d2fd838dbe role=api pod=gateway-78cb7fd75f-gnfxw method=POST path=/api/transcriptions status=200 durationMs=604
[pod/gateway-78cb7fd75f-gnfxw/gateway] 2026-10-05T23:52:12.527+00:00 INFO  http.request requestId=b6bfd6cd-79fa-4b24-bf89-17c144612582 role=api pod=gateway-78cb7fd75f-gnfxw method=POST path=/api/transcriptions status=200 durationMs=497
[pod/gateway-78cb7fd75f-gnfxw/gateway] 2026-10-05T23:52:12.541+00:00 INFO  http.request requestId=439b8148-73d9-45ba-8520-2734b157da96 role=api pod=gateway-78cb7fd75f-gnfxw method=GET path=/api/data/sessions status=200 durationMs=1
[pod/gateway-78cb7fd75f-gnfxw/gateway] 2026-10-05T23:52:12.542+00:00 INFO  http.request requestId=97ed3956-fad2-4867-b4ba-8e6c7a7e7bb9 role=api pod=gateway-78cb7fd75f-gnfxw method=POST path=/api/translations status=200 durationMs=401
[pod/gateway-78cb7fd75f-gnfxw/gateway] 2026-10-05T23:52:12.547+00:00 INFO  http.request requestId=f54e03ad-6c30-421d-acd1-6125e855e7ca role=api pod=gateway-78cb7fd75f-gnfxw method=POST path=/api/translations status=200 durationMs=206
[pod/gateway-78cb7fd75f-gnfxw/gateway] 2026-10-05T23:52:12.577+00:00 INFO  http.request requestId=62e9d047-65f2-4f15-97cc-e23bb561dec7 role=api pod=gateway-78cb7fd75f-gnfxw method=POST path=/api/transcriptions status=200 durationMs=533
[pod/gateway-78cb7fd75f-gnfxw/gateway] 2026-10-05T23:52:12.581+00:00 INFO  http.request requestId=0c4ce4c7-cff0-4ecc-b195-98a14d19fd1e role=api pod=gateway-78cb7fd75f-gnfxw method=POST path=/api/transcriptions status=200 durationMs=491
[pod/gateway-78cb7fd75f-gnfxw/gateway] 2026-10-05T23:52:12.582+00:00 INFO  http.request requestId=d773e866-fe1a-4edc-b630-35f5f949fd0c role=api pod=gateway-78cb7fd75f-gnfxw method=POST path=/api/translations status=200 durationMs=289
[pod/gateway-78cb7fd75f-gnfxw/gateway] 2026-10-05T23:52:12.591+00:00 INFO  http.request requestId=8cf37915-28c2-4a54-8fda-acfb89c1e3b1 role=api pod=gateway-78cb7fd75f-gnfxw method=GET path=/api/data/sessions status=200 durationMs=1
[pod/gateway-78cb7fd75f-gnfxw/gateway] 2026-10-05T23:52:12.611+00:00 INFO  http.request requestId=96c156a5-eee6-4a9c-a67a-939661341358 role=api pod=gateway-78cb7fd75f-gnfxw method=POST path=/api/translations status=200 durationMs=256
[pod/gateway-78cb7fd75f-gnfxw/gateway] 2026-10-05T23:52:12.612+00:00 INFO  http.request requestId=287eb94b-94fe-4176-9e76-bad0a98601c1 role=api pod=gateway-78cb7fd75f-gnfxw method=POST path=/api/translations status=200 durationMs=319
[pod/gateway-78cb7fd75f-gnfxw/gateway] 2026-10-05T23:52:12.631+00:00 INFO  http.request requestId=49b657d0-be48-4cfe-a5b7-354331f4f908 role=api pod=gateway-78cb7fd75f-gnfxw method=POST path=/api/translations status=200 durationMs=370
[pod/gateway-78cb7fd75f-gnfxw/gateway] 2026-10-05T23:52:12.641+00:00 INFO  http.request requestId=e64c4929-d1eb-43d8-9c15-01b705ed7259 role=api pod=gateway-78cb7fd75f-gnfxw method=GET path=/api/data/sessions status=200 durationMs=1
[pod/gateway-78cb7fd75f-gnfxw/gateway] 2026-10-05T23:52:12.663+00:00 INFO  http.request requestId=cf7ef608-a6c4-40be-adf4-0c6218f4aa5b role=api pod=gateway-78cb7fd75f-gnfxw method=POST path=/api/translations status=200 durationMs=401
[pod/gateway-78cb7fd75f-gnfxw/gateway] 2026-10-05T23:52:12.684+00:00 INFO  http.request requestId=ce2687c4-6e3e-4e90-9374-65c093c341c5 role=api pod=gateway-78cb7fd75f-gnfxw method=POST path=/api/translations status=200 durationMs=297
[pod/gateway-78cb7fd75f-gnfxw/gateway] 2026-10-05T23:52:12.686+00:00 INFO  http.request requestId=8450b2b3-ad4e-400d-b046-1c360ae1a03e role=api pod=gateway-78cb7fd75f-gnfxw method=POST path=/api/translations status=200 durationMs=347
[pod/gateway-78cb7fd75f-gnfxw/gateway] 2026-10-05T23:52:12.691+00:00 INFO  http.request requestId=1fbfe077-a939-42bc-8568-7b537a94d8df role=api pod=gateway-78cb7fd75f-gnfxw method=GET path=/api/data/sessions status=200 durationMs=1
[pod/gateway-78cb7fd75f-gnfxw/gateway] 2026-10-05T23:52:12.706+00:00 INFO  http.request requestId=2583f6c7-658d-4d75-80c8-324d6c40355e role=api pod=gateway-78cb7fd75f-gnfxw method=POST path=/api/translations status=200 durationMs=367
[pod/gateway-78cb7fd75f-gnfxw/gateway] 2026-10-05T23:52:12.708+00:00 INFO  http.request requestId=732dd348-8531-416a-b6d0-5c8fbf78a067 role=api pod=gateway-78cb7fd75f-gnfxw method=POST path=/api/translations status=200 durationMs=331
[pod/gateway-78cb7fd75f-gnfxw/gateway] 2026-10-05T23:52:12.725+00:00 INFO  http.request requestId=0a4c6269-60f9-4f45-afa9-3e3c068b9e44 role=api pod=gateway-78cb7fd75f-gnfxw method=POST path=/api/transcriptions status=200 durationMs=501
[pod/gateway-78cb7fd75f-gnfxw/gateway] 2026-10-05T23:52:12.728+00:00 INFO  http.request requestId=157e1011-694d-43a8-8ab0-81f9abe39483 role=api pod=gateway-78cb7fd75f-gnfxw method=POST path=/api/translations status=200 durationMs=270
[pod/gateway-78cb7fd75f-gnfxw/gateway] 2026-10-05T23:52:12.729+00:00 INFO  http.request requestId=960a76c4-7508-43f4-bac2-1bbcf975c3bc role=api pod=gateway-78cb7fd75f-gnfxw method=POST path=/api/transcriptions status=200 durationMs=760
[pod/gateway-78cb7fd75f-gnfxw/gateway] 2026-10-05T23:52:12.737+00:00 INFO  http.request requestId=57967e96-8036-4816-929f-c1bb0ac0dfc8 role=api pod=gateway-78cb7fd75f-gnfxw method=POST path=/api/translations status=200 durationMs=318
[pod/gateway-78cb7fd75f-gnfxw/gateway] 2026-10-05T23:52:12.738+00:00 INFO  http.request requestId=17e91ae6-659c-4d0e-8fa3-f86d3f4b4eff role=api pod=gateway-78cb7fd75f-gnfxw method=POST path=/api/transcriptions status=200 durationMs=738
[pod/gateway-78cb7fd75f-gnfxw/gateway] 2026-10-05T23:52:12.741+00:00 INFO  http.request requestId=b3180934-2f25-4b98-92fe-6e7337b00c80 role=api pod=gateway-78cb7fd75f-gnfxw method=GET path=/api/data/sessions status=200 durationMs=1
[pod/gateway-78cb7fd75f-gnfxw/gateway] 2026-10-05T23:52:12.761+00:00 INFO  http.request requestId=ef8f38b2-f67d-466d-bf70-deebe33e4933 role=api pod=gateway-78cb7fd75f-gnfxw method=POST path=/api/transcriptions status=200 durationMs=686
[pod/gateway-78cb7fd75f-gnfxw/gateway] 2026-10-05T23:52:12.791+00:00 INFO  http.request requestId=588f6c80-9e9d-4e0d-9cc9-c61bb1c1035a role=api pod=gateway-78cb7fd75f-gnfxw method=GET path=/api/data/sessions status=200 durationMs=1
[pod/gateway-78cb7fd75f-gnfxw/gateway] 2026-10-05T23:52:12.792+00:00 INFO  http.request requestId=20302553-5c40-410b-9da2-f7a585978104 role=api pod=gateway-78cb7fd75f-gnfxw method=POST path=/api/translations status=200 durationMs=254
[pod/gateway-78cb7fd75f-gnfxw/gateway] 2026-10-05T23:52:12.801+00:00 INFO  http.request requestId=870551d3-5bbe-46be-8171-d20c8116eda6 role=api pod=gateway-78cb7fd75f-gnfxw method=POST path=/api/translations status=200 durationMs=363
[pod/gateway-78cb7fd75f-gnfxw/gateway] 2026-10-05T23:52:12.817+00:00 INFO  http.request requestId=8ca02fef-307d-4a4c-930a-5e35e9e0da97 role=api pod=gateway-78cb7fd75f-gnfxw method=POST path=/api/transcriptions status=200 durationMs=802
[pod/gateway-78cb7fd75f-gnfxw/gateway] 2026-10-05T23:52:12.818+00:00 INFO  http.request requestId=0622eaa6-12a4-4f29-820f-3fb21a9ceedd role=api pod=gateway-78cb7fd75f-gnfxw method=POST path=/api/transcriptions status=200 durationMs=489
[pod/gateway-78cb7fd75f-gnfxw/gateway] 2026-10-05T23:52:12.826+00:00 INFO  http.request requestId=40f9864e-2803-4672-9c2b-552727990d8a role=api pod=gateway-78cb7fd75f-gnfxw method=POST path=/api/translations status=200 durationMs=209
[pod/gateway-78cb7fd75f-gnfxw/gateway] 2026-10-05T23:52:12.856+00:00 INFO  http.request requestId=3b2fc3f1-f74c-48bb-a37e-4632f144dd79 role=api pod=gateway-78cb7fd75f-gnfxw method=POST path=/api/transcriptions status=200 durationMs=796
[pod/gateway-78cb7fd75f-gnfxw/gateway] 2026-10-05T23:52:12.879+00:00 INFO  http.request requestId=b59ab854-6940-4aea-b3ba-14f50f8ed45e role=api pod=gateway-78cb7fd75f-gnfxw method=POST path=/api/transcriptions status=200 durationMs=594
[pod/gateway-78cb7fd75f-gnfxw/gateway] 2026-10-05T23:52:12.893+00:00 INFO  http.request requestId=fc97d478-587b-4d07-8146-debcd88d77f8 role=api pod=gateway-78cb7fd75f-gnfxw method=POST path=/api/transcriptions status=200 durationMs=774
[pod/gateway-78cb7fd75f-gnfxw/gateway] 2026-10-05T23:52:12.896+00:00 INFO  http.request requestId=06b50b7b-e203-494d-90b1-905246b1bdc3 role=api pod=gateway-78cb7fd75f-gnfxw method=POST path=/api/transcriptions status=200 durationMs=490
[pod/gateway-78cb7fd75f-gnfxw/gateway] 2026-10-05T23:52:12.901+00:00 INFO  http.request requestId=7c801635-e430-4b20-9d98-1107edad3a66 role=api pod=gateway-78cb7fd75f-gnfxw method=POST path=/api/translations status=200 durationMs=249
[pod/gateway-78cb7fd75f-gnfxw/gateway] 2026-10-05T23:52:12.919+00:00 INFO  http.request requestId=264e2231-f4cf-45c9-a658-be47eb8610ea role=api pod=gateway-78cb7fd75f-gnfxw method=POST path=/api/transcriptions status=200 durationMs=529
[pod/gateway-78cb7fd75f-gnfxw/gateway] 2026-10-05T23:52:12.927+00:00 INFO  http.request requestId=74cd7009-1b67-4574-83d0-f785fa063985 role=api pod=gateway-78cb7fd75f-gnfxw method=POST path=/api/translations status=200 durationMs=287
[pod/gateway-78cb7fd75f-gnfxw/gateway] 2026-10-05T23:52:12.931+00:00 INFO  http.request requestId=0ec1db82-d9d5-4da3-8f7e-a5ed2812d980 role=api pod=gateway-78cb7fd75f-gnfxw method=POST path=/api/transcriptions status=200 durationMs=691
[pod/gateway-78cb7fd75f-gnfxw/gateway] 2026-10-05T23:52:12.933+00:00 INFO  http.request requestId=b9e942ed-50d3-461b-b3c9-080314630f2e role=api pod=gateway-78cb7fd75f-gnfxw method=POST path=/api/translations status=200 durationMs=355
[pod/gateway-78cb7fd75f-gnfxw/gateway] 2026-10-05T23:52:12.952+00:00 INFO  http.request requestId=f56a3e2e-85c7-43eb-a8cd-7bfdbcfd12cb role=api pod=gateway-78cb7fd75f-gnfxw method=POST path=/api/translations status=200 durationMs=214
[pod/gateway-78cb7fd75f-gnfxw/gateway] 2026-10-05T23:52:12.973+00:00 INFO  http.request requestId=42e90413-150f-40d1-9832-0b33feca5a7f role=api pod=gateway-78cb7fd75f-gnfxw method=POST path=/api/transcriptions status=200 durationMs=539
[pod/gateway-78cb7fd75f-gnfxw/gateway] 2026-10-05T23:52:13.065+00:00 INFO  http.request requestId=d1d144de-3690-4e28-94fb-2434913f1a0d role=api pod=gateway-78cb7fd75f-gnfxw method=POST path=/api/translations status=200 durationMs=350
[pod/gateway-78cb7fd75f-gnfxw/gateway] 2026-10-05T23:52:13.071+00:00 INFO  http.request requestId=4886e04a-d4a6-4de9-bf81-7f9e3a0f2d5e role=api pod=gateway-78cb7fd75f-gnfxw method=POST path=/api/transcriptions status=200 durationMs=518
[pod/gateway-78cb7fd75f-gnfxw/gateway] 2026-10-05T23:52:13.090+00:00 INFO  http.request requestId=6b1b0344-c27f-490c-88b6-6d6665702391 role=api pod=gateway-78cb7fd75f-gnfxw method=POST path=/api/transcriptions status=200 durationMs=475
[pod/gateway-78cb7fd75f-gnfxw/gateway] 2026-10-05T23:52:13.090+00:00 INFO  http.request requestId=c39ed089-1b02-4b67-ba0c-f2d7c41f9f8b role=api pod=gateway-78cb7fd75f-gnfxw method=POST path=/api/translations status=200 durationMs=361
[pod/gateway-78cb7fd75f-gnfxw/gateway] 2026-10-05T23:52:13.127+00:00 INFO  http.request requestId=4607a869-9d10-4e2a-9557-ed9d4348b715 role=api pod=gateway-78cb7fd75f-gnfxw method=POST path=/api/translations status=200 durationMs=351
[pod/gateway-78cb7fd75f-gnfxw/gateway] 2026-10-05T23:52:13.174+00:00 INFO  http.request requestId=f0c0690a-4573-41a9-904a-bf2d04e04016 role=api pod=gateway-78cb7fd75f-gnfxw method=POST path=/api/translations status=200 durationMs=356
[pod/gateway-78cb7fd75f-gnfxw/gateway] 2026-10-05T23:52:13.200+00:00 INFO  http.request requestId=154b8e80-3994-4b3c-a1ac-8957243c84ea role=api pod=gateway-78cb7fd75f-gnfxw method=POST path=/api/transcriptions status=200 durationMs=616
[pod/gateway-78cb7fd75f-gnfxw/gateway] 2026-10-05T23:52:13.248+00:00 INFO  http.request requestId=6e815122-dd17-4b6e-9c2a-58b19412169c role=api pod=gateway-78cb7fd75f-gnfxw method=POST path=/api/transcriptions status=200 durationMs=784
[pod/gateway-78cb7fd75f-gnfxw/gateway] 2026-10-05T23:52:13.252+00:00 INFO  http.request requestId=24453a0c-50e6-4f9a-8a9b-11696504f8e5 role=api pod=gateway-78cb7fd75f-gnfxw method=POST path=/api/translations status=200 durationMs=355
[pod/gateway-78cb7fd75f-gnfxw/gateway] 2026-10-05T23:52:13.252+00:00 INFO  http.request requestId=acab61b0-3817-4ab5-a08f-47a9e4cfb11f role=api pod=gateway-78cb7fd75f-gnfxw method=POST path=/api/transcriptions status=200 durationMs=577
[pod/gateway-78cb7fd75f-gnfxw/gateway] 2026-10-05T23:52:13.253+00:00 INFO  http.request requestId=c30c0152-4883-4541-a6d6-7d07b024e32e role=api pod=gateway-78cb7fd75f-gnfxw method=POST path=/api/transcriptions status=200 durationMs=683
[pod/gateway-78cb7fd75f-gnfxw/gateway] 2026-10-05T23:52:13.255+00:00 INFO  http.request requestId=80d629bb-ce9c-49b8-a633-c8d2ec920b6a role=api pod=gateway-78cb7fd75f-gnfxw method=POST path=/api/translations status=200 durationMs=365
[pod/gateway-78cb7fd75f-gnfxw/gateway] 2026-10-05T23:52:13.264+00:00 INFO  http.request requestId=93602949-352b-4fbc-864d-1aae091f13df role=api pod=gateway-78cb7fd75f-gnfxw method=POST path=/api/translations status=200 durationMs=345
[pod/gateway-78cb7fd75f-gnfxw/gateway] 2026-10-05T23:52:13.284+00:00 INFO  http.request requestId=8aa7719c-8ff0-4009-add7-26fd21051856 role=api pod=gateway-78cb7fd75f-gnfxw method=POST path=/api/translations status=200 durationMs=374
[pod/gateway-78cb7fd75f-gnfxw/gateway] 2026-10-05T23:52:13.292+00:00 INFO  http.request requestId=0cb43a22-b3fe-4914-8bcb-36681813e431 role=api pod=gateway-78cb7fd75f-gnfxw method=POST path=/api/translations status=200 durationMs=361
[pod/gateway-78cb7fd75f-gnfxw/gateway] 2026-10-05T23:52:13.297+00:00 INFO  http.request requestId=d0787b3a-24aa-42d2-8658-7bd24a3b1062 role=api pod=gateway-78cb7fd75f-gnfxw method=POST path=/api/transcriptions status=200 durationMs=411
[pod/gateway-78cb7fd75f-gnfxw/gateway] 2026-10-05T23:52:13.317+00:00 INFO  http.request requestId=0a3541b2-b09b-49dc-ad85-5fd2912af944 role=api pod=gateway-78cb7fd75f-gnfxw method=POST path=/api/transcriptions status=200 durationMs=522
[pod/gateway-78cb7fd75f-gnfxw/gateway] 2026-10-05T23:52:13.323+00:00 INFO  http.request requestId=356ade17-c411-4089-9a6a-437e78b3f314 role=api pod=gateway-78cb7fd75f-gnfxw method=POST path=/api/translations status=200 durationMs=374
[pod/gateway-78cb7fd75f-gnfxw/gateway] 2026-10-05T23:52:13.362+00:00 INFO  http.request requestId=bfaca25a-0ec8-471b-936d-ecc8dab47211 role=api pod=gateway-78cb7fd75f-gnfxw method=POST path=/api/transcriptions status=200 durationMs=552
[pod/gateway-78cb7fd75f-gnfxw/gateway] 2026-10-05T23:52:13.363+00:00 INFO  http.request requestId=c5467077-39b1-48c3-bdaa-ff9fb3241926 role=api pod=gateway-78cb7fd75f-gnfxw method=POST path=/api/translations status=200 durationMs=291
[pod/gateway-78cb7fd75f-gnfxw/gateway] 2026-10-05T23:52:13.372+00:00 INFO  http.request requestId=ff8bcecd-aae5-494b-8822-e4471468fa94 role=api pod=gateway-78cb7fd75f-gnfxw method=POST path=/api/transcriptions status=200 durationMs=772
[pod/gateway-78cb7fd75f-gnfxw/gateway] 2026-10-05T23:52:13.410+00:00 INFO  http.request requestId=65075ac1-51bd-4d41-9827-ea168a94e236 role=api pod=gateway-78cb7fd75f-gnfxw method=POST path=/api/transcriptions status=200 durationMs=720
[pod/gateway-78cb7fd75f-gnfxw/gateway] 2026-10-05T23:52:13.414+00:00 INFO  http.request requestId=d480f566-b5ac-415a-bbd2-c6a34c2896fa role=api pod=gateway-78cb7fd75f-gnfxw method=POST path=/api/translations status=200 durationMs=324
[pod/gateway-78cb7fd75f-gnfxw/gateway] 2026-10-05T23:52:13.427+00:00 INFO  http.request requestId=27042beb-407c-4bec-bfd0-9626a8bc897e role=api pod=gateway-78cb7fd75f-gnfxw method=POST path=/api/transcriptions status=200 durationMs=663
[pod/gateway-78cb7fd75f-gnfxw/gateway] 2026-10-05T23:52:13.435+00:00 INFO  http.request requestId=a11e86f1-a307-41b8-964a-6d765088f867 role=api pod=gateway-78cb7fd75f-gnfxw method=POST path=/api/translations status=200 durationMs=337
[pod/gateway-78cb7fd75f-gnfxw/gateway] 2026-10-05T23:52:13.473+00:00 INFO  http.request requestId=59d8d39b-d815-43fc-96ce-764edfe01f07 role=api pod=gateway-78cb7fd75f-gnfxw method=POST path=/api/translations status=200 durationMs=221
[pod/gateway-78cb7fd75f-gnfxw/gateway] 2026-10-05T23:52:13.474+00:00 INFO  http.request requestId=b302c6d4-ed01-4916-ae2e-07505bd61ddf role=api pod=gateway-78cb7fd75f-gnfxw method=POST path=/api/transcriptions status=200 durationMs=739
[pod/gateway-78cb7fd75f-gnfxw/gateway] 2026-10-05T23:52:13.488+00:00 INFO  http.request requestId=780d3e12-e0a7-4f5a-bc24-64a61d0f10b8 role=api pod=gateway-78cb7fd75f-gnfxw method=POST path=/api/transcriptions status=200 durationMs=663
[pod/gateway-78cb7fd75f-gnfxw/gateway] 2026-10-05T23:52:13.524+00:00 INFO  http.request requestId=488121a9-dc9f-4ef4-830f-93c322efca51 role=api pod=gateway-78cb7fd75f-gnfxw method=POST path=/api/translations status=200 durationMs=315
[pod/gateway-78cb7fd75f-gnfxw/gateway] 2026-10-05T23:52:13.531+00:00 INFO  http.request requestId=263e4436-8265-4f15-86c2-b8b4c13d4aa2 role=api pod=gateway-78cb7fd75f-gnfxw method=POST path=/api/translations status=200 durationMs=318
[pod/gateway-78cb7fd75f-gnfxw/gateway] 2026-10-05T23:52:13.534+00:00 INFO  http.request requestId=870fe83d-c212-4875-9693-fdecf607497c role=api pod=gateway-78cb7fd75f-gnfxw method=POST path=/api/transcriptions status=200 durationMs=664
[pod/gateway-78cb7fd75f-gnfxw/gateway] 2026-10-05T23:52:13.547+00:00 INFO  http.request requestId=634d31a9-669b-49e6-a171-6f552cac9137 role=api pod=gateway-78cb7fd75f-gnfxw method=POST path=/api/translations status=200 durationMs=249
[pod/gateway-78cb7fd75f-gnfxw/gateway] 2026-10-05T23:52:13.579+00:00 INFO  http.request requestId=19038531-a630-4f12-a96b-cbf41049798a role=api pod=gateway-78cb7fd75f-gnfxw method=POST path=/api/transcriptions status=200 durationMs=679
[pod/gateway-78cb7fd75f-gnfxw/gateway] 2026-10-05T23:52:13.585+00:00 INFO  http.request requestId=817b4674-72c5-4231-a29b-a636eb48f881 role=api pod=gateway-78cb7fd75f-gnfxw method=POST path=/api/translations status=200 durationMs=268
[pod/gateway-78cb7fd75f-gnfxw/gateway] 2026-10-05T23:52:13.606+00:00 INFO  http.request requestId=982f803b-fac1-44e8-bb0d-6ff3064974d4 role=api pod=gateway-78cb7fd75f-gnfxw method=POST path=/api/translations status=200 durationMs=233
[pod/gateway-78cb7fd75f-gnfxw/gateway] 2026-10-05T23:52:13.619+00:00 INFO  http.request requestId=224f59b3-c353-4760-ba2d-d96d6ad46c30 role=api pod=gateway-78cb7fd75f-gnfxw method=POST path=/api/translations status=200 durationMs=366
[pod/gateway-78cb7fd75f-gnfxw/gateway] 2026-10-05T23:52:13.651+00:00 INFO  http.request requestId=d8c67527-e15f-43b4-98c8-63fba489bf3a role=api pod=gateway-78cb7fd75f-gnfxw method=POST path=/api/transcriptions status=200 durationMs=797
[pod/gateway-78cb7fd75f-gnfxw/gateway] 2026-10-05T23:52:13.672+00:00 INFO  http.request requestId=bc8650e9-1aed-4a7e-b5b0-2f298d6d7f99 role=api pod=gateway-78cb7fd75f-gnfxw method=POST path=/api/translations status=200 durationMs=251
[pod/gateway-78cb7fd75f-gnfxw/gateway] 2026-10-05T23:52:13.676+00:00 INFO  http.request requestId=888b859d-5897-4a50-9018-a8ef5be4fd75 role=api pod=gateway-78cb7fd75f-gnfxw method=POST path=/api/transcriptions status=200 durationMs=716
[pod/gateway-78cb7fd75f-gnfxw/gateway] 2026-10-05T23:52:13.689+00:00 INFO  http.request requestId=55dace8e-934d-4686-8038-a233a0a223d1 role=api pod=gateway-78cb7fd75f-gnfxw method=POST path=/api/transcriptions status=200 durationMs=743
[pod/gateway-78cb7fd75f-gnfxw/gateway] 2026-10-05T23:52:13.710+00:00 INFO  http.request requestId=4148f522-0e89-4a54-9e28-42514136e7a9 role=api pod=gateway-78cb7fd75f-gnfxw method=POST path=/api/transcriptions status=200 durationMs=736
[pod/gateway-78cb7fd75f-gnfxw/gateway] 2026-10-05T23:52:13.712+00:00 INFO  http.request requestId=85840936-d573-4b9e-bf6d-fc9acb7eddac role=api pod=gateway-78cb7fd75f-gnfxw method=POST path=/api/transcriptions status=200 durationMs=12003
[pod/gateway-78cb7fd75f-gnfxw/gateway] 2026-10-05T23:52:13.716+00:00 INFO  http.request requestId=6a7c34ee-67fd-49f5-9646-4422b9a2cb96 role=api pod=gateway-78cb7fd75f-gnfxw method=POST path=/api/translations status=200 durationMs=346
[pod/gateway-78cb7fd75f-gnfxw/gateway] 2026-10-05T23:52:13.724+00:00 INFO  http.request requestId=5d2fdd31-24e2-4b98-a65d-05042f65e11e role=api pod=gateway-78cb7fd75f-gnfxw method=POST path=/api/translations status=200 durationMs=250
[pod/gateway-78cb7fd75f-gnfxw/gateway] 2026-10-05T23:52:13.809+00:00 INFO  http.request requestId=32000a3f-5397-4e94-987e-c3d94822575b role=api pod=gateway-78cb7fd75f-gnfxw method=POST path=/api/translations status=200 durationMs=379
[pod/gateway-78cb7fd75f-gnfxw/gateway] 2026-10-05T23:52:13.900+00:00 INFO  http.request requestId=b486e064-1118-4e20-8e0e-0c8e388a035a role=api pod=gateway-78cb7fd75f-gnfxw method=POST path=/api/translations status=200 durationMs=210
[pod/gateway-78cb7fd75f-gnfxw/gateway] 2026-10-05T23:52:13.911+00:00 INFO  http.request requestId=4868c5bd-b3d4-4b61-a009-ea452a14b0e2 role=api pod=gateway-78cb7fd75f-gnfxw method=POST path=/api/translations status=200 durationMs=205
[pod/gateway-78cb7fd75f-gnfxw/gateway] 2026-10-05T23:52:13.977+00:00 INFO  http.request requestId=f8856f84-0b51-451d-bb40-269312b651b5 role=api pod=gateway-78cb7fd75f-gnfxw method=POST path=/api/translations status=200 durationMs=268
[pod/gateway-78cb7fd75f-gnfxw/gateway] 2026-10-05T23:52:13.979+00:00 INFO  http.request requestId=704f1a5d-bb8e-4d31-ac50-c004c9dc9968 role=api pod=gateway-78cb7fd75f-gnfxw method=POST path=/api/translations status=200 durationMs=274
[pod/gateway-78cb7fd75f-gnfxw/gateway] 2026-10-05T23:52:13.999+00:00 INFO  http.request requestId=c567fb0e-739c-4c26-8a76-8359acda3eac role=api pod=gateway-78cb7fd75f-gnfxw method=POST path=/api/translations status=200 durationMs=226
[pod/gateway-78cb7fd75f-gnfxw/gateway] 2026-10-05T23:52:14.015+00:00 INFO  http.request requestId=f4205a7c-631f-4904-82e5-9f54ad150eb6 role=api pod=gateway-78cb7fd75f-gnfxw method=POST path=/api/translations status=200 durationMs=303
[pod/gateway-78cb7fd75f-gnfxw/gateway] 2026-10-05T23:52:15.216+00:00 INFO  http.request requestId=b98277e4-8f07-4e4b-a618-5794011dd653 role=api pod=gateway-78cb7fd75f-gnfxw method=POST path=/api/transcriptions status=200 durationMs=12006
[pod/gateway-78cb7fd75f-gnfxw/gateway] 2026-10-05T23:52:15.932+00:00 INFO  http.request requestId=2f306c53-ac70-40d4-8c67-b12537c8ce2c role=api pod=gateway-78cb7fd75f-gnfxw method=POST path=/api/translations status=200 durationMs=3009
[pod/gateway-78cb7fd75f-gnfxw/gateway] 2026-10-05T23:52:21.219+00:00 INFO  http.request requestId=1172536b-89b8-4949-a1f0-6b62d5b76ca9 role=api pod=gateway-78cb7fd75f-gnfxw method=POST path=/api/transcriptions status=200 durationMs=12010
[pod/gateway-78cb7fd75f-gnfxw/gateway] 2026-10-05T23:52:22.720+00:00 INFO  http.request requestId=b8826cc2-a394-4e83-aa66-b8bb283c73ba role=api pod=gateway-78cb7fd75f-gnfxw method=POST path=/api/transcriptions status=200 durationMs=12011
[pod/gateway-78cb7fd75f-gnfxw/gateway] 2026-10-05T23:52:24.221+00:00 INFO  http.request requestId=666ee5c9-e1f0-4d3a-a70c-b61a4fd1bada role=api pod=gateway-78cb7fd75f-gnfxw method=POST path=/api/transcriptions status=200 durationMs=12012
