[pod/gateway-844b974576-rkm4f/gateway] 2026-10-05T23:42:47.818+00:00 INFO  http.request requestId=8b34bc2e-ccb6-4bad-a602-47319c84926a role=api pod=gateway-844b974576-rkm4f method=POST path=/api/transcriptions status=200 durationMs=726
[pod/gateway-844b974576-rkm4f/gateway] 2026-10-05T23:42:47.832+00:00 INFO  http.request requestId=ee6679f0-e14b-4e46-bc68-29bd393c3b5b role=api pod=gateway-844b974576-rkm4f method=POST path=/api/transcriptions status=200 durationMs=799
[pod/gateway-844b974576-rkm4f/gateway] 2026-10-05T23:42:47.835+00:00 INFO  http.request requestId=28cb11c4-abda-4347-8dc1-a0ece527e698 role=api pod=gateway-844b974576-rkm4f method=POST path=/api/translations status=200 durationMs=382
[pod/gateway-844b974576-rkm4f/gateway] 2026-10-05T23:42:47.846+00:00 INFO  http.request requestId=011c079a-13b2-4ca6-9b96-9b25228f05bf role=api pod=gateway-844b974576-rkm4f method=POST path=/api/transcriptions status=200 durationMs=768
[pod/gateway-844b974576-rkm4f/gateway] 2026-10-05T23:42:47.851+00:00 INFO  http.request requestId=5d9282f1-66f5-4881-91a1-67bad04f1dea role=api pod=gateway-844b974576-rkm4f method=POST path=/api/transcriptions status=200 durationMs=788
[pod/gateway-844b974576-rkm4f/gateway] 2026-10-05T23:42:47.863+00:00 INFO  http.request requestId=7cc90bfc-1468-4839-870e-b3b8d5a7e118 role=api pod=gateway-844b974576-rkm4f method=POST path=/api/translations status=200 durationMs=313
[pod/gateway-844b974576-rkm4f/gateway] 2026-10-05T23:42:47.866+00:00 INFO  http.request requestId=cb3ed447-2a66-4ced-884b-bfac19f4f0a2 role=api pod=gateway-844b974576-rkm4f method=POST path=/api/translations status=200 durationMs=238
[pod/gateway-844b974576-rkm4f/gateway] 2026-10-05T23:42:47.890+00:00 INFO  http.request requestId=23e5695c-3de6-43f9-aae8-33fc5537639a role=api pod=gateway-844b974576-rkm4f method=POST path=/api/translations status=200 durationMs=284
[pod/gateway-844b974576-rkm4f/gateway] 2026-10-05T23:42:47.890+00:00 INFO  http.request requestId=d243e9c3-f1e4-4b5d-b9f5-1a1d0e6d9fef role=api pod=gateway-844b974576-rkm4f method=POST path=/api/translations status=200 durationMs=348
[pod/gateway-844b974576-rkm4f/gateway] 2026-10-05T23:42:47.901+00:00 INFO  http.request requestId=9093e58e-95d6-4ea0-b2ed-ae27ed85f673 role=api pod=gateway-844b974576-rkm4f method=POST path=/api/transcriptions status=200 durationMs=463
[pod/gateway-844b974576-rkm4f/gateway] 2026-10-05T23:42:47.922+00:00 INFO  http.request requestId=aaa5c18a-f683-4e0e-9968-5150d78fc191 role=api pod=gateway-844b974576-rkm4f method=POST path=/api/transcriptions status=200 durationMs=544
[pod/gateway-844b974576-rkm4f/gateway] 2026-10-05T23:42:47.923+00:00 INFO  http.request requestId=e1644ee2-3958-4623-82ff-b9847365ec57 role=api pod=gateway-844b974576-rkm4f method=POST path=/api/transcriptions status=200 durationMs=756
[pod/gateway-844b974576-rkm4f/gateway] 2026-10-05T23:42:47.929+00:00 INFO  http.request requestId=e00c428f-b909-447f-8c60-c90abd9e2250 role=api pod=gateway-844b974576-rkm4f method=POST path=/api/transcriptions status=200 durationMs=807
[pod/gateway-844b974576-rkm4f/gateway] 2026-10-05T23:42:47.930+00:00 INFO  http.request requestId=de6c96ff-daba-44cd-b81b-8a7b9fc6ab55 role=api pod=gateway-844b974576-rkm4f method=POST path=/api/translations status=200 durationMs=387
[pod/gateway-844b974576-rkm4f/gateway] 2026-10-05T23:42:47.933+00:00 INFO  http.request requestId=bba39674-fa2b-4d41-b291-0919134b2ae4 role=api pod=gateway-844b974576-rkm4f method=POST path=/api/translations status=200 durationMs=248
[pod/gateway-844b974576-rkm4f/gateway] 2026-10-05T23:42:47.975+00:00 INFO  http.request requestId=d5f8c6c8-1b35-4185-9a84-75a1e9cd73a8 role=api pod=gateway-844b974576-rkm4f method=POST path=/api/transcriptions status=200 durationMs=447
[pod/gateway-844b974576-rkm4f/gateway] 2026-10-05T23:42:48.007+00:00 INFO  http.request requestId=2505cbea-58c1-41b1-b276-368ece95ee62 role=api pod=gateway-844b974576-rkm4f method=POST path=/api/transcriptions status=200 durationMs=599
[pod/gateway-844b974576-rkm4f/gateway] 2026-10-05T23:42:48.007+00:00 INFO  http.request requestId=65b89035-2711-468c-9da4-b3105d2f0277 role=api pod=gateway-844b974576-rkm4f method=POST path=/api/translations status=200 durationMs=299
[pod/gateway-844b974576-rkm4f/gateway] 2026-10-05T23:42:48.028+00:00 INFO  http.request requestId=3e702ddb-b476-4b79-86ec-e7655968c708 role=api pod=gateway-844b974576-rkm4f method=POST path=/api/transcriptions status=200 durationMs=411
[pod/gateway-844b974576-rkm4f/gateway] 2026-10-05T23:42:48.034+00:00 INFO  http.request requestId=a8ca1a02-3c36-41b9-b278-b2d62be337cc role=api pod=gateway-844b974576-rkm4f method=POST path=/api/transcriptions status=200 durationMs=671
[pod/gateway-844b974576-rkm4f/gateway] 2026-10-05T23:42:48.034+00:00 INFO  http.request requestId=0e42617d-7049-445d-83c5-3070c9a3cb67 role=api pod=gateway-844b974576-rkm4f method=POST path=/api/transcriptions status=200 durationMs=446
[pod/gateway-844b974576-rkm4f/gateway] 2026-10-05T23:42:48.043+00:00 INFO  http.request requestId=b7a32394-a6c5-4247-ad92-9a15a5e27e19 role=api pod=gateway-844b974576-rkm4f method=POST path=/api/translations status=200 durationMs=314
[pod/gateway-844b974576-rkm4f/gateway] 2026-10-05T23:42:48.050+00:00 INFO  http.request requestId=f447c36b-125f-4325-bbcc-d6f073bb20d1 role=api pod=gateway-844b974576-rkm4f method=POST path=/api/translations status=200 durationMs=319
[pod/gateway-844b974576-rkm4f/gateway] 2026-10-05T23:42:48.050+00:00 INFO  http.request requestId=4409fce3-35a5-4e03-abc5-05cfffe15165 role=api pod=gateway-844b974576-rkm4f method=POST path=/api/transcriptions status=200 durationMs=793
[pod/gateway-844b974576-rkm4f/gateway] 2026-10-05T23:42:48.058+00:00 INFO  http.request requestId=db05d1cf-b6cb-4135-ba53-09ad0b34289d role=api pod=gateway-844b974576-rkm4f method=POST path=/api/transcriptions status=200 durationMs=784
[pod/gateway-844b974576-rkm4f/gateway] 2026-10-05T23:42:48.072+00:00 INFO  http.request requestId=8a17b54f-cbcd-4d3c-b338-94063da013e5 role=api pod=gateway-844b974576-rkm4f method=POST path=/api/transcriptions status=200 durationMs=560
[pod/gateway-844b974576-rkm4f/gateway] 2026-10-05T23:42:48.086+00:00 INFO  http.request requestId=e4f6b53d-0110-45d0-bf31-6780dc62c09a role=api pod=gateway-844b974576-rkm4f method=POST path=/api/transcriptions status=200 durationMs=799
[pod/gateway-844b974576-rkm4f/gateway] 2026-10-05T23:42:48.136+00:00 INFO  http.request requestId=c62d29b7-1607-46e0-9aec-2c23a6824a12 role=api pod=gateway-844b974576-rkm4f method=POST path=/api/transcriptions status=200 durationMs=652
[pod/gateway-844b974576-rkm4f/gateway] 2026-10-05T23:42:48.141+00:00 INFO  http.request requestId=078df00a-72e8-4036-a83f-e48dde00447c role=api pod=gateway-844b974576-rkm4f method=POST path=/api/translations status=200 durationMs=290
[pod/gateway-844b974576-rkm4f/gateway] 2026-10-05T23:42:48.145+00:00 INFO  http.request requestId=4f65fb50-3e8d-4d70-8a4a-dec4ea1c0e7f role=api pod=gateway-844b974576-rkm4f method=POST path=/api/translations status=200 durationMs=326
[pod/gateway-844b974576-rkm4f/gateway] 2026-10-05T23:42:48.146+00:00 INFO  http.request requestId=3f759536-e1bf-4d53-a077-ddf22f1c8de1 role=api pod=gateway-844b974576-rkm4f method=POST path=/api/transcriptions status=200 durationMs=798
[pod/gateway-844b974576-rkm4f/gateway] 2026-10-05T23:42:48.155+00:00 INFO  http.request requestId=eeceb657-0a40-488c-941c-7ecc324c7a9e role=api pod=gateway-844b974576-rkm4f method=POST path=/api/translations status=200 durationMs=253
[pod/gateway-844b974576-rkm4f/gateway] 2026-10-05T23:42:48.159+00:00 INFO  http.request requestId=22ede845-61dd-4b7b-932c-826aff4e4863 role=api pod=gateway-844b974576-rkm4f method=POST path=/api/transcriptions status=200 durationMs=437
[pod/gateway-844b974576-rkm4f/gateway] 2026-10-05T23:42:48.163+00:00 INFO  http.request requestId=9d49288b-6041-4e9c-9646-2b01b7ed24cf role=api pod=gateway-844b974576-rkm4f method=POST path=/api/translations status=200 durationMs=234
[pod/gateway-844b974576-rkm4f/gateway] 2026-10-05T23:42:48.163+00:00 INFO  http.request requestId=2e9dda63-625a-4474-9168-6e512f418e10 role=api pod=gateway-844b974576-rkm4f method=POST path=/api/translations status=200 durationMs=215
[pod/gateway-844b974576-rkm4f/gateway] 2026-10-05T23:42:48.180+00:00 INFO  http.request requestId=80c3f39d-296d-4b20-87d4-a10db99c4c4f role=api pod=gateway-844b974576-rkm4f method=POST path=/api/transcriptions status=200 durationMs=786
[pod/gateway-844b974576-rkm4f/gateway] 2026-10-05T23:42:48.210+00:00 INFO  http.request requestId=8ed6455d-8d63-4733-81c5-e79cf6e4ef6a role=api pod=gateway-844b974576-rkm4f method=POST path=/api/transcriptions status=200 durationMs=651
[pod/gateway-844b974576-rkm4f/gateway] 2026-10-05T23:42:48.225+00:00 INFO  http.request requestId=cf625a24-32e7-4913-96b5-e5ba97d2bcf7 role=api pod=gateway-844b974576-rkm4f method=POST path=/api/translations status=200 durationMs=285
[pod/gateway-844b974576-rkm4f/gateway] 2026-10-05T23:42:48.233+00:00 INFO  http.request requestId=59aaf936-8a72-4ae0-9b02-79d5987bcac7 role=api pod=gateway-844b974576-rkm4f method=POST path=/api/transcriptions status=200 durationMs=735
[pod/gateway-844b974576-rkm4f/gateway] 2026-10-05T23:42:48.240+00:00 INFO  http.request requestId=cbb8b566-0ae7-4c92-8c3b-6a3d1079846b role=api pod=gateway-844b974576-rkm4f method=POST path=/api/translations status=200 durationMs=316
[pod/gateway-844b974576-rkm4f/gateway] 2026-10-05T23:42:48.243+00:00 INFO  http.request requestId=837fa7b4-6bd9-44d6-bdf8-d918e5099482 role=api pod=gateway-844b974576-rkm4f method=POST path=/api/transcriptions status=200 durationMs=701
[pod/gateway-844b974576-rkm4f/gateway] 2026-10-05T23:42:48.245+00:00 INFO  http.request requestId=3f26d00d-9b25-4760-88fd-7c13dbd3b2ec role=api pod=gateway-844b974576-rkm4f method=POST path=/api/translations status=200 durationMs=321
[pod/gateway-844b974576-rkm4f/gateway] 2026-10-05T23:42:48.259+00:00 INFO  http.request requestId=ed612f18-741c-42f5-92d7-f812ad91c9c9 role=api pod=gateway-844b974576-rkm4f method=POST path=/api/translations status=200 durationMs=219
[pod/gateway-844b974576-rkm4f/gateway] 2026-10-05T23:42:48.288+00:00 INFO  http.request requestId=17e9f632-62df-4981-bfc9-36528dbf67a3 role=api pod=gateway-844b974576-rkm4f method=POST path=/api/transcriptions status=200 durationMs=595
[pod/gateway-844b974576-rkm4f/gateway] 2026-10-05T23:42:48.313+00:00 INFO  http.request requestId=5660a0b8-8fd3-462f-aa29-11f2eae6ff1f role=api pod=gateway-844b974576-rkm4f method=POST path=/api/translations status=200 durationMs=278
[pod/gateway-844b974576-rkm4f/gateway] 2026-10-05T23:42:48.315+00:00 INFO  http.request requestId=696f6357-6f9a-428d-8b4b-9cbc87806f44 role=api pod=gateway-844b974576-rkm4f method=POST path=/api/translations status=200 durationMs=257
[pod/gateway-844b974576-rkm4f/gateway] 2026-10-05T23:42:48.342+00:00 INFO  http.request requestId=e75fe530-ec46-49d3-8c5d-ec89b3c68807 role=api pod=gateway-844b974576-rkm4f method=POST path=/api/transcriptions status=200 durationMs=693
[pod/gateway-844b974576-rkm4f/gateway] 2026-10-05T23:42:48.376+00:00 INFO  http.request requestId=caf83286-1f48-4f37-9edb-788348559629 role=api pod=gateway-844b974576-rkm4f method=POST path=/api/translations status=200 durationMs=294
[pod/gateway-844b974576-rkm4f/gateway] 2026-10-05T23:42:48.376+00:00 INFO  http.request requestId=069151f0-b105-42bf-8103-f15dd82e7aa9 role=api pod=gateway-844b974576-rkm4f method=POST path=/api/translations status=200 durationMs=348
[pod/gateway-844b974576-rkm4f/gateway] 2026-10-05T23:42:48.379+00:00 INFO  http.request requestId=d11f05ed-a983-4e6e-b86b-3d167bbd5f87 role=api pod=gateway-844b974576-rkm4f method=POST path=/api/translations status=200 durationMs=344
[pod/gateway-844b974576-rkm4f/gateway] 2026-10-05T23:42:48.407+00:00 INFO  http.request requestId=f738dde3-4073-404a-abe5-8df9939d33cf role=api pod=gateway-844b974576-rkm4f method=POST path=/api/transcriptions status=200 durationMs=519
[pod/gateway-844b974576-rkm4f/gateway] 2026-10-05T23:42:48.415+00:00 INFO  http.request requestId=61f280ec-66e1-4d99-a501-c1fa190d057a role=api pod=gateway-844b974576-rkm4f method=POST path=/api/transcriptions status=200 durationMs=497
[pod/gateway-844b974576-rkm4f/gateway] 2026-10-05T23:42:48.440+00:00 INFO  http.request requestId=dc89d9b6-c62f-4bfc-bf6e-b832f054a905 role=api pod=gateway-844b974576-rkm4f method=POST path=/api/transcriptions status=200 durationMs=612
[pod/gateway-844b974576-rkm4f/gateway] 2026-10-05T23:42:48.457+00:00 INFO  http.request requestId=b40c449d-5424-4c38-80ab-9ea6f22bb8d4 role=api pod=gateway-844b974576-rkm4f method=POST path=/api/transcriptions status=200 durationMs=644
[pod/gateway-844b974576-rkm4f/gateway] 2026-10-05T23:42:48.465+00:00 INFO  http.request requestId=a7635862-407a-4a69-8c43-8dfe893b947d role=api pod=gateway-844b974576-rkm4f method=POST path=/api/transcriptions status=200 durationMs=623
[pod/gateway-844b974576-rkm4f/gateway] 2026-10-05T23:42:48.477+00:00 INFO  http.request requestId=747e654f-a382-412c-aeda-498444c3ce07 role=api pod=gateway-844b974576-rkm4f method=POST path=/api/translations status=200 durationMs=331
[pod/gateway-844b974576-rkm4f/gateway] 2026-10-05T23:42:48.481+00:00 INFO  http.request requestId=419d39cd-f247-4a95-9713-d5b2fca4716a role=api pod=gateway-844b974576-rkm4f method=POST path=/api/transcriptions status=200 durationMs=578
[pod/gateway-844b974576-rkm4f/gateway] 2026-10-05T23:42:48.500+00:00 INFO  http.request requestId=b0a41e53-57c8-4d87-abf8-dc17674ca7c7 role=api pod=gateway-844b974576-rkm4f method=POST path=/api/transcriptions status=200 durationMs=702
[pod/gateway-844b974576-rkm4f/gateway] 2026-10-05T23:42:48.536+00:00 INFO  http.request requestId=652e5150-9876-47d9-8eba-ce316c8293b8 role=api pod=gateway-844b974576-rkm4f method=POST path=/api/translations status=200 durationMs=312
[pod/gateway-844b974576-rkm4f/gateway] 2026-10-05T23:42:48.543+00:00 INFO  http.request requestId=1ecdf9a7-7e91-4322-9c4b-9e999ad86a1a role=api pod=gateway-844b974576-rkm4f method=POST path=/api/translations status=200 durationMs=361
[pod/gateway-844b974576-rkm4f/gateway] 2026-10-05T23:42:48.545+00:00 INFO  http.request requestId=5d264944-6981-4bee-90f1-46343d225599 role=api pod=gateway-844b974576-rkm4f method=POST path=/api/translations status=200 durationMs=312
[pod/gateway-844b974576-rkm4f/gateway] 2026-10-05T23:42:48.546+00:00 INFO  http.request requestId=721371cd-5d86-4610-b064-d20d9c2f5c26 role=api pod=gateway-844b974576-rkm4f method=POST path=/api/translations status=200 durationMs=257
[pod/gateway-844b974576-rkm4f/gateway] 2026-10-05T23:42:48.552+00:00 INFO  http.request requestId=d2f61180-5f72-4543-a5c8-615328be0e59 role=api pod=gateway-844b974576-rkm4f method=POST path=/api/translations status=200 durationMs=359
[pod/gateway-844b974576-rkm4f/gateway] 2026-10-05T23:42:48.552+00:00 INFO  http.request requestId=5e451811-1502-4c19-aef3-7af42ddd4deb role=api pod=gateway-844b974576-rkm4f method=POST path=/api/translations status=200 durationMs=392
[pod/gateway-844b974576-rkm4f/gateway] 2026-10-05T23:42:48.585+00:00 INFO  http.request requestId=e2a84ba3-d92e-46f7-93aa-f5aa7e9bf436 role=api pod=gateway-844b974576-rkm4f method=POST path=/api/translations status=200 durationMs=243
[pod/gateway-844b974576-rkm4f/gateway] 2026-10-05T23:42:48.590+00:00 INFO  http.request requestId=ebfa0866-56c6-4bd7-b5e8-239f9bada686 role=api pod=gateway-844b974576-rkm4f method=POST path=/api/translations status=200 durationMs=311
[pod/gateway-844b974576-rkm4f/gateway] 2026-10-05T23:42:48.611+00:00 INFO  http.request requestId=06bd4266-edb3-40b5-9d57-9304924fa85e role=api pod=gateway-844b974576-rkm4f method=POST path=/api/transcriptions status=200 durationMs=739
[pod/gateway-844b974576-rkm4f/gateway] 2026-10-05T23:42:48.638+00:00 INFO  http.request requestId=b8f2fbc1-e6d8-47cd-9b9d-c05d44887f07 role=api pod=gateway-844b974576-rkm4f method=POST path=/api/translations status=200 durationMs=371
[pod/gateway-844b974576-rkm4f/gateway] 2026-10-05T23:42:48.643+00:00 INFO  http.request requestId=cce7ca00-eb76-4ab0-a3e8-25422d00e628 role=api pod=gateway-844b974576-rkm4f method=POST path=/api/translations status=200 durationMs=399
[pod/gateway-844b974576-rkm4f/gateway] 2026-10-05T23:42:48.663+00:00 INFO  http.request requestId=653f127f-37d1-43c1-9950-6cd038721e60 role=api pod=gateway-844b974576-rkm4f method=POST path=/api/transcriptions status=200 durationMs=731
[pod/gateway-844b974576-rkm4f/gateway] 2026-10-05T23:42:48.676+00:00 INFO  http.request requestId=996605b7-6d35-4807-a2a8-bace6df5afde role=api pod=gateway-844b974576-rkm4f method=POST path=/api/translations status=200 durationMs=347
[pod/gateway-844b974576-rkm4f/gateway] 2026-10-05T23:42:48.688+00:00 INFO  http.request requestId=3b9030a8-a7b0-4581-a525-c9add13bc9dd role=api pod=gateway-844b974576-rkm4f method=POST path=/api/transcriptions status=200 durationMs=711
[pod/gateway-844b974576-rkm4f/gateway] 2026-10-05T23:42:48.705+00:00 INFO  http.request requestId=445d93bb-74ad-408c-a438-bd9e28da1528 role=api pod=gateway-844b974576-rkm4f method=POST path=/api/transcriptions status=200 durationMs=562
[pod/gateway-844b974576-rkm4f/gateway] 2026-10-05T23:42:48.724+00:00 INFO  http.request requestId=e2a2830e-baaf-4271-a63c-a3fe16402029 role=api pod=gateway-844b974576-rkm4f method=POST path=/api/translations status=200 durationMs=316
[pod/gateway-844b974576-rkm4f/gateway] 2026-10-05T23:42:48.740+00:00 INFO  http.request requestId=0403b834-02d9-4f2a-bda6-6c009b17183f role=api pod=gateway-844b974576-rkm4f method=POST path=/api/translations status=200 durationMs=316
[pod/gateway-844b974576-rkm4f/gateway] 2026-10-05T23:42:48.742+00:00 INFO  http.request requestId=c1ee0759-e3aa-4216-8385-757471ef652f role=api pod=gateway-844b974576-rkm4f method=POST path=/api/translations status=200 durationMs=302
[pod/gateway-844b974576-rkm4f/gateway] 2026-10-05T23:42:48.765+00:00 INFO  http.request requestId=fe7c1fe2-6eed-4080-ba33-ba8abac74e10 role=api pod=gateway-844b974576-rkm4f method=POST path=/api/translations status=200 durationMs=264
[pod/gateway-844b974576-rkm4f/gateway] 2026-10-05T23:42:48.792+00:00 INFO  http.request requestId=f7069e03-9d0a-4d59-8b9a-d83ac7cbb9ef role=api pod=gateway-844b974576-rkm4f method=POST path=/api/transcriptions status=200 durationMs=753
[pod/gateway-844b974576-rkm4f/gateway] 2026-10-05T23:42:48.798+00:00 INFO  http.request requestId=a344c5b9-af5c-4f78-9590-658a7c6b531b role=api pod=gateway-844b974576-rkm4f method=POST path=/api/transcriptions status=200 durationMs=699
[pod/gateway-844b974576-rkm4f/gateway] 2026-10-05T23:42:48.798+00:00 INFO  http.request requestId=c4d7d7f7-6d5e-4e19-896a-8cb9eeb7cd84 role=api pod=gateway-844b974576-rkm4f method=POST path=/api/transcriptions status=200 durationMs=639
[pod/gateway-844b974576-rkm4f/gateway] 2026-10-05T23:42:48.812+00:00 INFO  http.request requestId=2eaf8109-d7e6-408a-86c5-80d02dbb9118 role=api pod=gateway-844b974576-rkm4f method=POST path=/api/transcriptions status=200 durationMs=805
[pod/gateway-844b974576-rkm4f/gateway] 2026-10-05T23:42:48.829+00:00 INFO  http.request requestId=e215e13b-7674-4337-97e5-8a92083e30d5 role=api pod=gateway-844b974576-rkm4f method=POST path=/api/transcriptions status=200 durationMs=582
[pod/gateway-844b974576-rkm4f/gateway] 2026-10-05T23:42:48.848+00:00 INFO  http.request requestId=614d033b-7a12-4547-b2cf-d7b87b8b7008 role=api pod=gateway-844b974576-rkm4f method=POST path=/api/transcriptions status=200 durationMs=781
[pod/gateway-844b974576-rkm4f/gateway] 2026-10-05T23:42:48.848+00:00 INFO  http.request requestId=e6dbea3c-e827-41f3-ac8c-d78b61301622 role=api pod=gateway-844b974576-rkm4f method=POST path=/api/transcriptions status=200 durationMs=796
[pod/gateway-844b974576-rkm4f/gateway] 2026-10-05T23:42:48.855+00:00 INFO  http.request requestId=630236fd-9938-4354-b19e-2ab8aaaf78d0 role=api pod=gateway-844b974576-rkm4f method=POST path=/api/translations status=200 durationMs=3003
[pod/gateway-844b974576-rkm4f/gateway] 2026-10-05T23:42:48.860+00:00 INFO  http.request requestId=f4b6f064-7107-4416-b589-95d673e2ac9f role=api pod=gateway-844b974576-rkm4f method=POST path=/api/translations status=200 durationMs=230
[pod/gateway-844b974576-rkm4f/gateway] 2026-10-05T23:42:48.862+00:00 INFO  http.request requestId=0c9c4e83-3b67-4fad-9901-5b61edefbd7d role=api pod=gateway-844b974576-rkm4f method=POST path=/api/transcriptions status=200 durationMs=686
[pod/gateway-844b974576-rkm4f/gateway] 2026-10-05T23:42:48.871+00:00 INFO  http.request requestId=0e7c3011-3aab-4708-ba42-4bfd4ef23d21 role=api pod=gateway-844b974576-rkm4f method=POST path=/api/transcriptions status=200 durationMs=429
[pod/gateway-844b974576-rkm4f/gateway] 2026-10-05T23:42:48.896+00:00 INFO  http.request requestId=d25d5d46-5c94-430f-8351-ee53ddb12d9b role=api pod=gateway-844b974576-rkm4f method=POST path=/api/transcriptions status=200 durationMs=573
[pod/gateway-844b974576-rkm4f/gateway] 2026-10-05T23:42:48.899+00:00 INFO  http.request requestId=250ef334-383a-41de-a4c6-4686591b3cc7 role=api pod=gateway-844b974576-rkm4f method=POST path=/api/translations status=200 durationMs=229
[pod/gateway-844b974576-rkm4f/gateway] 2026-10-05T23:42:48.909+00:00 INFO  http.request requestId=055d872e-fea8-4dd9-972b-4736358b8406 role=api pod=gateway-844b974576-rkm4f method=POST path=/api/transcriptions status=200 durationMs=451
[pod/gateway-844b974576-rkm4f/gateway] 2026-10-05T23:42:48.920+00:00 INFO  http.request requestId=f348795f-12b9-4322-8cbb-4dca4d9c0cf2 role=api pod=gateway-844b974576-rkm4f method=POST path=/api/translations status=200 durationMs=241
[pod/gateway-844b974576-rkm4f/gateway] 2026-10-05T23:42:48.940+00:00 INFO  http.request requestId=483aa7f7-3425-46d1-8058-5b7d87efd22f role=api pod=gateway-844b974576-rkm4f method=POST path=/api/transcriptions status=200 durationMs=570
[pod/gateway-844b974576-rkm4f/gateway] 2026-10-05T23:42:48.945+00:00 INFO  http.request requestId=1b01adad-27f3-4ee9-9e34-18f125969d55 role=api pod=gateway-844b974576-rkm4f method=POST path=/api/transcriptions status=200 durationMs=727
[pod/gateway-844b974576-rkm4f/gateway] 2026-10-05T23:42:48.947+00:00 INFO  http.request requestId=00660233-4ab0-481b-aa4e-8e36a9abcda5 role=api pod=gateway-844b974576-rkm4f method=POST path=/api/translations status=200 durationMs=336
[pod/gateway-844b974576-rkm4f/gateway] 2026-10-05T23:42:48.982+00:00 INFO  http.request requestId=e23d8035-98f0-4134-9c83-1690f01be8fd role=api pod=gateway-844b974576-rkm4f method=POST path=/api/transcriptions status=200 durationMs=509
[pod/gateway-844b974576-rkm4f/gateway] 2026-10-05T23:42:49.010+00:00 INFO  http.request requestId=a91defe0-de4a-4a79-a755-72aa7aab38fd role=api pod=gateway-844b974576-rkm4f method=POST path=/api/translations status=200 durationMs=210
[pod/gateway-844b974576-rkm4f/gateway] 2026-10-05T23:42:49.022+00:00 INFO  http.request requestId=5a09150a-68c2-4d1b-9538-89e4a2306588 role=api pod=gateway-844b974576-rkm4f method=POST path=/api/translations status=200 durationMs=406
[pod/gateway-844b974576-rkm4f/gateway] 2026-10-05T23:42:49.037+00:00 INFO  http.request requestId=6d6bd8eb-37e7-4fb8-9719-ee67f1719a39 role=api pod=gateway-844b974576-rkm4f method=POST path=/api/translations status=200 durationMs=378
[pod/gateway-844b974576-rkm4f/gateway] 2026-10-05T23:42:49.048+00:00 INFO  http.request requestId=096586aa-c92c-433d-9541-ec7ed4eec78a role=api pod=gateway-844b974576-rkm4f method=POST path=/api/transcriptions status=200 durationMs=485
[pod/gateway-844b974576-rkm4f/gateway] 2026-10-05T23:42:49.065+00:00 INFO  http.request requestId=1932751b-53e6-47b2-a268-67966da2e42f role=api pod=gateway-844b974576-rkm4f method=POST path=/api/transcriptions status=200 durationMs=803
[pod/gateway-844b974576-rkm4f/gateway] 2026-10-05T23:42:49.069+00:00 INFO  http.request requestId=907489bb-159d-4022-bcf5-690331da65ad role=api pod=gateway-844b974576-rkm4f method=POST path=/api/translations status=200 durationMs=251
[pod/gateway-844b974576-rkm4f/gateway] 2026-10-05T23:42:49.079+00:00 INFO  http.request requestId=29778582-1215-4e1e-8642-454f1f621a6e role=api pod=gateway-844b974576-rkm4f method=POST path=/api/transcriptions status=200 durationMs=577
[pod/gateway-844b974576-rkm4f/gateway] 2026-10-05T23:42:49.122+00:00 INFO  http.request requestId=df898c8a-51ba-4e5a-b49e-d436f3155938 role=api pod=gateway-844b974576-rkm4f method=POST path=/api/translations status=200 durationMs=328
[pod/gateway-844b974576-rkm4f/gateway] 2026-10-05T23:42:49.130+00:00 INFO  http.request requestId=a4356a85-49d8-46f1-9227-01fd7078fb07 role=api pod=gateway-844b974576-rkm4f method=POST path=/api/translations status=200 durationMs=257
[pod/gateway-844b974576-rkm4f/gateway] 2026-10-05T23:42:49.136+00:00 INFO  http.request requestId=59c84ad1-89ee-480b-b3c8-156edfb987c8 role=api pod=gateway-844b974576-rkm4f method=POST path=/api/translations status=200 durationMs=287
[pod/gateway-844b974576-rkm4f/gateway] 2026-10-05T23:42:49.138+00:00 INFO  http.request requestId=20d33c84-248f-49af-9302-be7309229668 role=api pod=gateway-844b974576-rkm4f method=POST path=/api/translations status=200 durationMs=308
[pod/gateway-844b974576-rkm4f/gateway] 2026-10-05T23:42:49.164+00:00 INFO  http.request requestId=a3dff4b7-a6e7-4a7a-80a2-95fe3593cec0 role=api pod=gateway-844b974576-rkm4f method=POST path=/api/transcriptions status=200 durationMs=782
[pod/gateway-844b974576-rkm4f/gateway] 2026-10-05T23:42:49.171+00:00 INFO  http.request requestId=8d712885-1302-4a86-8ee2-4b5fe32d4122 role=api pod=gateway-844b974576-rkm4f method=POST path=/api/transcriptions status=200 durationMs=563
[pod/gateway-844b974576-rkm4f/gateway] 2026-10-05T23:42:49.180+00:00 INFO  http.request requestId=c76855c7-4fe1-40ce-92f0-312e1a1229b3 role=api pod=gateway-844b974576-rkm4f method=POST path=/api/transcriptions status=200 durationMs=467
[pod/gateway-844b974576-rkm4f/gateway] 2026-10-05T23:42:49.206+00:00 INFO  http.request requestId=f28f50bf-d948-4691-9dbf-8ba4a4c1bd11 role=api pod=gateway-844b974576-rkm4f method=POST path=/api/translations status=200 durationMs=297
[pod/gateway-844b974576-rkm4f/gateway] 2026-10-05T23:42:49.207+00:00 INFO  http.request requestId=a938c51a-aa3f-483c-98cb-05acc90d412e role=api pod=gateway-844b974576-rkm4f method=POST path=/api/transcriptions status=200 durationMs=448
[pod/gateway-844b974576-rkm4f/gateway] 2026-10-05T23:42:49.211+00:00 INFO  http.request requestId=812d2b1e-922b-43ea-aa98-4d9f2b9daf4f role=api pod=gateway-844b974576-rkm4f method=POST path=/api/transcriptions status=200 durationMs=632
[pod/gateway-844b974576-rkm4f/gateway] 2026-10-05T23:42:49.234+00:00 INFO  http.request requestId=869c0c3c-f21f-45a7-b56b-a420a2459987 role=api pod=gateway-844b974576-rkm4f method=POST path=/api/transcriptions status=200 durationMs=716
[pod/gateway-844b974576-rkm4f/gateway] 2026-10-05T23:42:49.243+00:00 INFO  http.request requestId=03507ef0-60c1-4c3b-99a4-1f01344bd64d role=api pod=gateway-844b974576-rkm4f method=POST path=/api/transcriptions status=200 durationMs=754
[pod/gateway-844b974576-rkm4f/gateway] 2026-10-05T23:42:49.246+00:00 INFO  http.request requestId=da735c63-047e-404f-947d-858136fb23ba role=api pod=gateway-844b974576-rkm4f method=POST path=/api/transcriptions status=200 durationMs=653
[pod/gateway-844b974576-rkm4f/gateway] 2026-10-05T23:42:49.264+00:00 INFO  http.request requestId=b59be04b-8563-4c30-a397-f9494cfa4a63 role=api pod=gateway-844b974576-rkm4f method=POST path=/api/translations status=200 durationMs=401
[pod/gateway-844b974576-rkm4f/gateway] 2026-10-05T23:42:49.283+00:00 INFO  http.request requestId=738dc4a0-c728-4cdc-9ab3-39aba96cec57 role=api pod=gateway-844b974576-rkm4f method=POST path=/api/transcriptions status=200 durationMs=630
[pod/gateway-844b974576-rkm4f/gateway] 2026-10-05T23:42:49.291+00:00 INFO  http.request requestId=80205872-c609-4806-bdbc-35863b46a2c2 role=api pod=gateway-844b974576-rkm4f method=POST path=/api/translations status=200 durationMs=242
[pod/gateway-844b974576-rkm4f/gateway] 2026-10-05T23:42:49.298+00:00 INFO  http.request requestId=09f5e0a0-67b9-4fb8-902e-3a285e9ef472 role=api pod=gateway-844b974576-rkm4f method=POST path=/api/translations status=200 durationMs=310
[pod/gateway-844b974576-rkm4f/gateway] 2026-10-05T23:42:49.298+00:00 INFO  http.request requestId=50204d5f-e560-449b-b87d-ee0c8539f69b role=api pod=gateway-844b974576-rkm4f method=POST path=/api/transcriptions status=200 durationMs=436
[pod/gateway-844b974576-rkm4f/gateway] 2026-10-05T23:42:49.305+00:00 INFO  http.request requestId=064b710c-019b-441a-a9c0-0eed33d7d6a5 role=api pod=gateway-844b974576-rkm4f method=POST path=/api/translations status=200 durationMs=364
[pod/gateway-844b974576-rkm4f/gateway] 2026-10-05T23:42:49.320+00:00 INFO  http.request requestId=264c2fb0-bcff-4431-a06f-976c3929a45c role=api pod=gateway-844b974576-rkm4f method=POST path=/api/transcriptions status=200 durationMs=442
[pod/gateway-844b974576-rkm4f/gateway] 2026-10-05T23:42:49.330+00:00 INFO  http.request requestId=be7d3af1-7ae8-4380-ade2-ae33e72110c2 role=api pod=gateway-844b974576-rkm4f method=POST path=/api/transcriptions status=200 durationMs=408
[pod/gateway-844b974576-rkm4f/gateway] 2026-10-05T23:42:49.362+00:00 INFO  http.request requestId=5aa83dff-4a4d-4753-9f02-d52d1a05d29d role=api pod=gateway-844b974576-rkm4f method=POST path=/api/translations status=200 durationMs=228
[pod/gateway-844b974576-rkm4f/gateway] 2026-10-05T23:42:49.364+00:00 INFO  http.request requestId=a0d4a947-5461-497e-b5e5-21494307cec3 role=api pod=gateway-844b974576-rkm4f method=POST path=/api/transcriptions status=200 durationMs=531
[pod/gateway-844b974576-rkm4f/gateway] 2026-10-05T23:42:49.367+00:00 INFO  http.request requestId=df162ce5-e27b-4f74-8ea2-4800103c99e4 role=api pod=gateway-844b974576-rkm4f method=POST path=/api/translations status=200 durationMs=393
[pod/gateway-844b974576-rkm4f/gateway] 2026-10-05T23:42:49.379+00:00 INFO  http.request requestId=07c20cb3-d930-4a77-b71d-8a5746f9a788 role=api pod=gateway-844b974576-rkm4f method=POST path=/api/translations status=200 durationMs=300
[pod/gateway-844b974576-rkm4f/gateway] 2026-10-05T23:42:49.402+00:00 INFO  http.request requestId=c279ecf3-9c2f-4689-808f-b00020bb38a4 role=api pod=gateway-844b974576-rkm4f method=POST path=/api/transcriptions status=200 durationMs=510
[pod/gateway-844b974576-rkm4f/gateway] 2026-10-05T23:42:49.417+00:00 INFO  http.request requestId=f393b1a5-6136-4ad4-a65d-c158e78804a7 role=api pod=gateway-844b974576-rkm4f method=POST path=/api/translations status=200 durationMs=353
[pod/gateway-844b974576-rkm4f/gateway] 2026-10-05T23:42:49.428+00:00 INFO  http.request requestId=650c0f0a-429c-4ae0-acbd-db9717b2a0b4 role=api pod=gateway-844b974576-rkm4f method=POST path=/api/translations status=200 durationMs=217
[pod/gateway-844b974576-rkm4f/gateway] 2026-10-05T23:42:49.455+00:00 INFO  http.request requestId=f9238ddd-c798-48cc-9b62-3fc39184850f role=api pod=gateway-844b974576-rkm4f method=POST path=/api/transcriptions status=200 durationMs=502
[pod/gateway-844b974576-rkm4f/gateway] 2026-10-05T23:42:49.465+00:00 INFO  http.request requestId=361b7839-4e8b-4494-8b35-4eab94c93cda role=api pod=gateway-844b974576-rkm4f method=POST path=/api/translations status=200 durationMs=248
[pod/gateway-844b974576-rkm4f/gateway] 2026-10-05T23:42:49.480+00:00 INFO  http.request requestId=c4d03788-92c0-44b0-993b-d6ccd149f2fe role=api pod=gateway-844b974576-rkm4f method=POST path=/api/transcriptions status=200 durationMs=752
[pod/gateway-844b974576-rkm4f/gateway] 2026-10-05T23:42:49.481+00:00 INFO  http.request requestId=7a5ce370-ccf8-463f-b135-0f1ad5794093 role=api pod=gateway-844b974576-rkm4f method=POST path=/api/transcriptions status=200 durationMs=468
[pod/gateway-844b974576-rkm4f/gateway] 2026-10-05T23:42:49.490+00:00 INFO  http.request requestId=002ac345-3dda-4ae7-8a0c-ad342c626a0e role=api pod=gateway-844b974576-rkm4f method=POST path=/api/transcriptions status=200 durationMs=793
[pod/gateway-844b974576-rkm4f/gateway] 2026-10-05T23:42:49.503+00:00 INFO  http.request requestId=0be82170-bc89-42bb-8cc1-3c5e5460aef4 role=api pod=gateway-844b974576-rkm4f method=POST path=/api/translations status=200 durationMs=331
[pod/gateway-844b974576-rkm4f/gateway] 2026-10-05T23:42:49.511+00:00 INFO  http.request requestId=f78a3f60-fd69-4330-b568-88045c2d6621 role=api pod=gateway-844b974576-rkm4f method=POST path=/api/translations status=200 durationMs=357
[pod/gateway-844b974576-rkm4f/gateway] 2026-10-05T23:42:49.515+00:00 INFO  http.request requestId=423107a5-0b5b-4a81-bb6d-27e44a73667d role=api pod=gateway-844b974576-rkm4f method=POST path=/api/translations status=200 durationMs=231
[pod/gateway-844b974576-rkm4f/gateway] 2026-10-05T23:42:49.516+00:00 INFO  http.request requestId=81d3bd06-6b44-4746-ab82-ec9ab9c44016 role=api pod=gateway-844b974576-rkm4f method=POST path=/api/translations status=200 durationMs=335
[pod/gateway-844b974576-rkm4f/gateway] 2026-10-05T23:42:49.527+00:00 INFO  http.request requestId=77bc07fb-b1e1-4937-b968-e1c0d14c4140 role=api pod=gateway-844b974576-rkm4f method=POST path=/api/transcriptions status=200 durationMs=455
[pod/gateway-844b974576-rkm4f/gateway] 2026-10-05T23:42:49.539+00:00 INFO  http.request requestId=0936696b-916f-4554-97a4-9dd5ffdbb757 role=api pod=gateway-844b974576-rkm4f method=POST path=/api/transcriptions status=200 durationMs=631
[pod/gateway-844b974576-rkm4f/gateway] 2026-10-05T23:42:49.543+00:00 INFO  http.request requestId=d9178d46-fcef-45e6-a561-232b34f57bca role=api pod=gateway-844b974576-rkm4f method=POST path=/api/transcriptions status=200 durationMs=770
[pod/gateway-844b974576-rkm4f/gateway] 2026-10-05T23:42:49.571+00:00 INFO  http.request requestId=cb5661f9-78e2-495f-ae41-0d4ca96b49f0 role=api pod=gateway-844b974576-rkm4f method=POST path=/api/transcriptions status=200 durationMs=529
[pod/gateway-844b974576-rkm4f/gateway] 2026-10-05T23:42:49.571+00:00 INFO  http.request requestId=31e1f414-9ca1-4345-884b-69c23afaffd4 role=api pod=gateway-844b974576-rkm4f method=POST path=/api/transcriptions status=200 durationMs=439
[pod/gateway-844b974576-rkm4f/gateway] 2026-10-05T23:42:49.573+00:00 INFO  http.request requestId=6278a517-f2e3-4048-b9f0-876437b2c22a role=api pod=gateway-844b974576-rkm4f method=POST path=/api/translations status=200 durationMs=274
[pod/gateway-844b974576-rkm4f/gateway] 2026-10-05T23:42:49.577+00:00 INFO  http.request requestId=662446c1-0549-4227-8098-c250c7bfaec9 role=api pod=gateway-844b974576-rkm4f method=POST path=/api/translations status=200 durationMs=257
[pod/gateway-844b974576-rkm4f/gateway] 2026-10-05T23:42:49.587+00:00 INFO  http.request requestId=29dc3041-78ac-4f81-aac0-c3d24c4d79b0 role=api pod=gateway-844b974576-rkm4f method=POST path=/api/translations status=200 durationMs=348
[pod/gateway-844b974576-rkm4f/gateway] 2026-10-05T23:42:49.589+00:00 INFO  http.request requestId=f3c5cff3-6a8c-4bd6-9a36-41fb4f9771b6 role=api pod=gateway-844b974576-rkm4f method=POST path=/api/translations status=200 durationMs=224
[pod/gateway-844b974576-rkm4f/gateway] 2026-10-05T23:42:49.598+00:00 INFO  http.request requestId=26e60cdc-1184-4e30-9428-35f91209206d role=api pod=gateway-844b974576-rkm4f method=POST path=/api/translations status=200 durationMs=352
[pod/gateway-844b974576-rkm4f/gateway] 2026-10-05T23:42:49.601+00:00 INFO  http.request requestId=97102aa8-857d-4646-8618-a5a8f9fd5e47 role=api pod=gateway-844b974576-rkm4f method=POST path=/api/translations status=200 durationMs=262
[pod/gateway-844b974576-rkm4f/gateway] 2026-10-05T23:42:49.614+00:00 INFO  http.request requestId=022f4b9c-d66b-4ddb-a1a2-43c5bcd317b6 role=api pod=gateway-844b974576-rkm4f method=POST path=/api/transcriptions status=200 durationMs=812
[pod/gateway-844b974576-rkm4f/gateway] 2026-10-05T23:42:49.618+00:00 INFO  http.request requestId=48189a13-decc-4ae2-b40c-43aad1462fe9 role=api pod=gateway-844b974576-rkm4f method=POST path=/api/transcriptions status=200 durationMs=12005
[pod/gateway-844b974576-rkm4f/gateway] 2026-10-05T23:42:49.672+00:00 INFO  http.request requestId=7bb68a28-85d0-4dd5-9652-5e935b0c1ab8 role=api pod=gateway-844b974576-rkm4f method=POST path=/api/translations status=200 durationMs=266
[pod/gateway-844b974576-rkm4f/gateway] 2026-10-05T23:42:49.689+00:00 INFO  http.request requestId=a051dda4-b954-4e3d-9446-aa4d5dc3a45c role=api pod=gateway-844b974576-rkm4f method=POST path=/api/transcriptions status=200 durationMs=495
[pod/gateway-844b974576-rkm4f/gateway] 2026-10-05T23:42:49.689+00:00 INFO  http.request requestId=7ae91909-b15e-4158-810e-dada0b684d64 role=api pod=gateway-844b974576-rkm4f method=POST path=/api/translations status=200 durationMs=381
[pod/gateway-844b974576-rkm4f/gateway] 2026-10-05T23:42:49.697+00:00 INFO  http.request requestId=74f15512-f555-4154-b942-17ffb59bf447 role=api pod=gateway-844b974576-rkm4f method=POST path=/api/transcriptions status=200 durationMs=429
[pod/gateway-844b974576-rkm4f/gateway] 2026-10-05T23:42:49.737+00:00 INFO  http.request requestId=a9b0222b-29cd-430d-914f-e6847fb28f3e role=api pod=gateway-844b974576-rkm4f method=POST path=/api/transcriptions status=200 durationMs=680
[pod/gateway-844b974576-rkm4f/gateway] 2026-10-05T23:42:49.746+00:00 INFO  http.request requestId=0589395b-0632-407e-8a08-a5c21a1547b6 role=api pod=gateway-844b974576-rkm4f method=POST path=/api/translations status=200 durationMs=373
[pod/gateway-844b974576-rkm4f/gateway] 2026-10-05T23:42:49.769+00:00 INFO  http.request requestId=d1fc6dba-5101-4aae-9bb0-be771b5cbeba role=api pod=gateway-844b974576-rkm4f method=POST path=/api/translations status=200 durationMs=230
[pod/gateway-844b974576-rkm4f/gateway] 2026-10-05T23:42:49.784+00:00 INFO  http.request requestId=1b83b97a-8cec-4a3b-999b-d077ee6b5c54 role=api pod=gateway-844b974576-rkm4f method=POST path=/api/translations status=200 durationMs=213
[pod/gateway-844b974576-rkm4f/gateway] 2026-10-05T23:42:49.815+00:00 INFO  http.request requestId=1babbc78-630c-4d1e-8453-35a3ce256d2e role=api pod=gateway-844b974576-rkm4f method=POST path=/api/translations status=200 durationMs=332
[pod/gateway-844b974576-rkm4f/gateway] 2026-10-05T23:42:49.817+00:00 INFO  http.request requestId=70a58c13-54dc-4752-8d19-7ca3d2225f6e role=api pod=gateway-844b974576-rkm4f method=POST path=/api/translations status=200 durationMs=336
[pod/gateway-844b974576-rkm4f/gateway] 2026-10-05T23:42:49.817+00:00 INFO  http.request requestId=7fab2536-a38e-4b6e-bd98-4ad1533958f0 role=api pod=gateway-844b974576-rkm4f method=POST path=/api/translations status=200 durationMs=226
[pod/gateway-844b974576-rkm4f/gateway] 2026-10-05T23:42:49.817+00:00 INFO  http.request requestId=65608894-c028-4451-8bdf-c06df51b898e role=api pod=gateway-844b974576-rkm4f method=POST path=/api/translations status=200 durationMs=246
[pod/gateway-844b974576-rkm4f/gateway] 2026-10-05T23:42:49.822+00:00 INFO  http.request requestId=240b9b9a-d854-4203-afc2-00405be52cad role=api pod=gateway-844b974576-rkm4f method=POST path=/api/transcriptions status=200 durationMs=540
[pod/gateway-844b974576-rkm4f/gateway] 2026-10-05T23:42:49.825+00:00 INFO  http.request requestId=6c5d7451-c927-4713-b176-63af62f77510 role=api pod=gateway-844b974576-rkm4f method=POST path=/api/transcriptions status=200 durationMs=738
[pod/gateway-844b974576-rkm4f/gateway] 2026-10-05T23:42:49.830+00:00 INFO  http.request requestId=445dfd3a-c968-4257-b775-0305a33a1a30 role=api pod=gateway-844b974576-rkm4f method=POST path=/api/translations status=200 durationMs=336
[pod/gateway-844b974576-rkm4f/gateway] 2026-10-05T23:42:49.841+00:00 INFO  http.request requestId=de5f3b75-0e10-4f91-a64b-b29521cbdaa2 role=api pod=gateway-844b974576-rkm4f method=POST path=/api/translations status=200 durationMs=222
[pod/gateway-844b974576-rkm4f/gateway] 2026-10-05T23:42:49.868+00:00 INFO  http.request requestId=e85cf42c-f51a-4c8b-9321-d55d87969677 role=api pod=gateway-844b974576-rkm4f method=POST path=/api/transcriptions status=200 durationMs=570
[pod/gateway-844b974576-rkm4f/gateway] 2026-10-05T23:42:49.870+00:00 INFO  http.request requestId=904ca341-c62b-499f-89b8-e62afcf2d6e5 role=api pod=gateway-844b974576-rkm4f method=POST path=/api/translations status=200 durationMs=378
[pod/gateway-844b974576-rkm4f/gateway] 2026-10-05T23:42:49.896+00:00 INFO  http.request requestId=c860af81-5ee8-4897-a660-7fcf93afd5e0 role=api pod=gateway-844b974576-rkm4f method=POST path=/api/translations status=200 durationMs=353
[pod/gateway-844b974576-rkm4f/gateway] 2026-10-05T23:42:49.912+00:00 INFO  http.request requestId=b022843c-923a-47b3-8bb6-703a1e037aae role=api pod=gateway-844b974576-rkm4f method=POST path=/api/transcriptions status=200 durationMs=704
[pod/gateway-844b974576-rkm4f/gateway] 2026-10-05T23:42:49.923+00:00 INFO  http.request requestId=a5a30fc1-7a1a-44b0-aa5b-8a58126d5e8d role=api pod=gateway-844b974576-rkm4f method=POST path=/api/translations status=200 durationMs=395
[pod/gateway-844b974576-rkm4f/gateway] 2026-10-05T23:42:49.929+00:00 INFO  http.request requestId=e8e6d75b-f904-421c-9424-aa41c80cbd54 role=api pod=gateway-844b974576-rkm4f method=POST path=/api/transcriptions status=200 durationMs=407
[pod/gateway-844b974576-rkm4f/gateway] 2026-10-05T23:42:49.954+00:00 INFO  http.request requestId=d534271e-e27c-4923-a626-4be758d18172 role=api pod=gateway-844b974576-rkm4f method=POST path=/api/translations status=200 durationMs=293
[pod/gateway-844b974576-rkm4f/gateway] 2026-10-05T23:42:49.974+00:00 INFO  http.request requestId=104ca25a-f7f0-40a0-ba54-19b39374e252 role=api pod=gateway-844b974576-rkm4f method=POST path=/api/transcriptions status=200 durationMs=795
[pod/gateway-844b974576-rkm4f/gateway] 2026-10-05T23:42:49.996+00:00 INFO  http.request requestId=253f1518-e487-42e0-a5bc-4d5170c3934c role=api pod=gateway-844b974576-rkm4f method=POST path=/api/translations status=200 durationMs=271
[pod/gateway-844b974576-rkm4f/gateway] 2026-10-05T23:42:50.016+00:00 INFO  http.request requestId=93e236b8-177f-4261-a7aa-e5e9c8155e2b role=api pod=gateway-844b974576-rkm4f method=POST path=/api/transcriptions status=200 durationMs=763
[pod/gateway-844b974576-rkm4f/gateway] 2026-10-05T23:42:50.021+00:00 INFO  http.request requestId=856048c1-3a85-4465-985b-3e9f10eea237 role=api pod=gateway-844b974576-rkm4f method=POST path=/api/transcriptions status=200 durationMs=604
[pod/gateway-844b974576-rkm4f/gateway] 2026-10-05T23:42:50.046+00:00 INFO  http.request requestId=f4047728-4911-4e33-8c74-e9462df73899 role=api pod=gateway-844b974576-rkm4f method=POST path=/api/translations status=200 durationMs=349
[pod/gateway-844b974576-rkm4f/gateway] 2026-10-05T23:42:50.058+00:00 INFO  http.request requestId=bb9db3f4-fef6-42d7-b498-4c8769686d45 role=api pod=gateway-844b974576-rkm4f method=POST path=/api/transcriptions status=200 durationMs=669
[pod/gateway-844b974576-rkm4f/gateway] 2026-10-05T23:42:50.087+00:00 INFO  http.request requestId=9ee6d486-82bc-43c2-b25f-a73f2ae8abed role=api pod=gateway-844b974576-rkm4f method=POST path=/api/transcriptions status=200 durationMs=759
[pod/gateway-844b974576-rkm4f/gateway] 2026-10-05T23:42:50.088+00:00 INFO  http.request requestId=e71f5f07-7c15-4d59-9784-44dd6b6eebcb role=api pod=gateway-844b974576-rkm4f method=POST path=/api/transcriptions status=200 durationMs=596
[pod/gateway-844b974576-rkm4f/gateway] 2026-10-05T23:42:50.099+00:00 INFO  http.request requestId=b2b87eec-028d-4268-81fa-df17ee56a0cd role=api pod=gateway-844b974576-rkm4f method=POST path=/api/transcriptions status=200 durationMs=592
[pod/gateway-844b974576-rkm4f/gateway] 2026-10-05T23:42:50.120+00:00 INFO  http.request requestId=a45ea753-01ed-4104-9ab0-8459207da9de role=api pod=gateway-844b974576-rkm4f method=POST path=/api/translations status=200 durationMs=378
[pod/gateway-844b974576-rkm4f/gateway] 2026-10-05T23:42:50.123+00:00 INFO  http.request requestId=3307cbb8-c55e-412f-b936-df53f4a7d8e4 role=api pod=gateway-844b974576-rkm4f method=POST path=/api/transcriptions status=200 durationMs=495
[pod/gateway-844b974576-rkm4f/gateway] 2026-10-05T23:42:50.142+00:00 INFO  http.request requestId=c4d5404d-54f3-48cc-b190-bb285735b00a role=api pod=gateway-844b974576-rkm4f method=POST path=/api/transcriptions status=200 durationMs=559
[pod/gateway-844b974576-rkm4f/gateway] 2026-10-05T23:42:50.173+00:00 INFO  http.request requestId=16d8ebc0-5039-414b-9c46-5e25d986de85 role=api pod=gateway-844b974576-rkm4f method=POST path=/api/translations status=200 durationMs=348
[pod/gateway-844b974576-rkm4f/gateway] 2026-10-05T23:42:50.180+00:00 INFO  http.request requestId=56ce2cc3-c707-4bc4-9d69-d0bbbc31aec6 role=api pod=gateway-844b974576-rkm4f method=POST path=/api/translations status=200 durationMs=250
[pod/gateway-844b974576-rkm4f/gateway] 2026-10-05T23:42:50.187+00:00 INFO  http.request requestId=6ce1f4e4-6dcc-4d2f-8597-3db558debe12 role=api pod=gateway-844b974576-rkm4f method=POST path=/api/translations status=200 durationMs=290
[pod/gateway-844b974576-rkm4f/gateway] 2026-10-05T23:42:50.190+00:00 INFO  http.request requestId=2b7606e7-a12a-4976-91b0-7e62ffb645b5 role=api pod=gateway-844b974576-rkm4f method=POST path=/api/transcriptions status=200 durationMs=653
[pod/gateway-844b974576-rkm4f/gateway] 2026-10-05T23:42:50.209+00:00 INFO  http.request requestId=06829be9-695c-4091-ba3c-bff14cdca46e role=api pod=gateway-844b974576-rkm4f method=POST path=/api/transcriptions status=200 durationMs=760
[pod/gateway-844b974576-rkm4f/gateway] 2026-10-05T23:42:50.213+00:00 INFO  http.request requestId=c505cc7f-6850-41a0-b74c-cce096c2e819 role=api pod=gateway-844b974576-rkm4f method=POST path=/api/translations status=200 durationMs=308
[pod/gateway-844b974576-rkm4f/gateway] 2026-10-05T23:42:50.217+00:00 INFO  http.request requestId=6e243c27-ed0c-4ec3-8c8e-d72c156ca0c9 role=api pod=gateway-844b974576-rkm4f method=POST path=/api/translations status=200 durationMs=395
[pod/gateway-844b974576-rkm4f/gateway] 2026-10-05T23:42:50.232+00:00 INFO  http.request requestId=7041391d-e8a2-4c41-85e7-b076cf70b937 role=api pod=gateway-844b974576-rkm4f method=POST path=/api/translations status=200 durationMs=402
[pod/gateway-844b974576-rkm4f/gateway] 2026-10-05T23:42:50.243+00:00 INFO  http.request requestId=9652ef52-6ffd-4f9d-a48a-4c9c16f84d8c role=api pod=gateway-844b974576-rkm4f method=POST path=/api/transcriptions status=200 durationMs=645
[pod/gateway-844b974576-rkm4f/gateway] 2026-10-05T23:42:50.245+00:00 INFO  http.request requestId=5c310c34-4e22-40dc-a433-2164d9e6fd9a role=api pod=gateway-844b974576-rkm4f method=POST path=/api/transcriptions status=200 durationMs=603
[pod/gateway-844b974576-rkm4f/gateway] 2026-10-05T23:42:50.251+00:00 INFO  http.request requestId=4ece5b84-089d-4dac-8d48-13317b1477c0 role=api pod=gateway-844b974576-rkm4f method=POST path=/api/transcriptions status=200 durationMs=698
[pod/gateway-844b974576-rkm4f/gateway] 2026-10-05T23:42:50.282+00:00 INFO  http.request requestId=7de0eeb4-98c2-463a-9a06-a94ba8be93c4 role=api pod=gateway-844b974576-rkm4f method=POST path=/api/transcriptions status=200 durationMs=564
[pod/gateway-844b974576-rkm4f/gateway] 2026-10-05T23:42:50.290+00:00 INFO  http.request requestId=6c018d5d-2197-4795-9fec-8aa38c0fbb6a role=api pod=gateway-844b974576-rkm4f method=POST path=/api/translations status=200 durationMs=274
[pod/gateway-844b974576-rkm4f/gateway] 2026-10-05T23:42:50.317+00:00 INFO  http.request requestId=3eb5dc38-2014-44e9-b463-251ade09a7a1 role=api pod=gateway-844b974576-rkm4f method=POST path=/api/translations status=200 durationMs=342
[pod/gateway-844b974576-rkm4f/gateway] 2026-10-05T23:42:50.318+00:00 INFO  http.request requestId=a232e307-e527-4acd-abc8-919e26ed6924 role=api pod=gateway-844b974576-rkm4f method=POST path=/api/transcriptions status=200 durationMs=510
[pod/gateway-844b974576-rkm4f/gateway] 2026-10-05T23:42:50.373+00:00 INFO  http.request requestId=bf22c024-dec7-45bc-9144-f79dda853fa2 role=api pod=gateway-844b974576-rkm4f method=POST path=/api/translations status=200 durationMs=3010
[pod/gateway-844b974576-rkm4f/gateway] 2026-10-05T23:42:50.373+00:00 INFO  http.request requestId=83429624-dc99-4470-8b30-c15f4f0b61a6 role=api pod=gateway-844b974576-rkm4f method=POST path=/api/transcriptions status=200 durationMs=521
[pod/gateway-844b974576-rkm4f/gateway] 2026-10-05T23:42:50.381+00:00 INFO  http.request requestId=7e71163b-0592-429e-8572-9a8bc5455a9a role=api pod=gateway-844b974576-rkm4f method=POST path=/api/translations status=200 durationMs=402
[pod/gateway-844b974576-rkm4f/gateway] 2026-10-05T23:42:50.398+00:00 INFO  http.request requestId=c7ead790-ed36-4276-a6fc-a5c88a4ac2d1 role=api pod=gateway-844b974576-rkm4f method=POST path=/api/translations status=200 durationMs=222
[pod/gateway-844b974576-rkm4f/gateway] 2026-10-05T23:42:50.416+00:00 INFO  http.request requestId=635bb76d-43d4-44a1-ac7a-e427d60abdaa role=api pod=gateway-844b974576-rkm4f method=POST path=/api/translations status=200 durationMs=283
[pod/gateway-844b974576-rkm4f/gateway] 2026-10-05T23:42:50.437+00:00 INFO  http.request requestId=04d26b9a-64ec-4603-a8fb-aa53d25158ab role=api pod=gateway-844b974576-rkm4f method=POST path=/api/transcriptions status=200 durationMs=690
[pod/gateway-844b974576-rkm4f/gateway] 2026-10-05T23:42:50.443+00:00 INFO  http.request requestId=c6b5f0ef-987f-4264-a834-53a11933ddf1 role=api pod=gateway-844b974576-rkm4f method=POST path=/api/translations status=200 durationMs=253
[pod/gateway-844b974576-rkm4f/gateway] 2026-10-05T23:42:50.447+00:00 INFO  http.request requestId=c7f027fd-06d0-4d0b-991d-ffe2e11adb69 role=api pod=gateway-844b974576-rkm4f method=POST path=/api/transcriptions status=200 durationMs=429
[pod/gateway-844b974576-rkm4f/gateway] 2026-10-05T23:42:50.453+00:00 INFO  http.request requestId=3f513a15-fa70-42d2-a132-571f79c6f90e role=api pod=gateway-844b974576-rkm4f method=POST path=/api/transcriptions status=200 durationMs=750
[pod/gateway-844b974576-rkm4f/gateway] 2026-10-05T23:42:50.459+00:00 INFO  http.request requestId=e44de3f4-8d21-4fab-acf1-473499762618 role=api pod=gateway-844b974576-rkm4f method=POST path=/api/translations status=200 durationMs=352
[pod/gateway-844b974576-rkm4f/gateway] 2026-10-05T23:42:50.460+00:00 INFO  http.request requestId=ae23520f-f969-48af-b79f-27c4ac75da1c role=api pod=gateway-844b974576-rkm4f method=POST path=/api/translations status=200 durationMs=372
[pod/gateway-844b974576-rkm4f/gateway] 2026-10-05T23:42:50.476+00:00 INFO  http.request requestId=70ac51f1-5c27-4121-b970-9170c098e6a8 role=api pod=gateway-844b974576-rkm4f method=POST path=/api/transcriptions status=200 durationMs=608
[pod/gateway-844b974576-rkm4f/gateway] 2026-10-05T23:42:50.480+00:00 INFO  http.request requestId=cdcdd480-e96f-4d88-8eaf-f6bf889ab7d3 role=api pod=gateway-844b974576-rkm4f method=POST path=/api/transcriptions status=200 durationMs=657
[pod/gateway-844b974576-rkm4f/gateway] 2026-10-05T23:42:50.490+00:00 INFO  http.request requestId=68e3b09f-7033-4c0d-a71c-2b47326fbdcc role=api pod=gateway-844b974576-rkm4f method=POST path=/api/translations status=200 durationMs=390
[pod/gateway-844b974576-rkm4f/gateway] 2026-10-05T23:42:50.492+00:00 INFO  http.request requestId=33bd5bef-c255-4022-b7eb-767314126880 role=api pod=gateway-844b974576-rkm4f method=POST path=/api/translations status=200 durationMs=350
[pod/gateway-844b974576-rkm4f/gateway] 2026-10-05T23:42:50.507+00:00 INFO  http.request requestId=87aec56c-4b84-4b77-a5d5-fe23fab970b1 role=api pod=gateway-844b974576-rkm4f method=POST path=/api/transcriptions status=200 durationMs=533
[pod/gateway-844b974576-rkm4f/gateway] 2026-10-05T23:42:50.511+00:00 INFO  http.request requestId=64538083-4c6e-4472-9a5b-ce57afc8373b role=api pod=gateway-844b974576-rkm4f method=POST path=/api/transcriptions status=200 durationMs=569
[pod/gateway-844b974576-rkm4f/gateway] 2026-10-05T23:42:50.524+00:00 INFO  http.request requestId=7f875ec3-a45c-4ccd-8a37-fbc02ce46627 role=api pod=gateway-844b974576-rkm4f method=POST path=/api/translations status=200 durationMs=278
[pod/gateway-844b974576-rkm4f/gateway] 2026-10-05T23:42:50.569+00:00 INFO  http.request requestId=9c626fa8-5802-40f5-8765-2241faa7b4dc role=api pod=gateway-844b974576-rkm4f method=POST path=/api/translations status=200 durationMs=326
[pod/gateway-844b974576-rkm4f/gateway] 2026-10-05T23:42:50.608+00:00 INFO  http.request requestId=47774910-d0c7-43c8-a6a6-99a9b10ee357 role=api pod=gateway-844b974576-rkm4f method=POST path=/api/translations status=200 durationMs=289
[pod/gateway-844b974576-rkm4f/gateway] 2026-10-05T23:42:50.609+00:00 INFO  http.request requestId=e340ebe8-dec3-40ce-babe-51c6aa188bcf role=api pod=gateway-844b974576-rkm4f method=POST path=/api/transcriptions status=200 durationMs=681
[pod/gateway-844b974576-rkm4f/gateway] 2026-10-05T23:42:50.616+00:00 INFO  http.request requestId=4534962a-ec63-41e7-94d0-c4e0ace91189 role=api pod=gateway-844b974576-rkm4f method=POST path=/api/transcriptions status=200 durationMs=733
[pod/gateway-844b974576-rkm4f/gateway] 2026-10-05T23:42:50.642+00:00 INFO  http.request requestId=4c0fc61d-eeec-456e-9eaa-3d6a9c656aa4 role=api pod=gateway-844b974576-rkm4f method=POST path=/api/translations status=200 durationMs=390
[pod/gateway-844b974576-rkm4f/gateway] 2026-10-05T23:42:50.644+00:00 INFO  http.request requestId=8f36805d-6833-40e4-bb52-68f9aca21299 role=api pod=gateway-844b974576-rkm4f method=POST path=/api/translations status=200 durationMs=270
[pod/gateway-844b974576-rkm4f/gateway] 2026-10-05T23:42:50.661+00:00 INFO  http.request requestId=dad62e8d-5e42-442f-8cc1-52b17a961c18 role=api pod=gateway-844b974576-rkm4f method=POST path=/api/transcriptions status=200 durationMs=463
[pod/gateway-844b974576-rkm4f/gateway] 2026-10-05T23:42:50.683+00:00 INFO  http.request requestId=5e2bcb88-c79f-4eb9-a38f-9a34ad0d951f role=api pod=gateway-844b974576-rkm4f method=POST path=/api/transcriptions status=200 durationMs=636
[pod/gateway-844b974576-rkm4f/gateway] 2026-10-05T23:42:50.694+00:00 INFO  http.request requestId=7588ddf0-3457-402f-8420-aeecd7da2644 role=api pod=gateway-844b974576-rkm4f method=POST path=/api/transcriptions status=200 durationMs=570
[pod/gateway-844b974576-rkm4f/gateway] 2026-10-05T23:42:50.696+00:00 INFO  http.request requestId=d7b89989-c5c8-4bf8-bfb1-0fed400d20bc role=api pod=gateway-844b974576-rkm4f method=POST path=/api/transcriptions status=200 durationMs=633
[pod/gateway-844b974576-rkm4f/gateway] 2026-10-05T23:42:50.699+00:00 INFO  http.request requestId=e133361f-44bf-47c4-91be-cb74366103e2 role=api pod=gateway-844b974576-rkm4f method=POST path=/api/transcriptions status=200 durationMs=786
[pod/gateway-844b974576-rkm4f/gateway] 2026-10-05T23:42:50.735+00:00 INFO  http.request requestId=45a9bcf4-490f-4387-b6eb-253c8d36921c role=api pod=gateway-844b974576-rkm4f method=POST path=/api/translations status=200 durationMs=288
[pod/gateway-844b974576-rkm4f/gateway] 2026-10-05T23:42:50.739+00:00 INFO  http.request requestId=68383f69-c9d8-46b0-91d6-47b8d863464f role=api pod=gateway-844b974576-rkm4f method=POST path=/api/transcriptions status=200 durationMs=527
[pod/gateway-844b974576-rkm4f/gateway] 2026-10-05T23:42:50.742+00:00 INFO  http.request requestId=896b13c8-81c3-4bd5-998b-eaa410d46206 role=api pod=gateway-844b974576-rkm4f method=POST path=/api/transcriptions status=200 durationMs=424
[pod/gateway-844b974576-rkm4f/gateway] 2026-10-05T23:42:50.776+00:00 INFO  http.request requestId=b104a53f-b770-420e-acc9-ae0e457f2545 role=api pod=gateway-844b974576-rkm4f method=POST path=/api/translations status=200 durationMs=311
[pod/gateway-844b974576-rkm4f/gateway] 2026-10-05T23:42:50.777+00:00 INFO  http.request requestId=32a2fc56-16e8-4bba-a587-d16317cbf7d8 role=api pod=gateway-844b974576-rkm4f method=POST path=/api/translations status=200 durationMs=265
[pod/gateway-844b974576-rkm4f/gateway] 2026-10-05T23:42:50.795+00:00 INFO  http.request requestId=1249fead-2f3d-425c-b017-988367bcd03c role=api pod=gateway-844b974576-rkm4f method=POST path=/api/transcriptions status=200 durationMs=763
[pod/gateway-844b974576-rkm4f/gateway] 2026-10-05T23:42:50.798+00:00 INFO  http.request requestId=183fd6d8-74ec-45e1-8122-2d87954896c8 role=api pod=gateway-844b974576-rkm4f method=POST path=/api/translations status=200 durationMs=343
[pod/gateway-844b974576-rkm4f/gateway] 2026-10-05T23:42:50.812+00:00 INFO  http.request requestId=982e2320-f5cd-4b08-a7a9-a766ecf19dda role=api pod=gateway-844b974576-rkm4f method=POST path=/api/transcriptions status=200 durationMs=629
[pod/gateway-844b974576-rkm4f/gateway] 2026-10-05T23:42:50.848+00:00 INFO  http.request requestId=02b617a5-4d25-4e4a-98c9-1b31fa8234bd role=api pod=gateway-844b974576-rkm4f method=POST path=/api/transcriptions status=200 durationMs=561
[pod/gateway-844b974576-rkm4f/gateway] 2026-10-05T23:42:50.848+00:00 INFO  http.request requestId=f4cf26ed-304c-4bb5-bd1b-92805e38dfa2 role=api pod=gateway-844b974576-rkm4f method=POST path=/api/transcriptions status=200 durationMs=591
[pod/gateway-844b974576-rkm4f/gateway] 2026-10-05T23:42:50.851+00:00 INFO  http.request requestId=5184fd2b-b62f-42ce-b20f-37cf650e841c role=api pod=gateway-844b974576-rkm4f method=POST path=/api/translations status=200 durationMs=237
[pod/gateway-844b974576-rkm4f/gateway] 2026-10-05T23:42:50.867+00:00 INFO  http.request requestId=c96f3aa1-eb42-48ae-b6d1-0694e6302179 role=api pod=gateway-844b974576-rkm4f method=POST path=/api/translations status=200 durationMs=241
[pod/gateway-844b974576-rkm4f/gateway] 2026-10-05T23:42:50.875+00:00 INFO  http.request requestId=5492207c-21d0-40a1-8370-f635055c5b59 role=api pod=gateway-844b974576-rkm4f method=POST path=/api/transcriptions status=200 durationMs=436
[pod/gateway-844b974576-rkm4f/gateway] 2026-10-05T23:42:50.882+00:00 INFO  http.request requestId=6ea24ed2-1520-489e-8c16-794978ebe7ab role=api pod=gateway-844b974576-rkm4f method=POST path=/api/transcriptions status=200 durationMs=790
[pod/gateway-844b974576-rkm4f/gateway] 2026-10-05T23:42:50.889+00:00 INFO  http.request requestId=0879eb8c-b4ff-4ed0-8ed7-f0db9e163447 role=api pod=gateway-844b974576-rkm4f method=POST path=/api/translations status=200 durationMs=408
[pod/gateway-844b974576-rkm4f/gateway] 2026-10-05T23:42:50.901+00:00 INFO  http.request requestId=9c84b0db-d654-46d4-b40c-320e9ec3cbbf role=api pod=gateway-844b974576-rkm4f method=POST path=/api/translations status=200 durationMs=225
[pod/gateway-844b974576-rkm4f/gateway] 2026-10-05T23:42:50.901+00:00 INFO  http.request requestId=5b36428e-a421-4c9d-864f-ab73c25f0efb role=api pod=gateway-844b974576-rkm4f method=POST path=/api/transcriptions status=200 durationMs=747
[pod/gateway-844b974576-rkm4f/gateway] 2026-10-05T23:42:50.906+00:00 INFO  http.request requestId=928c02e0-549d-4d05-bee3-503c0bf29a57 role=api pod=gateway-844b974576-rkm4f method=POST path=/api/transcriptions status=200 durationMs=498
[pod/gateway-844b974576-rkm4f/gateway] 2026-10-05T23:42:50.948+00:00 INFO  http.request requestId=d1c34438-088a-4a99-bcdd-87b5961b3564 role=api pod=gateway-844b974576-rkm4f method=POST path=/api/transcriptions status=200 durationMs=706
[pod/gateway-844b974576-rkm4f/gateway] 2026-10-05T23:42:50.964+00:00 INFO  http.request requestId=eb0be6bb-2161-4266-9414-7de7905c97a9 role=api pod=gateway-844b974576-rkm4f method=POST path=/api/translations status=200 durationMs=355
[pod/gateway-844b974576-rkm4f/gateway] 2026-10-05T23:42:50.974+00:00 INFO  http.request requestId=495ebad1-70da-490c-9de2-de0b22607baf role=api pod=gateway-844b974576-rkm4f method=POST path=/api/transcriptions status=200 durationMs=462
[pod/gateway-844b974576-rkm4f/gateway] 2026-10-05T23:42:50.984+00:00 INFO  http.request requestId=f1a4e02c-f209-4bc1-9a1d-38950e3e6040 role=api pod=gateway-844b974576-rkm4f method=POST path=/api/translations status=200 durationMs=289
[pod/gateway-844b974576-rkm4f/gateway] 2026-10-05T23:42:51.004+00:00 INFO  http.request requestId=203630e7-7bfd-418b-8715-b5e65b63aeec role=api pod=gateway-844b974576-rkm4f method=POST path=/api/transcriptions status=200 durationMs=776
[pod/gateway-844b974576-rkm4f/gateway] 2026-10-05T23:42:51.006+00:00 INFO  http.request requestId=b07810c8-1000-4cfe-86c2-c12931805c7e role=api pod=gateway-844b974576-rkm4f method=POST path=/api/transcriptions status=200 durationMs=522
[pod/gateway-844b974576-rkm4f/gateway] 2026-10-05T23:42:51.016+00:00 INFO  http.request requestId=2e17a03a-54f4-45d0-97aa-cbc68b8c31ea role=api pod=gateway-844b974576-rkm4f method=POST path=/api/translations status=200 durationMs=233
[pod/gateway-844b974576-rkm4f/gateway] 2026-10-05T23:42:51.039+00:00 INFO  http.request requestId=4cb4620d-d1b2-4d72-8d08-a928ae3b89f3 role=api pod=gateway-844b974576-rkm4f method=POST path=/api/transcriptions status=200 durationMs=661
[pod/gateway-844b974576-rkm4f/gateway] 2026-10-05T23:42:51.039+00:00 INFO  http.request requestId=c53fb4d3-9d00-4ba5-a61f-de7d9605eab2 role=api pod=gateway-844b974576-rkm4f method=POST path=/api/translations status=200 durationMs=343
[pod/gateway-844b974576-rkm4f/gateway] 2026-10-05T23:42:51.075+00:00 INFO  http.request requestId=9ac9d2b5-9498-43e5-8a66-34c5d3782ef2 role=api pod=gateway-844b974576-rkm4f method=POST path=/api/translations status=200 durationMs=336
[pod/gateway-844b974576-rkm4f/gateway] 2026-10-05T23:42:51.081+00:00 INFO  http.request requestId=18589e14-926f-4e14-8d5e-078717f9b32d role=api pod=gateway-844b974576-rkm4f method=POST path=/api/translations status=200 durationMs=381
[pod/gateway-844b974576-rkm4f/gateway] 2026-10-05T23:42:51.106+00:00 INFO  http.request requestId=16882a64-783f-4a6f-874b-685734b3b159 role=api pod=gateway-844b974576-rkm4f method=POST path=/api/translations status=200 durationMs=257
[pod/gateway-844b974576-rkm4f/gateway] 2026-10-05T23:42:51.120+00:00 INFO  http.request requestId=1ac07ee3-1717-49ce-be2f-2c99ef082acc role=api pod=gateway-844b974576-rkm4f method=POST path=/api/transcriptions status=200 durationMs=12006
[pod/gateway-844b974576-rkm4f/gateway] 2026-10-05T23:42:51.131+00:00 INFO  http.request requestId=7bdf9693-ba43-4117-8c61-59be1f32f5ef role=api pod=gateway-844b974576-rkm4f method=POST path=/api/transcriptions status=200 durationMs=663
[pod/gateway-844b974576-rkm4f/gateway] 2026-10-05T23:42:51.159+00:00 INFO  http.request requestId=806312d5-a1cc-462b-9c36-5118d2ebde3e role=api pod=gateway-844b974576-rkm4f method=POST path=/api/transcriptions status=200 durationMs=795
[pod/gateway-844b974576-rkm4f/gateway] 2026-10-05T23:42:51.185+00:00 INFO  http.request requestId=0f865c9f-69f1-43ab-9797-d475145624ca role=api pod=gateway-844b974576-rkm4f method=POST path=/api/transcriptions status=200 durationMs=791
[pod/gateway-844b974576-rkm4f/gateway] 2026-10-05T23:42:51.194+00:00 INFO  http.request requestId=4b21e88d-ff46-4766-ab6f-88edd7e9f6f2 role=api pod=gateway-844b974576-rkm4f method=POST path=/api/translations status=200 durationMs=292
[pod/gateway-844b974576-rkm4f/gateway] 2026-10-05T23:42:51.194+00:00 INFO  http.request requestId=ca9c513d-301d-4c5b-b909-fec1f71d9151 role=api pod=gateway-844b974576-rkm4f method=POST path=/api/translations status=200 durationMs=288
[pod/gateway-844b974576-rkm4f/gateway] 2026-10-05T23:42:51.194+00:00 INFO  http.request requestId=eb296062-7ced-4619-8ac7-c5847468703d role=api pod=gateway-844b974576-rkm4f method=POST path=/api/transcriptions status=200 durationMs=696
[pod/gateway-844b974576-rkm4f/gateway] 2026-10-05T23:42:51.195+00:00 INFO  http.request requestId=fa3cd67a-3cc3-4be3-8ebf-8befd37e8a23 role=api pod=gateway-844b974576-rkm4f method=POST path=/api/transcriptions status=200 durationMs=621
[pod/gateway-844b974576-rkm4f/gateway] 2026-10-05T23:42:51.213+00:00 INFO  http.request requestId=1a2f3a49-4ab4-4e97-bdf4-2c9b69cbbfac role=api pod=gateway-844b974576-rkm4f method=POST path=/api/translations status=200 durationMs=400
[pod/gateway-844b974576-rkm4f/gateway] 2026-10-05T23:42:51.217+00:00 INFO  http.request requestId=794ad48a-bd44-4f2e-972b-5db0c29f1990 role=api pod=gateway-844b974576-rkm4f method=POST path=/api/transcriptions status=200 durationMs=793
[pod/gateway-844b974576-rkm4f/gateway] 2026-10-05T23:42:51.219+00:00 INFO  http.request requestId=c47e5b6e-655c-4135-8c51-8bdc5d5167d4 role=api pod=gateway-844b974576-rkm4f method=POST path=/api/translations status=200 durationMs=212
[pod/gateway-844b974576-rkm4f/gateway] 2026-10-05T23:42:51.240+00:00 INFO  http.request requestId=b665832b-806d-4219-bc39-008267e22778 role=api pod=gateway-844b974576-rkm4f method=POST path=/api/translations status=200 durationMs=364
[pod/gateway-844b974576-rkm4f/gateway] 2026-10-05T23:42:51.244+00:00 INFO  http.request requestId=0fa9e5d0-49ae-49cb-9374-b86bab776fe6 role=api pod=gateway-844b974576-rkm4f method=POST path=/api/translations status=200 durationMs=269
[pod/gateway-844b974576-rkm4f/gateway] 2026-10-05T23:42:51.245+00:00 INFO  http.request requestId=507cc3c1-73a2-4dad-8879-5e49903d9541 role=api pod=gateway-844b974576-rkm4f method=POST path=/api/translations status=200 durationMs=397
[pod/gateway-844b974576-rkm4f/gateway] 2026-10-05T23:42:51.260+00:00 INFO  http.request requestId=811c88ba-f7ae-49ea-8ef0-3bb0cec05620 role=api pod=gateway-844b974576-rkm4f method=POST path=/api/translations status=200 durationMs=215
[pod/gateway-844b974576-rkm4f/gateway] 2026-10-05T23:42:51.268+00:00 INFO  http.request requestId=f6fb73a3-e35c-496d-95b4-a227df36cb98 role=api pod=gateway-844b974576-rkm4f method=POST path=/api/translations status=200 durationMs=385
[pod/gateway-844b974576-rkm4f/gateway] 2026-10-05T23:42:51.300+00:00 INFO  http.request requestId=6fcd86b8-00fb-49d5-9ae9-ad4d719bf193 role=api pod=gateway-844b974576-rkm4f method=POST path=/api/transcriptions status=200 durationMs=757
[pod/gateway-844b974576-rkm4f/gateway] 2026-10-05T23:42:51.367+00:00 INFO  http.request requestId=74698477-ae36-4a10-aed3-62ffe911470c role=api pod=gateway-844b974576-rkm4f method=POST path=/api/translations status=200 durationMs=362
[pod/gateway-844b974576-rkm4f/gateway] 2026-10-05T23:42:51.411+00:00 INFO  http.request requestId=d70ae852-8ecc-4207-a9f1-51b97f7f8985 role=api pod=gateway-844b974576-rkm4f method=POST path=/api/translations status=200 durationMs=280
[pod/gateway-844b974576-rkm4f/gateway] 2026-10-05T23:42:51.412+00:00 INFO  http.request requestId=3ba882d4-a993-4734-90d6-5a8adc1d3b60 role=api pod=gateway-844b974576-rkm4f method=POST path=/api/translations status=200 durationMs=227
[pod/gateway-844b974576-rkm4f/gateway] 2026-10-05T23:42:51.437+00:00 INFO  http.request requestId=811541ab-e400-4bd3-b09d-39417a2df006 role=api pod=gateway-844b974576-rkm4f method=POST path=/api/translations status=200 durationMs=335
[pod/gateway-844b974576-rkm4f/gateway] 2026-10-05T23:42:51.487+00:00 INFO  http.request requestId=4aa337fb-a3eb-482a-bee5-6f31f50972a3 role=api pod=gateway-844b974576-rkm4f method=POST path=/api/translations status=200 durationMs=292
[pod/gateway-844b974576-rkm4f/gateway] 2026-10-05T23:42:51.495+00:00 INFO  http.request requestId=c69f7d20-37dd-4484-8e47-4329b89bb313 role=api pod=gateway-844b974576-rkm4f method=POST path=/api/translations status=200 durationMs=320
[pod/gateway-844b974576-rkm4f/gateway] 2026-10-05T23:42:51.544+00:00 INFO  http.request requestId=2979a229-eaf5-4ea8-9e8f-99b87a8da7a8 role=api pod=gateway-844b974576-rkm4f method=POST path=/api/translations status=200 durationMs=349
[pod/gateway-844b974576-rkm4f/gateway] 2026-10-05T23:42:51.566+00:00 INFO  http.request requestId=55516d35-bae3-4def-897f-4c57bcc9c095 role=api pod=gateway-844b974576-rkm4f method=POST path=/api/translations status=200 durationMs=265
[pod/gateway-844b974576-rkm4f/gateway] 2026-10-05T23:42:51.646+00:00 INFO  http.request requestId=af2d5a64-16dc-40fe-8018-38c73f2a549a role=api pod=gateway-844b974576-rkm4f method=POST path=/api/translations status=200 durationMs=312
[pod/gateway-844b974576-rkm4f/gateway] 2026-10-05T23:42:51.856+00:00 INFO  http.request requestId=ed081d54-11d3-48be-af01-9a79aa984828 role=api pod=gateway-844b974576-rkm4f method=POST path=/api/translations status=200 durationMs=3007
[pod/gateway-844b974576-rkm4f/gateway] 2026-10-05T23:42:52.622+00:00 INFO  http.request requestId=e25ae302-6e9e-4029-b60b-f63e505d9ef7 role=api pod=gateway-844b974576-rkm4f method=POST path=/api/transcriptions status=200 durationMs=12009
[pod/gateway-844b974576-rkm4f/gateway] 2026-10-05T23:42:52.945+00:00 INFO  http.request requestId=18a04c15-676a-4c3f-89d4-9265eb921e77 role=api pod=gateway-844b974576-rkm4f method=POST path=/api/translations status=200 durationMs=322
[pod/gateway-844b974576-rkm4f/gateway] 2026-10-05T23:42:54.469+00:00 INFO  http.request requestId=79b996dd-aee7-46a3-94c4-110a8dc1851d role=api pod=gateway-844b974576-rkm4f method=POST path=/api/translations status=200 durationMs=351
[pod/gateway-844b974576-rkm4f/gateway] 2026-10-05T23:42:56.011+00:00 INFO  http.request requestId=789818ef-7821-44d2-8b6c-e771bc9fe4cd role=api pod=gateway-844b974576-rkm4f method=POST path=/api/translations status=200 durationMs=389
[pod/gateway-844b974576-rkm4f/gateway] 2026-10-05T23:42:57.126+00:00 INFO  http.request requestId=c9a45297-a5a6-42f8-bc86-ec0739b31df0 role=api pod=gateway-844b974576-rkm4f method=POST path=/api/transcriptions status=200 durationMs=12012
[pod/gateway-844b974576-rkm4f/gateway] 2026-10-05T23:42:57.420+00:00 INFO  http.request requestId=eb6427ba-542c-49f5-bf42-e18b88426230 role=api pod=gateway-844b974576-rkm4f method=POST path=/api/translations status=200 durationMs=292
[pod/gateway-844b974576-rkm4f/gateway] 2026-10-05T23:42:58.943+00:00 INFO  http.request requestId=cde4294e-e359-4c7d-a46e-13f28e7030ee role=api pod=gateway-844b974576-rkm4f method=POST path=/api/translations status=200 durationMs=320
[pod/gateway-844b974576-rkm4f/gateway] 2026-10-05T23:43:00.132+00:00 INFO  http.request requestId=12218f81-97dc-44d6-a6d2-a55dc995a831 role=api pod=gateway-844b974576-rkm4f method=POST path=/api/transcriptions status=200 durationMs=12019
[pod/gateway-844b974576-rkm4f/gateway] 2026-10-05T23:43:00.367+00:00 INFO  http.request requestId=89c3ddd6-12c5-4c17-99f3-0c207a61a379 role=api pod=gateway-844b974576-rkm4f method=POST path=/api/translations status=200 durationMs=234
[pod/gateway-844b974576-rkm4f/gateway] 2026-10-05T23:43:01.621+00:00 INFO  http.request requestId=885d8042-3754-4f26-a62d-e9c5a51168e2 role=api pod=gateway-844b974576-rkm4f method=POST path=/api/transcriptions status=200 durationMs=12009
[pod/gateway-844b974576-rkm4f/gateway] 2026-10-05T23:43:01.995+00:00 INFO  http.request requestId=97484fa5-19e3-41cd-9f0b-1a1ebe9f8330 role=api pod=gateway-844b974576-rkm4f method=POST path=/api/translations status=200 durationMs=373
[pod/gateway-844b974576-vgmhd/gateway] 2026-10-05T23:42:45.902+00:00 INFO  http.request requestId=6f1c2735-e409-471d-8192-ff18c09cad17 role=api pod=gateway-844b974576-vgmhd method=POST path=/api/translations status=200 durationMs=212
[pod/gateway-844b974576-vgmhd/gateway] 2026-10-05T23:42:45.925+00:00 INFO  http.request requestId=2f2dd15d-48d9-4713-8e59-f552014129e7 role=api pod=gateway-844b974576-vgmhd method=POST path=/api/translations status=200 durationMs=271
[pod/gateway-844b974576-vgmhd/gateway] 2026-10-05T23:42:45.961+00:00 INFO  http.request requestId=fabfd90d-e2be-4122-894c-f625fa6df413 role=api pod=gateway-844b974576-vgmhd method=POST path=/api/transcriptions status=200 durationMs=638
[pod/gateway-844b974576-vgmhd/gateway] 2026-10-05T23:42:45.971+00:00 INFO  http.request requestId=fc924fd8-4248-4863-9d27-ef21d050a76f role=api pod=gateway-844b974576-vgmhd method=POST path=/api/translations status=200 durationMs=259
[pod/gateway-844b974576-vgmhd/gateway] 2026-10-05T23:42:45.987+00:00 INFO  http.request requestId=b7deab81-8ffd-4e87-9214-0bcbdaa59e6f role=api pod=gateway-844b974576-vgmhd method=POST path=/api/translations status=200 durationMs=217
[pod/gateway-844b974576-vgmhd/gateway] 2026-10-05T23:42:46.041+00:00 INFO  http.request requestId=5ffbabc5-c6d6-44b6-baff-80905b5a466c role=api pod=gateway-844b974576-vgmhd method=POST path=/api/transcriptions status=200 durationMs=433
[pod/gateway-844b974576-vgmhd/gateway] 2026-10-05T23:42:46.058+00:00 INFO  http.request requestId=935e73db-ad3b-4fc3-9075-940a85299a36 role=api pod=gateway-844b974576-vgmhd method=POST path=/api/translations status=200 durationMs=340
[pod/gateway-844b974576-vgmhd/gateway] 2026-10-05T23:42:46.063+00:00 INFO  http.request requestId=ed3df1c4-4c16-405b-9e4a-b1d7c0ed0f9a role=api pod=gateway-844b974576-vgmhd method=POST path=/api/translations status=200 durationMs=273
[pod/gateway-844b974576-vgmhd/gateway] 2026-10-05T23:42:46.064+00:00 INFO  http.request requestId=50c63bb4-5f38-47e6-84fe-efe47a02d945 role=api pod=gateway-844b974576-vgmhd method=POST path=/api/translations status=200 durationMs=321
[pod/gateway-844b974576-vgmhd/gateway] 2026-10-05T23:42:46.087+00:00 INFO  http.request requestId=3744b53a-a2fb-4cdb-ad7a-edaf3a5afc42 role=api pod=gateway-844b974576-vgmhd method=POST path=/api/translations status=200 durationMs=316
[pod/gateway-844b974576-vgmhd/gateway] 2026-10-05T23:42:46.092+00:00 INFO  http.request requestId=97cf4ada-8653-4f31-964e-93f5407561c2 role=api pod=gateway-844b974576-vgmhd method=POST path=/api/transcriptions status=200 durationMs=558
[pod/gateway-844b974576-vgmhd/gateway] 2026-10-05T23:42:46.119+00:00 INFO  http.request requestId=50b875df-c7c5-4bea-a23d-a8bf263b49fa role=api pod=gateway-844b974576-vgmhd method=POST path=/api/transcriptions status=200 durationMs=780
[pod/gateway-844b974576-vgmhd/gateway] 2026-10-05T23:42:46.129+00:00 INFO  http.request requestId=97ca6966-3d2a-42c1-b635-6d02d0598b94 role=api pod=gateway-844b974576-vgmhd method=POST path=/api/translations status=200 durationMs=221
[pod/gateway-844b974576-vgmhd/gateway] 2026-10-05T23:42:46.137+00:00 INFO  http.request requestId=a0128088-c510-444b-ac15-ac51d21783e9 role=api pod=gateway-844b974576-vgmhd method=POST path=/api/transcriptions status=200 durationMs=769
[pod/gateway-844b974576-vgmhd/gateway] 2026-10-05T23:42:46.144+00:00 INFO  http.request requestId=ad5930a4-eb3f-482a-9845-643c4be3a7bf role=api pod=gateway-844b974576-vgmhd method=POST path=/api/transcriptions status=200 durationMs=506
[pod/gateway-844b974576-vgmhd/gateway] 2026-10-05T23:42:46.182+00:00 INFO  http.request requestId=04b13ef2-65bc-4f25-93ae-e3df815c91f1 role=api pod=gateway-844b974576-vgmhd method=POST path=/api/translations status=200 durationMs=301
[pod/gateway-844b974576-vgmhd/gateway] 2026-10-05T23:42:46.184+00:00 INFO  http.request requestId=5d332635-6854-4ae4-ba09-f0c7f1a9e7fa role=api pod=gateway-844b974576-vgmhd method=POST path=/api/transcriptions status=200 durationMs=770
[pod/gateway-844b974576-vgmhd/gateway] 2026-10-05T23:42:46.231+00:00 INFO  http.request requestId=e2a5d9e9-ab81-45c4-8fa8-8fb3dfab636f role=api pod=gateway-844b974576-vgmhd method=POST path=/api/transcriptions status=200 durationMs=668
[pod/gateway-844b974576-vgmhd/gateway] 2026-10-05T23:42:46.232+00:00 INFO  http.request requestId=996dc6f0-47eb-4189-acaf-a5258a91b14e role=api pod=gateway-844b974576-vgmhd method=POST path=/api/transcriptions status=200 durationMs=504
[pod/gateway-844b974576-vgmhd/gateway] 2026-10-05T23:42:46.235+00:00 INFO  http.request requestId=ee86537e-610c-4250-a376-ed622a278a58 role=api pod=gateway-844b974576-vgmhd method=POST path=/api/transcriptions status=200 durationMs=747
[pod/gateway-844b974576-vgmhd/gateway] 2026-10-05T23:42:46.263+00:00 INFO  http.request requestId=08518df2-1c44-4939-aecb-7f8c95352685 role=api pod=gateway-844b974576-vgmhd method=POST path=/api/translations status=200 durationMs=368
[pod/gateway-844b974576-vgmhd/gateway] 2026-10-05T23:42:46.293+00:00 INFO  http.request requestId=f4fd19ea-5eda-4768-baae-98548f6e5698 role=api pod=gateway-844b974576-vgmhd method=POST path=/api/transcriptions status=200 durationMs=745
[pod/gateway-844b974576-vgmhd/gateway] 2026-10-05T23:42:46.295+00:00 INFO  http.request requestId=eaf2ca06-94ae-4fdf-99cf-e016dce0b072 role=api pod=gateway-844b974576-vgmhd method=POST path=/api/transcriptions status=200 durationMs=703
[pod/gateway-844b974576-vgmhd/gateway] 2026-10-05T23:42:46.306+00:00 INFO  http.request requestId=02f41d6c-1699-4bdd-b1c0-5a81aa356fbe role=api pod=gateway-844b974576-vgmhd method=POST path=/api/translations status=200 durationMs=222
[pod/gateway-844b974576-vgmhd/gateway] 2026-10-05T23:42:46.395+00:00 INFO  http.request requestId=66b24e2d-84a9-4dcc-a531-65457ef4e0ba role=api pod=gateway-844b974576-vgmhd method=POST path=/api/translations status=200 durationMs=307
[pod/gateway-844b974576-vgmhd/gateway] 2026-10-05T23:42:46.397+00:00 INFO  http.request requestId=5a6fe65e-71c2-439a-a345-09fa8d847942 role=api pod=gateway-844b974576-vgmhd method=POST path=/api/translations status=200 durationMs=213
[pod/gateway-844b974576-vgmhd/gateway] 2026-10-05T23:42:46.399+00:00 INFO  http.request requestId=0fa15949-32b0-4795-952c-ec59f79898a8 role=api pod=gateway-844b974576-vgmhd method=POST path=/api/translations status=200 durationMs=280
[pod/gateway-844b974576-vgmhd/gateway] 2026-10-05T23:42:46.431+00:00 INFO  http.request requestId=5a80e2a7-8b4c-4401-8158-70b0766777b9 role=api pod=gateway-844b974576-vgmhd method=POST path=/api/translations status=200 durationMs=294
[pod/gateway-844b974576-vgmhd/gateway] 2026-10-05T23:42:46.447+00:00 INFO  http.request requestId=e9d88c10-dcb4-4a90-bd47-dec341f71f85 role=api pod=gateway-844b974576-vgmhd method=POST path=/api/translations status=200 durationMs=303
[pod/gateway-844b974576-vgmhd/gateway] 2026-10-05T23:42:46.471+00:00 INFO  http.request requestId=18a391ba-6457-4993-9045-6a669a69adf2 role=api pod=gateway-844b974576-vgmhd method=POST path=/api/translations status=200 durationMs=238
[pod/gateway-844b974576-vgmhd/gateway] 2026-10-05T23:42:46.473+00:00 INFO  http.request requestId=127016f9-015f-44f0-a898-d362f472f692 role=api pod=gateway-844b974576-vgmhd method=POST path=/api/transcriptions status=200 durationMs=685
[pod/gateway-844b974576-vgmhd/gateway] 2026-10-05T23:42:46.495+00:00 INFO  http.request requestId=4591bf71-260d-45ae-bea6-4dc193f44ad1 role=api pod=gateway-844b974576-vgmhd method=POST path=/api/transcriptions status=200 durationMs=738
[pod/gateway-844b974576-vgmhd/gateway] 2026-10-05T23:42:46.544+00:00 INFO  http.request requestId=55738ef0-6a99-4cdc-8a0b-44d6f8f5718c role=api pod=gateway-844b974576-vgmhd method=POST path=/api/transcriptions status=200 durationMs=590
[pod/gateway-844b974576-vgmhd/gateway] 2026-10-05T23:42:46.580+00:00 INFO  http.request requestId=2a82f5e1-fae7-40e5-8766-22cfba81a7cf role=api pod=gateway-844b974576-vgmhd method=POST path=/api/translations status=200 durationMs=291
[pod/gateway-844b974576-vgmhd/gateway] 2026-10-05T23:42:46.607+00:00 INFO  http.request requestId=05b74faa-6105-4431-8c3c-bf6014796b10 role=api pod=gateway-844b974576-vgmhd method=POST path=/api/transcriptions status=200 durationMs=624
[pod/gateway-844b974576-vgmhd/gateway] 2026-10-05T23:42:46.613+00:00 INFO  http.request requestId=8dca2a42-fbe7-40e4-b0e6-b76d25f29849 role=api pod=gateway-844b974576-vgmhd method=POST path=/api/translations status=200 durationMs=371
[pod/gateway-844b974576-vgmhd/gateway] 2026-10-05T23:42:46.613+00:00 INFO  http.request requestId=5d4ae991-1e9b-4f2b-91eb-5e9cb0015f22 role=api pod=gateway-844b974576-vgmhd method=POST path=/api/translations status=200 durationMs=316
[pod/gateway-844b974576-vgmhd/gateway] 2026-10-05T23:42:46.619+00:00 INFO  http.request requestId=a13ff7ce-23eb-4680-b46e-d62c8989fd18 role=api pod=gateway-844b974576-vgmhd method=POST path=/api/transcriptions status=200 durationMs=12007
[pod/gateway-844b974576-vgmhd/gateway] 2026-10-05T23:42:46.694+00:00 INFO  http.request requestId=6082eb5a-7dc8-439b-9f49-1048efc13ebc role=api pod=gateway-844b974576-vgmhd method=POST path=/api/transcriptions status=200 durationMs=501
[pod/gateway-844b974576-vgmhd/gateway] 2026-10-05T23:42:46.699+00:00 INFO  http.request requestId=abdb1b7c-c05a-4dd9-a3c6-b53b61a645e4 role=api pod=gateway-844b974576-vgmhd method=POST path=/api/translations status=200 durationMs=368
[pod/gateway-844b974576-vgmhd/gateway] 2026-10-05T23:42:46.701+00:00 INFO  http.request requestId=dc3ae387-3be5-425b-a072-d7f616f78927 role=api pod=gateway-844b974576-vgmhd method=POST path=/api/translations status=200 durationMs=278
[pod/gateway-844b974576-vgmhd/gateway] 2026-10-05T23:42:46.707+00:00 INFO  http.request requestId=d670c072-2fcf-465d-8d74-78c78471c7f6 role=api pod=gateway-844b974576-vgmhd method=POST path=/api/transcriptions status=200 durationMs=635
[pod/gateway-844b974576-vgmhd/gateway] 2026-10-05T23:42:46.711+00:00 INFO  http.request requestId=e5c11b47-6558-42fe-a8bd-e8e0241ee240 role=api pod=gateway-844b974576-vgmhd method=POST path=/api/translations status=200 durationMs=303
[pod/gateway-844b974576-vgmhd/gateway] 2026-10-05T23:42:46.727+00:00 INFO  http.request requestId=5f5e114b-99fc-45bc-8b73-401371aa58a2 role=api pod=gateway-844b974576-vgmhd method=POST path=/api/transcriptions status=200 durationMs=729
[pod/gateway-844b974576-vgmhd/gateway] 2026-10-05T23:42:46.736+00:00 INFO  http.request requestId=283972f1-adc6-4116-802b-4334c0599b3b role=api pod=gateway-844b974576-vgmhd method=POST path=/api/transcriptions status=200 durationMs=588
[pod/gateway-844b974576-vgmhd/gateway] 2026-10-05T23:42:46.736+00:00 INFO  http.request requestId=3cff3452-fc31-406c-85d4-4dfea6be04df role=api pod=gateway-844b974576-vgmhd method=POST path=/api/transcriptions status=200 durationMs=604
[pod/gateway-844b974576-vgmhd/gateway] 2026-10-05T23:42:46.741+00:00 INFO  http.request requestId=14cbc0c2-79dc-4246-95dc-a1b30ebbf632 role=api pod=gateway-844b974576-vgmhd method=POST path=/api/transcriptions status=200 durationMs=571
[pod/gateway-844b974576-vgmhd/gateway] 2026-10-05T23:42:46.757+00:00 INFO  http.request requestId=5d2f2bc3-459b-4531-8907-0fa1a28be38f role=api pod=gateway-844b974576-vgmhd method=POST path=/api/translations status=200 durationMs=284
[pod/gateway-844b974576-vgmhd/gateway] 2026-10-05T23:42:46.772+00:00 INFO  http.request requestId=f584e187-543a-4e30-a3ca-3caf1751623b role=api pod=gateway-844b974576-vgmhd method=POST path=/api/transcriptions status=200 durationMs=744
[pod/gateway-844b974576-vgmhd/gateway] 2026-10-05T23:42:46.805+00:00 INFO  http.request requestId=fc7cfd92-b2db-4d05-989d-a51ba0f34a62 role=api pod=gateway-844b974576-vgmhd method=POST path=/api/transcriptions status=200 durationMs=762
[pod/gateway-844b974576-vgmhd/gateway] 2026-10-05T23:42:46.835+00:00 INFO  http.request requestId=b2e1b828-a1c6-4b82-9704-bc17e8c138dd role=api pod=gateway-844b974576-vgmhd method=POST path=/api/translations status=200 durationMs=215
[pod/gateway-844b974576-vgmhd/gateway] 2026-10-05T23:42:46.864+00:00 INFO  http.request requestId=177dcb15-4d55-4691-957b-3ed3ac60f867 role=api pod=gateway-844b974576-vgmhd method=POST path=/api/translations status=200 durationMs=384
[pod/gateway-844b974576-vgmhd/gateway] 2026-10-05T23:42:46.878+00:00 INFO  http.request requestId=6832cdb0-3edf-4112-9767-93b234d3e742 role=api pod=gateway-844b974576-vgmhd method=POST path=/api/transcriptions status=200 durationMs=775
[pod/gateway-844b974576-vgmhd/gateway] 2026-10-05T23:42:46.951+00:00 INFO  http.request requestId=50ab5492-cee8-4a51-b005-cad48787e657 role=api pod=gateway-844b974576-vgmhd method=POST path=/api/translations status=200 durationMs=413
[pod/gateway-844b974576-vgmhd/gateway] 2026-10-05T23:42:46.956+00:00 INFO  http.request requestId=7da8b51b-19ee-4652-aa3d-ff7ccd695e86 role=api pod=gateway-844b974576-vgmhd method=POST path=/api/translations status=200 durationMs=248
[pod/gateway-844b974576-vgmhd/gateway] 2026-10-05T23:42:46.967+00:00 INFO  http.request requestId=572b8d10-122f-4e67-b1f2-8ce89d57e4e2 role=api pod=gateway-844b974576-vgmhd method=POST path=/api/transcriptions status=200 durationMs=729
[pod/gateway-844b974576-vgmhd/gateway] 2026-10-05T23:42:46.980+00:00 INFO  http.request requestId=57883462-12af-4417-8fc7-3e266efecef0 role=api pod=gateway-844b974576-vgmhd method=POST path=/api/transcriptions status=200 durationMs=531
[pod/gateway-844b974576-vgmhd/gateway] 2026-10-05T23:42:46.981+00:00 INFO  http.request requestId=b79b706a-2311-445d-8206-e876495ac4f6 role=api pod=gateway-844b974576-vgmhd method=POST path=/api/translations status=200 durationMs=406
[pod/gateway-844b974576-vgmhd/gateway] 2026-10-05T23:42:47.025+00:00 INFO  http.request requestId=6e18d15a-9ca3-4c83-9ee7-bc6a519e6191 role=api pod=gateway-844b974576-vgmhd method=POST path=/api/transcriptions status=200 durationMs=727
[pod/gateway-844b974576-vgmhd/gateway] 2026-10-05T23:42:47.026+00:00 INFO  http.request requestId=85d00e17-6466-4143-9efe-1d4f8dcbabc4 role=api pod=gateway-844b974576-vgmhd method=POST path=/api/transcriptions status=200 durationMs=593
[pod/gateway-844b974576-vgmhd/gateway] 2026-10-05T23:42:47.029+00:00 INFO  http.request requestId=8074d798-0018-4a55-aeed-c2b2aa4248af role=api pod=gateway-844b974576-vgmhd method=POST path=/api/transcriptions status=200 durationMs=476
[pod/gateway-844b974576-vgmhd/gateway] 2026-10-05T23:42:47.089+00:00 INFO  http.request requestId=1e561901-9c3e-4cf5-be10-0b8260abd791 role=api pod=gateway-844b974576-vgmhd method=POST path=/api/translations status=200 durationMs=331
[pod/gateway-844b974576-vgmhd/gateway] 2026-10-05T23:42:47.092+00:00 INFO  http.request requestId=0b7f3700-344a-4e5d-bd4b-2290830c79cb role=api pod=gateway-844b974576-vgmhd method=POST path=/api/translations status=200 durationMs=355
[pod/gateway-844b974576-vgmhd/gateway] 2026-10-05T23:42:47.112+00:00 INFO  http.request requestId=e7c8674d-df30-4186-92d2-995ac0e46a26 role=api pod=gateway-844b974576-vgmhd method=POST path=/api/translations status=200 durationMs=243
[pod/gateway-844b974576-vgmhd/gateway] 2026-10-05T23:42:47.114+00:00 INFO  http.request requestId=2645ad97-b596-4c26-858e-b598ed0259df role=api pod=gateway-844b974576-vgmhd method=POST path=/api/translations status=200 durationMs=341
[pod/gateway-844b974576-vgmhd/gateway] 2026-10-05T23:42:47.123+00:00 INFO  http.request requestId=6f1fc325-22f5-497f-8b16-abed21fa52d3 role=api pod=gateway-844b974576-vgmhd method=POST path=/api/translations status=200 durationMs=386
[pod/gateway-844b974576-vgmhd/gateway] 2026-10-05T23:42:47.126+00:00 INFO  http.request requestId=6e58eb53-b375-4d7b-8741-9ee9c4ab7ee8 role=api pod=gateway-844b974576-vgmhd method=POST path=/api/translations status=200 durationMs=285
[pod/gateway-844b974576-vgmhd/gateway] 2026-10-05T23:42:47.133+00:00 INFO  http.request requestId=668843eb-c3fc-4520-9e0b-157ab8dff566 role=api pod=gateway-844b974576-vgmhd method=POST path=/api/translations status=200 durationMs=391
[pod/gateway-844b974576-vgmhd/gateway] 2026-10-05T23:42:47.133+00:00 INFO  http.request requestId=5d111505-4abc-4c11-a3f1-7c18c66a46d8 role=api pod=gateway-844b974576-vgmhd method=POST path=/api/transcriptions status=200 durationMs=626
[pod/gateway-844b974576-vgmhd/gateway] 2026-10-05T23:42:47.138+00:00 INFO  http.request requestId=1ebb4e0e-3819-4411-9474-e292ed7cf82f role=api pod=gateway-844b974576-vgmhd method=POST path=/api/transcriptions status=200 durationMs=510
[pod/gateway-844b974576-vgmhd/gateway] 2026-10-05T23:42:47.154+00:00 INFO  http.request requestId=a125ac03-0a5d-4e27-bfa0-3aa31bb2b5a6 role=api pod=gateway-844b974576-vgmhd method=POST path=/api/transcriptions status=200 durationMs=511
[pod/gateway-844b974576-vgmhd/gateway] 2026-10-05T23:42:47.154+00:00 INFO  http.request requestId=9a967600-122e-4aaf-b282-f9129bf17f4b role=api pod=gateway-844b974576-vgmhd method=POST path=/api/translations status=200 durationMs=253
[pod/gateway-844b974576-vgmhd/gateway] 2026-10-05T23:42:47.183+00:00 INFO  http.request requestId=5c4dd7bb-5610-47ab-807a-bf5848c1d2cf role=api pod=gateway-844b974576-vgmhd method=POST path=/api/transcriptions status=200 durationMs=481
[pod/gateway-844b974576-vgmhd/gateway] 2026-10-05T23:42:47.186+00:00 INFO  http.request requestId=01654ef2-0f24-4f36-9af4-5082b8420f11 role=api pod=gateway-844b974576-vgmhd method=POST path=/api/transcriptions status=200 durationMs=588
[pod/gateway-844b974576-vgmhd/gateway] 2026-10-05T23:42:47.221+00:00 INFO  http.request requestId=1bebde18-9661-44d4-a59c-0ded94a3589b role=api pod=gateway-844b974576-vgmhd method=POST path=/api/transcriptions status=200 durationMs=443
[pod/gateway-844b974576-vgmhd/gateway] 2026-10-05T23:42:47.306+00:00 INFO  http.request requestId=c11b13b7-e8c3-45cc-abdd-e73bf1300780 role=api pod=gateway-844b974576-vgmhd method=POST path=/api/translations status=200 durationMs=326
[pod/gateway-844b974576-vgmhd/gateway] 2026-10-05T23:42:47.306+00:00 INFO  http.request requestId=1b8f8dad-8c6e-4e56-bf10-77491a765a71 role=api pod=gateway-844b974576-vgmhd method=POST path=/api/transcriptions status=200 durationMs=573
[pod/gateway-844b974576-vgmhd/gateway] 2026-10-05T23:42:47.307+00:00 INFO  http.request requestId=6ca75b3a-2a74-4331-b161-493cbcaf122d role=api pod=gateway-844b974576-vgmhd method=POST path=/api/translations status=200 durationMs=278
[pod/gateway-844b974576-vgmhd/gateway] 2026-10-05T23:42:47.313+00:00 INFO  http.request requestId=03846235-0fd5-48a0-a52d-3c44de0e29eb role=api pod=gateway-844b974576-vgmhd method=POST path=/api/translations status=200 durationMs=287
[pod/gateway-844b974576-vgmhd/gateway] 2026-10-05T23:42:47.362+00:00 INFO  http.request requestId=11b5fa8f-db62-45dd-9739-ed06d2512627 role=api pod=gateway-844b974576-vgmhd method=POST path=/api/transcriptions status=200 durationMs=554
[pod/gateway-844b974576-vgmhd/gateway] 2026-10-05T23:42:47.367+00:00 INFO  http.request requestId=916ddcaa-dac3-4334-a5a6-7eee5cf310eb role=api pod=gateway-844b974576-vgmhd method=POST path=/api/translations status=200 durationMs=234
[pod/gateway-844b974576-vgmhd/gateway] 2026-10-05T23:42:47.379+00:00 INFO  http.request requestId=a5fdc37d-ca9f-44d4-b861-671857a59d34 role=api pod=gateway-844b974576-vgmhd method=POST path=/api/translations status=200 durationMs=224
[pod/gateway-844b974576-vgmhd/gateway] 2026-10-05T23:42:47.403+00:00 INFO  http.request requestId=ed9836f3-37a8-408d-afe9-77162a9ab847 role=api pod=gateway-844b974576-vgmhd method=POST path=/api/translations status=200 durationMs=217
[pod/gateway-844b974576-vgmhd/gateway] 2026-10-05T23:42:47.416+00:00 INFO  http.request requestId=d659168e-2760-47d4-8c48-8de89239b349 role=api pod=gateway-844b974576-vgmhd method=POST path=/api/translations status=200 durationMs=310
[pod/gateway-844b974576-vgmhd/gateway] 2026-10-05T23:42:47.433+00:00 INFO  http.request requestId=973f74e3-d272-4bea-b2e8-d28764b3d9dc role=api pod=gateway-844b974576-vgmhd method=POST path=/api/translations status=200 durationMs=300
[pod/gateway-844b974576-vgmhd/gateway] 2026-10-05T23:42:47.451+00:00 INFO  http.request requestId=4b2bf0c2-d146-4b8d-85f5-26c1ca524228 role=api pod=gateway-844b974576-vgmhd method=POST path=/api/transcriptions status=200 durationMs=449
[pod/gateway-844b974576-vgmhd/gateway] 2026-10-05T23:42:47.457+00:00 INFO  http.request requestId=98cfb9c7-f236-4cdd-a756-0d7828a8f8c7 role=api pod=gateway-844b974576-vgmhd method=POST path=/api/translations status=200 durationMs=319
[pod/gateway-844b974576-vgmhd/gateway] 2026-10-05T23:42:47.490+00:00 INFO  http.request requestId=d4c27a30-a579-4637-9681-9b723bf50b48 role=api pod=gateway-844b974576-vgmhd method=POST path=/api/transcriptions status=200 durationMs=772
[pod/gateway-844b974576-vgmhd/gateway] 2026-10-05T23:42:47.506+00:00 INFO  http.request requestId=f2bbca3a-a494-4bf7-bced-75b57baa3aae role=api pod=gateway-844b974576-vgmhd method=POST path=/api/transcriptions status=200 durationMs=623
[pod/gateway-844b974576-vgmhd/gateway] 2026-10-05T23:42:47.593+00:00 INFO  http.request requestId=fc04a29d-4f39-4471-93e6-eab183f9ae17 role=api pod=gateway-844b974576-vgmhd method=POST path=/api/transcriptions status=200 durationMs=409
[pod/gateway-844b974576-vgmhd/gateway] 2026-10-05T23:42:47.627+00:00 INFO  http.request requestId=621bc73c-b22a-4d20-bc64-837b1b165194 role=api pod=gateway-844b974576-vgmhd method=POST path=/api/transcriptions status=200 durationMs=490
[pod/gateway-844b974576-vgmhd/gateway] 2026-10-05T23:42:47.652+00:00 INFO  http.request requestId=bbc572dd-a12d-449a-a04a-98337b26623d role=api pod=gateway-844b974576-vgmhd method=POST path=/api/transcriptions status=200 durationMs=694
[pod/gateway-844b974576-vgmhd/gateway] 2026-10-05T23:42:47.654+00:00 INFO  http.request requestId=cba61b45-4f25-4b55-8f4b-993add74d2f7 role=api pod=gateway-844b974576-vgmhd method=POST path=/api/transcriptions status=200 durationMs=501
[pod/gateway-844b974576-vgmhd/gateway] 2026-10-05T23:42:47.671+00:00 INFO  http.request requestId=f91df2d9-9520-4a8b-86b6-b702bb72c222 role=api pod=gateway-844b974576-vgmhd method=POST path=/api/translations status=200 durationMs=359
[pod/gateway-844b974576-vgmhd/gateway] 2026-10-05T23:42:47.684+00:00 INFO  http.request requestId=e58ba04c-fcdb-4613-96d7-cf1898135439 role=api pod=gateway-844b974576-vgmhd method=POST path=/api/transcriptions status=200 durationMs=636
[pod/gateway-844b974576-vgmhd/gateway] 2026-10-05T23:42:47.708+00:00 INFO  http.request requestId=297eeb3d-4bf3-4d7a-8a82-4bf8fd47e69f role=api pod=gateway-844b974576-vgmhd method=POST path=/api/transcriptions status=200 durationMs=733
[pod/gateway-844b974576-vgmhd/gateway] 2026-10-05T23:42:47.730+00:00 INFO  http.request requestId=faeb00ef-2c87-410f-88ab-a157b21fddea role=api pod=gateway-844b974576-vgmhd method=POST path=/api/transcriptions status=200 durationMs=411
[pod/gateway-844b974576-vgmhd/gateway] 2026-10-05T23:42:47.739+00:00 INFO  http.request requestId=082db80f-071f-4fe1-8bad-85c8fe93a66a role=api pod=gateway-844b974576-vgmhd method=POST path=/api/translations status=200 durationMs=220
[pod/gateway-844b974576-vgmhd/gateway] 2026-10-05T23:42:47.741+00:00 INFO  http.request requestId=2b0b9eef-3a73-45d4-90ef-cf4d9c27ae88 role=api pod=gateway-844b974576-vgmhd method=POST path=/api/translations status=200 durationMs=378
[pod/gateway-844b974576-vgmhd/gateway] 2026-10-05T23:42:47.749+00:00 INFO  http.request requestId=b218f95e-7243-4f28-93fa-677617b0401a role=api pod=gateway-844b974576-vgmhd method=POST path=/api/translations status=200 durationMs=361
[pod/gateway-844b974576-vgmhd/gateway] 2026-10-05T23:42:47.754+00:00 INFO  http.request requestId=765ce25f-f223-4c42-932d-3d51b1dd204a role=api pod=gateway-844b974576-vgmhd method=POST path=/api/transcriptions status=200 durationMs=766
[pod/gateway-844b974576-vgmhd/gateway] 2026-10-05T23:42:47.756+00:00 INFO  http.request requestId=2a1bab11-a876-475e-80a8-5508cc596c09 role=api pod=gateway-844b974576-vgmhd method=POST path=/api/translations status=200 durationMs=379
[pod/gateway-844b974576-vgmhd/gateway] 2026-10-05T23:42:47.831+00:00 INFO  http.request requestId=1f8c2c40-ab99-415d-b4d5-330ad725905b role=api pod=gateway-844b974576-vgmhd method=POST path=/api/translations status=200 durationMs=324
[pod/gateway-844b974576-vgmhd/gateway] 2026-10-05T23:42:47.843+00:00 INFO  http.request requestId=dc1bf0bc-2df3-4b10-9cad-a76ae882d3d4 role=api pod=gateway-844b974576-vgmhd method=POST path=/api/transcriptions status=200 durationMs=645
[pod/gateway-844b974576-vgmhd/gateway] 2026-10-05T23:42:47.851+00:00 INFO  http.request requestId=dc4ae75a-c1e2-4428-9664-1afc020b2f29 role=api pod=gateway-844b974576-vgmhd method=POST path=/api/translations status=200 durationMs=401
[pod/gateway-844b974576-vgmhd/gateway] 2026-10-05T23:42:47.883+00:00 INFO  http.request requestId=8635969a-e5cc-4ef1-8663-f80c2aae43e4 role=api pod=gateway-844b974576-vgmhd method=POST path=/api/translations status=200 durationMs=289
[pod/gateway-844b974576-vgmhd/gateway] 2026-10-05T23:42:47.899+00:00 INFO  http.request requestId=c10df964-0737-4383-9560-bc2196005097 role=api pod=gateway-844b974576-vgmhd method=POST path=/api/translations status=200 durationMs=246
[pod/gateway-844b974576-vgmhd/gateway] 2026-10-05T23:42:47.928+00:00 INFO  http.request requestId=2feb18a4-57d6-45b5-9225-5f02324f274e role=api pod=gateway-844b974576-vgmhd method=POST path=/api/transcriptions status=200 durationMs=700
[pod/gateway-844b974576-vgmhd/gateway] 2026-10-05T23:42:47.940+00:00 INFO  http.request requestId=b8ea8883-db4c-48d8-b359-f7886ef461cb role=api pod=gateway-844b974576-vgmhd method=POST path=/api/transcriptions status=200 durationMs=473
[pod/gateway-844b974576-vgmhd/gateway] 2026-10-05T23:42:47.948+00:00 INFO  http.request requestId=24a282f0-1740-441f-8ef3-27ea67b42568 role=api pod=gateway-844b974576-vgmhd method=POST path=/api/transcriptions status=200 durationMs=705
[pod/gateway-844b974576-vgmhd/gateway] 2026-10-05T23:42:47.969+00:00 INFO  http.request requestId=ada7d07c-a981-4504-bdfe-645eb13953a4 role=api pod=gateway-844b974576-vgmhd method=POST path=/api/translations status=200 durationMs=284
[pod/gateway-844b974576-vgmhd/gateway] 2026-10-05T23:42:47.999+00:00 INFO  http.request requestId=8fd52d97-4833-4cd2-a599-ea5abd8e5bb6 role=api pod=gateway-844b974576-vgmhd method=POST path=/api/translations status=200 durationMs=344
[pod/gateway-844b974576-vgmhd/gateway] 2026-10-05T23:42:48.035+00:00 INFO  http.request requestId=3c10600a-12f2-46ad-89a9-8dfca3990664 role=api pod=gateway-844b974576-vgmhd method=POST path=/api/transcriptions status=200 durationMs=612
[pod/gateway-844b974576-vgmhd/gateway] 2026-10-05T23:42:48.044+00:00 INFO  http.request requestId=bb7e605b-df3d-4076-a797-f63c068411bc role=api pod=gateway-844b974576-vgmhd method=POST path=/api/transcriptions status=200 durationMs=411
[pod/gateway-844b974576-vgmhd/gateway] 2026-10-05T23:42:48.062+00:00 INFO  http.request requestId=6b386be9-4144-4654-ac8a-44c53925316e role=api pod=gateway-844b974576-vgmhd method=POST path=/api/translations status=200 durationMs=308
[pod/gateway-844b974576-vgmhd/gateway] 2026-10-05T23:42:48.077+00:00 INFO  http.request requestId=9712a2c6-1be7-4abd-9ea0-1c98bd4a67df role=api pod=gateway-844b974576-vgmhd method=POST path=/api/translations status=200 durationMs=229
[pod/gateway-844b974576-vgmhd/gateway] 2026-10-05T23:42:48.082+00:00 INFO  http.request requestId=4ffb805f-f4c8-4dc3-94ba-86e552beee2a role=api pod=gateway-844b974576-vgmhd method=POST path=/api/transcriptions status=200 durationMs=626
[pod/gateway-844b974576-vgmhd/gateway] 2026-10-05T23:42:48.118+00:00 INFO  http.request requestId=ec6c1582-cbe7-4e9c-ba55-ce5d8fb95023 role=api pod=gateway-844b974576-vgmhd method=POST path=/api/translations status=200 durationMs=285
[pod/gateway-844b974576-vgmhd/gateway] 2026-10-05T23:42:48.118+00:00 INFO  http.request requestId=89332248-b0bc-41ea-8f7e-8c85b53d16a3 role=api pod=gateway-844b974576-vgmhd method=POST path=/api/transcriptions status=200 durationMs=12006
[pod/gateway-844b974576-vgmhd/gateway] 2026-10-05T23:42:48.128+00:00 INFO  http.request requestId=214de7dd-5005-479b-a8b2-816eb72a9596 role=api pod=gateway-844b974576-vgmhd method=POST path=/api/translations status=200 durationMs=408
[pod/gateway-844b974576-vgmhd/gateway] 2026-10-05T23:42:48.135+00:00 INFO  http.request requestId=422a023a-464b-418d-b1af-4df553f69975 role=api pod=gateway-844b974576-vgmhd method=POST path=/api/transcriptions status=200 durationMs=803
[pod/gateway-844b974576-vgmhd/gateway] 2026-10-05T23:42:48.175+00:00 INFO  http.request requestId=274afeb6-bfe4-4825-bf35-cf258e31a661 role=api pod=gateway-844b974576-vgmhd method=POST path=/api/transcriptions status=200 durationMs=408
[pod/gateway-844b974576-vgmhd/gateway] 2026-10-05T23:42:48.175+00:00 INFO  http.request requestId=f916f6fb-314a-45c9-ab2d-34baf1f649cd role=api pod=gateway-844b974576-vgmhd method=POST path=/api/translations status=200 durationMs=245
[pod/gateway-844b974576-vgmhd/gateway] 2026-10-05T23:42:48.192+00:00 INFO  http.request requestId=78f54616-2575-4e5b-91c0-668ff6a0b91e role=api pod=gateway-844b974576-vgmhd method=POST path=/api/transcriptions status=200 durationMs=455
[pod/gateway-844b974576-vgmhd/gateway] 2026-10-05T23:42:48.209+00:00 INFO  http.request requestId=7650fae0-942b-4f0a-90e8-6e49f02bf1bc role=api pod=gateway-844b974576-vgmhd method=POST path=/api/translations status=200 durationMs=366
[pod/gateway-844b974576-vgmhd/gateway] 2026-10-05T23:42:48.223+00:00 INFO  http.request requestId=5ec82104-590a-4947-8e52-82859c644cf6 role=api pod=gateway-844b974576-vgmhd method=POST path=/api/transcriptions status=200 durationMs=469
[pod/gateway-844b974576-vgmhd/gateway] 2026-10-05T23:42:48.267+00:00 INFO  http.request requestId=e9b9a1bb-19cd-4ea7-8329-6ef027f81bf9 role=api pod=gateway-844b974576-vgmhd method=POST path=/api/transcriptions status=200 durationMs=604
[pod/gateway-844b974576-vgmhd/gateway] 2026-10-05T23:42:48.278+00:00 INFO  http.request requestId=26e25e2e-4dd2-4a3a-a36b-a6084e976811 role=api pod=gateway-844b974576-vgmhd method=POST path=/api/transcriptions status=200 durationMs=705
[pod/gateway-844b974576-vgmhd/gateway] 2026-10-05T23:42:48.289+00:00 INFO  http.request requestId=f79eaf69-afb7-401f-a0b8-5b499f363fd9 role=api pod=gateway-844b974576-vgmhd method=POST path=/api/transcriptions status=200 durationMs=685
[pod/gateway-844b974576-vgmhd/gateway] 2026-10-05T23:42:48.292+00:00 INFO  http.request requestId=4e2f448b-1061-4d22-bc83-0801b095af5b role=api pod=gateway-844b974576-vgmhd method=POST path=/api/transcriptions status=200 durationMs=434
[pod/gateway-844b974576-vgmhd/gateway] 2026-10-05T23:42:48.296+00:00 INFO  http.request requestId=bf7caa75-6a65-47aa-af8c-e17f25f4f372 role=api pod=gateway-844b974576-vgmhd method=POST path=/api/translations status=200 durationMs=320
[pod/gateway-844b974576-vgmhd/gateway] 2026-10-05T23:42:48.329+00:00 INFO  http.request requestId=c5c3ccd7-0cc3-43c9-bff7-e000105088a1 role=api pod=gateway-844b974576-vgmhd method=POST path=/api/transcriptions status=200 durationMs=546
[pod/gateway-844b974576-vgmhd/gateway] 2026-10-05T23:42:48.352+00:00 INFO  http.request requestId=e2be867d-ca16-4b3d-814b-d7f52a7dcbfa role=api pod=gateway-844b974576-vgmhd method=POST path=/api/translations status=200 durationMs=308
[pod/gateway-844b974576-vgmhd/gateway] 2026-10-05T23:42:48.381+00:00 INFO  http.request requestId=c37bc5a2-c7f3-4b4c-8916-ca00efe04411 role=api pod=gateway-844b974576-vgmhd method=POST path=/api/translations status=200 durationMs=373
[pod/gateway-844b974576-vgmhd/gateway] 2026-10-05T23:42:48.383+00:00 INFO  http.request requestId=cf2421c1-d11f-4e2f-8071-7e1536de7f06 role=api pod=gateway-844b974576-vgmhd method=POST path=/api/translations status=200 durationMs=333
[pod/gateway-844b974576-vgmhd/gateway] 2026-10-05T23:42:48.410+00:00 INFO  http.request requestId=f4b630b8-aa7d-41eb-97d5-acc2c3bcbcb8 role=api pod=gateway-844b974576-vgmhd method=POST path=/api/translations status=200 durationMs=337
[pod/gateway-844b974576-vgmhd/gateway] 2026-10-05T23:42:48.422+00:00 INFO  http.request requestId=3b5d36e1-4bfe-47d5-9ad7-7bf7a6d6eb4b role=api pod=gateway-844b974576-vgmhd method=POST path=/api/transcriptions status=200 durationMs=744
[pod/gateway-844b974576-vgmhd/gateway] 2026-10-05T23:42:48.443+00:00 INFO  http.request requestId=095aacd9-da05-4530-9580-b58ecd29c511 role=api pod=gateway-844b974576-vgmhd method=POST path=/api/translations status=200 durationMs=305
[pod/gateway-844b974576-vgmhd/gateway] 2026-10-05T23:42:48.448+00:00 INFO  http.request requestId=9145c8f0-5fc2-48ed-a81f-7c6beb1ec88f role=api pod=gateway-844b974576-vgmhd method=POST path=/api/translations status=200 durationMs=362
[pod/gateway-844b974576-vgmhd/gateway] 2026-10-05T23:42:48.464+00:00 INFO  http.request requestId=37714706-5f95-438a-8b4a-fe8f0c23e1ed role=api pod=gateway-844b974576-vgmhd method=POST path=/api/translations status=200 durationMs=254
[pod/gateway-844b974576-vgmhd/gateway] 2026-10-05T23:42:48.471+00:00 INFO  http.request requestId=de6a8318-6b17-4817-9509-d1fde31f4f8f role=api pod=gateway-844b974576-vgmhd method=POST path=/api/translations status=200 durationMs=352
[pod/gateway-844b974576-vgmhd/gateway] 2026-10-05T23:42:48.500+00:00 INFO  http.request requestId=0a0d578b-194c-47fc-8da3-41fbcddd488a role=api pod=gateway-844b974576-vgmhd method=POST path=/api/transcriptions status=200 durationMs=793
[pod/gateway-844b974576-vgmhd/gateway] 2026-10-05T23:42:48.519+00:00 INFO  http.request requestId=2eec9142-baa7-4d97-ad4a-d913e59a548f role=api pod=gateway-844b974576-vgmhd method=POST path=/api/transcriptions status=200 durationMs=571
[pod/gateway-844b974576-vgmhd/gateway] 2026-10-05T23:42:48.522+00:00 INFO  http.request requestId=10dffc65-a69e-4951-96b5-3c72be471e27 role=api pod=gateway-844b974576-vgmhd method=POST path=/api/translations status=200 durationMs=384
[pod/gateway-844b974576-vgmhd/gateway] 2026-10-05T23:42:48.536+00:00 INFO  http.request requestId=4cacabaf-49b2-4e59-91e2-36822f4525d8 role=api pod=gateway-844b974576-vgmhd method=POST path=/api/translations status=200 durationMs=354
[pod/gateway-844b974576-vgmhd/gateway] 2026-10-05T23:42:48.544+00:00 INFO  http.request requestId=19a83685-fcdc-4894-bcbf-a5934822689c role=api pod=gateway-844b974576-vgmhd method=POST path=/api/translations status=200 durationMs=255
[pod/gateway-844b974576-vgmhd/gateway] 2026-10-05T23:42:48.563+00:00 INFO  http.request requestId=e65049c7-ae25-4dd9-96c2-c277217c0cab role=api pod=gateway-844b974576-vgmhd method=POST path=/api/transcriptions status=200 durationMs=570
[pod/gateway-844b974576-vgmhd/gateway] 2026-10-05T23:42:48.615+00:00 INFO  http.request requestId=c277f72f-4e01-410b-8634-f7699b4809c8 role=api pod=gateway-844b974576-vgmhd method=POST path=/api/transcriptions status=200 durationMs=487
[pod/gateway-844b974576-vgmhd/gateway] 2026-10-05T23:42:48.629+00:00 INFO  http.request requestId=2452836d-5db0-4cd1-bef6-5500c1d55539 role=api pod=gateway-844b974576-vgmhd method=POST path=/api/transcriptions status=200 durationMs=547
[pod/gateway-844b974576-vgmhd/gateway] 2026-10-05T23:42:48.639+00:00 INFO  http.request requestId=826e5c59-4774-47aa-846e-d62bb4e08aad role=api pod=gateway-844b974576-vgmhd method=POST path=/api/transcriptions status=200 durationMs=616
[pod/gateway-844b974576-vgmhd/gateway] 2026-10-05T23:42:48.658+00:00 INFO  http.request requestId=290f5d26-079a-4d17-8ef0-941d67815ffc role=api pod=gateway-844b974576-vgmhd method=POST path=/api/transcriptions status=200 durationMs=455
[pod/gateway-844b974576-vgmhd/gateway] 2026-10-05T23:42:48.667+00:00 INFO  http.request requestId=926876d0-02f7-498e-8cba-5e30f2cfdf4b role=api pod=gateway-844b974576-vgmhd method=POST path=/api/transcriptions status=200 durationMs=433
[pod/gateway-844b974576-vgmhd/gateway] 2026-10-05T23:42:48.675+00:00 INFO  http.request requestId=2d40ae64-87d6-4a0d-8909-4e0c02f162fb role=api pod=gateway-844b974576-vgmhd method=POST path=/api/translations status=200 durationMs=382
[pod/gateway-844b974576-vgmhd/gateway] 2026-10-05T23:42:48.678+00:00 INFO  http.request requestId=c908627b-7745-4a3d-9f20-44c44a35a423 role=api pod=gateway-844b974576-vgmhd method=POST path=/api/transcriptions status=200 durationMs=491
[pod/gateway-844b974576-vgmhd/gateway] 2026-10-05T23:42:48.680+00:00 INFO  http.request requestId=4736adfe-4ed5-49bb-be73-8d7fa58e1ced role=api pod=gateway-844b974576-vgmhd method=POST path=/api/translations status=200 durationMs=215
[pod/gateway-844b974576-vgmhd/gateway] 2026-10-05T23:42:48.698+00:00 INFO  http.request requestId=7cda6fa8-2ab4-4619-a34f-82545f87e7b0 role=api pod=gateway-844b974576-vgmhd method=POST path=/api/transcriptions status=200 durationMs=735
[pod/gateway-844b974576-vgmhd/gateway] 2026-10-05T23:42:48.733+00:00 INFO  http.request requestId=4367b5cc-8c99-4e7c-9439-616c8f3e461c role=api pod=gateway-844b974576-vgmhd method=POST path=/api/translations status=200 durationMs=275
[pod/gateway-844b974576-vgmhd/gateway] 2026-10-05T23:42:48.744+00:00 INFO  http.request requestId=9b5f36e0-5d58-466b-868d-9b34d06910a1 role=api pod=gateway-844b974576-vgmhd method=POST path=/api/translations status=200 durationMs=243
[pod/gateway-844b974576-vgmhd/gateway] 2026-10-05T23:42:48.764+00:00 INFO  http.request requestId=1cd60c8f-1dde-467e-a987-708cf16d1075 role=api pod=gateway-844b974576-vgmhd method=POST path=/api/translations status=200 durationMs=349
[pod/gateway-844b974576-vgmhd/gateway] 2026-10-05T23:42:48.775+00:00 INFO  http.request requestId=fa126d2a-a9ab-437a-8f1b-f1ce031bd562 role=api pod=gateway-844b974576-vgmhd method=POST path=/api/translations status=200 durationMs=211
[pod/gateway-844b974576-vgmhd/gateway] 2026-10-05T23:42:48.792+00:00 INFO  http.request requestId=249320f2-a8ae-4b0e-891e-bb3909b2bb43 role=api pod=gateway-844b974576-vgmhd method=POST path=/api/transcriptions status=200 durationMs=514
[pod/gateway-844b974576-vgmhd/gateway] 2026-10-05T23:42:48.813+00:00 INFO  http.request requestId=822b8928-aed5-4df5-84f5-bac81109b4e0 role=api pod=gateway-844b974576-vgmhd method=POST path=/api/translations status=200 durationMs=293
[pod/gateway-844b974576-vgmhd/gateway] 2026-10-05T23:42:48.817+00:00 INFO  http.request requestId=571e661c-f116-4722-9950-31d53fe8eabc role=api pod=gateway-844b974576-vgmhd method=POST path=/api/transcriptions status=200 durationMs=419
[pod/gateway-844b974576-vgmhd/gateway] 2026-10-05T23:42:48.839+00:00 INFO  http.request requestId=470875b7-37b9-46f2-b576-504d9c4b007a role=api pod=gateway-844b974576-vgmhd method=POST path=/api/translations status=200 durationMs=356
[pod/gateway-844b974576-vgmhd/gateway] 2026-10-05T23:42:48.910+00:00 INFO  http.request requestId=8e6bf91b-35a3-4873-abeb-249f2980c31f role=api pod=gateway-844b974576-vgmhd method=POST path=/api/translations status=200 durationMs=222
[pod/gateway-844b974576-vgmhd/gateway] 2026-10-05T23:42:48.916+00:00 INFO  http.request requestId=ccf80284-b947-4fec-bcc4-d8c703be5060 role=api pod=gateway-844b974576-vgmhd method=POST path=/api/translations status=200 durationMs=210
[pod/gateway-844b974576-vgmhd/gateway] 2026-10-05T23:42:48.920+00:00 INFO  http.request requestId=d92db0a8-4269-4a80-ba59-c4a0c3d372b4 role=api pod=gateway-844b974576-vgmhd method=POST path=/api/translations status=200 durationMs=281
[pod/gateway-844b974576-vgmhd/gateway] 2026-10-05T23:42:48.962+00:00 INFO  http.request requestId=cf92f1e6-a946-4821-815e-b1f729525bd7 role=api pod=gateway-844b974576-vgmhd method=POST path=/api/translations status=200 durationMs=298
[pod/gateway-844b974576-vgmhd/gateway] 2026-10-05T23:42:48.974+00:00 INFO  http.request requestId=37457524-f56b-489c-8e33-26e63044a4ee role=api pod=gateway-844b974576-vgmhd method=POST path=/api/transcriptions status=200 durationMs=427
[pod/gateway-844b974576-vgmhd/gateway] 2026-10-05T23:42:48.975+00:00 INFO  http.request requestId=e63db0bb-1db9-4342-af3a-f2770b692e42 role=api pod=gateway-844b974576-vgmhd method=POST path=/api/translations status=200 durationMs=276
[pod/gateway-844b974576-vgmhd/gateway] 2026-10-05T23:42:48.981+00:00 INFO  http.request requestId=a3fb6d23-9669-4317-bf93-33489c526ac8 role=api pod=gateway-844b974576-vgmhd method=POST path=/api/transcriptions status=200 durationMs=686
[pod/gateway-844b974576-vgmhd/gateway] 2026-10-05T23:42:48.988+00:00 INFO  http.request requestId=85ddbcc1-e656-4401-ba3a-cb8785112afe role=api pod=gateway-844b974576-vgmhd method=POST path=/api/transcriptions status=200 durationMs=575
[pod/gateway-844b974576-vgmhd/gateway] 2026-10-05T23:42:49.016+00:00 INFO  http.request requestId=f57e2955-350e-4b81-a299-03f1f3cd15d7 role=api pod=gateway-844b974576-vgmhd method=POST path=/api/transcriptions status=200 durationMs=709
[pod/gateway-844b974576-vgmhd/gateway] 2026-10-05T23:42:49.017+00:00 INFO  http.request requestId=084c0d9c-20c3-4d8a-8054-5cd4ccd1b01e role=api pod=gateway-844b974576-vgmhd method=POST path=/api/transcriptions status=200 durationMs=663
[pod/gateway-844b974576-vgmhd/gateway] 2026-10-05T23:42:49.064+00:00 INFO  http.request requestId=d2ebe0df-fce0-47b1-a91c-7b4c161e03c0 role=api pod=gateway-844b974576-vgmhd method=POST path=/api/transcriptions status=200 durationMs=725
[pod/gateway-844b974576-vgmhd/gateway] 2026-10-05T23:42:49.122+00:00 INFO  http.request requestId=262a1f4b-0f6b-497f-bab1-d8e22801a4f0 role=api pod=gateway-844b974576-vgmhd method=POST path=/api/translations status=200 durationMs=225
[pod/gateway-844b974576-vgmhd/gateway] 2026-10-05T23:42:49.133+00:00 INFO  http.request requestId=9c3c9469-90f4-4edd-a6aa-268fda043659 role=api pod=gateway-844b974576-vgmhd method=POST path=/api/translations status=200 durationMs=338
[pod/gateway-844b974576-vgmhd/gateway] 2026-10-05T23:42:49.134+00:00 INFO  http.request requestId=d0790648-5d71-4af6-9663-b12769f71b3b role=api pod=gateway-844b974576-vgmhd method=POST path=/api/transcriptions status=200 durationMs=601
[pod/gateway-844b974576-vgmhd/gateway] 2026-10-05T23:42:49.154+00:00 INFO  http.request requestId=4c051156-bdbd-481e-b95a-bc3bd286329c role=api pod=gateway-844b974576-vgmhd method=POST path=/api/transcriptions status=200 durationMs=726
[pod/gateway-844b974576-vgmhd/gateway] 2026-10-05T23:42:49.205+00:00 INFO  http.request requestId=39e97d2b-0bc5-4c2b-8fb0-e32372b5450b role=api pod=gateway-844b974576-vgmhd method=POST path=/api/translations status=200 durationMs=406
[pod/gateway-844b974576-vgmhd/gateway] 2026-10-05T23:42:49.217+00:00 INFO  http.request requestId=a599b3f6-fda9-41d1-adfd-203b4c6a3cbd role=api pod=gateway-844b974576-vgmhd method=POST path=/api/transcriptions status=200 durationMs=547
[pod/gateway-844b974576-vgmhd/gateway] 2026-10-05T23:42:49.219+00:00 INFO  http.request requestId=a432b649-b09c-4e5e-8779-ba710c37ebd6 role=api pod=gateway-844b974576-vgmhd method=POST path=/api/translations status=200 durationMs=406
[pod/gateway-844b974576-vgmhd/gateway] 2026-10-05T23:42:49.220+00:00 INFO  http.request requestId=a9327760-b43a-46e1-963f-c8336ca922a1 role=api pod=gateway-844b974576-vgmhd method=POST path=/api/transcriptions status=200 durationMs=582
[pod/gateway-844b974576-vgmhd/gateway] 2026-10-05T23:42:49.232+00:00 INFO  http.request requestId=0da33db0-b720-4240-8caf-5f604a7b4a14 role=api pod=gateway-844b974576-vgmhd method=POST path=/api/transcriptions status=200 durationMs=550
[pod/gateway-844b974576-vgmhd/gateway] 2026-10-05T23:42:49.238+00:00 INFO  http.request requestId=cf326354-56d3-4417-84d9-30643056966c role=api pod=gateway-844b974576-vgmhd method=POST path=/api/transcriptions status=200 durationMs=495
[pod/gateway-844b974576-vgmhd/gateway] 2026-10-05T23:42:49.307+00:00 INFO  http.request requestId=e3dcfa3a-472e-47f0-bfd4-e9164227fffc role=api pod=gateway-844b974576-vgmhd method=POST path=/api/transcriptions status=200 durationMs=490
[pod/gateway-844b974576-vgmhd/gateway] 2026-10-05T23:42:49.316+00:00 INFO  http.request requestId=bb767eb5-124a-49f8-a017-5243776e5cc4 role=api pod=gateway-844b974576-vgmhd method=POST path=/api/translations status=200 durationMs=334
[pod/gateway-844b974576-vgmhd/gateway] 2026-10-05T23:42:49.329+00:00 INFO  http.request requestId=90f98e67-80bb-45ac-a756-19cfb7677e69 role=api pod=gateway-844b974576-vgmhd method=POST path=/api/translations status=200 durationMs=384
[pod/gateway-844b974576-vgmhd/gateway] 2026-10-05T23:42:49.338+00:00 INFO  http.request requestId=8470bdf7-79f6-4b10-b9a8-54b8fc98d9eb role=api pod=gateway-844b974576-vgmhd method=POST path=/api/transcriptions status=200 durationMs=716
[pod/gateway-844b974576-vgmhd/gateway] 2026-10-05T23:42:49.340+00:00 INFO  http.request requestId=44540430-4b05-41c8-a755-3e6d7398a02e role=api pod=gateway-844b974576-vgmhd method=POST path=/api/translations status=200 durationMs=358
[pod/gateway-844b974576-vgmhd/gateway] 2026-10-05T23:42:49.361+00:00 INFO  http.request requestId=8322e5fd-57d3-4902-8490-9bc17060c8fc role=api pod=gateway-844b974576-vgmhd method=POST path=/api/translations status=200 durationMs=345
[pod/gateway-844b974576-vgmhd/gateway] 2026-10-05T23:42:49.373+00:00 INFO  http.request requestId=53ee6ae1-47bc-443a-8af1-c0d3ec8d563e role=api pod=gateway-844b974576-vgmhd method=POST path=/api/transcriptions status=200 durationMs=524
[pod/gateway-844b974576-vgmhd/gateway] 2026-10-05T23:42:49.380+00:00 INFO  http.request requestId=a4f0370e-a7d5-447b-ac43-a637046b8bfd role=api pod=gateway-844b974576-vgmhd method=POST path=/api/translations status=200 durationMs=362
[pod/gateway-844b974576-vgmhd/gateway] 2026-10-05T23:42:49.381+00:00 INFO  http.request requestId=238dd24f-a87b-436f-b537-9008ce4124d7 role=api pod=gateway-844b974576-vgmhd method=POST path=/api/translations status=200 durationMs=216
[pod/gateway-844b974576-vgmhd/gateway] 2026-10-05T23:42:49.396+00:00 INFO  http.request requestId=9843e604-7667-4ec2-9fc5-b85f21c818af role=api pod=gateway-844b974576-vgmhd method=POST path=/api/transcriptions status=200 durationMs=414
[pod/gateway-844b974576-vgmhd/gateway] 2026-10-05T23:42:49.417+00:00 INFO  http.request requestId=d5e14fa8-aca5-4fd2-a8b9-d18e9cb5b17d role=api pod=gateway-844b974576-vgmhd method=POST path=/api/transcriptions status=200 durationMs=630
[pod/gateway-844b974576-vgmhd/gateway] 2026-10-05T23:42:49.458+00:00 INFO  http.request requestId=2413067e-a807-486c-ba46-fc8851cf24a4 role=api pod=gateway-844b974576-vgmhd method=POST path=/api/translations status=200 durationMs=393
[pod/gateway-844b974576-vgmhd/gateway] 2026-10-05T23:42:49.469+00:00 INFO  http.request requestId=7e65bcfa-c2d3-435f-8c6d-dd8ac36cb14a role=api pod=gateway-844b974576-vgmhd method=POST path=/api/translations status=200 durationMs=262
[pod/gateway-844b974576-vgmhd/gateway] 2026-10-05T23:42:49.493+00:00 INFO  http.request requestId=b0dde7d1-a97a-4c19-81eb-d862ceafb6ce role=api pod=gateway-844b974576-vgmhd method=POST path=/api/transcriptions status=200 durationMs=495
[pod/gateway-844b974576-vgmhd/gateway] 2026-10-05T23:42:49.525+00:00 INFO  http.request requestId=6067536e-ecd6-4d6f-9921-0224e6aa13bb role=api pod=gateway-844b974576-vgmhd method=POST path=/api/transcriptions status=200 durationMs=422
[pod/gateway-844b974576-vgmhd/gateway] 2026-10-05T23:42:49.591+00:00 INFO  http.request requestId=3a5cfd42-352a-4d17-aed1-9c9581582652 role=api pod=gateway-844b974576-vgmhd method=POST path=/api/transcriptions status=200 durationMs=473
[pod/gateway-844b974576-vgmhd/gateway] 2026-10-05T23:42:49.598+00:00 INFO  http.request requestId=d50b271b-bab8-4a44-8ae7-875bdcc7bf19 role=api pod=gateway-844b974576-vgmhd method=POST path=/api/translations status=200 durationMs=363
[pod/gateway-844b974576-vgmhd/gateway] 2026-10-05T23:42:49.621+00:00 INFO  http.request requestId=6d6ebd24-2ce5-4b93-9dbc-92e97a1d7bfe role=api pod=gateway-844b974576-vgmhd method=POST path=/api/translations status=200 durationMs=401
[pod/gateway-844b974576-vgmhd/gateway] 2026-10-05T23:42:49.626+00:00 INFO  http.request requestId=57abc97f-ea77-4129-8b90-10c278c936ba role=api pod=gateway-844b974576-vgmhd method=POST path=/api/translations status=200 durationMs=295
[pod/gateway-844b974576-vgmhd/gateway] 2026-10-05T23:42:49.639+00:00 INFO  http.request requestId=a25344c4-d761-4b6c-96ac-f9c08cfc7ad2 role=api pod=gateway-844b974576-vgmhd method=POST path=/api/translations status=200 durationMs=407
[pod/gateway-844b974576-vgmhd/gateway] 2026-10-05T23:42:49.640+00:00 INFO  http.request requestId=3743c4ca-e8fe-4cbe-b10f-d9cf56959431 role=api pod=gateway-844b974576-vgmhd method=POST path=/api/translations status=200 durationMs=397
[pod/gateway-844b974576-vgmhd/gateway] 2026-10-05T23:42:49.640+00:00 INFO  http.request requestId=7a20d87d-6dae-466b-81a4-fdbd17de6a8a role=api pod=gateway-844b974576-vgmhd method=POST path=/api/translations status=200 durationMs=222
[pod/gateway-844b974576-vgmhd/gateway] 2026-10-05T23:42:49.655+00:00 INFO  http.request requestId=aebc8317-4c7d-4986-b305-10c26fc18ff6 role=api pod=gateway-844b974576-vgmhd method=POST path=/api/transcriptions status=200 durationMs=416
[pod/gateway-844b974576-vgmhd/gateway] 2026-10-05T23:42:49.661+00:00 INFO  http.request requestId=119ae4bd-e89e-480f-b4cf-2b421aff580b role=api pod=gateway-844b974576-vgmhd method=POST path=/api/transcriptions status=200 durationMs=723
[pod/gateway-844b974576-vgmhd/gateway] 2026-10-05T23:42:49.724+00:00 INFO  http.request requestId=6d27d242-0689-460c-9ac0-0d54d838376a role=api pod=gateway-844b974576-vgmhd method=POST path=/api/translations status=200 durationMs=269
[pod/gateway-844b974576-vgmhd/gateway] 2026-10-05T23:42:49.724+00:00 INFO  http.request requestId=a6500b1c-aed3-4ccd-bf50-600b417fd25d role=api pod=gateway-844b974576-vgmhd method=POST path=/api/transcriptions status=200 durationMs=756
[pod/gateway-844b974576-vgmhd/gateway] 2026-10-05T23:42:49.741+00:00 INFO  http.request requestId=ed7e55fa-7761-4dc8-bc6c-b4b6e213c95f role=api pod=gateway-844b974576-vgmhd method=POST path=/api/transcriptions status=200 durationMs=714
[pod/gateway-844b974576-vgmhd/gateway] 2026-10-05T23:42:49.764+00:00 INFO  http.request requestId=bf479666-527a-4e78-9e26-017b3a5c64e5 role=api pod=gateway-844b974576-vgmhd method=POST path=/api/translations status=200 durationMs=367
[pod/gateway-844b974576-vgmhd/gateway] 2026-10-05T23:42:49.815+00:00 INFO  http.request requestId=526fb591-7d58-4ed3-a1f8-043d274d545f role=api pod=gateway-844b974576-vgmhd method=POST path=/api/translations status=200 durationMs=289
[pod/gateway-844b974576-vgmhd/gateway] 2026-10-05T23:42:49.829+00:00 INFO  http.request requestId=c29e20e8-55b6-46b2-886f-017d232c0841 role=api pod=gateway-844b974576-vgmhd method=POST path=/api/transcriptions status=200 durationMs=667
[pod/gateway-844b974576-vgmhd/gateway] 2026-10-05T23:42:49.896+00:00 INFO  http.request requestId=8af0caf0-d66e-4de9-b119-4a61b6e545d3 role=api pod=gateway-844b974576-vgmhd method=POST path=/api/transcriptions status=200 durationMs=554
[pod/gateway-844b974576-vgmhd/gateway] 2026-10-05T23:42:49.905+00:00 INFO  http.request requestId=65fe9c6f-fc4c-4705-a846-a6d2b6ad5c57 role=api pod=gateway-844b974576-vgmhd method=POST path=/api/transcriptions status=200 durationMs=757
[pod/gateway-844b974576-vgmhd/gateway] 2026-10-05T23:42:49.950+00:00 INFO  http.request requestId=ebc6fe03-5e65-4a0c-aa8a-dcbb5e55e22e role=api pod=gateway-844b974576-vgmhd method=POST path=/api/transcriptions status=200 durationMs=546
[pod/gateway-844b974576-vgmhd/gateway] 2026-10-05T23:42:49.978+00:00 INFO  http.request requestId=e4e54a42-3d23-435d-82c8-fa3a538f67f5 role=api pod=gateway-844b974576-vgmhd method=POST path=/api/transcriptions status=200 durationMs=756
[pod/gateway-844b974576-vgmhd/gateway] 2026-10-05T23:42:49.982+00:00 INFO  http.request requestId=aea64986-4c4c-45f1-80bd-a3a9a6d444e3 role=api pod=gateway-844b974576-vgmhd method=POST path=/api/translations status=200 durationMs=244
[pod/gateway-844b974576-vgmhd/gateway] 2026-10-05T23:42:49.996+00:00 INFO  http.request requestId=5d1c9369-6d6f-42df-9b15-bfd683998f59 role=api pod=gateway-844b974576-vgmhd method=POST path=/api/translations status=200 durationMs=381
[pod/gateway-844b974576-vgmhd/gateway] 2026-10-05T23:42:50.002+00:00 INFO  http.request requestId=7837e9d5-dd35-4dc0-8968-e1ae21584caf role=api pod=gateway-844b974576-vgmhd method=POST path=/api/transcriptions status=200 durationMs=690
[pod/gateway-844b974576-vgmhd/gateway] 2026-10-05T23:42:50.040+00:00 INFO  http.request requestId=bbf7ee28-a5e7-4540-9c1f-b5ea55b6ff29 role=api pod=gateway-844b974576-vgmhd method=POST path=/api/transcriptions status=200 durationMs=682
[pod/gateway-844b974576-vgmhd/gateway] 2026-10-05T23:42:50.041+00:00 INFO  http.request requestId=e9ec0f8d-ee67-447a-865f-7180cc78f157 role=api pod=gateway-844b974576-vgmhd method=POST path=/api/translations status=200 durationMs=386
[pod/gateway-844b974576-vgmhd/gateway] 2026-10-05T23:42:50.045+00:00 INFO  http.request requestId=539c3ae5-5573-498b-8492-b53cd52069f2 role=api pod=gateway-844b974576-vgmhd method=POST path=/api/translations status=200 durationMs=356
[pod/gateway-844b974576-vgmhd/gateway] 2026-10-05T23:42:50.076+00:00 INFO  http.request requestId=2b5ae4fd-6778-4e9a-a496-15b3344933c6 role=api pod=gateway-844b974576-vgmhd method=POST path=/api/transcriptions status=200 durationMs=418
[pod/gateway-844b974576-vgmhd/gateway] 2026-10-05T23:42:50.107+00:00 INFO  http.request requestId=3e2c55f3-e272-4c81-adce-8fa2cb37df10 role=api pod=gateway-844b974576-vgmhd method=POST path=/api/transcriptions status=200 durationMs=640
[pod/gateway-844b974576-vgmhd/gateway] 2026-10-05T23:42:50.112+00:00 INFO  http.request requestId=04f9faee-ad43-4be3-a27c-2c517a93521f role=api pod=gateway-844b974576-vgmhd method=POST path=/api/transcriptions status=200 durationMs=439
[pod/gateway-844b974576-vgmhd/gateway] 2026-10-05T23:42:50.132+00:00 INFO  http.request requestId=1b971d27-564e-4517-9236-cd7540b3fc33 role=api pod=gateway-844b974576-vgmhd method=POST path=/api/transcriptions status=200 durationMs=699
[pod/gateway-844b974576-vgmhd/gateway] 2026-10-05T23:42:50.135+00:00 INFO  http.request requestId=b70dcc57-881f-4e45-b75a-a30669265605 role=api pod=gateway-844b974576-vgmhd method=POST path=/api/transcriptions status=200 durationMs=761
[pod/gateway-844b974576-vgmhd/gateway] 2026-10-05T23:42:50.166+00:00 INFO  http.request requestId=658d6642-4d4d-46b0-8995-06523ac0f6c0 role=api pod=gateway-844b974576-vgmhd method=POST path=/api/translations status=200 durationMs=215
[pod/gateway-844b974576-vgmhd/gateway] 2026-10-05T23:42:50.175+00:00 INFO  http.request requestId=68845438-2e99-4a6c-a67c-305aeae800db role=api pod=gateway-844b974576-vgmhd method=POST path=/api/transcriptions status=200 durationMs=607
[pod/gateway-844b974576-vgmhd/gateway] 2026-10-05T23:42:50.261+00:00 INFO  http.request requestId=519e37c0-e5b0-43ab-b76b-9593129151f2 role=api pod=gateway-844b974576-vgmhd method=POST path=/api/translations status=200 durationMs=392
[pod/gateway-844b974576-vgmhd/gateway] 2026-10-05T23:42:50.262+00:00 INFO  http.request requestId=dc96e9e2-240a-4d41-8d63-2f8e4aab3f3f role=api pod=gateway-844b974576-vgmhd method=POST path=/api/translations status=200 durationMs=350
[pod/gateway-844b974576-vgmhd/gateway] 2026-10-05T23:42:50.263+00:00 INFO  http.request requestId=59186ba3-f569-49fa-902f-ae3ec8cd8898 role=api pod=gateway-844b974576-vgmhd method=POST path=/api/transcriptions status=200 durationMs=786
[pod/gateway-844b974576-vgmhd/gateway] 2026-10-05T23:42:50.290+00:00 INFO  http.request requestId=523ddb75-e35a-4d25-92d1-0730311536d5 role=api pod=gateway-844b974576-vgmhd method=POST path=/api/translations status=200 durationMs=232
[pod/gateway-844b974576-vgmhd/gateway] 2026-10-05T23:42:50.324+00:00 INFO  http.request requestId=62bf7ece-1f08-44be-a2a3-cc9807d749b3 role=api pod=gateway-844b974576-vgmhd method=POST path=/api/translations status=200 durationMs=212
[pod/gateway-844b974576-vgmhd/gateway] 2026-10-05T23:42:50.329+00:00 INFO  http.request requestId=a2916b6b-b530-4cdd-99f5-9cd1e9e890af role=api pod=gateway-844b974576-vgmhd method=POST path=/api/translations status=200 durationMs=326
[pod/gateway-844b974576-vgmhd/gateway] 2026-10-05T23:42:50.335+00:00 INFO  http.request requestId=a34593ba-4fca-4b6d-8bed-79554c76983d role=api pod=gateway-844b974576-vgmhd method=POST path=/api/translations status=200 durationMs=258
[pod/gateway-844b974576-vgmhd/gateway] 2026-10-05T23:42:50.367+00:00 INFO  http.request requestId=18c3c8dc-fd11-4d80-a416-b0142a077427 role=api pod=gateway-844b974576-vgmhd method=POST path=/api/transcriptions status=200 durationMs=574
[pod/gateway-844b974576-vgmhd/gateway] 2026-10-05T23:42:50.368+00:00 INFO  http.request requestId=7e2ae11b-1822-425f-9485-d19cc9f08f3f role=api pod=gateway-844b974576-vgmhd method=POST path=/api/translations status=200 durationMs=279
[pod/gateway-844b974576-vgmhd/gateway] 2026-10-05T23:42:50.375+00:00 INFO  http.request requestId=7bf1eead-8606-438b-b56d-c9ae74153718 role=api pod=gateway-844b974576-vgmhd method=POST path=/api/translations status=200 durationMs=334
[pod/gateway-844b974576-vgmhd/gateway] 2026-10-05T23:42:50.378+00:00 INFO  http.request requestId=9e63ab1b-e6c6-47f7-ab22-39afae28d4ec role=api pod=gateway-844b974576-vgmhd method=POST path=/api/transcriptions status=200 durationMs=600
[pod/gateway-844b974576-vgmhd/gateway] 2026-10-05T23:42:50.378+00:00 INFO  http.request requestId=f0ddbac3-f974-403a-8ad9-256d794cda04 role=api pod=gateway-844b974576-vgmhd method=POST path=/api/translations status=200 durationMs=356
[pod/gateway-844b974576-vgmhd/gateway] 2026-10-05T23:42:50.410+00:00 INFO  http.request requestId=9c9c70f7-d98f-4b34-a2dd-df5ea3fbfdd4 role=api pod=gateway-844b974576-vgmhd method=POST path=/api/translations status=200 durationMs=275
[pod/gateway-844b974576-vgmhd/gateway] 2026-10-05T23:42:50.426+00:00 INFO  http.request requestId=fa1ed60f-f489-4181-aaea-3ae4bb1267a8 role=api pod=gateway-844b974576-vgmhd method=POST path=/api/transcriptions status=200 durationMs=738
[pod/gateway-844b974576-vgmhd/gateway] 2026-10-05T23:42:50.441+00:00 INFO  http.request requestId=6abd380a-fb9e-4437-80d2-d38423878d58 role=api pod=gateway-844b974576-vgmhd method=POST path=/api/transcriptions status=200 durationMs=709
[pod/gateway-844b974576-vgmhd/gateway] 2026-10-05T23:42:50.464+00:00 INFO  http.request requestId=05ff8ec0-6758-4727-af25-18f285a4beeb role=api pod=gateway-844b974576-vgmhd method=POST path=/api/transcriptions status=200 durationMs=625
[pod/gateway-844b974576-vgmhd/gateway] 2026-10-05T23:42:50.480+00:00 INFO  http.request requestId=dc5e0452-9b4e-4817-bfd8-cf19c38d72d7 role=api pod=gateway-844b974576-vgmhd method=POST path=/api/translations status=200 durationMs=270
[pod/gateway-844b974576-vgmhd/gateway] 2026-10-05T23:42:50.512+00:00 INFO  http.request requestId=beca0100-f79d-4a84-9b35-36f352937d6b role=api pod=gateway-844b974576-vgmhd method=POST path=/api/transcriptions status=200 durationMs=509
[pod/gateway-844b974576-vgmhd/gateway] 2026-10-05T23:42:50.514+00:00 INFO  http.request requestId=9af12e5f-c636-4574-b848-ca0e9a6af401 role=api pod=gateway-844b974576-vgmhd method=POST path=/api/translations status=200 durationMs=390
[pod/gateway-844b974576-vgmhd/gateway] 2026-10-05T23:42:50.518+00:00 INFO  http.request requestId=56cc1381-8ba4-46de-b099-0c201a6b149e role=api pod=gateway-844b974576-vgmhd method=POST path=/api/transcriptions status=200 durationMs=755
[pod/gateway-844b974576-vgmhd/gateway] 2026-10-05T23:42:50.526+00:00 INFO  http.request requestId=b28be3ac-b737-42d3-9c27-6a37d8de845e role=api pod=gateway-844b974576-vgmhd method=POST path=/api/transcriptions status=200 durationMs=628
[pod/gateway-844b974576-vgmhd/gateway] 2026-10-05T23:42:50.586+00:00 INFO  http.request requestId=c1dad698-5bae-46cc-9b36-f18e24c6bf74 role=api pod=gateway-844b974576-vgmhd method=POST path=/api/transcriptions status=200 durationMs=418
[pod/gateway-844b974576-vgmhd/gateway] 2026-10-05T23:42:50.586+00:00 INFO  http.request requestId=c6013fbd-053c-4edd-9a53-66e3367030d0 role=api pod=gateway-844b974576-vgmhd method=POST path=/api/transcriptions status=200 durationMs=599
[pod/gateway-844b974576-vgmhd/gateway] 2026-10-05T23:42:50.614+00:00 INFO  http.request requestId=aeb25554-436d-4b79-a11d-5a94f56e3be3 role=api pod=gateway-844b974576-vgmhd method=POST path=/api/transcriptions status=200 durationMs=506
[pod/gateway-844b974576-vgmhd/gateway] 2026-10-05T23:42:50.626+00:00 INFO  http.request requestId=d3ea1fc1-d015-4671-b4ce-3ab65037093c role=api pod=gateway-844b974576-vgmhd method=POST path=/api/transcriptions status=200 durationMs=547
[pod/gateway-844b974576-vgmhd/gateway] 2026-10-05T23:42:50.633+00:00 INFO  http.request requestId=2f301ce2-4f9b-4dd8-9d41-4732f205fe1b role=api pod=gateway-844b974576-vgmhd method=POST path=/api/translations status=200 durationMs=207
[pod/gateway-844b974576-vgmhd/gateway] 2026-10-05T23:42:50.634+00:00 INFO  http.request requestId=54e6d1a0-349b-4acc-b334-a3e364a38608 role=api pod=gateway-844b974576-vgmhd method=POST path=/api/translations status=200 durationMs=351
[pod/gateway-844b974576-vgmhd/gateway] 2026-10-05T23:42:50.646+00:00 INFO  http.request requestId=536f86f7-c7d1-46c0-999e-fdb63f918262 role=api pod=gateway-844b974576-vgmhd method=POST path=/api/translations status=200 durationMs=382
[pod/gateway-844b974576-vgmhd/gateway] 2026-10-05T23:42:50.675+00:00 INFO  http.request requestId=2b0b42cd-24cc-4135-814e-0db9ef99823c role=api pod=gateway-844b974576-vgmhd method=POST path=/api/transcriptions status=200 durationMs=717
[pod/gateway-844b974576-vgmhd/gateway] 2026-10-05T23:42:50.701+00:00 INFO  http.request requestId=4621bdc3-814c-4510-8375-57de7a8c5b53 role=api pod=gateway-844b974576-vgmhd method=POST path=/api/translations status=200 durationMs=334
[pod/gateway-844b974576-vgmhd/gateway] 2026-10-05T23:42:50.757+00:00 INFO  http.request requestId=64f2dbfd-d170-4c7d-b6d6-610e7ae06f95 role=api pod=gateway-844b974576-vgmhd method=POST path=/api/translations status=200 durationMs=278
[pod/gateway-844b974576-vgmhd/gateway] 2026-10-05T23:42:50.770+00:00 INFO  http.request requestId=c88b21ec-3c2f-46c2-8cbb-4f2e66cb0856 role=api pod=gateway-844b974576-vgmhd method=POST path=/api/transcriptions status=200 durationMs=632
[pod/gateway-844b974576-vgmhd/gateway] 2026-10-05T23:42:50.774+00:00 INFO  http.request requestId=c60260a0-4161-4aa0-906b-71d2eaa4da52 role=api pod=gateway-844b974576-vgmhd method=POST path=/api/translations status=200 durationMs=247
[pod/gateway-844b974576-vgmhd/gateway] 2026-10-05T23:42:50.782+00:00 INFO  http.request requestId=8f976526-fb1e-410b-9b01-23888e17f8ed role=api pod=gateway-844b974576-vgmhd method=POST path=/api/transcriptions status=200 durationMs=510
[pod/gateway-844b974576-vgmhd/gateway] 2026-10-05T23:42:50.787+00:00 INFO  http.request requestId=80e1da2d-4f7f-4a6c-ace5-4184f38118ec role=api pod=gateway-844b974576-vgmhd method=POST path=/api/translations status=200 durationMs=350
[pod/gateway-844b974576-vgmhd/gateway] 2026-10-05T23:42:50.790+00:00 INFO  http.request requestId=2df96a2e-df2f-4af9-8373-d9f7381c97d7 role=api pod=gateway-844b974576-vgmhd method=POST path=/api/transcriptions status=200 durationMs=442
[pod/gateway-844b974576-vgmhd/gateway] 2026-10-05T23:42:50.848+00:00 INFO  http.request requestId=a4048938-b251-4457-a328-694a640a7ae3 role=api pod=gateway-844b974576-vgmhd method=POST path=/api/translations status=200 durationMs=407
[pod/gateway-844b974576-vgmhd/gateway] 2026-10-05T23:42:50.854+00:00 INFO  http.request requestId=5a86372e-bee4-4a90-8a03-51154d8eb33c role=api pod=gateway-844b974576-vgmhd method=POST path=/api/translations status=200 durationMs=341
[pod/gateway-844b974576-vgmhd/gateway] 2026-10-05T23:42:50.878+00:00 INFO  http.request requestId=77c41a7b-bce7-4fce-91da-df6eb9f5ed5c role=api pod=gateway-844b974576-vgmhd method=POST path=/api/translations status=200 durationMs=369
[pod/gateway-844b974576-vgmhd/gateway] 2026-10-05T23:42:50.878+00:00 INFO  http.request requestId=df38b8fc-40c8-4ff6-8a23-b6aa8c8c17c7 role=api pod=gateway-844b974576-vgmhd method=POST path=/api/translations status=200 durationMs=356
[pod/gateway-844b974576-vgmhd/gateway] 2026-10-05T23:42:50.890+00:00 INFO  http.request requestId=150124a8-4b55-4118-968d-b808a3a4a3e1 role=api pod=gateway-844b974576-vgmhd method=POST path=/api/translations status=200 durationMs=206
[pod/gateway-844b974576-vgmhd/gateway] 2026-10-05T23:42:50.922+00:00 INFO  http.request requestId=678e0155-852b-4a7c-9e01-70d234a73916 role=api pod=gateway-844b974576-vgmhd method=POST path=/api/transcriptions status=200 durationMs=469
[pod/gateway-844b974576-vgmhd/gateway] 2026-10-05T23:42:50.946+00:00 INFO  http.request requestId=75d45a75-c536-4a4a-9637-03f0cf1b56db role=api pod=gateway-844b974576-vgmhd method=POST path=/api/translations status=200 durationMs=284
[pod/gateway-844b974576-vgmhd/gateway] 2026-10-05T23:42:50.961+00:00 INFO  http.request requestId=4dbbd07c-bec5-49b7-a0e4-5c7b7b807f69 role=api pod=gateway-844b974576-vgmhd method=POST path=/api/translations status=200 durationMs=373
[pod/gateway-844b974576-vgmhd/gateway] 2026-10-05T23:42:50.961+00:00 INFO  http.request requestId=28fc2cf1-940b-4aec-898f-f3db6c370707 role=api pod=gateway-844b974576-vgmhd method=POST path=/api/translations status=200 durationMs=374
[pod/gateway-844b974576-vgmhd/gateway] 2026-10-05T23:42:50.974+00:00 INFO  http.request requestId=f8c1d4c9-b60d-4c85-8070-ba4cd9d9cd00 role=api pod=gateway-844b974576-vgmhd method=POST path=/api/translations status=200 durationMs=358
[pod/gateway-844b974576-vgmhd/gateway] 2026-10-05T23:42:51.030+00:00 INFO  http.request requestId=cc8b5c17-5db0-4cc3-b7aa-f3ade8703a33 role=api pod=gateway-844b974576-vgmhd method=POST path=/api/translations status=200 durationMs=288
[pod/gateway-844b974576-vgmhd/gateway] 2026-10-05T23:42:51.045+00:00 INFO  http.request requestId=6f8f9550-a089-49d9-9c6f-b86a0d951f30 role=api pod=gateway-844b974576-vgmhd method=POST path=/api/transcriptions status=200 durationMs=712
[pod/gateway-844b974576-vgmhd/gateway] 2026-10-05T23:42:51.098+00:00 INFO  http.request requestId=99cba7f0-e9c5-4052-b588-3f7c3ead6bd8 role=api pod=gateway-844b974576-vgmhd method=POST path=/api/translations status=200 durationMs=307
[pod/gateway-844b974576-vgmhd/gateway] 2026-10-05T23:42:51.101+00:00 INFO  http.request requestId=56c5765a-8129-4f0b-bc3d-00814f40b836 role=api pod=gateway-844b974576-vgmhd method=POST path=/api/transcriptions status=200 durationMs=799
[pod/gateway-844b974576-vgmhd/gateway] 2026-10-05T23:42:51.145+00:00 INFO  http.request requestId=4170e3dd-0656-4137-a1e8-06cf4ad60b1b role=api pod=gateway-844b974576-vgmhd method=POST path=/api/transcriptions status=200 durationMs=616
[pod/gateway-844b974576-vgmhd/gateway] 2026-10-05T23:42:51.148+00:00 INFO  http.request requestId=eb9d5345-4d0e-4077-b931-cb42f42d2d5a role=api pod=gateway-844b974576-vgmhd method=POST path=/api/translations status=200 durationMs=377
[pod/gateway-844b974576-vgmhd/gateway] 2026-10-05T23:42:51.159+00:00 INFO  http.request requestId=ab76a75b-f8e9-45c6-b1dd-cc9479659324 role=api pod=gateway-844b974576-vgmhd method=POST path=/api/translations status=200 durationMs=363
[pod/gateway-844b974576-vgmhd/gateway] 2026-10-05T23:42:51.174+00:00 INFO  http.request requestId=32e4b8e1-cd9e-4e4c-8379-e8f7e3ecf84d role=api pod=gateway-844b974576-vgmhd method=POST path=/api/transcriptions status=200 durationMs=586
[pod/gateway-844b974576-vgmhd/gateway] 2026-10-05T23:42:51.290+00:00 INFO  http.request requestId=1f03dcf4-d633-4891-8c3e-bbb3c454afc5 role=api pod=gateway-844b974576-vgmhd method=POST path=/api/translations status=200 durationMs=368
[pod/gateway-844b974576-vgmhd/gateway] 2026-10-05T23:42:51.333+00:00 INFO  http.request requestId=3c360ff5-c8fb-4b55-82a4-da757aced7b0 role=api pod=gateway-844b974576-vgmhd method=POST path=/api/transcriptions status=200 durationMs=776
[pod/gateway-844b974576-vgmhd/gateway] 2026-10-05T23:42:51.353+00:00 INFO  http.request requestId=d5677d93-eb84-478c-a662-8ff49aa49e23 role=api pod=gateway-844b974576-vgmhd method=POST path=/api/translations status=200 durationMs=405
[pod/gateway-844b974576-vgmhd/gateway] 2026-10-05T23:42:51.375+00:00 INFO  http.request requestId=593cce1e-3ebd-4924-a401-db784491e47c role=api pod=gateway-844b974576-vgmhd method=POST path=/api/transcriptions status=200 durationMs=771
[pod/gateway-844b974576-vgmhd/gateway] 2026-10-05T23:42:51.422+00:00 INFO  http.request requestId=58028490-ab57-4fab-ad9e-88d50f849e0d role=api pod=gateway-844b974576-vgmhd method=POST path=/api/translations status=200 durationMs=383
[pod/gateway-844b974576-vgmhd/gateway] 2026-10-05T23:42:51.434+00:00 INFO  http.request requestId=3818377e-0cc2-45d6-b394-41f03f54719b role=api pod=gateway-844b974576-vgmhd method=POST path=/api/translations status=200 durationMs=216
[pod/gateway-844b974576-vgmhd/gateway] 2026-10-05T23:42:51.454+00:00 INFO  http.request requestId=06fd4e54-9f42-440b-bfb9-b49ce5411517 role=api pod=gateway-844b974576-vgmhd method=POST path=/api/translations status=200 durationMs=334
[pod/gateway-844b974576-vgmhd/gateway] 2026-10-05T23:42:51.493+00:00 INFO  http.request requestId=5b748bc9-34e3-48b8-88e0-325e888e19e0 role=api pod=gateway-844b974576-vgmhd method=POST path=/api/translations status=200 durationMs=347
[pod/gateway-844b974576-vgmhd/gateway] 2026-10-05T23:42:51.501+00:00 INFO  http.request requestId=7fc91190-eb5a-4fab-a7eb-be76899d4738 role=api pod=gateway-844b974576-vgmhd method=POST path=/api/translations status=200 durationMs=341
[pod/gateway-844b974576-vgmhd/gateway] 2026-10-05T23:42:51.726+00:00 INFO  http.request requestId=88ccc96e-b179-41ea-a1d2-3fa1895bb01c role=api pod=gateway-844b974576-vgmhd method=POST path=/api/translations status=200 durationMs=351
[pod/gateway-844b974576-vgmhd/gateway] 2026-10-05T23:42:53.386+00:00 INFO  http.request requestId=a6d47df4-96a3-4082-9ef6-6e774dea9cfd role=api pod=gateway-844b974576-vgmhd method=POST path=/api/translations status=200 durationMs=3007
[pod/gateway-844b974576-vgmhd/gateway] 2026-10-05T23:42:54.117+00:00 INFO  http.request requestId=ad88cbb6-a3de-47c6-a9ff-a48e7d5707e4 role=api pod=gateway-844b974576-vgmhd method=POST path=/api/transcriptions status=200 durationMs=12005
[pod/gateway-844b974576-vgmhd/gateway] 2026-10-05T23:42:55.621+00:00 INFO  http.request requestId=7a46932d-85f5-49d0-ae09-f36389142ab1 role=api pod=gateway-844b974576-vgmhd method=POST path=/api/transcriptions status=200 durationMs=12009
[pod/gateway-844b974576-vgmhd/gateway] 2026-10-05T23:42:58.622+00:00 INFO  http.request requestId=6ad70d8f-09ba-4cbc-930b-12ed753bafd9 role=api pod=gateway-844b974576-vgmhd method=POST path=/api/transcriptions status=200 durationMs=12009
