[pod/gateway-844b974576-rkm4f/gateway] 2026-10-05T23:44:53.358+00:00 INFO  http.request requestId=915e9f27-3c17-4a97-8da9-3d25a0de48cf role=api pod=gateway-844b974576-rkm4f method=POST path=/api/transcriptions status=200 durationMs=686
[pod/gateway-844b974576-rkm4f/gateway] 2026-10-05T23:44:53.407+00:00 INFO  http.request requestId=e16a981e-48b4-457c-b6b2-be014412dc3e role=api pod=gateway-844b974576-rkm4f method=POST path=/api/translations status=200 durationMs=205
[pod/gateway-844b974576-rkm4f/gateway] 2026-10-05T23:44:53.431+00:00 INFO  http.request requestId=5287cf74-1bd6-471c-a1f8-8e620076af85 role=api pod=gateway-844b974576-rkm4f method=POST path=/api/transcriptions status=200 durationMs=565
[pod/gateway-844b974576-rkm4f/gateway] 2026-10-05T23:44:53.447+00:00 INFO  http.request requestId=570a316f-7aa9-401e-a4e0-6f0ab8d9ed97 role=api pod=gateway-844b974576-rkm4f method=POST path=/api/translations status=200 durationMs=365
[pod/gateway-844b974576-rkm4f/gateway] 2026-10-05T23:44:53.478+00:00 INFO  http.request requestId=6a9d6bce-9105-476b-8643-aefc04bbd3d4 role=api pod=gateway-844b974576-rkm4f method=POST path=/api/transcriptions status=200 durationMs=747
[pod/gateway-844b974576-rkm4f/gateway] 2026-10-05T23:44:53.487+00:00 INFO  http.request requestId=8594a691-5bbe-4a96-a1c2-bacbc9db1316 role=api pod=gateway-844b974576-rkm4f method=POST path=/api/transcriptions status=200 durationMs=651
[pod/gateway-844b974576-rkm4f/gateway] 2026-10-05T23:44:53.487+00:00 INFO  http.request requestId=8f7e3400-2ab8-44fd-9183-b4710fa77def role=api pod=gateway-844b974576-rkm4f method=POST path=/api/transcriptions status=200 durationMs=679
[pod/gateway-844b974576-rkm4f/gateway] 2026-10-05T23:44:53.541+00:00 INFO  http.request requestId=fd3bf4ea-cb7f-46e6-b7ad-10afc5c377c0 role=api pod=gateway-844b974576-rkm4f method=POST path=/api/translations status=200 durationMs=396
[pod/gateway-844b974576-rkm4f/gateway] 2026-10-05T23:44:53.557+00:00 INFO  http.request requestId=429cc4d6-1e92-47d8-9764-5c9b42d883de role=api pod=gateway-844b974576-rkm4f method=POST path=/api/translations status=200 durationMs=235
[pod/gateway-844b974576-rkm4f/gateway] 2026-10-05T23:44:53.559+00:00 INFO  http.request requestId=59963c6b-e8bb-4d99-9ca9-fda24bd0f388 role=api pod=gateway-844b974576-rkm4f method=POST path=/api/translations status=200 durationMs=353
[pod/gateway-844b974576-rkm4f/gateway] 2026-10-05T23:44:53.575+00:00 INFO  http.request requestId=c351a1cb-9c52-4f45-ab51-4a3b2ae71dc9 role=api pod=gateway-844b974576-rkm4f method=POST path=/api/translations status=200 durationMs=391
[pod/gateway-844b974576-rkm4f/gateway] 2026-10-05T23:44:53.633+00:00 INFO  http.request requestId=7c6be4c3-5266-43d1-900c-2bed450fea35 role=api pod=gateway-844b974576-rkm4f method=POST path=/api/translations status=200 durationMs=224
[pod/gateway-844b974576-rkm4f/gateway] 2026-10-05T23:44:53.653+00:00 INFO  http.request requestId=9effd918-a81c-494e-9d79-62f2081578ec role=api pod=gateway-844b974576-rkm4f method=POST path=/api/transcriptions status=200 durationMs=441
[pod/gateway-844b974576-rkm4f/gateway] 2026-10-05T23:44:53.662+00:00 INFO  http.request requestId=478b8bc1-006d-4194-bdeb-875f6916f8fe role=api pod=gateway-844b974576-rkm4f method=POST path=/api/translations status=200 durationMs=330
[pod/gateway-844b974576-rkm4f/gateway] 2026-10-05T23:44:53.682+00:00 INFO  http.request requestId=a86ae072-a1f3-4f95-93f4-ef5b1e639e7b role=api pod=gateway-844b974576-rkm4f method=POST path=/api/transcriptions status=200 durationMs=514
[pod/gateway-844b974576-rkm4f/gateway] 2026-10-05T23:44:53.743+00:00 INFO  http.request requestId=afb24658-db6a-4470-a8df-75cad2ebcbeb role=api pod=gateway-844b974576-rkm4f method=POST path=/api/translations status=200 durationMs=256
[pod/gateway-844b974576-rkm4f/gateway] 2026-10-05T23:44:53.779+00:00 INFO  http.request requestId=f502c297-1124-419e-b3f4-cc956e2836b3 role=api pod=gateway-844b974576-rkm4f method=POST path=/api/transcriptions status=200 durationMs=778
[pod/gateway-844b974576-rkm4f/gateway] 2026-10-05T23:44:53.804+00:00 INFO  http.request requestId=e07a051b-5910-4867-b285-3a1f0ee7d859 role=api pod=gateway-844b974576-rkm4f method=POST path=/api/translations status=200 durationMs=316
[pod/gateway-844b974576-rkm4f/gateway] 2026-10-05T23:44:53.818+00:00 INFO  http.request requestId=11e21eef-94b6-472b-8aec-60637dafabff role=api pod=gateway-844b974576-rkm4f method=POST path=/api/transcriptions status=200 durationMs=472
[pod/gateway-844b974576-rkm4f/gateway] 2026-10-05T23:44:53.872+00:00 INFO  http.request requestId=9ad6fb8c-a6d3-4cc9-8c4d-c3ed0597642d role=api pod=gateway-844b974576-rkm4f method=POST path=/api/transcriptions status=200 durationMs=781
[pod/gateway-844b974576-rkm4f/gateway] 2026-10-05T23:44:53.886+00:00 INFO  http.request requestId=cae913c5-ec32-433a-a35e-1fccef2e06b8 role=api pod=gateway-844b974576-rkm4f method=POST path=/api/transcriptions status=200 durationMs=690
[pod/gateway-844b974576-rkm4f/gateway] 2026-10-05T23:44:53.895+00:00 INFO  http.request requestId=c29e659a-39ab-4a6c-872d-f68580890abd role=api pod=gateway-844b974576-rkm4f method=POST path=/api/translations status=200 durationMs=213
[pod/gateway-844b974576-rkm4f/gateway] 2026-10-05T23:44:53.903+00:00 INFO  http.request requestId=65a495b2-89c6-4f6a-b96e-e8c3f801792d role=api pod=gateway-844b974576-rkm4f method=POST path=/api/translations status=200 durationMs=313
[pod/gateway-844b974576-rkm4f/gateway] 2026-10-05T23:44:53.920+00:00 INFO  http.request requestId=ff231e0e-0e5a-4fcb-bbb9-e0ab3a078b74 role=api pod=gateway-844b974576-rkm4f method=POST path=/api/translations status=200 durationMs=248
[pod/gateway-844b974576-rkm4f/gateway] 2026-10-05T23:44:53.928+00:00 INFO  http.request requestId=36ff35d1-c749-4cd6-a390-2fea750923a1 role=api pod=gateway-844b974576-rkm4f method=POST path=/api/transcriptions status=200 durationMs=536
[pod/gateway-844b974576-rkm4f/gateway] 2026-10-05T23:44:53.938+00:00 INFO  http.request requestId=4df899dd-8cff-49c2-8310-e93c169eac49 role=api pod=gateway-844b974576-rkm4f method=POST path=/api/translations status=200 durationMs=358
[pod/gateway-844b974576-rkm4f/gateway] 2026-10-05T23:44:53.941+00:00 INFO  http.request requestId=d4c5e149-71f5-4966-bd27-cf1cb7784f44 role=api pod=gateway-844b974576-rkm4f method=POST path=/api/transcriptions status=200 durationMs=669
[pod/gateway-844b974576-rkm4f/gateway] 2026-10-05T23:44:53.973+00:00 INFO  http.request requestId=ee1aa0bf-d73f-4380-b49b-de78f5728e33 role=api pod=gateway-844b974576-rkm4f method=POST path=/api/transcriptions status=200 durationMs=491
[pod/gateway-844b974576-rkm4f/gateway] 2026-10-05T23:44:54.024+00:00 INFO  http.request requestId=6174d38d-2069-45bf-a67e-a81b92bf7e1c role=api pod=gateway-844b974576-rkm4f method=POST path=/api/translations status=200 durationMs=342
[pod/gateway-844b974576-rkm4f/gateway] 2026-10-05T23:44:54.031+00:00 INFO  http.request requestId=ff803b4b-876a-449d-8670-a6f8272469f7 role=api pod=gateway-844b974576-rkm4f method=POST path=/api/translations status=200 durationMs=393
[pod/gateway-844b974576-rkm4f/gateway] 2026-10-05T23:44:54.141+00:00 INFO  http.request requestId=a2273673-dda1-40c6-bcd6-1ac1b0659a84 role=api pod=gateway-844b974576-rkm4f method=POST path=/api/transcriptions status=200 durationMs=779
[pod/gateway-844b974576-rkm4f/gateway] 2026-10-05T23:44:54.146+00:00 INFO  http.request requestId=980d6113-61d1-4e63-ba61-7eba596b51f3 role=api pod=gateway-844b974576-rkm4f method=POST path=/api/transcriptions status=200 durationMs=709
[pod/gateway-844b974576-rkm4f/gateway] 2026-10-05T23:44:54.152+00:00 INFO  http.request requestId=646936c9-47b2-4be0-b251-69d2289c5c79 role=api pod=gateway-844b974576-rkm4f method=POST path=/api/translations status=200 durationMs=336
[pod/gateway-844b974576-rkm4f/gateway] 2026-10-05T23:44:54.154+00:00 INFO  http.request requestId=fbf3d7a1-e222-4ba4-9ceb-b5e0f8689c44 role=api pod=gateway-844b974576-rkm4f method=POST path=/api/translations status=200 durationMs=225
[pod/gateway-844b974576-rkm4f/gateway] 2026-10-05T23:44:54.167+00:00 INFO  http.request requestId=b53197b7-e0b1-41f2-86f9-a5020579b153 role=api pod=gateway-844b974576-rkm4f method=POST path=/api/transcriptions status=200 durationMs=626
[pod/gateway-844b974576-rkm4f/gateway] 2026-10-05T23:44:54.192+00:00 INFO  http.request requestId=c3263cea-6463-47d7-abdb-c36e679156a1 role=api pod=gateway-844b974576-rkm4f method=POST path=/api/translations status=200 durationMs=294
[pod/gateway-844b974576-rkm4f/gateway] 2026-10-05T23:44:54.231+00:00 INFO  http.request requestId=ecc7634a-fba0-4e9c-a457-cb6918a11e95 role=api pod=gateway-844b974576-rkm4f method=POST path=/api/translations status=200 durationMs=265
[pod/gateway-844b974576-rkm4f/gateway] 2026-10-05T23:44:54.243+00:00 INFO  http.request requestId=a72c1d4a-e423-40a5-904b-196e75ed9081 role=api pod=gateway-844b974576-rkm4f method=POST path=/api/translations status=200 durationMs=366
[pod/gateway-844b974576-rkm4f/gateway] 2026-10-05T23:44:54.254+00:00 INFO  http.request requestId=5f9af40c-b740-4093-b75a-db74e8210417 role=api pod=gateway-844b974576-rkm4f method=POST path=/api/transcriptions status=200 durationMs=758
[pod/gateway-844b974576-rkm4f/gateway] 2026-10-05T23:44:54.293+00:00 INFO  http.request requestId=c1f87078-dd49-4e5e-aa8e-1ad68a724f69 role=api pod=gateway-844b974576-rkm4f method=POST path=/api/translations status=200 durationMs=389
[pod/gateway-844b974576-rkm4f/gateway] 2026-10-05T23:44:54.337+00:00 INFO  http.request requestId=f5564e7a-5c71-4b0c-8682-f49ef4dcba52 role=api pod=gateway-844b974576-rkm4f method=POST path=/api/transcriptions status=200 durationMs=675
[pod/gateway-844b974576-rkm4f/gateway] 2026-10-05T23:44:54.418+00:00 INFO  http.request requestId=3806f25f-5fa4-48e7-b10c-567b74b0a036 role=api pod=gateway-844b974576-rkm4f method=POST path=/api/translations status=200 durationMs=250
[pod/gateway-844b974576-rkm4f/gateway] 2026-10-05T23:44:54.444+00:00 INFO  http.request requestId=690170f6-e49d-4dde-b76d-fd102dd73808 role=api pod=gateway-844b974576-rkm4f method=POST path=/api/transcriptions status=200 durationMs=483
[pod/gateway-844b974576-rkm4f/gateway] 2026-10-05T23:44:54.456+00:00 INFO  http.request requestId=4a5dfdbb-e69b-4d70-8a99-67a50eea8303 role=api pod=gateway-844b974576-rkm4f method=POST path=/api/translations status=200 durationMs=309
[pod/gateway-844b974576-rkm4f/gateway] 2026-10-05T23:44:54.487+00:00 INFO  http.request requestId=c2aaf003-a473-41e7-9a26-88d7cafe3a05 role=api pod=gateway-844b974576-rkm4f method=POST path=/api/translations status=200 durationMs=293
[pod/gateway-844b974576-rkm4f/gateway] 2026-10-05T23:44:54.516+00:00 INFO  http.request requestId=69066a64-3a9e-4b1f-8001-e19735807784 role=api pod=gateway-844b974576-rkm4f method=POST path=/api/transcriptions status=200 durationMs=480
[pod/gateway-844b974576-rkm4f/gateway] 2026-10-05T23:44:54.535+00:00 INFO  http.request requestId=45fa01fb-180e-47e9-a1a1-af06d0fe362c role=api pod=gateway-844b974576-rkm4f method=POST path=/api/translations status=200 durationMs=316
[pod/gateway-844b974576-rkm4f/gateway] 2026-10-05T23:44:54.540+00:00 INFO  http.request requestId=e979bf52-21bf-4bdd-a145-6fa736c3938f role=api pod=gateway-844b974576-rkm4f method=POST path=/api/transcriptions status=200 durationMs=488
[pod/gateway-844b974576-rkm4f/gateway] 2026-10-05T23:44:54.551+00:00 INFO  http.request requestId=22a55344-d870-4bf2-bfc8-9555b6297697 role=api pod=gateway-844b974576-rkm4f method=POST path=/api/transcriptions status=200 durationMs=619
[pod/gateway-844b974576-rkm4f/gateway] 2026-10-05T23:44:54.559+00:00 INFO  http.request requestId=364e30a6-7ba4-44b0-ad52-60249fac9951 role=api pod=gateway-844b974576-rkm4f method=POST path=/api/transcriptions status=200 durationMs=763
[pod/gateway-844b974576-rkm4f/gateway] 2026-10-05T23:44:54.569+00:00 INFO  http.request requestId=91edfbd6-f507-4041-936a-b3b4d47a5da6 role=api pod=gateway-844b974576-rkm4f method=POST path=/api/translations status=200 durationMs=320
[pod/gateway-844b974576-rkm4f/gateway] 2026-10-05T23:44:54.578+00:00 INFO  http.request requestId=9f8b91a9-6f5d-48a9-a825-024fae899180 role=api pod=gateway-844b974576-rkm4f method=POST path=/api/transcriptions status=200 durationMs=751
[pod/gateway-844b974576-rkm4f/gateway] 2026-10-05T23:44:54.598+00:00 INFO  http.request requestId=1917e076-8573-4d94-83db-434b977b3dbe role=api pod=gateway-844b974576-rkm4f method=POST path=/api/translations status=200 durationMs=303
[pod/gateway-844b974576-rkm4f/gateway] 2026-10-05T23:44:54.645+00:00 INFO  http.request requestId=bff8fd35-0fbf-4ba7-befe-6bce72091179 role=api pod=gateway-844b974576-rkm4f method=POST path=/api/transcriptions status=200 durationMs=668
[pod/gateway-844b974576-rkm4f/gateway] 2026-10-05T23:44:54.679+00:00 INFO  http.request requestId=12b44add-8578-4f2a-8234-5a21c052c996 role=api pod=gateway-844b974576-rkm4f method=POST path=/api/translations status=200 durationMs=221
[pod/gateway-844b974576-rkm4f/gateway] 2026-10-05T23:44:54.685+00:00 INFO  http.request requestId=d335474d-b750-48de-be70-4cd19a7dbe4e role=api pod=gateway-844b974576-rkm4f method=POST path=/api/transcriptions status=200 durationMs=514
[pod/gateway-844b974576-rkm4f/gateway] 2026-10-05T23:44:54.712+00:00 INFO  http.request requestId=660cebe9-411e-4ca0-95c2-e2ccac4b00db role=api pod=gateway-844b974576-rkm4f method=POST path=/api/transcriptions status=200 durationMs=766
[pod/gateway-844b974576-rkm4f/gateway] 2026-10-05T23:44:54.739+00:00 INFO  http.request requestId=ad454429-f732-41dc-8ba7-32dd5a323f91 role=api pod=gateway-844b974576-rkm4f method=POST path=/api/translations status=200 durationMs=241
[pod/gateway-844b974576-rkm4f/gateway] 2026-10-05T23:44:54.859+00:00 INFO  http.request requestId=3796b3f2-22ad-4cda-bd7c-7f15113a9550 role=api pod=gateway-844b974576-rkm4f method=POST path=/api/transcriptions status=200 durationMs=433
[pod/gateway-844b974576-rkm4f/gateway] 2026-10-05T23:44:54.881+00:00 INFO  http.request requestId=ef2f4c8a-906b-4d61-baa0-ffbf3deead0c role=api pod=gateway-844b974576-rkm4f method=POST path=/api/transcriptions status=200 durationMs=589
[pod/gateway-844b974576-rkm4f/gateway] 2026-10-05T23:44:54.890+00:00 INFO  http.request requestId=4a32289d-b6cc-4f03-8277-fbf59ee1e6bf role=api pod=gateway-844b974576-rkm4f method=POST path=/api/transcriptions status=200 durationMs=434
[pod/gateway-844b974576-rkm4f/gateway] 2026-10-05T23:44:54.898+00:00 INFO  http.request requestId=64bdd575-ae23-4fe1-b84b-60c81084ef70 role=api pod=gateway-844b974576-rkm4f method=POST path=/api/transcriptions status=200 durationMs=638
[pod/gateway-844b974576-rkm4f/gateway] 2026-10-05T23:44:54.901+00:00 INFO  http.request requestId=ede13a81-3e6e-456f-85de-dbe4f52c4842 role=api pod=gateway-844b974576-rkm4f method=POST path=/api/transcriptions status=200 durationMs=549
[pod/gateway-844b974576-rkm4f/gateway] 2026-10-05T23:44:54.933+00:00 INFO  http.request requestId=dbdd59dc-4b63-4ba0-b2fd-4433198c8dc1 role=api pod=gateway-844b974576-rkm4f method=POST path=/api/transcriptions status=200 durationMs=551
[pod/gateway-844b974576-rkm4f/gateway] 2026-10-05T23:44:54.966+00:00 INFO  http.request requestId=1550b17e-4d33-43fb-89f6-9b5cd371a2a0 role=api pod=gateway-844b974576-rkm4f method=POST path=/api/translations status=200 durationMs=237
[pod/gateway-844b974576-rkm4f/gateway] 2026-10-05T23:44:55.094+00:00 INFO  http.request requestId=9f0834d3-202a-4643-b4d9-8fac1195f6f0 role=api pod=gateway-844b974576-rkm4f method=POST path=/api/transcriptions status=200 durationMs=518
[pod/gateway-844b974576-rkm4f/gateway] 2026-10-05T23:44:55.141+00:00 INFO  http.request requestId=fb1c4509-40be-4e90-8c99-7e81f8c1dedf role=api pod=gateway-844b974576-rkm4f method=POST path=/api/transcriptions status=200 durationMs=609
[pod/gateway-844b974576-rkm4f/gateway] 2026-10-05T23:44:55.142+00:00 INFO  http.request requestId=d8cbe9ef-2779-4879-81c3-1c0e310c762d role=api pod=gateway-844b974576-rkm4f method=POST path=/api/transcriptions status=200 durationMs=580
[pod/gateway-844b974576-rkm4f/gateway] 2026-10-05T23:44:55.144+00:00 INFO  http.request requestId=f66134e6-a428-426e-897b-a32acec22254 role=api pod=gateway-844b974576-rkm4f method=POST path=/api/transcriptions status=200 durationMs=492
[pod/gateway-844b974576-rkm4f/gateway] 2026-10-05T23:44:55.167+00:00 INFO  http.request requestId=8a58a0f3-77fb-475b-8a9f-21ff24fd2eb5 role=api pod=gateway-844b974576-rkm4f method=POST path=/api/translations status=200 durationMs=267
[pod/gateway-844b974576-rkm4f/gateway] 2026-10-05T23:44:55.190+00:00 INFO  http.request requestId=7cb763ea-7df6-4207-9f7a-ad3021a6f1bb role=api pod=gateway-844b974576-rkm4f method=POST path=/api/transcriptions status=200 durationMs=449
[pod/gateway-844b974576-rkm4f/gateway] 2026-10-05T23:44:55.195+00:00 INFO  http.request requestId=3ac68949-0651-4d39-80c2-6e42383ff59e role=api pod=gateway-844b974576-rkm4f method=POST path=/api/translations status=200 durationMs=384
[pod/gateway-844b974576-rkm4f/gateway] 2026-10-05T23:44:55.205+00:00 INFO  http.request requestId=157beba0-ee18-49b1-b001-94f64d13d751 role=api pod=gateway-844b974576-rkm4f method=POST path=/api/transcriptions status=200 durationMs=613
[pod/gateway-844b974576-rkm4f/gateway] 2026-10-05T23:44:55.246+00:00 INFO  http.request requestId=807800b4-a4ae-4ec7-aa2d-1349e442c5ee role=api pod=gateway-844b974576-rkm4f method=POST path=/api/translations status=200 durationMs=355
[pod/gateway-844b974576-rkm4f/gateway] 2026-10-05T23:44:55.255+00:00 INFO  http.request requestId=e334f61d-af5d-4e79-92d0-640ac47cbfaa role=api pod=gateway-844b974576-rkm4f method=POST path=/api/translations status=200 durationMs=356
[pod/gateway-844b974576-rkm4f/gateway] 2026-10-05T23:44:55.305+00:00 INFO  http.request requestId=7b0136a7-6ced-4a3d-ae9c-189ddbafbf28 role=api pod=gateway-844b974576-rkm4f method=POST path=/api/transcriptions status=200 durationMs=594
[pod/gateway-844b974576-rkm4f/gateway] 2026-10-05T23:44:55.331+00:00 INFO  http.request requestId=65a6929b-0bd6-41fd-8ad9-4ba3b3fbe454 role=api pod=gateway-844b974576-rkm4f method=POST path=/api/translations status=200 durationMs=334
[pod/gateway-844b974576-rkm4f/gateway] 2026-10-05T23:44:55.456+00:00 INFO  http.request requestId=b38cc209-5d87-4e66-af16-d70b00b3a6da role=api pod=gateway-844b974576-rkm4f method=POST path=/api/translations status=200 durationMs=314
[pod/gateway-844b974576-rkm4f/gateway] 2026-10-05T23:44:55.457+00:00 INFO  http.request requestId=d25758ac-8892-49d3-aaec-50155a720b34 role=api pod=gateway-844b974576-rkm4f method=POST path=/api/transcriptions status=200 durationMs=565
[pod/gateway-844b974576-rkm4f/gateway] 2026-10-05T23:44:55.458+00:00 INFO  http.request requestId=5fb68e19-0f44-4ed7-af6a-0619479ba9df role=api pod=gateway-844b974576-rkm4f method=POST path=/api/translations status=200 durationMs=313
[pod/gateway-844b974576-rkm4f/gateway] 2026-10-05T23:44:55.467+00:00 INFO  http.request requestId=c1001d88-0c59-401a-8f6c-2109a81aaee9 role=api pod=gateway-844b974576-rkm4f method=POST path=/api/transcriptions status=200 durationMs=741
[pod/gateway-844b974576-rkm4f/gateway] 2026-10-05T23:44:55.473+00:00 INFO  http.request requestId=a61eadff-a665-41a7-a859-f7e5884fd0b1 role=api pod=gateway-844b974576-rkm4f method=POST path=/api/transcriptions status=200 durationMs=611
[pod/gateway-844b974576-rkm4f/gateway] 2026-10-05T23:44:55.478+00:00 INFO  http.request requestId=d213537f-bb5e-4d3d-a455-0a232f6328d8 role=api pod=gateway-844b974576-rkm4f method=POST path=/api/transcriptions status=200 durationMs=782
[pod/gateway-844b974576-rkm4f/gateway] 2026-10-05T23:44:55.482+00:00 INFO  http.request requestId=cf060c0d-a3b6-4f16-a89b-bd662c6349cf role=api pod=gateway-844b974576-rkm4f method=POST path=/api/translations status=200 durationMs=241
[pod/gateway-844b974576-rkm4f/gateway] 2026-10-05T23:44:55.484+00:00 INFO  http.request requestId=d0e88550-6614-496d-9ab7-fcb6616f09d8 role=api pod=gateway-844b974576-rkm4f method=POST path=/api/translations status=200 durationMs=390
[pod/gateway-844b974576-rkm4f/gateway] 2026-10-05T23:44:55.510+00:00 INFO  http.request requestId=6ac9b9d1-78df-4da7-9665-3acfbe98a953 role=api pod=gateway-844b974576-rkm4f method=POST path=/api/translations status=200 durationMs=336
[pod/gateway-844b974576-rkm4f/gateway] 2026-10-05T23:44:55.623+00:00 INFO  http.request requestId=5a49e95e-7ac8-49f1-9761-4e4755c11d74 role=api pod=gateway-844b974576-rkm4f method=POST path=/api/transcriptions status=200 durationMs=717
[pod/gateway-844b974576-rkm4f/gateway] 2026-10-05T23:44:55.656+00:00 INFO  http.request requestId=9f5318b5-0dc3-4a0f-b638-54cae9b421f8 role=api pod=gateway-844b974576-rkm4f method=POST path=/api/translations status=200 durationMs=382
[pod/gateway-844b974576-rkm4f/gateway] 2026-10-05T23:44:55.668+00:00 INFO  http.request requestId=4d6c7480-0e45-42ae-9042-a60719693b95 role=api pod=gateway-844b974576-rkm4f method=POST path=/api/translations status=200 durationMs=384
[pod/gateway-844b974576-rkm4f/gateway] 2026-10-05T23:44:55.679+00:00 INFO  http.request requestId=5f79937b-3783-42c6-aad3-28055d2166e4 role=api pod=gateway-844b974576-rkm4f method=POST path=/api/translations status=200 durationMs=212
[pod/gateway-844b974576-rkm4f/gateway] 2026-10-05T23:44:55.686+00:00 INFO  http.request requestId=364f1281-ab63-4462-9de4-02be72bd7919 role=api pod=gateway-844b974576-rkm4f method=POST path=/api/translations status=200 durationMs=213
[pod/gateway-844b974576-rkm4f/gateway] 2026-10-05T23:44:55.732+00:00 INFO  http.request requestId=1d88d6a6-ff7f-4492-aca6-070156afe529 role=api pod=gateway-844b974576-rkm4f method=POST path=/api/translations status=200 durationMs=380
[pod/gateway-844b974576-rkm4f/gateway] 2026-10-05T23:44:55.736+00:00 INFO  http.request requestId=291e383a-c732-4126-84f8-cd543555bc61 role=api pod=gateway-844b974576-rkm4f method=POST path=/api/translations status=200 durationMs=278
[pod/gateway-844b974576-rkm4f/gateway] 2026-10-05T23:44:55.754+00:00 INFO  http.request requestId=6f806adb-a5c5-4bf2-9472-9db271df3336 role=api pod=gateway-844b974576-rkm4f method=POST path=/api/translations status=200 durationMs=213
[pod/gateway-844b974576-rkm4f/gateway] 2026-10-05T23:44:55.754+00:00 INFO  http.request requestId=c0fa87bb-ec65-4e55-9861-3495e32a5f90 role=api pod=gateway-844b974576-rkm4f method=POST path=/api/translations status=200 durationMs=296
[pod/gateway-844b974576-rkm4f/gateway] 2026-10-05T23:44:55.783+00:00 INFO  http.request requestId=6208f870-a8ba-4c15-a53d-78ce58e77341 role=api pod=gateway-844b974576-rkm4f method=POST path=/api/transcriptions status=200 durationMs=756
[pod/gateway-844b974576-rkm4f/gateway] 2026-10-05T23:44:55.791+00:00 INFO  http.request requestId=627b0b59-191e-41b7-9727-2af84f9a0fed role=api pod=gateway-844b974576-rkm4f method=POST path=/api/translations status=200 durationMs=300
[pod/gateway-844b974576-rkm4f/gateway] 2026-10-05T23:44:55.823+00:00 INFO  http.request requestId=025bbd94-4182-419d-b5ed-670e4cb422b0 role=api pod=gateway-844b974576-rkm4f method=POST path=/api/transcriptions status=200 durationMs=677
[pod/gateway-844b974576-rkm4f/gateway] 2026-10-05T23:44:55.876+00:00 INFO  http.request requestId=f1c48b51-446e-45b4-aeb3-2696737b3e40 role=api pod=gateway-844b974576-rkm4f method=POST path=/api/translations status=200 durationMs=394
[pod/gateway-844b974576-rkm4f/gateway] 2026-10-05T23:44:55.941+00:00 INFO  http.request requestId=45df8d02-613e-4379-b63a-fd36246aec54 role=api pod=gateway-844b974576-rkm4f method=POST path=/api/transcriptions status=200 durationMs=751
[pod/gateway-844b974576-rkm4f/gateway] 2026-10-05T23:44:55.961+00:00 INFO  http.request requestId=d9b01d26-bd25-459c-b769-5eca1f97bfe0 role=api pod=gateway-844b974576-rkm4f method=POST path=/api/transcriptions status=200 durationMs=439
[pod/gateway-844b974576-rkm4f/gateway] 2026-10-05T23:44:55.964+00:00 INFO  http.request requestId=5c8f7875-0a36-460f-a586-d5ab3edf4979 role=api pod=gateway-844b974576-rkm4f method=POST path=/api/transcriptions status=200 durationMs=758
[pod/gateway-844b974576-rkm4f/gateway] 2026-10-05T23:44:55.969+00:00 INFO  http.request requestId=4f7fcbce-5dac-4642-a794-c18f68cc345d role=api pod=gateway-844b974576-rkm4f method=POST path=/api/translations status=200 durationMs=249
[pod/gateway-844b974576-rkm4f/gateway] 2026-10-05T23:44:56.000+00:00 INFO  http.request requestId=275e238d-25a9-4df2-a0ff-f4ece31f1b9e role=api pod=gateway-844b974576-rkm4f method=POST path=/api/translations status=200 durationMs=237
[pod/gateway-844b974576-rkm4f/gateway] 2026-10-05T23:44:56.049+00:00 INFO  http.request requestId=bab7a79d-5ada-4174-b6bd-e626dd02b85a role=api pod=gateway-844b974576-rkm4f method=POST path=/api/translations status=200 durationMs=308
[pod/gateway-844b974576-rkm4f/gateway] 2026-10-05T23:44:56.053+00:00 INFO  http.request requestId=2b1bc09f-60fe-40ae-8150-e61db202149a role=api pod=gateway-844b974576-rkm4f method=POST path=/api/translations status=200 durationMs=223
[pod/gateway-844b974576-rkm4f/gateway] 2026-10-05T23:44:56.123+00:00 INFO  http.request requestId=7367677e-c9c5-48c1-aba2-5f53a41f7cfb role=api pod=gateway-844b974576-rkm4f method=POST path=/api/translations status=200 durationMs=380
[pod/gateway-844b974576-rkm4f/gateway] 2026-10-05T23:44:56.131+00:00 INFO  http.request requestId=4f368f9b-50c0-4fe8-841c-46f7c6df443d role=api pod=gateway-844b974576-rkm4f method=POST path=/api/transcriptions status=200 durationMs=655
[pod/gateway-844b974576-rkm4f/gateway] 2026-10-05T23:44:56.189+00:00 INFO  http.request requestId=e4b1e6cc-d46b-4d3f-80d8-2ca0cc904551 role=api pod=gateway-844b974576-rkm4f method=POST path=/api/translations status=200 durationMs=399
[pod/gateway-844b974576-rkm4f/gateway] 2026-10-05T23:44:56.196+00:00 INFO  http.request requestId=616d166d-ee23-4b16-9f16-d18d76fa7630 role=api pod=gateway-844b974576-rkm4f method=POST path=/api/transcriptions status=200 durationMs=510
[pod/gateway-844b974576-rkm4f/gateway] 2026-10-05T23:44:56.201+00:00 INFO  http.request requestId=0b229b22-2d41-4a72-ad03-d373931d4b18 role=api pod=gateway-844b974576-rkm4f method=POST path=/api/translations status=200 durationMs=237
[pod/gateway-844b974576-rkm4f/gateway] 2026-10-05T23:44:56.217+00:00 INFO  http.request requestId=fa2cfcaa-38e0-4854-a687-9c6973dd137a role=api pod=gateway-844b974576-rkm4f method=POST path=/api/translations status=200 durationMs=339
[pod/gateway-844b974576-rkm4f/gateway] 2026-10-05T23:44:56.224+00:00 INFO  http.request requestId=6d879118-3431-4547-a79f-c94eebe37b5d role=api pod=gateway-844b974576-rkm4f method=POST path=/api/translations status=200 durationMs=401
[pod/gateway-844b974576-rkm4f/gateway] 2026-10-05T23:44:56.229+00:00 INFO  http.request requestId=b66d88bf-8e28-46b5-b325-394642d7a011 role=api pod=gateway-844b974576-rkm4f method=POST path=/api/translations status=200 durationMs=357
[pod/gateway-844b974576-rkm4f/gateway] 2026-10-05T23:44:56.267+00:00 INFO  http.request requestId=d26bf769-67b4-4c3b-af08-4db1576814f7 role=api pod=gateway-844b974576-rkm4f method=POST path=/api/translations status=200 durationMs=322
[pod/gateway-844b974576-rkm4f/gateway] 2026-10-05T23:44:56.408+00:00 INFO  http.request requestId=3f3cee36-2275-405b-9c4e-469a7bb532cd role=api pod=gateway-844b974576-rkm4f method=POST path=/api/transcriptions status=200 durationMs=781
[pod/gateway-844b974576-rkm4f/gateway] 2026-10-05T23:44:56.440+00:00 INFO  http.request requestId=d7cdf86c-3227-459a-99eb-6fb79574a521 role=api pod=gateway-844b974576-rkm4f method=POST path=/api/transcriptions status=200 durationMs=633
[pod/gateway-844b974576-rkm4f/gateway] 2026-10-05T23:44:56.464+00:00 INFO  http.request requestId=07b36555-4568-473c-8c93-c65543a8db9b role=api pod=gateway-844b974576-rkm4f method=POST path=/api/translations status=200 durationMs=263
[pod/gateway-844b974576-rkm4f/gateway] 2026-10-05T23:44:56.468+00:00 INFO  http.request requestId=fb29d341-131c-44ea-8e6f-380d474e14c2 role=api pod=gateway-844b974576-rkm4f method=POST path=/api/translations status=200 durationMs=230
[pod/gateway-844b974576-rkm4f/gateway] 2026-10-05T23:44:56.491+00:00 INFO  http.request requestId=e382f9d0-dd54-4953-9a9c-8b9f9e098fd4 role=api pod=gateway-844b974576-rkm4f method=POST path=/api/translations status=200 durationMs=294
[pod/gateway-844b974576-rkm4f/gateway] 2026-10-05T23:44:56.497+00:00 INFO  http.request requestId=87b6ae6f-079e-4aba-8933-c79ffc55ee8e role=api pod=gateway-844b974576-rkm4f method=POST path=/api/transcriptions status=200 durationMs=796
[pod/gateway-844b974576-rkm4f/gateway] 2026-10-05T23:44:56.511+00:00 INFO  http.request requestId=6f5cbd1e-a253-4ec4-b896-8f5bf9eb39d2 role=api pod=gateway-844b974576-rkm4f method=POST path=/api/transcriptions status=200 durationMs=464
[pod/gateway-844b974576-rkm4f/gateway] 2026-10-05T23:44:56.514+00:00 INFO  http.request requestId=cf2c3fca-e530-4363-af7f-0d1fa063d6ad role=api pod=gateway-844b974576-rkm4f method=POST path=/api/translations status=200 durationMs=382
[pod/gateway-844b974576-rkm4f/gateway] 2026-10-05T23:44:56.610+00:00 INFO  http.request requestId=f92e8856-8292-40fc-a494-0783e6fc48de role=api pod=gateway-844b974576-rkm4f method=POST path=/api/transcriptions status=200 durationMs=474
[pod/gateway-844b974576-rkm4f/gateway] 2026-10-05T23:44:56.628+00:00 INFO  http.request requestId=d6459672-c53a-4ccf-85cc-2fc208ac6fc4 role=api pod=gateway-844b974576-rkm4f method=POST path=/api/translations status=200 durationMs=272
[pod/gateway-844b974576-rkm4f/gateway] 2026-10-05T23:44:56.701+00:00 INFO  http.request requestId=a49542d4-53d8-4e68-8e14-c9cab6b33f8e role=api pod=gateway-844b974576-rkm4f method=POST path=/api/transcriptions status=200 durationMs=639
[pod/gateway-844b974576-rkm4f/gateway] 2026-10-05T23:44:56.763+00:00 INFO  http.request requestId=5869177a-c9ab-4915-bb2e-b8d27ea397f2 role=api pod=gateway-844b974576-rkm4f method=POST path=/api/transcriptions status=200 durationMs=762
[pod/gateway-844b974576-rkm4f/gateway] 2026-10-05T23:44:56.848+00:00 INFO  http.request requestId=eccffad8-7790-4458-abad-516c658d3928 role=api pod=gateway-844b974576-rkm4f method=POST path=/api/translations status=200 durationMs=372
[pod/gateway-844b974576-rkm4f/gateway] 2026-10-05T23:44:56.848+00:00 INFO  http.request requestId=70337825-7abd-4bc2-ba0a-f71e274a73e5 role=api pod=gateway-844b974576-rkm4f method=POST path=/api/transcriptions status=200 durationMs=772
[pod/gateway-844b974576-rkm4f/gateway] 2026-10-05T23:44:56.857+00:00 INFO  http.request requestId=eef94c6f-b5e9-4944-bab2-7f25f0bb22b8 role=api pod=gateway-844b974576-rkm4f method=POST path=/api/transcriptions status=200 durationMs=585
[pod/gateway-844b974576-rkm4f/gateway] 2026-10-05T23:44:56.875+00:00 INFO  http.request requestId=54bf906f-31b4-4a22-a1e5-92bb8e7e77bc role=api pod=gateway-844b974576-rkm4f method=POST path=/api/translations status=200 durationMs=209
[pod/gateway-844b974576-rkm4f/gateway] 2026-10-05T23:44:56.879+00:00 INFO  http.request requestId=d25e0358-6c62-41e8-8174-8724fb41243b role=api pod=gateway-844b974576-rkm4f method=POST path=/api/transcriptions status=200 durationMs=458
[pod/gateway-844b974576-rkm4f/gateway] 2026-10-05T23:44:56.882+00:00 INFO  http.request requestId=d284b13b-f1d7-451f-8182-f91531664074 role=api pod=gateway-844b974576-rkm4f method=POST path=/api/translations status=200 durationMs=371
[pod/gateway-844b974576-rkm4f/gateway] 2026-10-05T23:44:56.894+00:00 INFO  http.request requestId=41c648bf-7c34-43db-9b09-0fcb76fb8a66 role=api pod=gateway-844b974576-rkm4f method=POST path=/api/transcriptions status=200 durationMs=442
[pod/gateway-844b974576-rkm4f/gateway] 2026-10-05T23:44:56.895+00:00 INFO  http.request requestId=22311aa3-984f-4016-86a5-83a4cd2da63c role=api pod=gateway-844b974576-rkm4f method=POST path=/api/transcriptions status=200 durationMs=504
[pod/gateway-844b974576-rkm4f/gateway] 2026-10-05T23:44:56.902+00:00 INFO  http.request requestId=f38cf08c-c1a3-44ca-b129-7bc458d60ccd role=api pod=gateway-844b974576-rkm4f method=POST path=/api/translations status=200 durationMs=353
[pod/gateway-844b974576-rkm4f/gateway] 2026-10-05T23:44:56.936+00:00 INFO  http.request requestId=c3d51e26-8e99-48b3-a5ab-c841dc602075 role=api pod=gateway-844b974576-rkm4f method=POST path=/api/translations status=200 durationMs=325
[pod/gateway-844b974576-rkm4f/gateway] 2026-10-05T23:44:56.984+00:00 INFO  http.request requestId=47da46ec-055c-4fcc-bfe8-f4d60efef377 role=api pod=gateway-844b974576-rkm4f method=POST path=/api/transcriptions status=200 durationMs=773
[pod/gateway-844b974576-rkm4f/gateway] 2026-10-05T23:44:57.024+00:00 INFO  http.request requestId=983499cd-b9fe-4114-8b1a-4a969c97e3d7 role=api pod=gateway-844b974576-rkm4f method=POST path=/api/translations status=200 durationMs=317
[pod/gateway-844b974576-rkm4f/gateway] 2026-10-05T23:44:57.042+00:00 INFO  http.request requestId=da39902c-a54c-4479-a5b5-e51f36a138b2 role=api pod=gateway-844b974576-rkm4f method=POST path=/api/transcriptions status=200 durationMs=516
[pod/gateway-844b974576-rkm4f/gateway] 2026-10-05T23:44:57.092+00:00 INFO  http.request requestId=2f403262-5908-428a-9829-28a6b266d9a7 role=api pod=gateway-844b974576-rkm4f method=POST path=/api/transcriptions status=200 durationMs=580
[pod/gateway-844b974576-rkm4f/gateway] 2026-10-05T23:44:57.111+00:00 INFO  http.request requestId=48b72898-678c-4a43-898e-0fdf386bee35 role=api pod=gateway-844b974576-rkm4f method=POST path=/api/translations status=200 durationMs=216
[pod/gateway-844b974576-rkm4f/gateway] 2026-10-05T23:44:57.123+00:00 INFO  http.request requestId=4d042a8d-4023-4e83-aa93-e8d986967961 role=api pod=gateway-844b974576-rkm4f method=POST path=/api/translations status=200 durationMs=275
[pod/gateway-844b974576-rkm4f/gateway] 2026-10-05T23:44:57.130+00:00 INFO  http.request requestId=f8b68dba-dfb3-430e-8411-81532b92fc80 role=api pod=gateway-844b974576-rkm4f method=POST path=/api/transcriptions status=200 durationMs=663
[pod/gateway-844b974576-rkm4f/gateway] 2026-10-05T23:44:57.171+00:00 INFO  http.request requestId=ff523b16-9ddd-4b82-8c72-65d8328b36a1 role=api pod=gateway-844b974576-rkm4f method=POST path=/api/translations status=200 durationMs=232
[pod/gateway-844b974576-rkm4f/gateway] 2026-10-05T23:44:57.243+00:00 INFO  http.request requestId=ba9d7212-f1fb-4845-a1a8-b8c83139cccf role=api pod=gateway-844b974576-rkm4f method=POST path=/api/translations status=200 durationMs=247
[pod/gateway-844b974576-rkm4f/gateway] 2026-10-05T23:44:57.244+00:00 INFO  http.request requestId=10149584-b5dc-432d-95bb-a4b89d4c9715 role=api pod=gateway-844b974576-rkm4f method=POST path=/api/translations status=200 durationMs=350
[pod/gateway-844b974576-rkm4f/gateway] 2026-10-05T23:44:57.325+00:00 INFO  http.request requestId=56f01947-7215-4a1d-813e-2edb452f91c6 role=api pod=gateway-844b974576-rkm4f method=POST path=/api/translations status=200 durationMs=340
[pod/gateway-844b974576-rkm4f/gateway] 2026-10-05T23:44:57.327+00:00 INFO  http.request requestId=a29e0357-8a54-4ac4-bbc3-5207acdb6ee6 role=api pod=gateway-844b974576-rkm4f method=POST path=/api/translations status=200 durationMs=284
[pod/gateway-844b974576-rkm4f/gateway] 2026-10-05T23:44:57.353+00:00 INFO  http.request requestId=bccb8a84-40aa-416b-98cd-01e4cba283b6 role=api pod=gateway-844b974576-rkm4f method=POST path=/api/transcriptions status=200 durationMs=497
[pod/gateway-844b974576-rkm4f/gateway] 2026-10-05T23:44:57.418+00:00 INFO  http.request requestId=2833e421-f5c3-47c4-99a0-ff39c71a6dd2 role=api pod=gateway-844b974576-rkm4f method=POST path=/api/transcriptions status=200 durationMs=531
[pod/gateway-844b974576-rkm4f/gateway] 2026-10-05T23:44:57.497+00:00 INFO  http.request requestId=c433e557-587e-4b63-95c2-333ae4b81078 role=api pod=gateway-844b974576-rkm4f method=POST path=/api/transcriptions status=200 durationMs=731
[pod/gateway-844b974576-rkm4f/gateway] 2026-10-05T23:44:57.511+00:00 INFO  http.request requestId=f174f885-9b81-4b57-8983-b1944a8a5bef role=api pod=gateway-844b974576-rkm4f method=POST path=/api/transcriptions status=200 durationMs=548
[pod/gateway-844b974576-rkm4f/gateway] 2026-10-05T23:44:57.519+00:00 INFO  http.request requestId=54ea6112-79eb-4796-b050-1c4a052dfa4e role=api pod=gateway-844b974576-rkm4f method=POST path=/api/translations status=200 durationMs=242
[pod/gateway-844b974576-rkm4f/gateway] 2026-10-05T23:44:57.543+00:00 INFO  http.request requestId=408b8f51-3e36-458a-b286-aefa71dbb353 role=api pod=gateway-844b974576-rkm4f method=POST path=/api/transcriptions status=200 durationMs=447
[pod/gateway-844b974576-rkm4f/gateway] 2026-10-05T23:44:57.545+00:00 INFO  http.request requestId=96b51b7a-3129-40e6-8b76-e3ea6bb56b1d role=api pod=gateway-844b974576-rkm4f method=POST path=/api/translations status=200 durationMs=3004
[pod/gateway-844b974576-rkm4f/gateway] 2026-10-05T23:44:57.614+00:00 INFO  http.request requestId=211df419-f5c9-4a6e-a1b5-8dc62598b3c9 role=api pod=gateway-844b974576-rkm4f method=POST path=/api/translations status=200 durationMs=289
[pod/gateway-844b974576-rkm4f/gateway] 2026-10-05T23:44:57.627+00:00 INFO  http.request requestId=5c12ba88-59d8-4b72-a383-f0b58add72f7 role=api pod=gateway-844b974576-rkm4f method=POST path=/api/transcriptions status=200 durationMs=635
[pod/gateway-844b974576-rkm4f/gateway] 2026-10-05T23:44:57.627+00:00 INFO  http.request requestId=f86ae7d5-6042-477f-b7df-21ed73458936 role=api pod=gateway-844b974576-rkm4f method=POST path=/api/transcriptions status=200 durationMs=592
[pod/gateway-844b974576-rkm4f/gateway] 2026-10-05T23:44:57.633+00:00 INFO  http.request requestId=d93655d3-c27c-41a0-8073-06d62512b9a2 role=api pod=gateway-844b974576-rkm4f method=POST path=/api/translations status=200 durationMs=215
[pod/gateway-844b974576-rkm4f/gateway] 2026-10-05T23:44:57.640+00:00 INFO  http.request requestId=3e88714a-e619-4713-b9a7-9583928753ab role=api pod=gateway-844b974576-rkm4f method=POST path=/api/transcriptions status=200 durationMs=513
[pod/gateway-844b974576-rkm4f/gateway] 2026-10-05T23:44:57.641+00:00 INFO  http.request requestId=8d1dcfb3-93ab-4c60-93de-1ca2132aaec7 role=api pod=gateway-844b974576-rkm4f method=POST path=/api/transcriptions status=200 durationMs=469
[pod/gateway-844b974576-rkm4f/gateway] 2026-10-05T23:44:57.645+00:00 INFO  http.request requestId=ca50bb33-cebe-4a3d-acad-34d296b91446 role=api pod=gateway-844b974576-rkm4f method=POST path=/api/translations status=200 durationMs=292
[pod/gateway-844b974576-rkm4f/gateway] 2026-10-05T23:44:57.648+00:00 INFO  http.request requestId=d6b2b736-3861-498f-900a-207be0b4447a role=api pod=gateway-844b974576-rkm4f method=POST path=/api/transcriptions status=200 durationMs=507
[pod/gateway-844b974576-rkm4f/gateway] 2026-10-05T23:44:57.650+00:00 INFO  http.request requestId=59ba6cf3-cf8b-421a-a530-5ceb74173624 role=api pod=gateway-844b974576-rkm4f method=POST path=/api/transcriptions status=200 durationMs=778
[pod/gateway-844b974576-rkm4f/gateway] 2026-10-05T23:44:57.726+00:00 INFO  http.request requestId=40632407-c19b-49bf-9209-587071e1c00c role=api pod=gateway-844b974576-rkm4f method=POST path=/api/transcriptions status=200 durationMs=613
[pod/gateway-844b974576-rkm4f/gateway] 2026-10-05T23:44:57.833+00:00 INFO  http.request requestId=9289a7cd-d1af-42cf-92f5-c82cf8259e51 role=api pod=gateway-844b974576-rkm4f method=POST path=/api/transcriptions status=200 durationMs=481
[pod/gateway-844b974576-rkm4f/gateway] 2026-10-05T23:44:57.882+00:00 INFO  http.request requestId=8a3ab2a6-4a41-4973-a0a9-03897a68718a role=api pod=gateway-844b974576-rkm4f method=POST path=/api/translations status=200 durationMs=251
[pod/gateway-844b974576-rkm4f/gateway] 2026-10-05T23:44:57.909+00:00 INFO  http.request requestId=ca2c4292-efb4-416a-9240-6a3eacf57a08 role=api pod=gateway-844b974576-rkm4f method=POST path=/api/translations status=200 durationMs=252
[pod/gateway-844b974576-rkm4f/gateway] 2026-10-05T23:44:57.917+00:00 INFO  http.request requestId=ccbeffc1-b71d-425e-ba52-513b0fe8c9cc role=api pod=gateway-844b974576-rkm4f method=POST path=/api/translations status=200 durationMs=365
[pod/gateway-844b974576-rkm4f/gateway] 2026-10-05T23:44:57.954+00:00 INFO  http.request requestId=69e03580-0f2e-46f8-bbbe-c0e9bfef7384 role=api pod=gateway-844b974576-rkm4f method=POST path=/api/translations status=200 durationMs=326
[pod/gateway-844b974576-rkm4f/gateway] 2026-10-05T23:44:57.961+00:00 INFO  http.request requestId=6285da3f-81e7-4daf-bc9f-d6057690112f role=api pod=gateway-844b974576-rkm4f method=POST path=/api/translations status=200 durationMs=312
[pod/gateway-844b974576-rkm4f/gateway] 2026-10-05T23:44:57.974+00:00 INFO  http.request requestId=2ae88c00-5ae7-46a7-80a2-00418548ec5b role=api pod=gateway-844b974576-rkm4f method=POST path=/api/translations status=200 durationMs=334
[pod/gateway-844b974576-rkm4f/gateway] 2026-10-05T23:44:57.982+00:00 INFO  http.request requestId=da2f493b-37fd-4d6f-a41d-089fa25e7a8a role=api pod=gateway-844b974576-rkm4f method=POST path=/api/transcriptions status=200 durationMs=615
[pod/gateway-844b974576-rkm4f/gateway] 2026-10-05T23:44:57.985+00:00 INFO  http.request requestId=71079390-7bfd-40af-934e-1f97b7f1491c role=api pod=gateway-844b974576-rkm4f method=POST path=/api/translations status=200 durationMs=334
[pod/gateway-844b974576-rkm4f/gateway] 2026-10-05T23:44:58.120+00:00 INFO  http.request requestId=da7c62c6-04ef-4263-8a59-ef0f79e5b137 role=api pod=gateway-844b974576-rkm4f method=POST path=/api/transcriptions status=200 durationMs=588
[pod/gateway-844b974576-rkm4f/gateway] 2026-10-05T23:44:58.126+00:00 INFO  http.request requestId=826bc205-4165-4ced-8b03-64b1e18ad1ed role=api pod=gateway-844b974576-rkm4f method=POST path=/api/transcriptions status=200 durationMs=610
[pod/gateway-844b974576-rkm4f/gateway] 2026-10-05T23:44:58.132+00:00 INFO  http.request requestId=72d5dbaf-7dfd-4e37-85ca-1e60758205e7 role=api pod=gateway-844b974576-rkm4f method=POST path=/api/transcriptions status=200 durationMs=585
[pod/gateway-844b974576-rkm4f/gateway] 2026-10-05T23:44:58.138+00:00 INFO  http.request requestId=2618a236-971e-488f-960a-9454605214dc role=api pod=gateway-844b974576-rkm4f method=POST path=/api/transcriptions status=200 durationMs=486
[pod/gateway-844b974576-rkm4f/gateway] 2026-10-05T23:44:58.182+00:00 INFO  http.request requestId=c70a0856-6058-4a4b-b6ca-ceed9d8f7755 role=api pod=gateway-844b974576-rkm4f method=POST path=/api/transcriptions status=200 durationMs=681
[pod/gateway-844b974576-rkm4f/gateway] 2026-10-05T23:44:58.202+00:00 INFO  http.request requestId=1dfe6cab-6c9f-43fc-9f5b-903ff673e679 role=api pod=gateway-844b974576-rkm4f method=POST path=/api/translations status=200 durationMs=280
[pod/gateway-844b974576-rkm4f/gateway] 2026-10-05T23:44:58.210+00:00 INFO  http.request requestId=4dc9b57a-d48c-4bef-abaf-04988192611f role=api pod=gateway-844b974576-rkm4f method=POST path=/api/translations status=200 durationMs=319
[pod/gateway-844b974576-rkm4f/gateway] 2026-10-05T23:44:58.227+00:00 INFO  http.request requestId=b5f58c51-1296-466d-99f7-41e4e06d2ba4 role=api pod=gateway-844b974576-rkm4f method=POST path=/api/translations status=200 durationMs=227
[pod/gateway-844b974576-rkm4f/gateway] 2026-10-05T23:44:58.263+00:00 INFO  http.request requestId=3f3a0686-bdc4-4d81-b78e-1a86853698f6 role=api pod=gateway-844b974576-rkm4f method=POST path=/api/transcriptions status=200 durationMs=641
[pod/gateway-844b974576-rkm4f/gateway] 2026-10-05T23:44:58.276+00:00 INFO  http.request requestId=e0def609-eb45-4076-b002-c0ae696d974d role=api pod=gateway-844b974576-rkm4f method=POST path=/api/translations status=200 durationMs=319
[pod/gateway-844b974576-rkm4f/gateway] 2026-10-05T23:44:58.314+00:00 INFO  http.request requestId=0a5ac6b0-21b3-4dc6-8875-e54090b76429 role=api pod=gateway-844b974576-rkm4f method=POST path=/api/transcriptions status=200 durationMs=512
[pod/gateway-844b974576-rkm4f/gateway] 2026-10-05T23:44:58.342+00:00 INFO  http.request requestId=ec72f52b-6d77-4155-84bf-01c07a19d550 role=api pod=gateway-844b974576-rkm4f method=POST path=/api/transcriptions status=200 durationMs=600
[pod/gateway-844b974576-rkm4f/gateway] 2026-10-05T23:44:58.431+00:00 INFO  http.request requestId=8387efa7-10b4-450a-b75b-bb5b0538e2b6 role=api pod=gateway-844b974576-rkm4f method=POST path=/api/transcriptions status=200 durationMs=584
[pod/gateway-844b974576-rkm4f/gateway] 2026-10-05T23:44:58.437+00:00 INFO  http.request requestId=a5e08766-6e65-4d1a-990e-24ecff53a615 role=api pod=gateway-844b974576-rkm4f method=POST path=/api/translations status=200 durationMs=297
[pod/gateway-844b974576-rkm4f/gateway] 2026-10-05T23:44:58.441+00:00 INFO  http.request requestId=8fe76870-5d3a-4c3b-8abb-64e7537b26e4 role=api pod=gateway-844b974576-rkm4f method=POST path=/api/transcriptions status=200 durationMs=475
[pod/gateway-844b974576-rkm4f/gateway] 2026-10-05T23:44:58.470+00:00 INFO  http.request requestId=45315df3-fdd3-42dc-a06e-7c532a90f4b7 role=api pod=gateway-844b974576-rkm4f method=POST path=/api/translations status=200 durationMs=344
[pod/gateway-844b974576-rkm4f/gateway] 2026-10-05T23:44:58.490+00:00 INFO  http.request requestId=cbed920c-ed51-4682-830b-2695e12dabd0 role=api pod=gateway-844b974576-rkm4f method=POST path=/api/translations status=200 durationMs=370
[pod/gateway-844b974576-rkm4f/gateway] 2026-10-05T23:44:58.500+00:00 INFO  http.request requestId=44a54189-63a6-4c31-8fbd-018ec45e9f45 role=api pod=gateway-844b974576-rkm4f method=POST path=/api/translations status=200 durationMs=368
[pod/gateway-844b974576-rkm4f/gateway] 2026-10-05T23:44:58.515+00:00 INFO  http.request requestId=2a68a221-8654-4a03-aacc-9f8571f06768 role=api pod=gateway-844b974576-rkm4f method=POST path=/api/transcriptions status=200 durationMs=518
[pod/gateway-844b974576-rkm4f/gateway] 2026-10-05T23:44:58.520+00:00 INFO  http.request requestId=facaf78d-dad0-4b0f-a57e-7ca2389fe480 role=api pod=gateway-844b974576-rkm4f method=POST path=/api/translations status=200 durationMs=382
[pod/gateway-844b974576-rkm4f/gateway] 2026-10-05T23:44:58.587+00:00 INFO  http.request requestId=237d7a4d-18b3-40c4-b16b-973741da079b role=api pod=gateway-844b974576-rkm4f method=POST path=/api/translations status=200 durationMs=241
[pod/gateway-844b974576-rkm4f/gateway] 2026-10-05T23:44:58.638+00:00 INFO  http.request requestId=04b83be4-aef2-4e3f-8a9b-df9dca408687 role=api pod=gateway-844b974576-rkm4f method=POST path=/api/transcriptions status=200 durationMs=657
[pod/gateway-844b974576-rkm4f/gateway] 2026-10-05T23:44:58.689+00:00 INFO  http.request requestId=634dd084-1763-4a02-89b7-feb91afd6b2f role=api pod=gateway-844b974576-rkm4f method=POST path=/api/translations status=200 durationMs=258
[pod/gateway-844b974576-rkm4f/gateway] 2026-10-05T23:44:58.730+00:00 INFO  http.request requestId=2e5e3e57-0039-406f-92d4-f1fcf57e71e8 role=api pod=gateway-844b974576-rkm4f method=POST path=/api/transcriptions status=200 durationMs=478
[pod/gateway-844b974576-rkm4f/gateway] 2026-10-05T23:44:58.762+00:00 INFO  http.request requestId=d2082f3f-b10d-4778-9772-bdf25de87ec9 role=api pod=gateway-844b974576-rkm4f method=POST path=/api/translations status=200 durationMs=357
[pod/gateway-844b974576-rkm4f/gateway] 2026-10-05T23:44:58.777+00:00 INFO  http.request requestId=8ba357d0-518c-4808-8753-9cd08368673f role=api pod=gateway-844b974576-rkm4f method=POST path=/api/translations status=200 durationMs=262
[pod/gateway-844b974576-rkm4f/gateway] 2026-10-05T23:44:58.814+00:00 INFO  http.request requestId=9c292aff-401a-4815-946c-0331354b5c06 role=api pod=gateway-844b974576-rkm4f method=POST path=/api/transcriptions status=200 durationMs=590
[pod/gateway-844b974576-rkm4f/gateway] 2026-10-05T23:44:58.814+00:00 INFO  http.request requestId=147c64ae-ad18-4dc6-bb2e-d9dff38a5b42 role=api pod=gateway-844b974576-rkm4f method=POST path=/api/translations status=200 durationMs=375
[pod/gateway-844b974576-rkm4f/gateway] 2026-10-05T23:44:58.839+00:00 INFO  http.request requestId=1be4add9-af84-4276-90f5-0729bbe7b305 role=api pod=gateway-844b974576-rkm4f method=POST path=/api/transcriptions status=200 durationMs=573
[pod/gateway-844b974576-rkm4f/gateway] 2026-10-05T23:44:58.878+00:00 INFO  http.request requestId=4b9bdff2-4cf2-4fd9-a6f4-687a9ba88b93 role=api pod=gateway-844b974576-rkm4f method=POST path=/api/transcriptions status=200 durationMs=597
[pod/gateway-844b974576-rkm4f/gateway] 2026-10-05T23:44:58.894+00:00 INFO  http.request requestId=561f2d6a-6117-4df1-841e-d1d03ae5a28e role=api pod=gateway-844b974576-rkm4f method=POST path=/api/translations status=200 durationMs=352
[pod/gateway-844b974576-rkm4f/gateway] 2026-10-05T23:44:58.898+00:00 INFO  http.request requestId=598dac5a-4a33-4dda-951a-c4b3318f57d0 role=api pod=gateway-844b974576-rkm4f method=POST path=/api/translations status=200 durationMs=375
[pod/gateway-844b974576-rkm4f/gateway] 2026-10-05T23:44:58.902+00:00 INFO  http.request requestId=b0d2e34c-c56c-4337-9653-f72c7e60a412 role=api pod=gateway-844b974576-rkm4f method=POST path=/api/translations status=200 durationMs=309
[pod/gateway-844b974576-rkm4f/gateway] 2026-10-05T23:44:58.910+00:00 INFO  http.request requestId=b2814ca8-d5da-4d80-95fd-cf607265429c role=api pod=gateway-844b974576-rkm4f method=POST path=/api/transcriptions status=200 durationMs=464
[pod/gateway-844b974576-rkm4f/gateway] 2026-10-05T23:44:58.926+00:00 INFO  http.request requestId=4d82929d-3c0a-4ffd-acb6-b5b257709c0e role=api pod=gateway-844b974576-rkm4f method=POST path=/api/transcriptions status=200 durationMs=494
[pod/gateway-844b974576-rkm4f/gateway] 2026-10-05T23:44:58.939+00:00 INFO  http.request requestId=c485d8af-d097-48bd-94cd-26b6410f5128 role=api pod=gateway-844b974576-rkm4f method=POST path=/api/transcriptions status=200 durationMs=733
[pod/gateway-844b974576-rkm4f/gateway] 2026-10-05T23:44:58.970+00:00 INFO  http.request requestId=14b3d364-d949-4ec5-a59e-e4ced8575d0c role=api pod=gateway-844b974576-rkm4f method=POST path=/api/translations status=200 durationMs=3003
[pod/gateway-844b974576-rkm4f/gateway] 2026-10-05T23:44:59.015+00:00 INFO  http.request requestId=b1cc21d2-aa4d-4bf3-aa7a-12dbbaa98ee8 role=api pod=gateway-844b974576-rkm4f method=POST path=/api/translations status=200 durationMs=230
[pod/gateway-844b974576-rkm4f/gateway] 2026-10-05T23:44:59.056+00:00 INFO  http.request requestId=5c515334-3714-4f7b-b34c-c236f2cd5f36 role=api pod=gateway-844b974576-rkm4f method=POST path=/api/translations status=200 durationMs=230
[pod/gateway-844b974576-rkm4f/gateway] 2026-10-05T23:44:59.100+00:00 INFO  http.request requestId=bfffea57-56b4-420a-b379-fe979c67aaa3 role=api pod=gateway-844b974576-rkm4f method=POST path=/api/translations status=200 durationMs=285
[pod/gateway-844b974576-rkm4f/gateway] 2026-10-05T23:44:59.126+00:00 INFO  http.request requestId=c1f34587-4df2-4fb8-bf37-a25bc30950cf role=api pod=gateway-844b974576-rkm4f method=POST path=/api/transcriptions status=200 durationMs=485
[pod/gateway-844b974576-rkm4f/gateway] 2026-10-05T23:44:59.132+00:00 INFO  http.request requestId=2a57554d-690c-4fc8-8800-748675b144b2 role=api pod=gateway-844b974576-rkm4f method=POST path=/api/transcriptions status=200 durationMs=611
[pod/gateway-844b974576-rkm4f/gateway] 2026-10-05T23:44:59.163+00:00 INFO  http.request requestId=5aa0ae50-a76c-4f35-a52f-2776ab82226c role=api pod=gateway-844b974576-rkm4f method=POST path=/api/translations status=200 durationMs=389
[pod/gateway-844b974576-rkm4f/gateway] 2026-10-05T23:44:59.202+00:00 INFO  http.request requestId=ea7c9058-6e46-432c-b9fe-b7430f172cf9 role=api pod=gateway-844b974576-rkm4f method=POST path=/api/transcriptions status=200 durationMs=471
[pod/gateway-844b974576-rkm4f/gateway] 2026-10-05T23:44:59.207+00:00 INFO  http.request requestId=55e030f3-40f7-479c-8ae1-618f247577c7 role=api pod=gateway-844b974576-rkm4f method=POST path=/api/translations status=200 durationMs=297
[pod/gateway-844b974576-rkm4f/gateway] 2026-10-05T23:44:59.258+00:00 INFO  http.request requestId=5de2deda-d3cd-4b11-b30c-dec06611244f role=api pod=gateway-844b974576-rkm4f method=POST path=/api/transcriptions status=200 durationMs=751
[pod/gateway-844b974576-rkm4f/gateway] 2026-10-05T23:44:59.266+00:00 INFO  http.request requestId=5432a1b5-6874-4ff1-b853-ea519dd80ee4 role=api pod=gateway-844b974576-rkm4f method=POST path=/api/translations status=200 durationMs=327
[pod/gateway-844b974576-rkm4f/gateway] 2026-10-05T23:44:59.268+00:00 INFO  http.request requestId=9083d236-37d7-4b91-8dd2-79ad2148658e role=api pod=gateway-844b974576-rkm4f method=POST path=/api/transcriptions status=200 durationMs=447
[pod/gateway-844b974576-rkm4f/gateway] 2026-10-05T23:44:59.279+00:00 INFO  http.request requestId=d7696025-503a-478a-91f3-ab621e33064e role=api pod=gateway-844b974576-rkm4f method=POST path=/api/transcriptions status=200 durationMs=427
[pod/gateway-844b974576-rkm4f/gateway] 2026-10-05T23:44:59.360+00:00 INFO  http.request requestId=9d6b3e07-ab6d-4ea5-8494-9edb544303fb role=api pod=gateway-844b974576-rkm4f method=POST path=/api/transcriptions status=200 durationMs=479
[pod/gateway-844b974576-rkm4f/gateway] 2026-10-05T23:44:59.385+00:00 INFO  http.request requestId=7172d6be-ea9e-4d1f-8842-ecf3d547b067 role=api pod=gateway-844b974576-rkm4f method=POST path=/api/translations status=200 durationMs=252
[pod/gateway-844b974576-rkm4f/gateway] 2026-10-05T23:44:59.425+00:00 INFO  http.request requestId=52145634-c93a-486a-9d37-41e1ded37a10 role=api pod=gateway-844b974576-rkm4f method=POST path=/api/transcriptions status=200 durationMs=484
[pod/gateway-844b974576-rkm4f/gateway] 2026-10-05T23:44:59.428+00:00 INFO  http.request requestId=c148d333-273c-41f2-ae73-4f935cf17acb role=api pod=gateway-844b974576-rkm4f method=POST path=/api/translations status=200 durationMs=290
[pod/gateway-844b974576-rkm4f/gateway] 2026-10-05T23:44:59.443+00:00 INFO  http.request requestId=8a64a31a-e86a-4da8-83c5-95080f7be63f role=api pod=gateway-844b974576-rkm4f method=POST path=/api/transcriptions status=200 durationMs=531
[pod/gateway-844b974576-rkm4f/gateway] 2026-10-05T23:44:59.546+00:00 INFO  http.request requestId=a6d32d6c-cc7e-480c-a064-b8dc0b69b3d6 role=api pod=gateway-844b974576-rkm4f method=POST path=/api/translations status=200 durationMs=280
[pod/gateway-844b974576-rkm4f/gateway] 2026-10-05T23:44:59.590+00:00 INFO  http.request requestId=8e8c1a48-507d-44de-8ade-d27a441af00b role=api pod=gateway-844b974576-rkm4f method=POST path=/api/translations status=200 durationMs=302
[pod/gateway-844b974576-rkm4f/gateway] 2026-10-05T23:44:59.592+00:00 INFO  http.request requestId=8f7a40b7-16f0-4afd-9b2b-b9014e5a2de0 role=api pod=gateway-844b974576-rkm4f method=POST path=/api/translations status=200 durationMs=313
[pod/gateway-844b974576-rkm4f/gateway] 2026-10-05T23:44:59.636+00:00 INFO  http.request requestId=2ce91ff6-c21b-4d56-891f-c1b9ac727753 role=api pod=gateway-844b974576-rkm4f method=POST path=/api/translations status=200 durationMs=351
[pod/gateway-844b974576-rkm4f/gateway] 2026-10-05T23:44:59.644+00:00 INFO  http.request requestId=d27342d4-ae60-456d-a9dd-d5941431b06e role=api pod=gateway-844b974576-rkm4f method=POST path=/api/translations status=200 durationMs=292
[pod/gateway-844b974576-rkm4f/gateway] 2026-10-05T23:44:59.687+00:00 INFO  http.request requestId=0bdec987-fbb2-4329-bff5-67b77ef26f53 role=api pod=gateway-844b974576-rkm4f method=POST path=/api/transcriptions status=200 durationMs=700
[pod/gateway-844b974576-rkm4f/gateway] 2026-10-05T23:44:59.687+00:00 INFO  http.request requestId=5729c084-87fb-4d8f-8709-536055267387 role=api pod=gateway-844b974576-rkm4f method=POST path=/api/transcriptions status=200 durationMs=761
[pod/gateway-844b974576-rkm4f/gateway] 2026-10-05T23:44:59.698+00:00 INFO  http.request requestId=c0ec39ef-b2a7-475b-8a84-63a002592d47 role=api pod=gateway-844b974576-rkm4f method=POST path=/api/transcriptions status=200 durationMs=635
[pod/gateway-844b974576-rkm4f/gateway] 2026-10-05T23:44:59.749+00:00 INFO  http.request requestId=3c7c9816-3295-457b-8150-f3ff658af5a4 role=api pod=gateway-844b974576-rkm4f method=POST path=/api/transcriptions status=200 durationMs=476
[pod/gateway-844b974576-rkm4f/gateway] 2026-10-05T23:44:59.794+00:00 INFO  http.request requestId=a40fc6ba-c4bd-423d-80bb-1aa227bfde26 role=api pod=gateway-844b974576-rkm4f method=POST path=/api/translations status=200 durationMs=351
[pod/gateway-844b974576-rkm4f/gateway] 2026-10-05T23:44:59.817+00:00 INFO  http.request requestId=eeea3cba-6048-48cb-8687-6cdd0262ffd7 role=api pod=gateway-844b974576-rkm4f method=POST path=/api/transcriptions status=200 durationMs=591
[pod/gateway-844b974576-rkm4f/gateway] 2026-10-05T23:44:59.869+00:00 INFO  http.request requestId=8f2c03e4-6903-423a-b950-8b544b85b59f role=api pod=gateway-844b974576-rkm4f method=POST path=/api/transcriptions status=200 durationMs=762
[pod/gateway-844b974576-rkm4f/gateway] 2026-10-05T23:44:59.884+00:00 INFO  http.request requestId=39f35b34-86c9-4590-99ae-512b9b4c4cd1 role=api pod=gateway-844b974576-rkm4f method=POST path=/api/transcriptions status=200 durationMs=642
[pod/gateway-844b974576-rkm4f/gateway] 2026-10-05T23:44:59.907+00:00 INFO  http.request requestId=be00f63e-e363-4282-aa75-9eab3cc6d837 role=api pod=gateway-844b974576-rkm4f method=POST path=/api/transcriptions status=200 durationMs=515
[pod/gateway-844b974576-rkm4f/gateway] 2026-10-05T23:44:59.922+00:00 INFO  http.request requestId=7377c638-193e-43f8-a75e-c4a825360cef role=api pod=gateway-844b974576-rkm4f method=POST path=/api/transcriptions status=200 durationMs=486
[pod/gateway-844b974576-rkm4f/gateway] 2026-10-05T23:44:59.927+00:00 INFO  http.request requestId=6f11c0f4-060e-48c9-a2b6-51affad8fad0 role=api pod=gateway-844b974576-rkm4f method=POST path=/api/transcriptions status=200 durationMs=476
[pod/gateway-844b974576-rkm4f/gateway] 2026-10-05T23:44:59.944+00:00 INFO  http.request requestId=8a608708-0e32-445a-8344-910bb812d1ef role=api pod=gateway-844b974576-rkm4f method=POST path=/api/transcriptions status=200 durationMs=747
[pod/gateway-844b974576-rkm4f/gateway] 2026-10-05T23:45:00.040+00:00 INFO  http.request requestId=9902b80f-e699-4fc4-a4ef-88927c96679f role=api pod=gateway-844b974576-rkm4f method=POST path=/api/transcriptions status=200 durationMs=679
[pod/gateway-844b974576-rkm4f/gateway] 2026-10-05T23:45:00.061+00:00 INFO  http.request requestId=1d0de70a-9da8-4579-a5a5-d81a042293c9 role=api pod=gateway-844b974576-rkm4f method=POST path=/api/translations status=200 durationMs=387
[pod/gateway-844b974576-rkm4f/gateway] 2026-10-05T23:45:00.074+00:00 INFO  http.request requestId=5f85ce8d-2784-4f26-b28b-e484574f3b11 role=api pod=gateway-844b974576-rkm4f method=POST path=/api/transcriptions status=200 durationMs=457
[pod/gateway-844b974576-rkm4f/gateway] 2026-10-05T23:45:00.078+00:00 INFO  http.request requestId=e8b3fac4-f65c-43b4-80d7-7f46deeae2bb role=api pod=gateway-844b974576-rkm4f method=POST path=/api/translations status=200 durationMs=380
[pod/gateway-844b974576-rkm4f/gateway] 2026-10-05T23:45:00.115+00:00 INFO  http.request requestId=40572fe2-54e9-43bd-9a21-46bd4747282c role=api pod=gateway-844b974576-rkm4f method=POST path=/api/translations status=200 durationMs=223
[pod/gateway-844b974576-rkm4f/gateway] 2026-10-05T23:45:00.152+00:00 INFO  http.request requestId=da07feba-1ad8-4d82-a8c0-686517ba7030 role=api pod=gateway-844b974576-rkm4f method=POST path=/api/translations status=200 durationMs=266
[pod/gateway-844b974576-rkm4f/gateway] 2026-10-05T23:45:00.241+00:00 INFO  http.request requestId=96056121-2675-424e-99fe-496e06ea462e role=api pod=gateway-844b974576-rkm4f method=POST path=/api/translations status=200 durationMs=290
[pod/gateway-844b974576-rkm4f/gateway] 2026-10-05T23:45:00.252+00:00 INFO  http.request requestId=51f2a85d-fccb-4b9e-b8a6-b3e5bb98c0e4 role=api pod=gateway-844b974576-rkm4f method=POST path=/api/transcriptions status=200 durationMs=605
[pod/gateway-844b974576-rkm4f/gateway] 2026-10-05T23:45:00.255+00:00 INFO  http.request requestId=db1fbec5-ea7e-41e0-bc4a-8d1fd7329927 role=api pod=gateway-844b974576-rkm4f method=POST path=/api/transcriptions status=200 durationMs=457
[pod/gateway-844b974576-rkm4f/gateway] 2026-10-05T23:45:00.292+00:00 INFO  http.request requestId=6b59cf58-5100-45f1-8f4a-e4d0c9771604 role=api pod=gateway-844b974576-rkm4f method=POST path=/api/translations status=200 durationMs=367
[pod/gateway-844b974576-rkm4f/gateway] 2026-10-05T23:45:00.303+00:00 INFO  http.request requestId=3adcb5b0-1871-4b71-b26c-60a67f73574d role=api pod=gateway-844b974576-rkm4f method=POST path=/api/transcriptions status=200 durationMs=596
[pod/gateway-844b974576-rkm4f/gateway] 2026-10-05T23:45:00.348+00:00 INFO  http.request requestId=3d699ddf-2833-461b-94c5-e90928d706f4 role=api pod=gateway-844b974576-rkm4f method=POST path=/api/transcriptions status=200 durationMs=522
[pod/gateway-844b974576-rkm4f/gateway] 2026-10-05T23:45:00.382+00:00 INFO  http.request requestId=22aeb1c5-8362-4f95-8b8d-db9fcf74b7a0 role=api pod=gateway-844b974576-rkm4f method=POST path=/api/transcriptions status=200 durationMs=781
[pod/gateway-844b974576-rkm4f/gateway] 2026-10-05T23:45:00.430+00:00 INFO  http.request requestId=67fe4cda-c923-42ea-a7d0-23c786a51bb2 role=api pod=gateway-844b974576-rkm4f method=POST path=/api/transcriptions status=200 durationMs=739
[pod/gateway-844b974576-rkm4f/gateway] 2026-10-05T23:45:00.436+00:00 INFO  http.request requestId=208e6ed6-84fc-49a1-a308-8e79657cc1fd role=api pod=gateway-844b974576-rkm4f method=POST path=/api/transcriptions status=200 durationMs=685
[pod/gateway-844b974576-rkm4f/gateway] 2026-10-05T23:45:00.478+00:00 INFO  http.request requestId=a08d2ac9-6783-4a3c-81ab-34ea2d7189f5 role=api pod=gateway-844b974576-rkm4f method=POST path=/api/translations status=200 durationMs=389
[pod/gateway-844b974576-rkm4f/gateway] 2026-10-05T23:45:00.489+00:00 INFO  http.request requestId=606612bf-6084-4fe2-a62b-223cc8dae1f4 role=api pod=gateway-844b974576-rkm4f method=POST path=/api/transcriptions status=200 durationMs=618
[pod/gateway-844b974576-rkm4f/gateway] 2026-10-05T23:45:00.521+00:00 INFO  http.request requestId=f95100a8-033d-4077-bc4b-4d584e6339e7 role=api pod=gateway-844b974576-rkm4f method=POST path=/api/translations status=200 durationMs=268
[pod/gateway-844b974576-rkm4f/gateway] 2026-10-05T23:45:00.522+00:00 INFO  http.request requestId=1e02d9a9-a55e-4bb6-ac9b-b2b3919a360e role=api pod=gateway-844b974576-rkm4f method=POST path=/api/translations status=200 durationMs=360
[pod/gateway-844b974576-rkm4f/gateway] 2026-10-05T23:45:00.528+00:00 INFO  http.request requestId=7a87a427-d4d8-4dd3-9d3f-6a73328edc28 role=api pod=gateway-844b974576-rkm4f method=POST path=/api/translations status=200 durationMs=225
[pod/gateway-844b974576-rkm4f/gateway] 2026-10-05T23:45:00.550+00:00 INFO  http.request requestId=acb9940f-f1a5-4d1a-851b-438ab20c59b8 role=api pod=gateway-844b974576-rkm4f method=POST path=/api/translations status=200 durationMs=286
[pod/gateway-844b974576-rkm4f/gateway] 2026-10-05T23:45:00.581+00:00 INFO  http.request requestId=92ec335a-ded4-45f8-976d-2d45f77fe11e role=api pod=gateway-844b974576-rkm4f method=POST path=/api/transcriptions status=200 durationMs=662
[pod/gateway-844b974576-rkm4f/gateway] 2026-10-05T23:45:00.591+00:00 INFO  http.request requestId=854106e7-dbdf-485d-99c4-30b5a87fa256 role=api pod=gateway-844b974576-rkm4f method=POST path=/api/transcriptions status=200 durationMs=660
[pod/gateway-844b974576-rkm4f/gateway] 2026-10-05T23:45:00.621+00:00 INFO  http.request requestId=f680f113-f725-42e2-99b8-80e90cf9d6c6 role=api pod=gateway-844b974576-rkm4f method=POST path=/api/translations status=200 durationMs=365
[pod/gateway-844b974576-rkm4f/gateway] 2026-10-05T23:45:00.703+00:00 INFO  http.request requestId=8559d3a4-5464-46aa-9c11-4fb2812e12e9 role=api pod=gateway-844b974576-rkm4f method=POST path=/api/translations status=200 durationMs=213
[pod/gateway-844b974576-rkm4f/gateway] 2026-10-05T23:45:00.717+00:00 INFO  http.request requestId=6b921c85-696e-40db-be15-685ee039ebb3 role=api pod=gateway-844b974576-rkm4f method=POST path=/api/transcriptions status=200 durationMs=665
[pod/gateway-844b974576-rkm4f/gateway] 2026-10-05T23:45:00.750+00:00 INFO  http.request requestId=4cc8d33f-ea93-4837-be5c-bfac46846721 role=api pod=gateway-844b974576-rkm4f method=POST path=/api/translations status=200 durationMs=329
[pod/gateway-844b974576-rkm4f/gateway] 2026-10-05T23:45:00.778+00:00 INFO  http.request requestId=49f26a97-d5f1-4f08-9038-9b00a2e70805 role=api pod=gateway-844b974576-rkm4f method=POST path=/api/translations status=200 durationMs=341
[pod/gateway-844b974576-rkm4f/gateway] 2026-10-05T23:45:00.782+00:00 INFO  http.request requestId=a04bf3c5-875c-447e-baef-7ab492a9dcd5 role=api pod=gateway-844b974576-rkm4f method=POST path=/api/transcriptions status=200 durationMs=460
[pod/gateway-844b974576-rkm4f/gateway] 2026-10-05T23:45:00.838+00:00 INFO  http.request requestId=40050743-ae02-4c48-aed9-6431f3239f27 role=api pod=gateway-844b974576-rkm4f method=POST path=/api/transcriptions status=200 durationMs=756
[pod/gateway-844b974576-rkm4f/gateway] 2026-10-05T23:45:00.860+00:00 INFO  http.request requestId=b1e159e7-4dc9-40e8-88b4-4556c207e1ac role=api pod=gateway-844b974576-rkm4f method=POST path=/api/translations status=200 durationMs=306
[pod/gateway-844b974576-rkm4f/gateway] 2026-10-05T23:45:00.930+00:00 INFO  http.request requestId=7bfb0444-c242-42e1-9462-c159fc3f4c7d role=api pod=gateway-844b974576-rkm4f method=POST path=/api/translations status=200 durationMs=405
[pod/gateway-844b974576-rkm4f/gateway] 2026-10-05T23:45:00.981+00:00 INFO  http.request requestId=8773bd14-357d-453b-9bdd-5b36dab2b95c role=api pod=gateway-844b974576-rkm4f method=POST path=/api/translations status=200 durationMs=389
[pod/gateway-844b974576-rkm4f/gateway] 2026-10-05T23:45:01.010+00:00 INFO  http.request requestId=f19dec8c-0b6d-4817-a81a-f227a4a858fb role=api pod=gateway-844b974576-rkm4f method=POST path=/api/transcriptions status=200 durationMs=659
[pod/gateway-844b974576-rkm4f/gateway] 2026-10-05T23:45:01.015+00:00 INFO  http.request requestId=8b071e2f-4817-47b0-81a2-cb60bbce3cbd role=api pod=gateway-844b974576-rkm4f method=POST path=/api/transcriptions status=200 durationMs=618
[pod/gateway-844b974576-rkm4f/gateway] 2026-10-05T23:45:01.036+00:00 INFO  http.request requestId=1cabda78-8034-425f-90be-e6b2c3cf7693 role=api pod=gateway-844b974576-rkm4f method=POST path=/api/transcriptions status=200 durationMs=775
[pod/gateway-844b974576-rkm4f/gateway] 2026-10-05T23:45:01.076+00:00 INFO  http.request requestId=e7f926ae-386e-49e8-8ec0-712784de978a role=api pod=gateway-844b974576-rkm4f method=POST path=/api/translations status=200 durationMs=338
[pod/gateway-844b974576-rkm4f/gateway] 2026-10-05T23:45:01.119+00:00 INFO  http.request requestId=4bf801e7-973b-4637-b978-7f334892186a role=api pod=gateway-844b974576-rkm4f method=POST path=/api/transcriptions status=200 durationMs=677
[pod/gateway-844b974576-rkm4f/gateway] 2026-10-05T23:45:01.124+00:00 INFO  http.request requestId=3147857b-6241-4804-a876-a3f15ea0f816 role=api pod=gateway-844b974576-rkm4f method=POST path=/api/transcriptions status=200 durationMs=592
[pod/gateway-844b974576-rkm4f/gateway] 2026-10-05T23:45:01.168+00:00 INFO  http.request requestId=aade82ea-89d2-4fe7-beb1-0729856d310d role=api pod=gateway-844b974576-rkm4f method=POST path=/api/translations status=200 durationMs=203
[pod/gateway-844b974576-rkm4f/gateway] 2026-10-05T23:45:01.195+00:00 INFO  http.request requestId=97d37804-5dfd-4efa-a813-d84d5dc95f26 role=api pod=gateway-844b974576-rkm4f method=POST path=/api/translations status=200 durationMs=389
[pod/gateway-844b974576-rkm4f/gateway] 2026-10-05T23:45:01.215+00:00 INFO  http.request requestId=da9029a7-ad8c-4b9f-b928-177cdef37cbb role=api pod=gateway-844b974576-rkm4f method=POST path=/api/transcriptions status=200 durationMs=698
[pod/gateway-844b974576-rkm4f/gateway] 2026-10-05T23:45:01.262+00:00 INFO  http.request requestId=9b3aff2a-51b8-485f-ac1a-6b569e3352f9 role=api pod=gateway-844b974576-rkm4f method=POST path=/api/translations status=200 durationMs=247
[pod/gateway-844b974576-rkm4f/gateway] 2026-10-05T23:45:01.270+00:00 INFO  http.request requestId=09cb333b-0c5f-4b4b-b00e-7075703c7564 role=api pod=gateway-844b974576-rkm4f method=POST path=/api/transcriptions status=200 durationMs=649
[pod/gateway-844b974576-rkm4f/gateway] 2026-10-05T23:45:01.294+00:00 INFO  http.request requestId=5da31525-c8a2-4f48-9869-4d9768a1a63d role=api pod=gateway-844b974576-rkm4f method=POST path=/api/transcriptions status=200 durationMs=702
[pod/gateway-844b974576-rkm4f/gateway] 2026-10-05T23:45:01.301+00:00 INFO  http.request requestId=2058a95e-bba1-4acf-8b5e-a1536d8ab3e8 role=api pod=gateway-844b974576-rkm4f method=POST path=/api/translations status=200 durationMs=247
[pod/gateway-844b974576-rkm4f/gateway] 2026-10-05T23:45:01.313+00:00 INFO  http.request requestId=bbe8a68b-3b91-4998-ad29-8211cf34cba3 role=api pod=gateway-844b974576-rkm4f method=POST path=/api/translations status=200 durationMs=348
[pod/gateway-844b974576-rkm4f/gateway] 2026-10-05T23:45:01.424+00:00 INFO  http.request requestId=4dcb09ec-ef1d-4304-93cb-de3aca15f4f6 role=api pod=gateway-844b974576-rkm4f method=POST path=/api/translations status=200 durationMs=299
[pod/gateway-844b974576-rkm4f/gateway] 2026-10-05T23:45:01.510+00:00 INFO  http.request requestId=fa743dc4-1bf7-4d43-bc1c-1c99889b6b9e role=api pod=gateway-844b974576-rkm4f method=POST path=/api/translations status=200 durationMs=295
[pod/gateway-844b974576-rkm4f/gateway] 2026-10-05T23:45:01.522+00:00 INFO  http.request requestId=3ef34577-7d65-441c-80df-59565bc7e802 role=api pod=gateway-844b974576-rkm4f method=POST path=/api/translations status=200 durationMs=388
[pod/gateway-844b974576-rkm4f/gateway] 2026-10-05T23:45:01.629+00:00 INFO  http.request requestId=2d8d7a4c-8422-4d3a-8c97-5f9dfd89aebc role=api pod=gateway-844b974576-rkm4f method=POST path=/api/translations status=200 durationMs=313
[pod/gateway-844b974576-rkm4f/gateway] 2026-10-05T23:45:01.660+00:00 INFO  http.request requestId=019cdf4c-d3ab-4e53-aaf6-b19b16cc44f8 role=api pod=gateway-844b974576-rkm4f method=POST path=/api/translations status=200 durationMs=389
[pod/gateway-844b974576-rkm4f/gateway] 2026-10-05T23:45:05.816+00:00 INFO  http.request requestId=61ede3d7-f346-48ac-9d78-cfaa1c328472 role=api pod=gateway-844b974576-rkm4f method=POST path=/api/transcriptions status=200 durationMs=12005
[pod/gateway-844b974576-rkm4f/gateway] 2026-10-05T23:45:07.318+00:00 INFO  http.request requestId=ac349ed7-4517-43c6-a95c-4d3d1116aa06 role=api pod=gateway-844b974576-rkm4f method=POST path=/api/transcriptions status=200 durationMs=12005
[pod/gateway-844b974576-vgmhd/gateway] 2026-10-05T23:44:50.475+00:00 INFO  http.request requestId=a17dad8a-8508-4f86-8eb9-5474e671f03c role=api pod=gateway-844b974576-vgmhd method=POST path=/api/translations status=200 durationMs=245
[pod/gateway-844b974576-vgmhd/gateway] 2026-10-05T23:44:50.513+00:00 INFO  http.request requestId=720fb45d-73aa-4f62-be8e-c19e9d8b2406 role=api pod=gateway-844b974576-vgmhd method=POST path=/api/transcriptions status=200 durationMs=708
[pod/gateway-844b974576-vgmhd/gateway] 2026-10-05T23:44:50.542+00:00 INFO  http.request requestId=7e9952c9-e782-4229-8c6d-208395525ba9 role=api pod=gateway-844b974576-vgmhd method=POST path=/api/translations status=200 durationMs=298
[pod/gateway-844b974576-vgmhd/gateway] 2026-10-05T23:44:50.605+00:00 INFO  http.request requestId=9dcaca45-a90d-440b-9970-c941385eef8e role=api pod=gateway-844b974576-vgmhd method=POST path=/api/transcriptions status=200 durationMs=453
[pod/gateway-844b974576-vgmhd/gateway] 2026-10-05T23:44:50.680+00:00 INFO  http.request requestId=a31f641b-1d70-4271-b78e-ac640f1b171a role=api pod=gateway-844b974576-vgmhd method=POST path=/api/transcriptions status=200 durationMs=693
[pod/gateway-844b974576-vgmhd/gateway] 2026-10-05T23:44:50.683+00:00 INFO  http.request requestId=d0a3bb33-35ec-4886-afab-43c12cee39fe role=api pod=gateway-844b974576-vgmhd method=POST path=/api/transcriptions status=200 durationMs=501
[pod/gateway-844b974576-vgmhd/gateway] 2026-10-05T23:44:50.687+00:00 INFO  http.request requestId=e8ab59b4-1c40-4ddd-ae8b-e96f8bca99da role=api pod=gateway-844b974576-vgmhd method=POST path=/api/transcriptions status=200 durationMs=656
[pod/gateway-844b974576-vgmhd/gateway] 2026-10-05T23:44:50.696+00:00 INFO  http.request requestId=e4efd7c2-3de7-443b-8e5d-3e32ebff0c6a role=api pod=gateway-844b974576-vgmhd method=POST path=/api/translations status=200 durationMs=235
[pod/gateway-844b974576-vgmhd/gateway] 2026-10-05T23:44:50.772+00:00 INFO  http.request requestId=3bae2e72-3c0e-452d-a070-5aa79f128fc3 role=api pod=gateway-844b974576-vgmhd method=POST path=/api/transcriptions status=200 durationMs=530
[pod/gateway-844b974576-vgmhd/gateway] 2026-10-05T23:44:50.826+00:00 INFO  http.request requestId=a81e5634-f203-4b1e-b07e-98d90054a998 role=api pod=gateway-844b974576-vgmhd method=POST path=/api/translations status=200 durationMs=220
[pod/gateway-844b974576-vgmhd/gateway] 2026-10-05T23:44:50.859+00:00 INFO  http.request requestId=af1fb6e4-71c4-4d1b-a797-21eb405db3be role=api pod=gateway-844b974576-vgmhd method=POST path=/api/translations status=200 durationMs=368
[pod/gateway-844b974576-vgmhd/gateway] 2026-10-05T23:44:50.863+00:00 INFO  http.request requestId=6440c93f-24de-4dee-9fb3-146b517de557 role=api pod=gateway-844b974576-vgmhd method=POST path=/api/transcriptions status=200 durationMs=426
[pod/gateway-844b974576-vgmhd/gateway] 2026-10-05T23:44:50.902+00:00 INFO  http.request requestId=20243e0f-7a8d-4469-9ca3-425b35ef48f4 role=api pod=gateway-844b974576-vgmhd method=POST path=/api/translations status=200 durationMs=203
[pod/gateway-844b974576-vgmhd/gateway] 2026-10-05T23:44:50.913+00:00 INFO  http.request requestId=dce4c25d-a2f7-4d43-afda-31365fed2d68 role=api pod=gateway-844b974576-vgmhd method=POST path=/api/transcriptions status=200 durationMs=791
[pod/gateway-844b974576-vgmhd/gateway] 2026-10-05T23:44:50.914+00:00 INFO  http.request requestId=5b7e842e-cfec-4b19-a3ed-6f1b651fbe79 role=api pod=gateway-844b974576-vgmhd method=POST path=/api/transcriptions status=200 durationMs=432
[pod/gateway-844b974576-vgmhd/gateway] 2026-10-05T23:44:51.000+00:00 INFO  http.request requestId=23856e6d-fc29-4938-abc6-5ed5d00b1d48 role=api pod=gateway-844b974576-vgmhd method=POST path=/api/translations status=200 durationMs=317
[pod/gateway-844b974576-vgmhd/gateway] 2026-10-05T23:44:51.046+00:00 INFO  http.request requestId=d348dfc0-74c4-4cd4-be7d-aaffd5978e7a role=api pod=gateway-844b974576-vgmhd method=POST path=/api/translations status=200 durationMs=265
[pod/gateway-844b974576-vgmhd/gateway] 2026-10-05T23:44:51.091+00:00 INFO  http.request requestId=c67b9ab3-7264-49a1-a87c-abf0ccf3b57c role=api pod=gateway-844b974576-vgmhd method=POST path=/api/translations status=200 durationMs=403
[pod/gateway-844b974576-vgmhd/gateway] 2026-10-05T23:44:51.128+00:00 INFO  http.request requestId=acd28195-7f93-4223-8c92-228d49d1ccca role=api pod=gateway-844b974576-vgmhd method=POST path=/api/transcriptions status=200 durationMs=452
[pod/gateway-844b974576-vgmhd/gateway] 2026-10-05T23:44:51.137+00:00 INFO  http.request requestId=5715443c-9eaf-458c-8b3a-0dd034ff0af3 role=api pod=gateway-844b974576-vgmhd method=POST path=/api/transcriptions status=200 durationMs=446
[pod/gateway-844b974576-vgmhd/gateway] 2026-10-05T23:44:51.144+00:00 INFO  http.request requestId=77a4b102-5306-4d2d-86fb-7bbb2629efbd role=api pod=gateway-844b974576-vgmhd method=POST path=/api/transcriptions status=200 durationMs=616
[pod/gateway-844b974576-vgmhd/gateway] 2026-10-05T23:44:51.164+00:00 INFO  http.request requestId=cc65a2ed-1520-4efb-8aec-fa7e652f999a role=api pod=gateway-844b974576-vgmhd method=POST path=/api/translations status=200 durationMs=300
[pod/gateway-844b974576-vgmhd/gateway] 2026-10-05T23:44:51.238+00:00 INFO  http.request requestId=07b34f47-4357-4d10-b03f-01230516c27d role=api pod=gateway-844b974576-vgmhd method=POST path=/api/translations status=200 durationMs=324
[pod/gateway-844b974576-vgmhd/gateway] 2026-10-05T23:44:51.239+00:00 INFO  http.request requestId=1c67f2b5-45c6-48a2-ba9d-fd36ee7450a1 role=api pod=gateway-844b974576-vgmhd method=POST path=/api/translations status=200 durationMs=328
[pod/gateway-844b974576-vgmhd/gateway] 2026-10-05T23:44:51.364+00:00 INFO  http.request requestId=901b2856-ff80-4ee7-a24a-1d83140db26b role=api pod=gateway-844b974576-vgmhd method=POST path=/api/transcriptions status=200 durationMs=746
[pod/gateway-844b974576-vgmhd/gateway] 2026-10-05T23:44:51.372+00:00 INFO  http.request requestId=2004f331-b550-4493-8ebc-b19d3373fcff role=api pod=gateway-844b974576-vgmhd method=POST path=/api/translations status=200 durationMs=371
[pod/gateway-844b974576-vgmhd/gateway] 2026-10-05T23:44:51.378+00:00 INFO  http.request requestId=e0499977-ac3d-4f4a-98d2-6c6ce0352d47 role=api pod=gateway-844b974576-vgmhd method=POST path=/api/translations status=200 durationMs=280
[pod/gateway-844b974576-vgmhd/gateway] 2026-10-05T23:44:51.380+00:00 INFO  http.request requestId=6bc05567-16c8-4810-a0b2-87529040e845 role=api pod=gateway-844b974576-vgmhd method=POST path=/api/transcriptions status=200 durationMs=509
[pod/gateway-844b974576-vgmhd/gateway] 2026-10-05T23:44:51.403+00:00 INFO  http.request requestId=97dd627a-085b-4821-8083-d6300b675b31 role=api pod=gateway-844b974576-vgmhd method=POST path=/api/transcriptions status=200 durationMs=486
[pod/gateway-844b974576-vgmhd/gateway] 2026-10-05T23:44:51.516+00:00 INFO  http.request requestId=ef0b7226-de15-4bcb-af7d-64b4affbe530 role=api pod=gateway-844b974576-vgmhd method=POST path=/api/translations status=200 durationMs=275
[pod/gateway-844b974576-vgmhd/gateway] 2026-10-05T23:44:51.645+00:00 INFO  http.request requestId=7b673a26-d7cd-4057-aaa4-b3cdb6a70a48 role=api pod=gateway-844b974576-vgmhd method=POST path=/api/transcriptions status=200 durationMs=595
[pod/gateway-844b974576-vgmhd/gateway] 2026-10-05T23:44:51.650+00:00 INFO  http.request requestId=e84eb779-9198-40d2-9d7b-ce3e194524c3 role=api pod=gateway-844b974576-vgmhd method=POST path=/api/transcriptions status=200 durationMs=749
[pod/gateway-844b974576-vgmhd/gateway] 2026-10-05T23:44:51.702+00:00 INFO  http.request requestId=787bd78d-22e0-42e5-83fe-a99b07985fff role=api pod=gateway-844b974576-vgmhd method=POST path=/api/translations status=200 durationMs=323
[pod/gateway-844b974576-vgmhd/gateway] 2026-10-05T23:44:51.730+00:00 INFO  http.request requestId=c5161a0d-9651-4c51-aad4-bda6ac20f297 role=api pod=gateway-844b974576-vgmhd method=POST path=/api/translations status=200 durationMs=355
[pod/gateway-844b974576-vgmhd/gateway] 2026-10-05T23:44:51.746+00:00 INFO  http.request requestId=251f0997-d070-4ee4-8301-3aaced6b4565 role=api pod=gateway-844b974576-vgmhd method=POST path=/api/transcriptions status=200 durationMs=469
[pod/gateway-844b974576-vgmhd/gateway] 2026-10-05T23:44:51.778+00:00 INFO  http.request requestId=98ae273a-2009-473a-8850-3a1e6c670830 role=api pod=gateway-844b974576-vgmhd method=POST path=/api/transcriptions status=200 durationMs=606
[pod/gateway-844b974576-vgmhd/gateway] 2026-10-05T23:44:51.810+00:00 INFO  http.request requestId=8df7e2ac-3e0d-409e-a3a9-30c23d749b24 role=api pod=gateway-844b974576-vgmhd method=POST path=/api/transcriptions status=200 durationMs=653
[pod/gateway-844b974576-vgmhd/gateway] 2026-10-05T23:44:51.855+00:00 INFO  http.request requestId=a3991798-d53a-44ed-b091-d76c889e9cd4 role=api pod=gateway-844b974576-vgmhd method=POST path=/api/translations status=200 durationMs=204
[pod/gateway-844b974576-vgmhd/gateway] 2026-10-05T23:44:51.866+00:00 INFO  http.request requestId=b4a59b0b-a1e6-403a-9855-9cbe12bd0081 role=api pod=gateway-844b974576-vgmhd method=POST path=/api/transcriptions status=200 durationMs=724
[pod/gateway-844b974576-vgmhd/gateway] 2026-10-05T23:44:51.903+00:00 INFO  http.request requestId=1eebb2c7-38ae-496c-982d-b49d1c220ce5 role=api pod=gateway-844b974576-vgmhd method=POST path=/api/transcriptions status=200 durationMs=536
[pod/gateway-844b974576-vgmhd/gateway] 2026-10-05T23:44:51.923+00:00 INFO  http.request requestId=1724d74a-d4a7-4e1e-8ca0-79dd38f65f67 role=api pod=gateway-844b974576-vgmhd method=POST path=/api/translations status=200 durationMs=220
[pod/gateway-844b974576-vgmhd/gateway] 2026-10-05T23:44:51.963+00:00 INFO  http.request requestId=f4fbccca-c719-4913-9aa0-72bf315bdf66 role=api pod=gateway-844b974576-vgmhd method=POST path=/api/transcriptions status=200 durationMs=552
[pod/gateway-844b974576-vgmhd/gateway] 2026-10-05T23:44:51.991+00:00 INFO  http.request requestId=35fdf01c-c45d-4c75-9cf6-50d9d265c29b role=api pod=gateway-844b974576-vgmhd method=POST path=/api/translations status=200 durationMs=244
[pod/gateway-844b974576-vgmhd/gateway] 2026-10-05T23:44:52.087+00:00 INFO  http.request requestId=fd598def-a7a2-4223-b0f1-ce8936474099 role=api pod=gateway-844b974576-vgmhd method=POST path=/api/translations status=200 durationMs=305
[pod/gateway-844b974576-vgmhd/gateway] 2026-10-05T23:44:52.109+00:00 INFO  http.request requestId=c77b690e-ca90-4bbf-a6ae-48ca7be0b28a role=api pod=gateway-844b974576-vgmhd method=POST path=/api/transcriptions status=200 durationMs=758
[pod/gateway-844b974576-vgmhd/gateway] 2026-10-05T23:44:52.129+00:00 INFO  http.request requestId=32e6a5d9-a905-4f20-8554-d95df660c476 role=api pod=gateway-844b974576-vgmhd method=POST path=/api/transcriptions status=200 durationMs=749
[pod/gateway-844b974576-vgmhd/gateway] 2026-10-05T23:44:52.376+00:00 INFO  http.request requestId=2d2f2f4e-2725-4ae0-8522-c8b9cfb41469 role=api pod=gateway-844b974576-vgmhd method=POST path=/api/transcriptions status=200 durationMs=560
[pod/gateway-844b974576-vgmhd/gateway] 2026-10-05T23:44:52.442+00:00 INFO  http.request requestId=ae3c089f-c853-4219-a93d-1fbe815b320e role=api pod=gateway-844b974576-vgmhd method=POST path=/api/transcriptions status=200 durationMs=550
[pod/gateway-844b974576-vgmhd/gateway] 2026-10-05T23:44:52.456+00:00 INFO  http.request requestId=292080f4-b97d-448f-8191-de404c5cb0a4 role=api pod=gateway-844b974576-vgmhd method=POST path=/api/transcriptions status=200 durationMs=460
[pod/gateway-844b974576-vgmhd/gateway] 2026-10-05T23:44:52.462+00:00 INFO  http.request requestId=ca1e6233-05a1-4a79-adcd-d104834fbbdc role=api pod=gateway-844b974576-vgmhd method=POST path=/api/transcriptions status=200 durationMs=496
[pod/gateway-844b974576-vgmhd/gateway] 2026-10-05T23:44:52.502+00:00 INFO  http.request requestId=be6d2235-136a-48e4-940f-d700d997883d role=api pod=gateway-844b974576-vgmhd method=POST path=/api/transcriptions status=200 durationMs=761
[pod/gateway-844b974576-vgmhd/gateway] 2026-10-05T23:44:52.588+00:00 INFO  http.request requestId=13e137fb-a733-420e-ab29-5e631ab508f5 role=api pod=gateway-844b974576-vgmhd method=POST path=/api/transcriptions status=200 durationMs=787
[pod/gateway-844b974576-vgmhd/gateway] 2026-10-05T23:44:52.603+00:00 INFO  http.request requestId=60129ebd-2fb4-4b34-bce0-4b4fdb29b0cd role=api pod=gateway-844b974576-vgmhd method=POST path=/api/transcriptions status=200 durationMs=743
[pod/gateway-844b974576-vgmhd/gateway] 2026-10-05T23:44:52.637+00:00 INFO  http.request requestId=2b9bdc42-0a43-4de1-a223-b55564f53deb role=api pod=gateway-844b974576-vgmhd method=POST path=/api/transcriptions status=200 durationMs=730
[pod/gateway-844b974576-vgmhd/gateway] 2026-10-05T23:44:52.674+00:00 INFO  http.request requestId=d007cb2c-4793-4dcd-a142-af8fc95c96ce role=api pod=gateway-844b974576-vgmhd method=POST path=/api/transcriptions status=200 durationMs=573
[pod/gateway-844b974576-vgmhd/gateway] 2026-10-05T23:44:52.706+00:00 INFO  http.request requestId=9bd891b7-92e8-4760-ada5-be8ec08d26f2 role=api pod=gateway-844b974576-vgmhd method=POST path=/api/transcriptions status=200 durationMs=574
[pod/gateway-844b974576-vgmhd/gateway] 2026-10-05T23:44:52.718+00:00 INFO  http.request requestId=af49d8ef-96d3-4971-aa5b-ce08256cb337 role=api pod=gateway-844b974576-vgmhd method=POST path=/api/transcriptions status=200 durationMs=780
[pod/gateway-844b974576-vgmhd/gateway] 2026-10-05T23:44:52.842+00:00 INFO  http.request requestId=d8a9edf7-ce85-40d9-a3c1-0dab833047cc role=api pod=gateway-844b974576-vgmhd method=POST path=/api/translations status=200 durationMs=380
[pod/gateway-844b974576-vgmhd/gateway] 2026-10-05T23:44:52.863+00:00 INFO  http.request requestId=c567a263-d4ec-44aa-8c3d-b3a3e3b8c38f role=api pod=gateway-844b974576-vgmhd method=POST path=/api/translations status=200 durationMs=224
[pod/gateway-844b974576-vgmhd/gateway] 2026-10-05T23:44:52.895+00:00 INFO  http.request requestId=c3827251-7d63-4473-88ca-7741dcb8e544 role=api pod=gateway-844b974576-vgmhd method=POST path=/api/transcriptions status=200 durationMs=509
[pod/gateway-844b974576-vgmhd/gateway] 2026-10-05T23:44:52.904+00:00 INFO  http.request requestId=8dbf396b-062a-4419-9ce9-1b416edad46f role=api pod=gateway-844b974576-vgmhd method=POST path=/api/transcriptions status=200 durationMs=788
[pod/gateway-844b974576-vgmhd/gateway] 2026-10-05T23:44:52.943+00:00 INFO  http.request requestId=99482a19-a279-45b2-a18d-d4bb31eb41cb role=api pod=gateway-844b974576-vgmhd method=POST path=/api/translations status=200 durationMs=345
[pod/gateway-844b974576-vgmhd/gateway] 2026-10-05T23:44:52.949+00:00 INFO  http.request requestId=010c29e1-1c4c-44ba-abdf-83078d3543b2 role=api pod=gateway-844b974576-vgmhd method=POST path=/api/transcriptions status=200 durationMs=443
[pod/gateway-844b974576-vgmhd/gateway] 2026-10-05T23:44:53.036+00:00 INFO  http.request requestId=e1f852b7-4afb-42ff-915d-db9afc3c184a role=api pod=gateway-844b974576-vgmhd method=POST path=/api/translations status=200 durationMs=318
[pod/gateway-844b974576-vgmhd/gateway] 2026-10-05T23:44:53.072+00:00 INFO  http.request requestId=4ca449d6-4df6-4d6d-89eb-fa34c21e51c4 role=api pod=gateway-844b974576-vgmhd method=POST path=/api/transcriptions status=200 durationMs=461
[pod/gateway-844b974576-vgmhd/gateway] 2026-10-05T23:44:53.095+00:00 INFO  http.request requestId=4646e92f-2e1e-471e-a5a2-9a3ec117d251 role=api pod=gateway-844b974576-vgmhd method=POST path=/api/translations status=200 durationMs=228
[pod/gateway-844b974576-vgmhd/gateway] 2026-10-05T23:44:53.101+00:00 INFO  http.request requestId=13ed03c4-10d1-467b-89f8-d27aa259afb3 role=api pod=gateway-844b974576-vgmhd method=POST path=/api/translations status=200 durationMs=372
[pod/gateway-844b974576-vgmhd/gateway] 2026-10-05T23:44:53.171+00:00 INFO  http.request requestId=3dcbf443-b7a4-48a7-8a38-12912eaf069a role=api pod=gateway-844b974576-vgmhd method=POST path=/api/translations status=200 durationMs=211
[pod/gateway-844b974576-vgmhd/gateway] 2026-10-05T23:44:53.187+00:00 INFO  http.request requestId=522f4e68-01aa-4090-93ef-0351d069fc94 role=api pod=gateway-844b974576-vgmhd method=POST path=/api/transcriptions status=200 durationMs=741
[pod/gateway-844b974576-vgmhd/gateway] 2026-10-05T23:44:53.257+00:00 INFO  http.request requestId=8fdba248-f30f-4726-8866-7a021307ddde role=api pod=gateway-844b974576-vgmhd method=POST path=/api/transcriptions status=200 durationMs=781
[pod/gateway-844b974576-vgmhd/gateway] 2026-10-05T23:44:53.322+00:00 INFO  http.request requestId=7e32926d-2736-40ce-a21e-b58abe40784f role=api pod=gateway-844b974576-vgmhd method=POST path=/api/transcriptions status=200 durationMs=425
[pod/gateway-844b974576-vgmhd/gateway] 2026-10-05T23:44:53.322+00:00 INFO  http.request requestId=91007dad-19bf-44d3-9046-b452aa7aea15 role=api pod=gateway-844b974576-vgmhd method=POST path=/api/transcriptions status=200 durationMs=621
[pod/gateway-844b974576-vgmhd/gateway] 2026-10-05T23:44:53.405+00:00 INFO  http.request requestId=5976bab7-3c13-452f-a0c6-b6e4f317e781 role=api pod=gateway-844b974576-vgmhd method=POST path=/api/translations status=200 durationMs=216
[pod/gateway-844b974576-vgmhd/gateway] 2026-10-05T23:44:53.460+00:00 INFO  http.request requestId=b185989a-2fbd-49c3-8e3d-ce6e3a64d430 role=api pod=gateway-844b974576-vgmhd method=POST path=/api/transcriptions status=200 durationMs=504
[pod/gateway-844b974576-vgmhd/gateway] 2026-10-05T23:44:53.570+00:00 INFO  http.request requestId=34a9be9b-afe0-45b9-8421-ba0ca92059a5 role=api pod=gateway-844b974576-vgmhd method=POST path=/api/translations status=200 durationMs=238
[pod/gateway-844b974576-vgmhd/gateway] 2026-10-05T23:44:53.579+00:00 INFO  http.request requestId=ea1771ba-dd9b-41f4-ba74-defd82fa64d6 role=api pod=gateway-844b974576-vgmhd method=POST path=/api/transcriptions status=200 durationMs=503
[pod/gateway-844b974576-vgmhd/gateway] 2026-10-05T23:44:53.609+00:00 INFO  http.request requestId=8ea291c2-b020-45f1-bd9e-a2acda93e35e role=api pod=gateway-844b974576-vgmhd method=POST path=/api/translations status=200 durationMs=286
[pod/gateway-844b974576-vgmhd/gateway] 2026-10-05T23:44:53.609+00:00 INFO  http.request requestId=2c264b3d-8774-4879-ae2d-e8459414d5b9 role=api pod=gateway-844b974576-vgmhd method=POST path=/api/transcriptions status=200 durationMs=758
[pod/gateway-844b974576-vgmhd/gateway] 2026-10-05T23:44:53.638+00:00 INFO  http.request requestId=9b330b42-9064-4e98-9e97-01a520b22cb8 role=api pod=gateway-844b974576-vgmhd method=POST path=/api/transcriptions status=200 durationMs=590
[pod/gateway-844b974576-vgmhd/gateway] 2026-10-05T23:44:53.682+00:00 INFO  http.request requestId=a429f216-33ce-4939-87ba-b56bff88dc73 role=api pod=gateway-844b974576-vgmhd method=POST path=/api/transcriptions status=200 durationMs=561
[pod/gateway-844b974576-vgmhd/gateway] 2026-10-05T23:44:53.741+00:00 INFO  http.request requestId=f98257f4-6353-4060-84a2-6ab3037edbf0 role=api pod=gateway-844b974576-vgmhd method=POST path=/api/translations status=200 durationMs=338
[pod/gateway-844b974576-vgmhd/gateway] 2026-10-05T23:44:53.756+00:00 INFO  http.request requestId=ca2f4872-7d77-458f-8078-5aab2349b87e role=api pod=gateway-844b974576-vgmhd method=POST path=/api/translations status=200 durationMs=293
[pod/gateway-844b974576-vgmhd/gateway] 2026-10-05T23:44:53.847+00:00 INFO  http.request requestId=3b1b9c0c-015a-431d-9db9-668548ad1fd1 role=api pod=gateway-844b974576-vgmhd method=POST path=/api/translations status=200 durationMs=262
[pod/gateway-844b974576-vgmhd/gateway] 2026-10-05T23:44:53.897+00:00 INFO  http.request requestId=6c80fbfe-7784-47d7-870f-040dedb668fc role=api pod=gateway-844b974576-vgmhd method=POST path=/api/transcriptions status=200 durationMs=566
[pod/gateway-844b974576-vgmhd/gateway] 2026-10-05T23:44:53.904+00:00 INFO  http.request requestId=1bb11372-c45b-443a-b180-7149dfde060d role=api pod=gateway-844b974576-vgmhd method=POST path=/api/transcriptions status=200 durationMs=798
[pod/gateway-844b974576-vgmhd/gateway] 2026-10-05T23:44:53.932+00:00 INFO  http.request requestId=090264df-3216-47ec-8726-9fee9e5d7ead role=api pod=gateway-844b974576-vgmhd method=POST path=/api/translations status=200 durationMs=323
[pod/gateway-844b974576-vgmhd/gateway] 2026-10-05T23:44:53.966+00:00 INFO  http.request requestId=9a4534e7-b854-4099-99b9-65229c7a4f34 role=api pod=gateway-844b974576-vgmhd method=POST path=/api/transcriptions status=200 durationMs=560
[pod/gateway-844b974576-vgmhd/gateway] 2026-10-05T23:44:54.013+00:00 INFO  http.request requestId=bcf458e9-063f-4615-aa60-e3fa8ca3faa5 role=api pod=gateway-844b974576-vgmhd method=POST path=/api/transcriptions status=200 durationMs=726
[pod/gateway-844b974576-vgmhd/gateway] 2026-10-05T23:44:54.074+00:00 INFO  http.request requestId=c0f7bf1c-1c45-4279-9078-9699344ecd08 role=api pod=gateway-844b974576-vgmhd method=POST path=/api/translations status=200 durationMs=303
[pod/gateway-844b974576-vgmhd/gateway] 2026-10-05T23:44:54.106+00:00 INFO  http.request requestId=fb4a1438-ed27-433c-a706-d2a33a54e4fa role=api pod=gateway-844b974576-vgmhd method=POST path=/api/transcriptions status=200 durationMs=460
[pod/gateway-844b974576-vgmhd/gateway] 2026-10-05T23:44:54.182+00:00 INFO  http.request requestId=c0a8600f-5686-465e-8770-6b51c2dddf7e role=api pod=gateway-844b974576-vgmhd method=POST path=/api/transcriptions status=200 durationMs=475
[pod/gateway-844b974576-vgmhd/gateway] 2026-10-05T23:44:54.188+00:00 INFO  http.request requestId=2124d757-ecfb-4d98-8b1d-d4f0358cf828 role=api pod=gateway-844b974576-vgmhd method=POST path=/api/translations status=200 durationMs=331
[pod/gateway-844b974576-vgmhd/gateway] 2026-10-05T23:44:54.195+00:00 INFO  http.request requestId=e046d6be-be29-4d44-879f-fef9f9ac0e73 role=api pod=gateway-844b974576-vgmhd method=POST path=/api/transcriptions status=200 durationMs=578
[pod/gateway-844b974576-vgmhd/gateway] 2026-10-05T23:44:54.206+00:00 INFO  http.request requestId=09059a20-60d6-495d-aa12-ec8fa723edd0 role=api pod=gateway-844b974576-vgmhd method=POST path=/api/translations status=200 durationMs=334
[pod/gateway-844b974576-vgmhd/gateway] 2026-10-05T23:44:54.249+00:00 INFO  http.request requestId=71c3beb8-fc56-48e4-9e8e-3dd8d629e96a role=api pod=gateway-844b974576-vgmhd method=POST path=/api/transcriptions status=200 durationMs=556
[pod/gateway-844b974576-vgmhd/gateway] 2026-10-05T23:44:54.296+00:00 INFO  http.request requestId=e8836e10-2132-4aed-bd5a-1bac9247b264 role=api pod=gateway-844b974576-vgmhd method=POST path=/api/translations status=200 durationMs=323
[pod/gateway-844b974576-vgmhd/gateway] 2026-10-05T23:44:54.309+00:00 INFO  http.request requestId=54f784b3-36cb-4967-b166-26aa6af36a6e role=api pod=gateway-844b974576-vgmhd method=POST path=/api/translations status=200 durationMs=373
[pod/gateway-844b974576-vgmhd/gateway] 2026-10-05T23:44:54.314+00:00 INFO  http.request requestId=05001a2d-6dfe-4fde-a37a-91178c8b0546 role=api pod=gateway-844b974576-vgmhd method=POST path=/api/translations status=200 durationMs=296
[pod/gateway-844b974576-vgmhd/gateway] 2026-10-05T23:44:54.423+00:00 INFO  http.request requestId=8245a02a-df7c-43b4-83d3-8ecf1f2ca551 role=api pod=gateway-844b974576-vgmhd method=POST path=/api/translations status=200 durationMs=214
[pod/gateway-844b974576-vgmhd/gateway] 2026-10-05T23:44:54.498+00:00 INFO  http.request requestId=b545d3a7-5187-42d2-b3bd-e4352af05e80 role=api pod=gateway-844b974576-vgmhd method=POST path=/api/transcriptions status=200 durationMs=416
[pod/gateway-844b974576-vgmhd/gateway] 2026-10-05T23:44:54.525+00:00 INFO  http.request requestId=0ecd5c78-10f0-4ab7-a9cc-f88d5168add7 role=api pod=gateway-844b974576-vgmhd method=POST path=/api/translations status=200 durationMs=3004
[pod/gateway-844b974576-vgmhd/gateway] 2026-10-05T23:44:54.542+00:00 INFO  http.request requestId=a18bb5ad-c958-4df7-9576-67c40cfc4d53 role=api pod=gateway-844b974576-vgmhd method=POST path=/api/translations status=200 durationMs=232
[pod/gateway-844b974576-vgmhd/gateway] 2026-10-05T23:44:54.582+00:00 INFO  http.request requestId=39e2d832-10b2-4020-9411-1f75369639b2 role=api pod=gateway-844b974576-vgmhd method=POST path=/api/transcriptions status=200 durationMs=681
[pod/gateway-844b974576-vgmhd/gateway] 2026-10-05T23:44:54.595+00:00 INFO  http.request requestId=0393dd26-84ad-4820-a128-f8ec6328471a role=api pod=gateway-844b974576-vgmhd method=POST path=/api/translations status=200 durationMs=400
[pod/gateway-844b974576-vgmhd/gateway] 2026-10-05T23:44:54.607+00:00 INFO  http.request requestId=e69e040b-d404-4072-9fb8-dfdfd9ba251c role=api pod=gateway-844b974576-vgmhd method=POST path=/api/translations status=200 durationMs=353
[pod/gateway-844b974576-vgmhd/gateway] 2026-10-05T23:44:54.608+00:00 INFO  http.request requestId=5c65adcc-4174-4844-aaef-2a43c0631bd1 role=api pod=gateway-844b974576-vgmhd method=POST path=/api/translations status=200 durationMs=271
[pod/gateway-844b974576-vgmhd/gateway] 2026-10-05T23:44:54.632+00:00 INFO  http.request requestId=81b4f519-7ae3-4229-bfa3-09371ea38780 role=api pod=gateway-844b974576-vgmhd method=POST path=/api/transcriptions status=200 durationMs=521
[pod/gateway-844b974576-vgmhd/gateway] 2026-10-05T23:44:54.655+00:00 INFO  http.request requestId=c66cbfdd-d381-4f21-9800-08b4892d4ba2 role=api pod=gateway-844b974576-vgmhd method=POST path=/api/transcriptions status=200 durationMs=739
[pod/gateway-844b974576-vgmhd/gateway] 2026-10-05T23:44:54.679+00:00 INFO  http.request requestId=f542f7c9-9080-4bcd-8322-602d7ec9ba15 role=api pod=gateway-844b974576-vgmhd method=POST path=/api/translations status=200 durationMs=248
[pod/gateway-844b974576-vgmhd/gateway] 2026-10-05T23:44:54.751+00:00 INFO  http.request requestId=bbe1f8e7-8a5d-443f-a1b4-c46ac1d1c556 role=api pod=gateway-844b974576-vgmhd method=POST path=/api/translations status=200 durationMs=385
[pod/gateway-844b974576-vgmhd/gateway] 2026-10-05T23:44:54.865+00:00 INFO  http.request requestId=3c7f679f-2fc7-46e1-b78c-d5921fd95f57 role=api pod=gateway-844b974576-vgmhd method=POST path=/api/translations status=200 durationMs=220
[pod/gateway-844b974576-vgmhd/gateway] 2026-10-05T23:44:54.938+00:00 INFO  http.request requestId=bc4e5959-932f-4b71-a1dd-f19a5bd203a3 role=api pod=gateway-844b974576-vgmhd method=POST path=/api/translations status=200 durationMs=401
[pod/gateway-844b974576-vgmhd/gateway] 2026-10-05T23:44:54.953+00:00 INFO  http.request requestId=9cbd3bdd-181a-4b13-b8e0-3fba28e2772d role=api pod=gateway-844b974576-vgmhd method=POST path=/api/translations status=200 durationMs=297
[pod/gateway-844b974576-vgmhd/gateway] 2026-10-05T23:44:54.954+00:00 INFO  http.request requestId=f676eb6f-454f-40ba-90bc-b664de6227a8 role=api pod=gateway-844b974576-vgmhd method=POST path=/api/transcriptions status=200 durationMs=452
[pod/gateway-844b974576-vgmhd/gateway] 2026-10-05T23:44:54.967+00:00 INFO  http.request requestId=adfd71d7-5845-4d48-b7f4-c4661ab16f7c role=api pod=gateway-844b974576-vgmhd method=POST path=/api/transcriptions status=200 durationMs=570
[pod/gateway-844b974576-vgmhd/gateway] 2026-10-05T23:44:54.981+00:00 INFO  http.request requestId=27e6d9b8-08a8-419f-87bb-b8e2b30d9360 role=api pod=gateway-844b974576-vgmhd method=POST path=/api/translations status=200 durationMs=297
[pod/gateway-844b974576-vgmhd/gateway] 2026-10-05T23:44:55.006+00:00 INFO  http.request requestId=74f7a1c0-8479-4d57-9c30-ead8f21de98e role=api pod=gateway-844b974576-vgmhd method=POST path=/api/transcriptions status=200 durationMs=459
[pod/gateway-844b974576-vgmhd/gateway] 2026-10-05T23:44:55.094+00:00 INFO  http.request requestId=665d29a4-7889-446e-9306-b188e42b4051 role=api pod=gateway-844b974576-vgmhd method=POST path=/api/transcriptions status=200 durationMs=758
[pod/gateway-844b974576-vgmhd/gateway] 2026-10-05T23:44:55.176+00:00 INFO  http.request requestId=24078074-94f4-41bd-a877-128bf70451fc role=api pod=gateway-844b974576-vgmhd method=POST path=/api/translations status=200 durationMs=302
[pod/gateway-844b974576-vgmhd/gateway] 2026-10-05T23:44:55.253+00:00 INFO  http.request requestId=03824c63-5c89-4f6d-9833-cd9e791643fa role=api pod=gateway-844b974576-vgmhd method=POST path=/api/translations status=200 durationMs=298
[pod/gateway-844b974576-vgmhd/gateway] 2026-10-05T23:44:55.274+00:00 INFO  http.request requestId=cf873977-7050-4318-be04-3dfc30eff45f role=api pod=gateway-844b974576-vgmhd method=POST path=/api/transcriptions status=200 durationMs=667
[pod/gateway-844b974576-vgmhd/gateway] 2026-10-05T23:44:55.283+00:00 INFO  http.request requestId=ff75443d-76f3-4065-b5bf-14c80c4b0ce6 role=api pod=gateway-844b974576-vgmhd method=POST path=/api/transcriptions status=200 durationMs=645
[pod/gateway-844b974576-vgmhd/gateway] 2026-10-05T23:44:55.305+00:00 INFO  http.request requestId=9df62e15-df72-46f3-9c0c-770d1dd158b4 role=api pod=gateway-844b974576-vgmhd method=POST path=/api/translations status=200 durationMs=320
[pod/gateway-844b974576-vgmhd/gateway] 2026-10-05T23:44:55.395+00:00 INFO  http.request requestId=3a82a198-ddc7-4449-a0b6-4f5b9596cff9 role=api pod=gateway-844b974576-vgmhd method=POST path=/api/transcriptions status=200 durationMs=429
[pod/gateway-844b974576-vgmhd/gateway] 2026-10-05T23:44:55.397+00:00 INFO  http.request requestId=4414bf01-50e6-4205-a9cf-8b34b39368c4 role=api pod=gateway-844b974576-vgmhd method=POST path=/api/transcriptions status=200 durationMs=774
[pod/gateway-844b974576-vgmhd/gateway] 2026-10-05T23:44:55.411+00:00 INFO  http.request requestId=2293b4f8-86c7-4f6d-b4a3-054297c6d640 role=api pod=gateway-844b974576-vgmhd method=POST path=/api/translations status=200 durationMs=373
[pod/gateway-844b974576-vgmhd/gateway] 2026-10-05T23:44:55.451+00:00 INFO  http.request requestId=d0522d6d-c990-4ba4-88b9-1463a4b7eef4 role=api pod=gateway-844b974576-vgmhd method=POST path=/api/transcriptions status=200 durationMs=529
[pod/gateway-844b974576-vgmhd/gateway] 2026-10-05T23:44:55.458+00:00 INFO  http.request requestId=b7ab82bf-0602-4ea1-bd60-bc0e78f34edf role=api pod=gateway-844b974576-vgmhd method=POST path=/api/transcriptions status=200 durationMs=447
[pod/gateway-844b974576-vgmhd/gateway] 2026-10-05T23:44:55.531+00:00 INFO  http.request requestId=d3865df8-fda2-4f39-a907-cb9ecc81ecef role=api pod=gateway-844b974576-vgmhd method=POST path=/api/transcriptions status=200 durationMs=774
[pod/gateway-844b974576-vgmhd/gateway] 2026-10-05T23:44:55.590+00:00 INFO  http.request requestId=0f222dd7-4a83-4d2b-b496-85da885e7222 role=api pod=gateway-844b974576-vgmhd method=POST path=/api/translations status=200 durationMs=395
[pod/gateway-844b974576-vgmhd/gateway] 2026-10-05T23:44:55.631+00:00 INFO  http.request requestId=2e8645d3-a578-4390-8715-960e51297449 role=api pod=gateway-844b974576-vgmhd method=POST path=/api/translations status=200 durationMs=316
[pod/gateway-844b974576-vgmhd/gateway] 2026-10-05T23:44:55.639+00:00 INFO  http.request requestId=d0ea4e07-d73c-40c7-951c-d868cce0d7e2 role=api pod=gateway-844b974576-vgmhd method=POST path=/api/translations status=200 durationMs=342
[pod/gateway-844b974576-vgmhd/gateway] 2026-10-05T23:44:55.649+00:00 INFO  http.request requestId=8c2ec987-17a7-42cb-b169-cf0776c4efb1 role=api pod=gateway-844b974576-vgmhd method=POST path=/api/translations status=200 durationMs=252
[pod/gateway-844b974576-vgmhd/gateway] 2026-10-05T23:44:55.711+00:00 INFO  http.request requestId=a0a15941-43c8-434e-b8eb-bf35ec51f921 role=api pod=gateway-844b974576-vgmhd method=POST path=/api/translations status=200 durationMs=311
[pod/gateway-844b974576-vgmhd/gateway] 2026-10-05T23:44:55.741+00:00 INFO  http.request requestId=26dd2eb9-d09a-4ac8-a970-89be17ac1ec1 role=api pod=gateway-844b974576-vgmhd method=POST path=/api/transcriptions status=200 durationMs=759
[pod/gateway-844b974576-vgmhd/gateway] 2026-10-05T23:44:55.768+00:00 INFO  http.request requestId=6f209c44-5895-49f3-88f3-d02f836827df role=api pod=gateway-844b974576-vgmhd method=POST path=/api/translations status=200 durationMs=307
[pod/gateway-844b974576-vgmhd/gateway] 2026-10-05T23:44:55.828+00:00 INFO  http.request requestId=9e18917f-22f9-4ab5-ad2a-2929d7d4bf3a role=api pod=gateway-844b974576-vgmhd method=POST path=/api/translations status=200 durationMs=349
[pod/gateway-844b974576-vgmhd/gateway] 2026-10-05T23:44:55.829+00:00 INFO  http.request requestId=a691824e-c78c-4a3c-9385-13882b932537 role=api pod=gateway-844b974576-vgmhd method=POST path=/api/transcriptions status=200 durationMs=563
[pod/gateway-844b974576-vgmhd/gateway] 2026-10-05T23:44:55.842+00:00 INFO  http.request requestId=71cbe7f9-b37e-4564-9922-4cb4bb76c61c role=api pod=gateway-844b974576-vgmhd method=POST path=/api/translations status=200 durationMs=401
[pod/gateway-844b974576-vgmhd/gateway] 2026-10-05T23:44:55.862+00:00 INFO  http.request requestId=18d5f83c-fd67-4175-9828-100141070a37 role=api pod=gateway-844b974576-vgmhd method=POST path=/api/transcriptions status=200 durationMs=761
[pod/gateway-844b974576-vgmhd/gateway] 2026-10-05T23:44:55.890+00:00 INFO  http.request requestId=c93ae1e3-665d-47ff-8ec5-0d6b5e712483 role=api pod=gateway-844b974576-vgmhd method=POST path=/api/translations status=200 durationMs=356
[pod/gateway-844b974576-vgmhd/gateway] 2026-10-05T23:44:55.922+00:00 INFO  http.request requestId=03c4439d-c314-46ec-8c58-76cdadc38fa1 role=api pod=gateway-844b974576-vgmhd method=POST path=/api/transcriptions status=200 durationMs=641
[pod/gateway-844b974576-vgmhd/gateway] 2026-10-05T23:44:55.982+00:00 INFO  http.request requestId=f65341e5-6f33-410a-8354-5b8300f15682 role=api pod=gateway-844b974576-vgmhd method=POST path=/api/translations status=200 durationMs=240
[pod/gateway-844b974576-vgmhd/gateway] 2026-10-05T23:44:56.019+00:00 INFO  http.request requestId=2e919b9e-ddde-4a9b-ba28-4b7701957819 role=api pod=gateway-844b974576-vgmhd method=POST path=/api/translations status=200 durationMs=250
[pod/gateway-844b974576-vgmhd/gateway] 2026-10-05T23:44:56.111+00:00 INFO  http.request requestId=e6f5e881-10f3-4abb-8644-0ed315f66423 role=api pod=gateway-844b974576-vgmhd method=POST path=/api/translations status=200 durationMs=213
[pod/gateway-844b974576-vgmhd/gateway] 2026-10-05T23:44:56.198+00:00 INFO  http.request requestId=f48751c6-0699-4cbf-858e-9d61d7949e1e role=api pod=gateway-844b974576-vgmhd method=POST path=/api/translations status=200 durationMs=344
[pod/gateway-844b974576-vgmhd/gateway] 2026-10-05T23:44:56.201+00:00 INFO  http.request requestId=feda8fa9-c2ce-4573-a6e8-c46c06753672 role=api pod=gateway-844b974576-vgmhd method=POST path=/api/transcriptions status=200 durationMs=484
[pod/gateway-844b974576-vgmhd/gateway] 2026-10-05T23:44:56.215+00:00 INFO  http.request requestId=21d4e69a-fdea-418a-8bbf-6eba7e459904 role=api pod=gateway-844b974576-vgmhd method=POST path=/api/transcriptions status=200 durationMs=572
[pod/gateway-844b974576-vgmhd/gateway] 2026-10-05T23:44:56.224+00:00 INFO  http.request requestId=f49be12b-3810-4192-b4c9-e9a938b5bff6 role=api pod=gateway-844b974576-vgmhd method=POST path=/api/translations status=200 durationMs=361
[pod/gateway-844b974576-vgmhd/gateway] 2026-10-05T23:44:56.237+00:00 INFO  http.request requestId=b633217f-926f-457c-9a8c-9deea3beb1ae role=api pod=gateway-844b974576-vgmhd method=POST path=/api/transcriptions status=200 durationMs=566
[pod/gateway-844b974576-vgmhd/gateway] 2026-10-05T23:44:56.250+00:00 INFO  http.request requestId=bd50b24e-25cc-4f22-b3c9-af3b79bb43f7 role=api pod=gateway-844b974576-vgmhd method=POST path=/api/transcriptions status=200 durationMs=593
[pod/gateway-844b974576-vgmhd/gateway] 2026-10-05T23:44:56.331+00:00 INFO  http.request requestId=ab80482b-4d66-4a3d-97f0-2b0bc29a1372 role=api pod=gateway-844b974576-vgmhd method=POST path=/api/translations status=200 durationMs=369
[pod/gateway-844b974576-vgmhd/gateway] 2026-10-05T23:44:56.393+00:00 INFO  http.request requestId=e59adbb7-dd6e-4a27-b325-3b1f5e40ba55 role=api pod=gateway-844b974576-vgmhd method=POST path=/api/transcriptions status=200 durationMs=466
[pod/gateway-844b974576-vgmhd/gateway] 2026-10-05T23:44:56.398+00:00 INFO  http.request requestId=0a03a2b3-63ee-4182-96a8-0a93dfd998a6 role=api pod=gateway-844b974576-vgmhd method=POST path=/api/transcriptions status=200 durationMs=801
[pod/gateway-844b974576-vgmhd/gateway] 2026-10-05T23:44:56.448+00:00 INFO  http.request requestId=d28c113e-0c41-43df-b33c-fd0d6cee9ec4 role=api pod=gateway-844b974576-vgmhd method=POST path=/api/translations status=200 durationMs=233
[pod/gateway-844b974576-vgmhd/gateway] 2026-10-05T23:44:56.571+00:00 INFO  http.request requestId=99d750a5-465b-4198-9d8b-3b964021fdc3 role=api pod=gateway-844b974576-vgmhd method=POST path=/api/transcriptions status=200 durationMs=734
[pod/gateway-844b974576-vgmhd/gateway] 2026-10-05T23:44:56.583+00:00 INFO  http.request requestId=1068a0c7-fe97-4992-b169-6767e5f83376 role=api pod=gateway-844b974576-vgmhd method=POST path=/api/translations status=200 durationMs=318
[pod/gateway-844b974576-vgmhd/gateway] 2026-10-05T23:44:56.635+00:00 INFO  http.request requestId=a0e7eb3c-d43e-40b1-9363-d80450d84f97 role=api pod=gateway-844b974576-vgmhd method=POST path=/api/translations status=200 durationMs=274
[pod/gateway-844b974576-vgmhd/gateway] 2026-10-05T23:44:56.640+00:00 INFO  http.request requestId=e693d5b1-54d3-4a6d-9c83-568fa3717ecd role=api pod=gateway-844b974576-vgmhd method=POST path=/api/translations status=200 durationMs=389
[pod/gateway-844b974576-vgmhd/gateway] 2026-10-05T23:44:56.657+00:00 INFO  http.request requestId=91798674-d18f-44f3-acb4-8b70295ef4b2 role=api pod=gateway-844b974576-vgmhd method=POST path=/api/transcriptions status=200 durationMs=671
[pod/gateway-844b974576-vgmhd/gateway] 2026-10-05T23:44:56.711+00:00 INFO  http.request requestId=6c05c10b-7c52-4f4a-9aea-329d9f938240 role=api pod=gateway-844b974576-vgmhd method=POST path=/api/translations status=200 durationMs=318
[pod/gateway-844b974576-vgmhd/gateway] 2026-10-05T23:44:56.711+00:00 INFO  http.request requestId=0ebc3d3e-5cb8-48b9-a246-e3604acf0a3a role=api pod=gateway-844b974576-vgmhd method=POST path=/api/transcriptions status=200 durationMs=486
[pod/gateway-844b974576-vgmhd/gateway] 2026-10-05T23:44:56.714+00:00 INFO  http.request requestId=cccd0709-574e-4ec8-9ea5-d40d3660205d role=api pod=gateway-844b974576-vgmhd method=POST path=/api/transcriptions status=200 durationMs=533
[pod/gateway-844b974576-vgmhd/gateway] 2026-10-05T23:44:56.719+00:00 INFO  http.request requestId=a108bf17-de7d-44d1-96ad-d52e2430d538 role=api pod=gateway-844b974576-vgmhd method=POST path=/api/transcriptions status=200 durationMs=687
[pod/gateway-844b974576-vgmhd/gateway] 2026-10-05T23:44:56.761+00:00 INFO  http.request requestId=3a17efb0-689f-400e-8bcf-2ff8b31aec4a role=api pod=gateway-844b974576-vgmhd method=POST path=/api/translations status=200 durationMs=268
[pod/gateway-844b974576-vgmhd/gateway] 2026-10-05T23:44:56.783+00:00 INFO  http.request requestId=44f1b9d7-c2f0-4479-aa88-0380316fcc13 role=api pod=gateway-844b974576-vgmhd method=POST path=/api/translations status=200 durationMs=385
[pod/gateway-844b974576-vgmhd/gateway] 2026-10-05T23:44:56.797+00:00 INFO  http.request requestId=f1f84cf4-4d68-47f0-8c7e-0fff3d0ff533 role=api pod=gateway-844b974576-vgmhd method=POST path=/api/transcriptions status=200 durationMs=540
[pod/gateway-844b974576-vgmhd/gateway] 2026-10-05T23:44:56.815+00:00 INFO  http.request requestId=04c302ca-6f34-4246-9484-5ea651c9c23a role=api pod=gateway-844b974576-vgmhd method=POST path=/api/transcriptions status=200 durationMs=12003
[pod/gateway-844b974576-vgmhd/gateway] 2026-10-05T23:44:56.995+00:00 INFO  http.request requestId=3d24e726-eadc-4184-841a-50e117912ec4 role=api pod=gateway-844b974576-vgmhd method=POST path=/api/transcriptions status=200 durationMs=589
[pod/gateway-844b974576-vgmhd/gateway] 2026-10-05T23:44:57.013+00:00 INFO  http.request requestId=e5526383-3309-4d1f-a2d9-41c291504cfc role=api pod=gateway-844b974576-vgmhd method=POST path=/api/translations status=200 durationMs=296
[pod/gateway-844b974576-vgmhd/gateway] 2026-10-05T23:44:57.045+00:00 INFO  http.request requestId=277534bc-d10d-40e8-a323-930fd019a83f role=api pod=gateway-844b974576-vgmhd method=POST path=/api/translations status=200 durationMs=281
[pod/gateway-844b974576-vgmhd/gateway] 2026-10-05T23:44:57.062+00:00 INFO  http.request requestId=41475106-ff33-404e-ace2-c235d969582e role=api pod=gateway-844b974576-vgmhd method=POST path=/api/translations status=200 durationMs=348
[pod/gateway-844b974576-vgmhd/gateway] 2026-10-05T23:44:57.084+00:00 INFO  http.request requestId=957abeee-b32b-4be3-86e3-c8feead71b26 role=api pod=gateway-844b974576-vgmhd method=POST path=/api/transcriptions status=200 durationMs=497
[pod/gateway-844b974576-vgmhd/gateway] 2026-10-05T23:44:57.114+00:00 INFO  http.request requestId=15338b94-d371-45e7-ab40-38ae3cc972b7 role=api pod=gateway-844b974576-vgmhd method=POST path=/api/translations status=200 durationMs=403
[pod/gateway-844b974576-vgmhd/gateway] 2026-10-05T23:44:57.129+00:00 INFO  http.request requestId=684ab0e3-1132-4b1a-a07e-fe105248a0d0 role=api pod=gateway-844b974576-vgmhd method=POST path=/api/translations status=200 durationMs=314
[pod/gateway-844b974576-vgmhd/gateway] 2026-10-05T23:44:57.227+00:00 INFO  http.request requestId=28552d4f-e27f-47df-9d3a-177bd60352bb role=api pod=gateway-844b974576-vgmhd method=POST path=/api/transcriptions status=200 durationMs=580
[pod/gateway-844b974576-vgmhd/gateway] 2026-10-05T23:44:57.242+00:00 INFO  http.request requestId=1603b30e-4bfa-471b-b60c-acd6e2915f4e role=api pod=gateway-844b974576-vgmhd method=POST path=/api/translations status=200 durationMs=246
[pod/gateway-844b974576-vgmhd/gateway] 2026-10-05T23:44:57.277+00:00 INFO  http.request requestId=f110bdbe-8194-40a0-93e5-a61836f8a613 role=api pod=gateway-844b974576-vgmhd method=POST path=/api/transcriptions status=200 durationMs=556
[pod/gateway-844b974576-vgmhd/gateway] 2026-10-05T23:44:57.318+00:00 INFO  http.request requestId=96f59fb6-a8ad-4597-8e72-ab894578b9b9 role=api pod=gateway-844b974576-vgmhd method=POST path=/api/transcriptions status=200 durationMs=746
[pod/gateway-844b974576-vgmhd/gateway] 2026-10-05T23:44:57.355+00:00 INFO  http.request requestId=c1d23a0b-2f8d-4a96-9a3a-e67d08a564da role=api pod=gateway-844b974576-vgmhd method=POST path=/api/translations status=200 durationMs=312
[pod/gateway-844b974576-vgmhd/gateway] 2026-10-05T23:44:57.376+00:00 INFO  http.request requestId=867cad60-d853-4edd-8318-92abc6ae6421 role=api pod=gateway-844b974576-vgmhd method=POST path=/api/translations status=200 durationMs=292
[pod/gateway-844b974576-vgmhd/gateway] 2026-10-05T23:44:57.419+00:00 INFO  http.request requestId=09fa1fc4-f6d4-4070-a814-d4b1f48bc78b role=api pod=gateway-844b974576-vgmhd method=POST path=/api/transcriptions status=200 durationMs=757
[pod/gateway-844b974576-vgmhd/gateway] 2026-10-05T23:44:57.436+00:00 INFO  http.request requestId=81ad67c6-b20c-48ce-b45f-a23a335b9c84 role=api pod=gateway-844b974576-vgmhd method=POST path=/api/transcriptions status=200 durationMs=744
[pod/gateway-844b974576-vgmhd/gateway] 2026-10-05T23:44:57.436+00:00 INFO  http.request requestId=06282e3d-b673-4044-8f07-59b82fc1e2e6 role=api pod=gateway-844b974576-vgmhd method=POST path=/api/transcriptions status=200 durationMs=641
[pod/gateway-844b974576-vgmhd/gateway] 2026-10-05T23:44:57.454+00:00 INFO  http.request requestId=47051752-99a2-486d-abf6-80e39d0755a4 role=api pod=gateway-844b974576-vgmhd method=POST path=/api/translations status=200 durationMs=362
[pod/gateway-844b974576-vgmhd/gateway] 2026-10-05T23:44:57.493+00:00 INFO  http.request requestId=6ef65cff-ef59-4519-995f-2b8e9456a9d2 role=api pod=gateway-844b974576-vgmhd method=POST path=/api/transcriptions status=200 durationMs=427
[pod/gateway-844b974576-vgmhd/gateway] 2026-10-05T23:44:57.568+00:00 INFO  http.request requestId=65947c1c-3e3c-452b-9fe1-d66a974447ac role=api pod=gateway-844b974576-vgmhd method=POST path=/api/translations status=200 durationMs=341
[pod/gateway-844b974576-vgmhd/gateway] 2026-10-05T23:44:57.575+00:00 INFO  http.request requestId=6968da00-b5fe-435b-a691-8ff74b67cf90 role=api pod=gateway-844b974576-vgmhd method=POST path=/api/translations status=200 durationMs=328
[pod/gateway-844b974576-vgmhd/gateway] 2026-10-05T23:44:57.632+00:00 INFO  http.request requestId=edde6667-680b-41a2-a2b5-e99ffff8ea70 role=api pod=gateway-844b974576-vgmhd method=POST path=/api/translations status=200 durationMs=350
[pod/gateway-844b974576-vgmhd/gateway] 2026-10-05T23:44:57.663+00:00 INFO  http.request requestId=f4dc4d52-8578-4f2c-9f75-3f9d8eb612b3 role=api pod=gateway-844b974576-vgmhd method=POST path=/api/translations status=200 durationMs=238
[pod/gateway-844b974576-vgmhd/gateway] 2026-10-05T23:44:57.681+00:00 INFO  http.request requestId=b97a0b8b-f770-4d95-b82f-b783014ff1ee role=api pod=gateway-844b974576-vgmhd method=POST path=/api/translations status=200 durationMs=362
[pod/gateway-844b974576-vgmhd/gateway] 2026-10-05T23:44:57.692+00:00 INFO  http.request requestId=07333458-178a-4a10-a4a9-1efe253ee3fc role=api pod=gateway-844b974576-vgmhd method=POST path=/api/translations status=200 durationMs=296
[pod/gateway-844b974576-vgmhd/gateway] 2026-10-05T23:44:57.775+00:00 INFO  http.request requestId=72fd1930-9137-4397-a3dc-66754166b854 role=api pod=gateway-844b974576-vgmhd method=POST path=/api/translations status=200 durationMs=278
[pod/gateway-844b974576-vgmhd/gateway] 2026-10-05T23:44:57.792+00:00 INFO  http.request requestId=87c1cba3-daa4-4492-bfcd-a11874d9a9ce role=api pod=gateway-844b974576-vgmhd method=POST path=/api/translations status=200 durationMs=283
[pod/gateway-844b974576-vgmhd/gateway] 2026-10-05T23:44:57.808+00:00 INFO  http.request requestId=1c3acdc3-672e-4775-9e3f-f4875cbcc0e5 role=api pod=gateway-844b974576-vgmhd method=POST path=/api/translations status=200 durationMs=316
[pod/gateway-844b974576-vgmhd/gateway] 2026-10-05T23:44:57.924+00:00 INFO  http.request requestId=ed291b92-aca3-467f-9a2e-9f01f2400091 role=api pod=gateway-844b974576-vgmhd method=POST path=/api/transcriptions status=200 durationMs=483
[pod/gateway-844b974576-vgmhd/gateway] 2026-10-05T23:44:57.957+00:00 INFO  http.request requestId=8098a094-acaa-468b-9d77-34dee555ffa1 role=api pod=gateway-844b974576-vgmhd method=POST path=/api/transcriptions status=200 durationMs=575
[pod/gateway-844b974576-vgmhd/gateway] 2026-10-05T23:44:58.010+00:00 INFO  http.request requestId=2e216a94-dc21-41a0-a62b-ce9d5d14696a role=api pod=gateway-844b974576-vgmhd method=POST path=/api/transcriptions status=200 durationMs=778
[pod/gateway-844b974576-vgmhd/gateway] 2026-10-05T23:44:58.040+00:00 INFO  http.request requestId=6e8ac7f8-03b3-4d92-bd8f-94d7f781d70f role=api pod=gateway-844b974576-vgmhd method=POST path=/api/transcriptions status=200 durationMs=583
[pod/gateway-844b974576-vgmhd/gateway] 2026-10-05T23:44:58.101+00:00 INFO  http.request requestId=859f1380-8a44-4b09-8486-49168e308992 role=api pod=gateway-844b974576-vgmhd method=POST path=/api/translations status=200 durationMs=378
[pod/gateway-844b974576-vgmhd/gateway] 2026-10-05T23:44:58.139+00:00 INFO  http.request requestId=fff15cb4-db98-4288-bed6-6f89b138754a role=api pod=gateway-844b974576-vgmhd method=POST path=/api/transcriptions status=200 durationMs=546
[pod/gateway-844b974576-vgmhd/gateway] 2026-10-05T23:44:58.155+00:00 INFO  http.request requestId=81b663ff-737e-4aac-8dc4-d8f06394b572 role=api pod=gateway-844b974576-vgmhd method=POST path=/api/translations status=200 durationMs=343
[pod/gateway-844b974576-vgmhd/gateway] 2026-10-05T23:44:58.289+00:00 INFO  http.request requestId=e4d11a92-47ad-412a-8532-1b68cb846607 role=api pod=gateway-844b974576-vgmhd method=POST path=/api/transcriptions status=200 durationMs=608
[pod/gateway-844b974576-vgmhd/gateway] 2026-10-05T23:44:58.292+00:00 INFO  http.request requestId=87a45f63-daa9-4be0-914e-b246342caf92 role=api pod=gateway-844b974576-vgmhd method=POST path=/api/transcriptions status=200 durationMs=625
[pod/gateway-844b974576-vgmhd/gateway] 2026-10-05T23:44:58.298+00:00 INFO  http.request requestId=626046ae-9029-423d-ad62-fc6d94c840c6 role=api pod=gateway-844b974576-vgmhd method=POST path=/api/translations status=200 durationMs=369
[pod/gateway-844b974576-vgmhd/gateway] 2026-10-05T23:44:58.336+00:00 INFO  http.request requestId=22018186-f99e-488d-bd1f-d0c04e3a11c9 role=api pod=gateway-844b974576-vgmhd method=POST path=/api/translations status=200 durationMs=365
[pod/gateway-844b974576-vgmhd/gateway] 2026-10-05T23:44:58.340+00:00 INFO  http.request requestId=2a4f9c51-2ca6-42e1-9c7f-2314880edeeb role=api pod=gateway-844b974576-vgmhd method=POST path=/api/transcriptions status=200 durationMs=704
[pod/gateway-844b974576-vgmhd/gateway] 2026-10-05T23:44:58.387+00:00 INFO  http.request requestId=3a04f701-48ab-4f41-b137-388198a9d8b4 role=api pod=gateway-844b974576-vgmhd method=POST path=/api/translations status=200 durationMs=247
[pod/gateway-844b974576-vgmhd/gateway] 2026-10-05T23:44:58.462+00:00 INFO  http.request requestId=e9aa2652-24f2-426a-bed2-e7dcfefb817f role=api pod=gateway-844b974576-vgmhd method=POST path=/api/translations status=200 durationMs=395
[pod/gateway-844b974576-vgmhd/gateway] 2026-10-05T23:44:58.536+00:00 INFO  http.request requestId=97865587-e9c6-4513-ab7a-68a603aa6cba role=api pod=gateway-844b974576-vgmhd method=POST path=/api/transcriptions status=200 durationMs=749
[pod/gateway-844b974576-vgmhd/gateway] 2026-10-05T23:44:58.541+00:00 INFO  http.request requestId=ae380f3c-0c83-499d-95df-d5f87217a1ac role=api pod=gateway-844b974576-vgmhd method=POST path=/api/transcriptions status=200 durationMs=440
[pod/gateway-844b974576-vgmhd/gateway] 2026-10-05T23:44:58.600+00:00 INFO  http.request requestId=162f4954-cc08-4ec8-9e25-24a180ea2066 role=api pod=gateway-844b974576-vgmhd method=POST path=/api/translations status=200 durationMs=308
[pod/gateway-844b974576-vgmhd/gateway] 2026-10-05T23:44:58.606+00:00 INFO  http.request requestId=6802ca9c-795d-48dd-a58c-c97336c44152 role=api pod=gateway-844b974576-vgmhd method=POST path=/api/translations status=200 durationMs=226
[pod/gateway-844b974576-vgmhd/gateway] 2026-10-05T23:44:58.620+00:00 INFO  http.request requestId=5fc00038-117c-4858-9bfc-0e19991f3f62 role=api pod=gateway-844b974576-vgmhd method=POST path=/api/translations status=200 durationMs=305
[pod/gateway-844b974576-vgmhd/gateway] 2026-10-05T23:44:58.623+00:00 INFO  http.request requestId=1f93b4db-0ab6-42fd-b64b-adc3f0f32de9 role=api pod=gateway-844b974576-vgmhd method=POST path=/api/transcriptions status=200 durationMs=792
[pod/gateway-844b974576-vgmhd/gateway] 2026-10-05T23:44:58.674+00:00 INFO  http.request requestId=f75737d9-f8dc-4f0d-bb93-ff53e3f87d45 role=api pod=gateway-844b974576-vgmhd method=POST path=/api/transcriptions status=200 durationMs=498
[pod/gateway-844b974576-vgmhd/gateway] 2026-10-05T23:44:58.729+00:00 INFO  http.request requestId=b23ab633-6a6f-47e7-a5a9-025566d5a74d role=api pod=gateway-844b974576-vgmhd method=POST path=/api/translations status=200 durationMs=339
[pod/gateway-844b974576-vgmhd/gateway] 2026-10-05T23:44:58.740+00:00 INFO  http.request requestId=2827a7b4-3766-4c7f-a342-9c7f561f4bd1 role=api pod=gateway-844b974576-vgmhd method=POST path=/api/transcriptions status=200 durationMs=728
[pod/gateway-844b974576-vgmhd/gateway] 2026-10-05T23:44:58.785+00:00 INFO  http.request requestId=0247d7e1-e2af-4607-aa50-1679cd0806d0 role=api pod=gateway-844b974576-vgmhd method=POST path=/api/transcriptions status=200 durationMs=488
[pod/gateway-844b974576-vgmhd/gateway] 2026-10-05T23:44:58.868+00:00 INFO  http.request requestId=05dda4e6-843c-402b-8f50-70b327e5b635 role=api pod=gateway-844b974576-vgmhd method=POST path=/api/translations status=200 durationMs=266
[pod/gateway-844b974576-vgmhd/gateway] 2026-10-05T23:44:58.876+00:00 INFO  http.request requestId=2252b60e-240a-483f-b745-2152f1078618 role=api pod=gateway-844b974576-vgmhd method=POST path=/api/translations status=200 durationMs=267
[pod/gateway-844b974576-vgmhd/gateway] 2026-10-05T23:44:58.959+00:00 INFO  http.request requestId=64476715-f2a1-430a-b8b8-e889574a0766 role=api pod=gateway-844b974576-vgmhd method=POST path=/api/transcriptions status=200 durationMs=407
[pod/gateway-844b974576-vgmhd/gateway] 2026-10-05T23:44:58.959+00:00 INFO  http.request requestId=e02ba93c-0751-4cbe-a8a2-c26577d8ac00 role=api pod=gateway-844b974576-vgmhd method=POST path=/api/translations status=200 durationMs=221
[pod/gateway-844b974576-vgmhd/gateway] 2026-10-05T23:44:58.963+00:00 INFO  http.request requestId=5aa9924a-84ec-413b-8086-dc6f5cf23dec role=api pod=gateway-844b974576-vgmhd method=POST path=/api/transcriptions status=200 durationMs=426
[pod/gateway-844b974576-vgmhd/gateway] 2026-10-05T23:44:59.079+00:00 INFO  http.request requestId=a3e246b1-f0b4-4156-8b7b-9471fa5f22eb role=api pod=gateway-844b974576-vgmhd method=POST path=/api/translations status=200 durationMs=348
[pod/gateway-844b974576-vgmhd/gateway] 2026-10-05T23:44:59.124+00:00 INFO  http.request requestId=3a351eb9-aa65-488a-8622-c078d8aac2ac role=api pod=gateway-844b974576-vgmhd method=POST path=/api/translations status=200 durationMs=211
[pod/gateway-844b974576-vgmhd/gateway] 2026-10-05T23:44:59.137+00:00 INFO  http.request requestId=38f36045-37db-4171-99ed-f8dd90d68577 role=api pod=gateway-844b974576-vgmhd method=POST path=/api/transcriptions status=200 durationMs=796
[pod/gateway-844b974576-vgmhd/gateway] 2026-10-05T23:44:59.154+00:00 INFO  http.request requestId=37ebd62d-5783-4d07-8ba3-ebb5e602afcd role=api pod=gateway-844b974576-vgmhd method=POST path=/api/translations status=200 durationMs=281
[pod/gateway-844b974576-vgmhd/gateway] 2026-10-05T23:44:59.179+00:00 INFO  http.request requestId=66ff1424-5f58-482b-a8f6-b335460903df role=api pod=gateway-844b974576-vgmhd method=POST path=/api/translations status=200 durationMs=340
[pod/gateway-844b974576-vgmhd/gateway] 2026-10-05T23:44:59.229+00:00 INFO  http.request requestId=8aed42cb-8252-405b-9e7a-3f1f5bec78a0 role=api pod=gateway-844b974576-vgmhd method=POST path=/api/translations status=200 durationMs=266
[pod/gateway-844b974576-vgmhd/gateway] 2026-10-05T23:44:59.266+00:00 INFO  http.request requestId=0797c80b-bd98-4aea-ac6f-fe89ae8e15c7 role=api pod=gateway-844b974576-vgmhd method=POST path=/api/transcriptions status=200 durationMs=787
[pod/gateway-844b974576-vgmhd/gateway] 2026-10-05T23:44:59.300+00:00 INFO  http.request requestId=b7e776f3-df08-46b1-93f8-2bb7433e0b83 role=api pod=gateway-844b974576-vgmhd method=POST path=/api/translations status=200 durationMs=335
[pod/gateway-844b974576-vgmhd/gateway] 2026-10-05T23:44:59.373+00:00 INFO  http.request requestId=47055cc4-f111-4c61-9e6a-c72889cdfc9b role=api pod=gateway-844b974576-vgmhd method=POST path=/api/transcriptions status=200 durationMs=747
[pod/gateway-844b974576-vgmhd/gateway] 2026-10-05T23:44:59.394+00:00 INFO  http.request requestId=47502e89-47ca-4391-87e8-c0a7e4e89f3f role=api pod=gateway-844b974576-vgmhd method=POST path=/api/translations status=200 durationMs=268
[pod/gateway-844b974576-vgmhd/gateway] 2026-10-05T23:44:59.476+00:00 INFO  http.request requestId=42c92552-afc4-4bb5-8671-df01c8c6914f role=api pod=gateway-844b974576-vgmhd method=POST path=/api/translations status=200 durationMs=296
[pod/gateway-844b974576-vgmhd/gateway] 2026-10-05T23:44:59.521+00:00 INFO  http.request requestId=5c8aee79-4b1c-440f-a110-bc90520cdf00 role=api pod=gateway-844b974576-vgmhd method=POST path=/api/translations status=200 durationMs=273
[pod/gateway-844b974576-vgmhd/gateway] 2026-10-05T23:44:59.530+00:00 INFO  http.request requestId=4e321496-a19b-438f-a8d8-7d771adc24fb role=api pod=gateway-844b974576-vgmhd method=POST path=/api/transcriptions status=200 durationMs=739
[pod/gateway-844b974576-vgmhd/gateway] 2026-10-05T23:44:59.546+00:00 INFO  http.request requestId=78529166-6cab-4f90-95ea-657258df844c role=api pod=gateway-844b974576-vgmhd method=POST path=/api/transcriptions status=200 durationMs=799
[pod/gateway-844b974576-vgmhd/gateway] 2026-10-05T23:44:59.548+00:00 INFO  http.request requestId=b0a39f34-a8c0-46ab-8ecd-bd04b9990dd6 role=api pod=gateway-844b974576-vgmhd method=POST path=/api/translations status=200 durationMs=280
[pod/gateway-844b974576-vgmhd/gateway] 2026-10-05T23:44:59.569+00:00 INFO  http.request requestId=c7a07693-bb1c-46e3-9479-6344f48e8d7a role=api pod=gateway-844b974576-vgmhd method=POST path=/api/transcriptions status=200 durationMs=417
[pod/gateway-844b974576-vgmhd/gateway] 2026-10-05T23:44:59.623+00:00 INFO  http.request requestId=64d16a99-ae2f-44de-aea7-f9092d7670f5 role=api pod=gateway-844b974576-vgmhd method=POST path=/api/translations status=200 durationMs=289
[pod/gateway-844b974576-vgmhd/gateway] 2026-10-05T23:44:59.655+00:00 INFO  http.request requestId=cafcd057-a4c8-4eb9-a290-25ca9dfcaec0 role=api pod=gateway-844b974576-vgmhd method=POST path=/api/translations status=200 durationMs=282
[pod/gateway-844b974576-vgmhd/gateway] 2026-10-05T23:44:59.678+00:00 INFO  http.request requestId=bd1a8d5b-fa25-473e-9d9f-e33983e5112e role=api pod=gateway-844b974576-vgmhd method=POST path=/api/translations status=200 durationMs=363
[pod/gateway-844b974576-vgmhd/gateway] 2026-10-05T23:44:59.713+00:00 INFO  http.request requestId=bdb5855e-1176-4554-85d0-baf3e358825a role=api pod=gateway-844b974576-vgmhd method=POST path=/api/translations status=200 durationMs=339
[pod/gateway-844b974576-vgmhd/gateway] 2026-10-05T23:44:59.766+00:00 INFO  http.request requestId=02ad6669-a906-4722-8d39-9a312c874648 role=api pod=gateway-844b974576-vgmhd method=POST path=/api/translations status=200 durationMs=363
[pod/gateway-844b974576-vgmhd/gateway] 2026-10-05T23:44:59.815+00:00 INFO  http.request requestId=d3f491b3-bfed-4e2d-9c28-af7c3c348707 role=api pod=gateway-844b974576-vgmhd method=POST path=/api/transcriptions status=200 durationMs=12003
[pod/gateway-844b974576-vgmhd/gateway] 2026-10-05T23:44:59.837+00:00 INFO  http.request requestId=f50b8cc9-0844-480a-b9cb-ab51f0316906 role=api pod=gateway-844b974576-vgmhd method=POST path=/api/translations status=200 durationMs=306
[pod/gateway-844b974576-vgmhd/gateway] 2026-10-05T23:44:59.885+00:00 INFO  http.request requestId=1c6a29f7-d00d-4a23-abd7-b8b646245877 role=api pod=gateway-844b974576-vgmhd method=POST path=/api/transcriptions status=200 durationMs=792
[pod/gateway-844b974576-vgmhd/gateway] 2026-10-05T23:44:59.940+00:00 INFO  http.request requestId=f4de3810-4989-4544-b15c-c881dbe37755 role=api pod=gateway-844b974576-vgmhd method=POST path=/api/translations status=200 durationMs=370
[pod/gateway-844b974576-vgmhd/gateway] 2026-10-05T23:44:59.950+00:00 INFO  http.request requestId=ce882d2b-e2ef-49ce-a3da-ab7ce573a83a role=api pod=gateway-844b974576-vgmhd method=POST path=/api/transcriptions status=200 durationMs=469
[pod/gateway-844b974576-vgmhd/gateway] 2026-10-05T23:44:59.966+00:00 INFO  http.request requestId=8de6b1df-0a8c-49ff-85ee-ef815fafaea4 role=api pod=gateway-844b974576-vgmhd method=POST path=/api/transcriptions status=200 durationMs=439
[pod/gateway-844b974576-vgmhd/gateway] 2026-10-05T23:45:00.027+00:00 INFO  http.request requestId=d9429aef-7707-4e03-bc37-687d69b2dd25 role=api pod=gateway-844b974576-vgmhd method=POST path=/api/translations status=200 durationMs=209
[pod/gateway-844b974576-vgmhd/gateway] 2026-10-05T23:45:00.073+00:00 INFO  http.request requestId=ed250cf5-1240-4b7e-a63b-e4862a6436f7 role=api pod=gateway-844b974576-vgmhd method=POST path=/api/translations status=200 durationMs=386
[pod/gateway-844b974576-vgmhd/gateway] 2026-10-05T23:45:00.135+00:00 INFO  http.request requestId=5faede74-5f6f-4ceb-b484-8070e76011a3 role=api pod=gateway-844b974576-vgmhd method=POST path=/api/translations status=200 durationMs=228
[pod/gateway-844b974576-vgmhd/gateway] 2026-10-05T23:45:00.144+00:00 INFO  http.request requestId=7081b61e-fbba-4c9a-b1b3-5d31430f3c71 role=api pod=gateway-844b974576-vgmhd method=POST path=/api/transcriptions status=200 durationMs=423
[pod/gateway-844b974576-vgmhd/gateway] 2026-10-05T23:45:00.162+00:00 INFO  http.request requestId=193950ba-72a4-4d37-8ccf-be13b4360e54 role=api pod=gateway-844b974576-vgmhd method=POST path=/api/transcriptions status=200 durationMs=605
[pod/gateway-844b974576-vgmhd/gateway] 2026-10-05T23:45:00.221+00:00 INFO  http.request requestId=66ba8a75-fb5d-44a2-b9ed-066af0637ac3 role=api pod=gateway-844b974576-vgmhd method=POST path=/api/transcriptions status=200 durationMs=649
[pod/gateway-844b974576-vgmhd/gateway] 2026-10-05T23:45:00.257+00:00 INFO  http.request requestId=2caf98fb-aab3-43a7-87cb-c2e83fb49e46 role=api pod=gateway-844b974576-vgmhd method=POST path=/api/translations status=200 durationMs=372
[pod/gateway-844b974576-vgmhd/gateway] 2026-10-05T23:45:00.281+00:00 INFO  http.request requestId=50522f75-8308-45aa-9422-a1128003b1db role=api pod=gateway-844b974576-vgmhd method=POST path=/api/translations status=200 durationMs=305
[pod/gateway-844b974576-vgmhd/gateway] 2026-10-05T23:45:00.282+00:00 INFO  http.request requestId=3e7e6093-b729-45f4-ac43-88756ab993c9 role=api pod=gateway-844b974576-vgmhd method=POST path=/api/translations status=200 durationMs=337
[pod/gateway-844b974576-vgmhd/gateway] 2026-10-05T23:45:00.297+00:00 INFO  http.request requestId=104451d0-7f06-4909-879e-304c746bb046 role=api pod=gateway-844b974576-vgmhd method=POST path=/api/translations status=200 durationMs=223
[pod/gateway-844b974576-vgmhd/gateway] 2026-10-05T23:45:00.302+00:00 INFO  http.request requestId=e92ceef6-aff6-4cb3-b4ea-1ae646df6d51 role=api pod=gateway-844b974576-vgmhd method=POST path=/api/translations status=200 durationMs=344
[pod/gateway-844b974576-vgmhd/gateway] 2026-10-05T23:45:00.380+00:00 INFO  http.request requestId=3bb976f6-27ee-4a7e-82a4-fac3e5c3237d role=api pod=gateway-844b974576-vgmhd method=POST path=/api/transcriptions status=200 durationMs=614
[pod/gateway-844b974576-vgmhd/gateway] 2026-10-05T23:45:00.428+00:00 INFO  http.request requestId=196e2b64-c64d-415a-83c3-6aa2a62c55c2 role=api pod=gateway-844b974576-vgmhd method=POST path=/api/translations status=200 durationMs=389
[pod/gateway-844b974576-vgmhd/gateway] 2026-10-05T23:45:00.466+00:00 INFO  http.request requestId=0365ac06-f45c-4792-865c-01fdb5c1b85a role=api pod=gateway-844b974576-vgmhd method=POST path=/api/transcriptions status=200 durationMs=625
[pod/gateway-844b974576-vgmhd/gateway] 2026-10-05T23:45:00.486+00:00 INFO  http.request requestId=9d8bb2b6-b795-4d27-9d65-82ed019792d4 role=api pod=gateway-844b974576-vgmhd method=POST path=/api/translations status=200 durationMs=314
[pod/gateway-844b974576-vgmhd/gateway] 2026-10-05T23:45:00.569+00:00 INFO  http.request requestId=011ab12b-aed9-4be6-ad8e-fcff8967a1cc role=api pod=gateway-844b974576-vgmhd method=POST path=/api/translations status=200 durationMs=246
[pod/gateway-844b974576-vgmhd/gateway] 2026-10-05T23:45:00.574+00:00 INFO  http.request requestId=e7f3522a-6930-459d-9e29-86d5d29ed63a role=api pod=gateway-844b974576-vgmhd method=POST path=/api/translations status=200 durationMs=3004
[pod/gateway-844b974576-vgmhd/gateway] 2026-10-05T23:45:00.673+00:00 INFO  http.request requestId=3b4babd7-333a-40cd-93f0-08da79c4f335 role=api pod=gateway-844b974576-vgmhd method=POST path=/api/translations status=200 durationMs=290
[pod/gateway-844b974576-vgmhd/gateway] 2026-10-05T23:45:00.682+00:00 INFO  http.request requestId=12cb5d05-7a9c-4c0a-b869-3ff3b6bf8465 role=api pod=gateway-844b974576-vgmhd method=POST path=/api/transcriptions status=200 durationMs=795
[pod/gateway-844b974576-vgmhd/gateway] 2026-10-05T23:45:00.691+00:00 INFO  http.request requestId=8a748178-32b1-4dd3-9ad9-bd01bf17bc6e role=api pod=gateway-844b974576-vgmhd method=POST path=/api/transcriptions status=200 durationMs=535
[pod/gateway-844b974576-vgmhd/gateway] 2026-10-05T23:45:00.711+00:00 INFO  http.request requestId=48bc92bd-d074-42e2-9b3f-c2834158f272 role=api pod=gateway-844b974576-vgmhd method=POST path=/api/transcriptions status=200 durationMs=480
[pod/gateway-844b974576-vgmhd/gateway] 2026-10-05T23:45:00.797+00:00 INFO  http.request requestId=4f519703-fe4b-4580-a5f4-f6c93d021059 role=api pod=gateway-844b974576-vgmhd method=POST path=/api/translations status=200 durationMs=215
[pod/gateway-844b974576-vgmhd/gateway] 2026-10-05T23:45:00.812+00:00 INFO  http.request requestId=d939b0dc-e3d7-4530-94c0-307cecf2108e role=api pod=gateway-844b974576-vgmhd method=POST path=/api/translations status=200 durationMs=381
[pod/gateway-844b974576-vgmhd/gateway] 2026-10-05T23:45:00.830+00:00 INFO  http.request requestId=11fc267b-5693-4ef9-8735-b60a90fb165e role=api pod=gateway-844b974576-vgmhd method=POST path=/api/translations status=200 durationMs=363
[pod/gateway-844b974576-vgmhd/gateway] 2026-10-05T23:45:00.894+00:00 INFO  http.request requestId=1bad9f56-db52-4f23-8b5a-1548438d6360 role=api pod=gateway-844b974576-vgmhd method=POST path=/api/translations status=200 durationMs=302
[pod/gateway-844b974576-vgmhd/gateway] 2026-10-05T23:45:00.929+00:00 INFO  http.request requestId=915acd3b-99e5-4925-8bb6-e27793c4917b role=api pod=gateway-844b974576-vgmhd method=POST path=/api/translations status=200 durationMs=242
[pod/gateway-844b974576-vgmhd/gateway] 2026-10-05T23:45:00.930+00:00 INFO  http.request requestId=e91339ff-e87d-4db0-8d04-44fb6d53da34 role=api pod=gateway-844b974576-vgmhd method=POST path=/api/transcriptions status=200 durationMs=623
[pod/gateway-844b974576-vgmhd/gateway] 2026-10-05T23:45:00.951+00:00 INFO  http.request requestId=45eb7419-2f12-433b-bc26-b6fb08b4d5ce role=api pod=gateway-844b974576-vgmhd method=POST path=/api/transcriptions status=200 durationMs=571
[pod/gateway-844b974576-vgmhd/gateway] 2026-10-05T23:45:00.952+00:00 INFO  http.request requestId=9618891b-d6e0-4401-8451-3ec96699089f role=api pod=gateway-844b974576-vgmhd method=POST path=/api/transcriptions status=200 durationMs=481
[pod/gateway-844b974576-vgmhd/gateway] 2026-10-05T23:45:00.994+00:00 INFO  http.request requestId=5b4c3a15-e6c2-4cf8-90ec-eb622f171222 role=api pod=gateway-844b974576-vgmhd method=POST path=/api/translations status=200 durationMs=276
[pod/gateway-844b974576-vgmhd/gateway] 2026-10-05T23:45:01.008+00:00 INFO  http.request requestId=6ec2cff5-da1a-46b6-a820-5d240e0a9d58 role=api pod=gateway-844b974576-vgmhd method=POST path=/api/transcriptions status=200 durationMs=717
[pod/gateway-844b974576-vgmhd/gateway] 2026-10-05T23:45:01.054+00:00 INFO  http.request requestId=c142a8f2-e101-41c0-84a9-b1f86a6afb16 role=api pod=gateway-844b974576-vgmhd method=POST path=/api/transcriptions status=200 durationMs=717
[pod/gateway-844b974576-vgmhd/gateway] 2026-10-05T23:45:01.057+00:00 INFO  http.request requestId=0896bfe2-5105-4f84-b151-af7193a0877d role=api pod=gateway-844b974576-vgmhd method=POST path=/api/translations status=200 durationMs=359
[pod/gateway-844b974576-vgmhd/gateway] 2026-10-05T23:45:01.208+00:00 INFO  http.request requestId=1ddd2f5b-795e-49bf-b461-5ff3e18ffe0a role=api pod=gateway-844b974576-vgmhd method=POST path=/api/translations status=200 durationMs=248
[pod/gateway-844b974576-vgmhd/gateway] 2026-10-05T23:45:01.215+00:00 INFO  http.request requestId=b99104e1-6cad-4239-9199-3a1af6cb9c0d role=api pod=gateway-844b974576-vgmhd method=POST path=/api/transcriptions status=200 durationMs=729
[pod/gateway-844b974576-vgmhd/gateway] 2026-10-05T23:45:01.217+00:00 INFO  http.request requestId=7bd5a751-6f58-457b-a649-ae77853bd955 role=api pod=gateway-844b974576-vgmhd method=POST path=/api/translations status=200 durationMs=379
[pod/gateway-844b974576-vgmhd/gateway] 2026-10-05T23:45:01.256+00:00 INFO  http.request requestId=633e8442-c585-4ef8-b0b7-514dc0146796 role=api pod=gateway-844b974576-vgmhd method=POST path=/api/translations status=200 durationMs=248
[pod/gateway-844b974576-vgmhd/gateway] 2026-10-05T23:45:01.295+00:00 INFO  http.request requestId=340580f4-9cfb-4f49-8e8a-8cfabeb277a2 role=api pod=gateway-844b974576-vgmhd method=POST path=/api/translations status=200 durationMs=343
[pod/gateway-844b974576-vgmhd/gateway] 2026-10-05T23:45:01.389+00:00 INFO  http.request requestId=b67ddbac-4729-4ba3-9394-180030fecb5c role=api pod=gateway-844b974576-vgmhd method=POST path=/api/translations status=200 durationMs=330
[pod/gateway-844b974576-vgmhd/gateway] 2026-10-05T23:45:01.497+00:00 INFO  http.request requestId=00419a0d-2412-405d-9a46-81c5a0714219 role=api pod=gateway-844b974576-vgmhd method=POST path=/api/translations status=200 durationMs=282
[pod/gateway-844b974576-vgmhd/gateway] 2026-10-05T23:45:01.637+00:00 INFO  http.request requestId=2abf6e11-c613-4828-8cbb-11e656e259b8 role=api pod=gateway-844b974576-vgmhd method=POST path=/api/translations status=200 durationMs=375
[pod/gateway-844b974576-vgmhd/gateway] 2026-10-05T23:45:03.055+00:00 INFO  http.request requestId=74ed4965-1276-4953-8841-61831cdc5970 role=api pod=gateway-844b974576-vgmhd method=POST path=/api/translations status=200 durationMs=238
[pod/gateway-844b974576-vgmhd/gateway] 2026-10-05T23:45:04.708+00:00 INFO  http.request requestId=99d30d1d-c1c2-4599-aabb-1d5ee365e819 role=api pod=gateway-844b974576-vgmhd method=POST path=/api/translations status=200 durationMs=393
[pod/gateway-844b974576-vgmhd/gateway] 2026-10-05T23:45:06.159+00:00 INFO  http.request requestId=df5e31a0-63c7-474b-9dc0-0102c3b37b84 role=api pod=gateway-844b974576-vgmhd method=POST path=/api/translations status=200 durationMs=342
[pod/gateway-844b974576-vgmhd/gateway] 2026-10-05T23:45:07.685+00:00 INFO  http.request requestId=22677f56-0fc2-49af-b1bb-7fe6247f0830 role=api pod=gateway-844b974576-vgmhd method=POST path=/api/translations status=200 durationMs=366
[pod/gateway-844b974576-vgmhd/gateway] 2026-10-05T23:45:08.820+00:00 INFO  http.request requestId=2d0efd3e-ab33-45d9-84a3-452767680b8d role=api pod=gateway-844b974576-vgmhd method=POST path=/api/transcriptions status=200 durationMs=12008
[pod/gateway-844b974576-vgmhd/gateway] 2026-10-05T23:45:09.144+00:00 INFO  http.request requestId=066c31df-b7bb-4c73-ab21-ffe1df2764ae role=api pod=gateway-844b974576-vgmhd method=POST path=/api/translations status=200 durationMs=324
[pod/gateway-844b974576-vgmhd/gateway] 2026-10-05T23:45:10.564+00:00 INFO  http.request requestId=19c36592-0578-4efc-ba3c-4a24dfcf7ddf role=api pod=gateway-844b974576-vgmhd method=POST path=/api/translations status=200 durationMs=246
[pod/gateway-844b974576-vgmhd/gateway] 2026-10-05T23:45:12.030+00:00 INFO  http.request requestId=dddbb47d-d1af-46a0-86eb-dd28bf2ea1db role=api pod=gateway-844b974576-vgmhd method=POST path=/api/translations status=200 durationMs=211
[pod/gateway-844b974576-ckfcn/gateway] 2026-10-05T23:44:53.712+00:00 INFO  http.request requestId=df0c3d72-b1e9-4c71-9322-6fab0aa67d61 role=api pod=gateway-844b974576-ckfcn method=POST path=/api/transcriptions status=200 durationMs=771
[pod/gateway-844b974576-ckfcn/gateway] 2026-10-05T23:44:53.724+00:00 INFO  http.request requestId=0738aca2-3670-45b4-b313-12dc0e759acd role=api pod=gateway-844b974576-ckfcn method=POST path=/api/translations status=200 durationMs=285
[pod/gateway-844b974576-ckfcn/gateway] 2026-10-05T23:44:53.731+00:00 INFO  http.request requestId=7d1f7520-1ad5-4d3f-b972-6fc18d644163 role=api pod=gateway-844b974576-ckfcn method=POST path=/api/translations status=200 durationMs=306
[pod/gateway-844b974576-ckfcn/gateway] 2026-10-05T23:44:53.740+00:00 INFO  http.request requestId=a5839afd-d0c0-4499-b4dc-bb3f572add4c role=api pod=gateway-844b974576-ckfcn method=POST path=/api/transcriptions status=200 durationMs=769
[pod/gateway-844b974576-ckfcn/gateway] 2026-10-05T23:44:53.750+00:00 INFO  http.request requestId=f393eeb3-57d3-4489-aaba-d1f05b7be9bc role=api pod=gateway-844b974576-ckfcn method=POST path=/api/transcriptions status=200 durationMs=615
[pod/gateway-844b974576-ckfcn/gateway] 2026-10-05T23:44:53.776+00:00 INFO  http.request requestId=22eb9a92-9ad0-45a4-88ae-1d713f07848d role=api pod=gateway-844b974576-ckfcn method=POST path=/api/translations status=200 durationMs=344
[pod/gateway-844b974576-ckfcn/gateway] 2026-10-05T23:44:53.897+00:00 INFO  http.request requestId=79e21c59-e314-48f2-bc0b-3db5fa89928c role=api pod=gateway-844b974576-ckfcn method=POST path=/api/transcriptions status=200 durationMs=431
[pod/gateway-844b974576-ckfcn/gateway] 2026-10-05T23:44:53.935+00:00 INFO  http.request requestId=f2a9e2a6-7893-46c6-8d90-ef6140354527 role=api pod=gateway-844b974576-ckfcn method=POST path=/api/transcriptions status=200 durationMs=484
[pod/gateway-844b974576-ckfcn/gateway] 2026-10-05T23:44:53.984+00:00 INFO  http.request requestId=3331a814-0f4e-4584-b1c2-f1f1b41568fd role=api pod=gateway-844b974576-ckfcn method=POST path=/api/translations status=200 durationMs=331
[pod/gateway-844b974576-ckfcn/gateway] 2026-10-05T23:44:54.026+00:00 INFO  http.request requestId=4a9ecac3-2db4-4a2e-a570-2080e3debaba role=api pod=gateway-844b974576-ckfcn method=POST path=/api/translations status=200 durationMs=314
[pod/gateway-844b974576-ckfcn/gateway] 2026-10-05T23:44:54.054+00:00 INFO  http.request requestId=94694982-b43a-4c8e-9102-eaed3e58e0c0 role=api pod=gateway-844b974576-ckfcn method=POST path=/api/transcriptions status=200 durationMs=676
[pod/gateway-844b974576-ckfcn/gateway] 2026-10-05T23:44:54.056+00:00 INFO  http.request requestId=f92743d3-d5bb-4f18-8b57-e7948cf246cf role=api pod=gateway-844b974576-ckfcn method=POST path=/api/translations status=200 durationMs=305
[pod/gateway-844b974576-ckfcn/gateway] 2026-10-05T23:44:54.114+00:00 INFO  http.request requestId=d6ac9465-eea7-42f9-9976-65bf4b66711d role=api pod=gateway-844b974576-ckfcn method=POST path=/api/transcriptions status=200 durationMs=797
[pod/gateway-844b974576-ckfcn/gateway] 2026-10-05T23:44:54.148+00:00 INFO  http.request requestId=0f096d67-96e0-49ed-ad3d-9a17ab7bf627 role=api pod=gateway-844b974576-ckfcn method=POST path=/api/translations status=200 durationMs=207
[pod/gateway-844b974576-ckfcn/gateway] 2026-10-05T23:44:54.158+00:00 INFO  http.request requestId=ded55dc9-913b-4513-8f57-b0595f2b4e24 role=api pod=gateway-844b974576-ckfcn method=POST path=/api/translations status=200 durationMs=261
[pod/gateway-844b974576-ckfcn/gateway] 2026-10-05T23:44:54.194+00:00 INFO  http.request requestId=ea72f91c-66c3-44f8-9de2-e1a852a15698 role=api pod=gateway-844b974576-ckfcn method=POST path=/api/transcriptions status=200 durationMs=471
[pod/gateway-844b974576-ckfcn/gateway] 2026-10-05T23:44:54.208+00:00 INFO  http.request requestId=7a1faa28-25bc-47ea-a4ba-73781b0adf74 role=api pod=gateway-844b974576-ckfcn method=POST path=/api/transcriptions status=200 durationMs=428
[pod/gateway-844b974576-ckfcn/gateway] 2026-10-05T23:44:54.218+00:00 INFO  http.request requestId=a9d44665-9462-4712-b2c3-02bca2dfd2f5 role=api pod=gateway-844b974576-ckfcn method=POST path=/api/transcriptions status=200 durationMs=647
[pod/gateway-844b974576-ckfcn/gateway] 2026-10-05T23:44:54.232+00:00 INFO  http.request requestId=2cef1f41-c957-4d05-934b-8c0251e3f91c role=api pod=gateway-844b974576-ckfcn method=POST path=/api/transcriptions status=200 durationMs=705
[pod/gateway-844b974576-ckfcn/gateway] 2026-10-05T23:44:54.241+00:00 INFO  http.request requestId=68bc9d26-0d2c-4d74-9b08-44888b25fe6d role=api pod=gateway-844b974576-ckfcn method=POST path=/api/translations status=200 durationMs=371
[pod/gateway-844b974576-ckfcn/gateway] 2026-10-05T23:44:54.259+00:00 INFO  http.request requestId=5025a32f-4b4f-4343-ae10-993a4847d901 role=api pod=gateway-844b974576-ckfcn method=POST path=/api/translations status=200 durationMs=245
[pod/gateway-844b974576-ckfcn/gateway] 2026-10-05T23:44:54.263+00:00 INFO  http.request requestId=2782952f-5e12-472b-ab3e-6553e6491ade role=api pod=gateway-844b974576-ckfcn method=POST path=/api/transcriptions status=200 durationMs=661
[pod/gateway-844b974576-ckfcn/gateway] 2026-10-05T23:44:54.294+00:00 INFO  http.request requestId=2463dd5f-27b8-43ca-81a1-5a91a7bbe330 role=api pod=gateway-844b974576-ckfcn method=POST path=/api/transcriptions status=200 durationMs=543
[pod/gateway-844b974576-ckfcn/gateway] 2026-10-05T23:44:54.299+00:00 INFO  http.request requestId=6f06f097-a38e-46cc-8e36-d8fbdf7b8000 role=api pod=gateway-844b974576-ckfcn method=POST path=/api/transcriptions status=200 durationMs=623
[pod/gateway-844b974576-ckfcn/gateway] 2026-10-05T23:44:54.310+00:00 INFO  http.request requestId=060937a9-5b77-4c06-90d3-91945a3e986c role=api pod=gateway-844b974576-ckfcn method=POST path=/api/transcriptions status=200 durationMs=724
[pod/gateway-844b974576-ckfcn/gateway] 2026-10-05T23:44:54.353+00:00 INFO  http.request requestId=5ba5dcbf-645c-40fb-9916-8a8287c1034d role=api pod=gateway-844b974576-ckfcn method=POST path=/api/translations status=200 durationMs=299
[pod/gateway-844b974576-ckfcn/gateway] 2026-10-05T23:44:54.420+00:00 INFO  http.request requestId=da2c2abf-2152-42ea-8599-c5c3b876b172 role=api pod=gateway-844b974576-ckfcn method=POST path=/api/translations status=200 durationMs=313
[pod/gateway-844b974576-ckfcn/gateway] 2026-10-05T23:44:54.431+00:00 INFO  http.request requestId=e9fdd81d-beb8-4ba4-82c0-c0fd56d91f34 role=api pod=gateway-844b974576-ckfcn method=POST path=/api/transcriptions status=200 durationMs=799
[pod/gateway-844b974576-ckfcn/gateway] 2026-10-05T23:44:54.504+00:00 INFO  http.request requestId=f264c0c3-7e04-46b7-b4ae-67bf107d8ae2 role=api pod=gateway-844b974576-ckfcn method=POST path=/api/transcriptions status=200 durationMs=436
[pod/gateway-844b974576-ckfcn/gateway] 2026-10-05T23:44:54.535+00:00 INFO  http.request requestId=9ccc41f0-fc0c-4481-8d28-0881dc327f16 role=api pod=gateway-844b974576-ckfcn method=POST path=/api/transcriptions status=200 durationMs=543
[pod/gateway-844b974576-ckfcn/gateway] 2026-10-05T23:44:54.556+00:00 INFO  http.request requestId=734b3652-6dd7-45c3-afb5-5f3c146663c6 role=api pod=gateway-844b974576-ckfcn method=POST path=/api/translations status=200 durationMs=374
[pod/gateway-844b974576-ckfcn/gateway] 2026-10-05T23:44:54.577+00:00 INFO  http.request requestId=90961014-95eb-44e6-92d4-c35b5cb16db7 role=api pod=gateway-844b974576-ckfcn method=POST path=/api/translations status=200 durationMs=314
[pod/gateway-844b974576-ckfcn/gateway] 2026-10-05T23:44:54.579+00:00 INFO  http.request requestId=2ed04ba9-41eb-46cf-b1c7-dc2b9134a570 role=api pod=gateway-844b974576-ckfcn method=POST path=/api/translations status=200 durationMs=358
[pod/gateway-844b974576-ckfcn/gateway] 2026-10-05T23:44:54.581+00:00 INFO  http.request requestId=f186e19d-9221-409b-bf7e-ddb488f87c40 role=api pod=gateway-844b974576-ckfcn method=POST path=/api/translations status=200 durationMs=349
[pod/gateway-844b974576-ckfcn/gateway] 2026-10-05T23:44:54.592+00:00 INFO  http.request requestId=8576922e-61aa-4449-9775-26f3178032a4 role=api pod=gateway-844b974576-ckfcn method=POST path=/api/translations status=200 durationMs=319
[pod/gateway-844b974576-ckfcn/gateway] 2026-10-05T23:44:54.656+00:00 INFO  http.request requestId=7f939ed2-872b-4b3a-8fcf-8e7de418d19b role=api pod=gateway-844b974576-ckfcn method=POST path=/api/translations status=200 durationMs=339
[pod/gateway-844b974576-ckfcn/gateway] 2026-10-05T23:44:54.659+00:00 INFO  http.request requestId=aa1c0621-c53e-4f8c-a007-4933b828c5de role=api pod=gateway-844b974576-ckfcn method=POST path=/api/translations status=200 durationMs=359
[pod/gateway-844b974576-ckfcn/gateway] 2026-10-05T23:44:54.668+00:00 INFO  http.request requestId=b505d4f7-5c1d-4ad7-94a3-2c02171ee979 role=api pod=gateway-844b974576-ckfcn method=POST path=/api/translations status=200 durationMs=224
[pod/gateway-844b974576-ckfcn/gateway] 2026-10-05T23:44:54.728+00:00 INFO  http.request requestId=a6d1c936-e4a0-4c2f-8f32-8e6658988c52 role=api pod=gateway-844b974576-ckfcn method=POST path=/api/transcriptions status=200 durationMs=721
[pod/gateway-844b974576-ckfcn/gateway] 2026-10-05T23:44:54.769+00:00 INFO  http.request requestId=ea6ab5ba-73c3-4ce5-9976-c3cad5d6a704 role=api pod=gateway-844b974576-ckfcn method=POST path=/api/transcriptions status=200 durationMs=523
[pod/gateway-844b974576-ckfcn/gateway] 2026-10-05T23:44:54.776+00:00 INFO  http.request requestId=5a0c1c21-7312-4f89-8578-f2d6cc3f608c role=api pod=gateway-844b974576-ckfcn method=POST path=/api/transcriptions status=200 durationMs=590
[pod/gateway-844b974576-ckfcn/gateway] 2026-10-05T23:44:54.800+00:00 INFO  http.request requestId=dc2696df-17a3-46bd-aca3-8262216a9a62 role=api pod=gateway-844b974576-ckfcn method=POST path=/api/translations status=200 durationMs=222
[pod/gateway-844b974576-ckfcn/gateway] 2026-10-05T23:44:54.829+00:00 INFO  http.request requestId=7b98b3da-efd9-4ff5-a64f-19c0cfcf7a89 role=api pod=gateway-844b974576-ckfcn method=POST path=/api/translations status=200 durationMs=393
[pod/gateway-844b974576-ckfcn/gateway] 2026-10-05T23:44:54.843+00:00 INFO  http.request requestId=90220cff-6f74-4015-a9ed-3cb6f12df413 role=api pod=gateway-844b974576-ckfcn method=POST path=/api/transcriptions status=200 durationMs=536
[pod/gateway-844b974576-ckfcn/gateway] 2026-10-05T23:44:54.860+00:00 INFO  http.request requestId=a32c64d7-c558-4c39-b14b-00f847846407 role=api pod=gateway-844b974576-ckfcn method=POST path=/api/translations status=200 durationMs=309
[pod/gateway-844b974576-ckfcn/gateway] 2026-10-05T23:44:54.874+00:00 INFO  http.request requestId=c7e62e8d-9b2e-4414-a6cf-c5f69e9fee4f role=api pod=gateway-844b974576-ckfcn method=POST path=/api/transcriptions status=200 durationMs=718
[pod/gateway-844b974576-ckfcn/gateway] 2026-10-05T23:44:54.925+00:00 INFO  http.request requestId=e5e8f736-313e-4e08-8694-597be649e818 role=api pod=gateway-844b974576-ckfcn method=POST path=/api/translations status=200 durationMs=366
[pod/gateway-844b974576-ckfcn/gateway] 2026-10-05T23:44:54.936+00:00 INFO  http.request requestId=37aa6c93-7d74-434f-ae82-5af410570fe2 role=api pod=gateway-844b974576-ckfcn method=POST path=/api/transcriptions status=200 durationMs=419
[pod/gateway-844b974576-ckfcn/gateway] 2026-10-05T23:44:54.944+00:00 INFO  http.request requestId=6c4e9bf3-bd6a-4f51-a4fb-b7292d06f972 role=api pod=gateway-844b974576-ckfcn method=POST path=/api/translations status=200 durationMs=362
[pod/gateway-844b974576-ckfcn/gateway] 2026-10-05T23:44:54.997+00:00 INFO  http.request requestId=9f35f0fa-1acb-430c-97e1-ded931bffbd8 role=api pod=gateway-844b974576-ckfcn method=POST path=/api/transcriptions status=200 durationMs=780
[pod/gateway-844b974576-ckfcn/gateway] 2026-10-05T23:44:55.048+00:00 INFO  http.request requestId=ac7108fa-0b79-40fc-ae5c-079d2aac0333 role=api pod=gateway-844b974576-ckfcn method=POST path=/api/translations status=200 durationMs=272
[pod/gateway-844b974576-ckfcn/gateway] 2026-10-05T23:44:55.072+00:00 INFO  http.request requestId=1e445f5e-ab37-457a-b38e-ecb2734e7ce7 role=api pod=gateway-844b974576-ckfcn method=POST path=/api/transcriptions status=200 durationMs=658
[pod/gateway-844b974576-ckfcn/gateway] 2026-10-05T23:44:55.081+00:00 INFO  http.request requestId=38f1831f-6db0-4ca9-b284-0dd8b92d16e9 role=api pod=gateway-844b974576-ckfcn method=POST path=/api/translations status=200 durationMs=280
[pod/gateway-844b974576-ckfcn/gateway] 2026-10-05T23:44:55.081+00:00 INFO  http.request requestId=e6e1ea81-c970-4564-95ee-150e615b8983 role=api pod=gateway-844b974576-ckfcn method=POST path=/api/translations status=200 durationMs=222
[pod/gateway-844b974576-ckfcn/gateway] 2026-10-05T23:44:55.106+00:00 INFO  http.request requestId=24f72465-7440-4c67-ace8-52b853322a3b role=api pod=gateway-844b974576-ckfcn method=POST path=/api/translations status=200 durationMs=336
[pod/gateway-844b974576-ckfcn/gateway] 2026-10-05T23:44:55.126+00:00 INFO  http.request requestId=d4778284-4926-48ed-b817-d05aa54b306c role=api pod=gateway-844b974576-ckfcn method=POST path=/api/translations status=200 durationMs=245
[pod/gateway-844b974576-ckfcn/gateway] 2026-10-05T23:44:55.170+00:00 INFO  http.request requestId=36f3cbaa-d332-4b99-be5f-7d72e5cbf630 role=api pod=gateway-844b974576-ckfcn method=POST path=/api/translations status=200 durationMs=335
[pod/gateway-844b974576-ckfcn/gateway] 2026-10-05T23:44:55.240+00:00 INFO  http.request requestId=f3d157d8-0924-419c-9719-476b2a4b4874 role=api pod=gateway-844b974576-ckfcn method=POST path=/api/transcriptions status=200 durationMs=754
[pod/gateway-844b974576-ckfcn/gateway] 2026-10-05T23:44:55.273+00:00 INFO  http.request requestId=2f45b630-c8f1-4d91-b073-6cb94cdf50fa role=api pod=gateway-844b974576-ckfcn method=POST path=/api/transcriptions status=200 durationMs=592
[pod/gateway-844b974576-ckfcn/gateway] 2026-10-05T23:44:55.296+00:00 INFO  http.request requestId=951f7751-9350-4f2b-8efd-0a513e982af3 role=api pod=gateway-844b974576-ckfcn method=POST path=/api/transcriptions status=200 durationMs=629
[pod/gateway-844b974576-ckfcn/gateway] 2026-10-05T23:44:55.330+00:00 INFO  http.request requestId=cd5ed474-fee9-499a-969b-7d320b84f81c role=api pod=gateway-844b974576-ckfcn method=POST path=/api/translations status=200 durationMs=397
[pod/gateway-844b974576-ckfcn/gateway] 2026-10-05T23:44:55.352+00:00 INFO  http.request requestId=df07ef35-b7a7-4f88-81b3-0cfa649825aa role=api pod=gateway-844b974576-ckfcn method=POST path=/api/transcriptions status=200 durationMs=581
[pod/gateway-844b974576-ckfcn/gateway] 2026-10-05T23:44:55.358+00:00 INFO  http.request requestId=bce6f589-f076-42f3-bdca-705fde7a1e58 role=api pod=gateway-844b974576-ckfcn method=POST path=/api/translations status=200 durationMs=352
[pod/gateway-844b974576-ckfcn/gateway] 2026-10-05T23:44:55.379+00:00 INFO  http.request requestId=bc18f97f-70e9-445c-8319-bec6a4e3aafb role=api pod=gateway-844b974576-ckfcn method=POST path=/api/translations status=200 durationMs=285
[pod/gateway-844b974576-ckfcn/gateway] 2026-10-05T23:44:55.383+00:00 INFO  http.request requestId=b4f4d3cb-32e2-494f-ba99-f84e542f3f9c role=api pod=gateway-844b974576-ckfcn method=POST path=/api/translations status=200 durationMs=241
[pod/gateway-844b974576-ckfcn/gateway] 2026-10-05T23:44:55.392+00:00 INFO  http.request requestId=eab0a877-f3fb-43bf-a37e-3322dbd5e147 role=api pod=gateway-844b974576-ckfcn method=POST path=/api/translations status=200 durationMs=320
[pod/gateway-844b974576-ckfcn/gateway] 2026-10-05T23:44:55.400+00:00 INFO  http.request requestId=9ff0893f-00c5-413b-a517-edc8c6fce40c role=api pod=gateway-844b974576-ckfcn method=POST path=/api/transcriptions status=200 durationMs=613
[pod/gateway-844b974576-ckfcn/gateway] 2026-10-05T23:44:55.426+00:00 INFO  http.request requestId=3d846ee3-ddad-43e9-a4d9-3bf9f8aed29b role=api pod=gateway-844b974576-ckfcn method=POST path=/api/translations status=200 durationMs=345
[pod/gateway-844b974576-ckfcn/gateway] 2026-10-05T23:44:55.440+00:00 INFO  http.request requestId=e3485a9f-d553-44e9-b1c6-1e68e40be21c role=api pod=gateway-844b974576-ckfcn method=POST path=/api/transcriptions status=200 durationMs=489
[pod/gateway-844b974576-ckfcn/gateway] 2026-10-05T23:44:55.461+00:00 INFO  http.request requestId=acde7f93-78c6-4589-85c8-8f71b8377adb role=api pod=gateway-844b974576-ckfcn method=POST path=/api/transcriptions status=200 durationMs=585
[pod/gateway-844b974576-ckfcn/gateway] 2026-10-05T23:44:55.482+00:00 INFO  http.request requestId=403fe68e-e4ad-40f2-9b2f-dbd4f5956e72 role=api pod=gateway-844b974576-ckfcn method=POST path=/api/transcriptions status=200 durationMs=546
[pod/gateway-844b974576-ckfcn/gateway] 2026-10-05T23:44:55.491+00:00 INFO  http.request requestId=833b9133-6dc1-49f0-abbc-5a729536e950 role=api pod=gateway-844b974576-ckfcn method=POST path=/api/translations status=200 durationMs=217
[pod/gateway-844b974576-ckfcn/gateway] 2026-10-05T23:44:55.540+00:00 INFO  http.request requestId=ea37d785-a8d0-457d-832a-2625a03767fb role=api pod=gateway-844b974576-ckfcn method=POST path=/api/transcriptions status=200 durationMs=410
[pod/gateway-844b974576-ckfcn/gateway] 2026-10-05T23:44:55.564+00:00 INFO  http.request requestId=0f35eeaf-0b8d-49c8-8202-41a80df9f341 role=api pod=gateway-844b974576-ckfcn method=POST path=/api/transcriptions status=200 durationMs=718
[pod/gateway-844b974576-ckfcn/gateway] 2026-10-05T23:44:55.574+00:00 INFO  http.request requestId=c31fbfa0-c3f2-4a46-80b4-3d5cfb6475d6 role=api pod=gateway-844b974576-ckfcn method=POST path=/api/translations status=200 durationMs=214
[pod/gateway-844b974576-ckfcn/gateway] 2026-10-05T23:44:55.579+00:00 INFO  http.request requestId=960a9a05-162d-4062-9ee4-c07731ab3c94 role=api pod=gateway-844b974576-ckfcn method=POST path=/api/transcriptions status=200 durationMs=523
[pod/gateway-844b974576-ckfcn/gateway] 2026-10-05T23:44:55.601+00:00 INFO  http.request requestId=b3dbd7ec-24ea-4978-9e88-2d0b8154b45c role=api pod=gateway-844b974576-ckfcn method=POST path=/api/translations status=200 durationMs=205
[pod/gateway-844b974576-ckfcn/gateway] 2026-10-05T23:44:55.609+00:00 INFO  http.request requestId=5ded2f0c-75ce-4dfb-ac90-5e30291c9f03 role=api pod=gateway-844b974576-ckfcn method=POST path=/api/translations status=200 durationMs=304
[pod/gateway-844b974576-ckfcn/gateway] 2026-10-05T23:44:55.742+00:00 INFO  http.request requestId=8cd52e00-cf07-4f3a-bd37-99ff3881873b role=api pod=gateway-844b974576-ckfcn method=POST path=/api/transcriptions status=200 durationMs=579
[pod/gateway-844b974576-ckfcn/gateway] 2026-10-05T23:44:55.776+00:00 INFO  http.request requestId=f84abfcc-e571-45d9-8d9d-0b9f0c35e974 role=api pod=gateway-844b974576-ckfcn method=POST path=/api/translations status=200 durationMs=211
[pod/gateway-844b974576-ckfcn/gateway] 2026-10-05T23:44:55.789+00:00 INFO  http.request requestId=7016f093-fc60-4eca-b745-4fd31bdffa7c role=api pod=gateway-844b974576-ckfcn method=POST path=/api/transcriptions status=200 durationMs=448
[pod/gateway-844b974576-ckfcn/gateway] 2026-10-05T23:44:55.812+00:00 INFO  http.request requestId=afc7c3d5-98da-4743-8f5a-944020194516 role=api pod=gateway-844b974576-ckfcn method=POST path=/api/translations status=200 durationMs=371
[pod/gateway-844b974576-ckfcn/gateway] 2026-10-05T23:44:55.854+00:00 INFO  http.request requestId=fd8ed532-2fa5-46f6-8aac-663a198bab58 role=api pod=gateway-844b974576-ckfcn method=POST path=/api/transcriptions status=200 durationMs=422
[pod/gateway-844b974576-ckfcn/gateway] 2026-10-05T23:44:55.878+00:00 INFO  http.request requestId=e99a07f0-22f6-4522-a4be-0030c48f18c8 role=api pod=gateway-844b974576-ckfcn method=POST path=/api/transcriptions status=200 durationMs=641
[pod/gateway-844b974576-ckfcn/gateway] 2026-10-05T23:44:55.888+00:00 INFO  http.request requestId=6a57ab3e-2034-48e7-9aab-066e067792fa role=api pod=gateway-844b974576-ckfcn method=POST path=/api/translations status=200 durationMs=396
[pod/gateway-844b974576-ckfcn/gateway] 2026-10-05T23:44:55.898+00:00 INFO  http.request requestId=ca5f759d-8963-437e-8f0c-76a457716c9c role=api pod=gateway-844b974576-ckfcn method=POST path=/api/transcriptions status=200 durationMs=541
[pod/gateway-844b974576-ckfcn/gateway] 2026-10-05T23:44:55.901+00:00 INFO  http.request requestId=7ad023d8-e3c2-49f5-8bd4-771c6e7619d2 role=api pod=gateway-844b974576-ckfcn method=POST path=/api/transcriptions status=200 durationMs=500
[pod/gateway-844b974576-ckfcn/gateway] 2026-10-05T23:44:55.911+00:00 INFO  http.request requestId=51d16cc7-396a-45b1-b626-9d693946ab9c role=api pod=gateway-844b974576-ckfcn method=POST path=/api/translations status=200 durationMs=288
[pod/gateway-844b974576-ckfcn/gateway] 2026-10-05T23:44:55.917+00:00 INFO  http.request requestId=66f5d370-ccd8-4d13-b52c-27d90e5bd8eb role=api pod=gateway-844b974576-ckfcn method=POST path=/api/transcriptions status=200 durationMs=411
[pod/gateway-844b974576-ckfcn/gateway] 2026-10-05T23:44:55.922+00:00 INFO  http.request requestId=45e0545c-c68a-4a23-8593-c5efbbf8da1c role=api pod=gateway-844b974576-ckfcn method=POST path=/api/transcriptions status=200 durationMs=461
[pod/gateway-844b974576-ckfcn/gateway] 2026-10-05T23:44:55.926+00:00 INFO  http.request requestId=c583a9f2-3cc2-4279-a2b8-ed731dc4a7e6 role=api pod=gateway-844b974576-ckfcn method=POST path=/api/translations status=200 durationMs=346
[pod/gateway-844b974576-ckfcn/gateway] 2026-10-05T23:44:56.014+00:00 INFO  http.request requestId=6e5470a9-b878-4795-86ea-b912348825f8 role=api pod=gateway-844b974576-ckfcn method=POST path=/api/translations status=200 durationMs=3004
[pod/gateway-844b974576-ckfcn/gateway] 2026-10-05T23:44:56.083+00:00 INFO  http.request requestId=3161fddc-5865-4b61-841c-34bea563107d role=api pod=gateway-844b974576-ckfcn method=POST path=/api/transcriptions status=200 durationMs=787
[pod/gateway-844b974576-ckfcn/gateway] 2026-10-05T23:44:56.099+00:00 INFO  http.request requestId=3e6d6e84-eec8-48fc-abd3-97b5f7d1925b role=api pod=gateway-844b974576-ckfcn method=POST path=/api/transcriptions status=200 durationMs=547
[pod/gateway-844b974576-ckfcn/gateway] 2026-10-05T23:44:56.118+00:00 INFO  http.request requestId=b1678ac8-ce11-4e37-bfad-4aa3aea9b5af role=api pod=gateway-844b974576-ckfcn method=POST path=/api/translations status=200 durationMs=216
[pod/gateway-844b974576-ckfcn/gateway] 2026-10-05T23:44:56.143+00:00 INFO  http.request requestId=c209db9a-316c-4286-aea3-3a9b851001d7 role=api pod=gateway-844b974576-ckfcn method=POST path=/api/translations status=200 durationMs=394
[pod/gateway-844b974576-ckfcn/gateway] 2026-10-05T23:44:56.147+00:00 INFO  http.request requestId=cd4754d7-c8e2-4f74-a947-11614bfbc7e5 role=api pod=gateway-844b974576-ckfcn method=POST path=/api/translations status=200 durationMs=225
[pod/gateway-844b974576-ckfcn/gateway] 2026-10-05T23:44:56.163+00:00 INFO  http.request requestId=74451d30-05e2-4afc-b23c-d61f34d9a407 role=api pod=gateway-844b974576-ckfcn method=POST path=/api/translations status=200 durationMs=221
[pod/gateway-844b974576-ckfcn/gateway] 2026-10-05T23:44:56.237+00:00 INFO  http.request requestId=a878e9ac-4d37-4b55-b7e5-3b87360be156 role=api pod=gateway-844b974576-ckfcn method=POST path=/api/translations status=200 durationMs=315
[pod/gateway-844b974576-ckfcn/gateway] 2026-10-05T23:44:56.254+00:00 INFO  http.request requestId=1d2ef4cb-4d08-4d9d-bed3-b1a6e5d260bd role=api pod=gateway-844b974576-ckfcn method=POST path=/api/translations status=200 durationMs=391
[pod/gateway-844b974576-ckfcn/gateway] 2026-10-05T23:44:56.265+00:00 INFO  http.request requestId=71ad4511-545a-4c7e-b266-a06644938635 role=api pod=gateway-844b974576-ckfcn method=POST path=/api/transcriptions status=200 durationMs=443
[pod/gateway-844b974576-ckfcn/gateway] 2026-10-05T23:44:56.308+00:00 INFO  http.request requestId=cd339b85-2275-4b5f-b035-edcec870b02e role=api pod=gateway-844b974576-ckfcn method=POST path=/api/transcriptions status=200 durationMs=727
[pod/gateway-844b974576-ckfcn/gateway] 2026-10-05T23:44:56.317+00:00 INFO  http.request requestId=c85ae972-bbac-473f-885b-600a4a3b1bc1 role=api pod=gateway-844b974576-ckfcn method=POST path=/api/transcriptions status=200 durationMs=526
[pod/gateway-844b974576-ckfcn/gateway] 2026-10-05T23:44:56.345+00:00 INFO  http.request requestId=ccf470e2-99fb-4823-9860-0eb58fe04223 role=api pod=gateway-844b974576-ckfcn method=POST path=/api/translations status=200 durationMs=244
[pod/gateway-844b974576-ckfcn/gateway] 2026-10-05T23:44:56.356+00:00 INFO  http.request requestId=58e85b83-66a1-48a4-908d-dd0efcebdbe1 role=api pod=gateway-844b974576-ckfcn method=POST path=/api/transcriptions status=200 durationMs=790
[pod/gateway-844b974576-ckfcn/gateway] 2026-10-05T23:44:56.361+00:00 INFO  http.request requestId=d08cfd02-4137-40c8-9daa-f31b87695e80 role=api pod=gateway-844b974576-ckfcn method=POST path=/api/transcriptions status=200 durationMs=750
[pod/gateway-844b974576-ckfcn/gateway] 2026-10-05T23:44:56.423+00:00 INFO  http.request requestId=a9f7263c-9739-47f9-833e-c38ec1beb4fa role=api pod=gateway-844b974576-ckfcn method=POST path=/api/transcriptions status=200 durationMs=407
[pod/gateway-844b974576-ckfcn/gateway] 2026-10-05T23:44:56.450+00:00 INFO  http.request requestId=ce6cb0c7-cd43-42f1-b987-dfb5cbd1f55a role=api pod=gateway-844b974576-ckfcn method=POST path=/api/translations status=200 durationMs=353
[pod/gateway-844b974576-ckfcn/gateway] 2026-10-05T23:44:56.464+00:00 INFO  http.request requestId=9d000f77-89dc-4e44-9680-ffe38e261257 role=api pod=gateway-844b974576-ckfcn method=POST path=/api/translations status=200 durationMs=280
[pod/gateway-844b974576-ckfcn/gateway] 2026-10-05T23:44:56.477+00:00 INFO  http.request requestId=cebacd71-7cca-4b91-b5ca-b8908eea0a35 role=api pod=gateway-844b974576-ckfcn method=POST path=/api/translations status=200 durationMs=393
[pod/gateway-844b974576-ckfcn/gateway] 2026-10-05T23:44:56.575+00:00 INFO  http.request requestId=0f44e098-1b35-460e-93b3-143ff48161cd role=api pod=gateway-844b974576-ckfcn method=POST path=/api/translations status=200 durationMs=267
[pod/gateway-844b974576-ckfcn/gateway] 2026-10-05T23:44:56.586+00:00 INFO  http.request requestId=66a97614-8214-4885-b01d-abe8e87fedfb role=api pod=gateway-844b974576-ckfcn method=POST path=/api/translations status=200 durationMs=217
[pod/gateway-844b974576-ckfcn/gateway] 2026-10-05T23:44:56.594+00:00 INFO  http.request requestId=35d64926-98f7-4cb1-87ad-5d586d33c977 role=api pod=gateway-844b974576-ckfcn method=POST path=/api/transcriptions status=200 durationMs=698
[pod/gateway-844b974576-ckfcn/gateway] 2026-10-05T23:44:56.600+00:00 INFO  http.request requestId=0e304d3d-a0cb-4390-a032-2da61325171f role=api pod=gateway-844b974576-ckfcn method=POST path=/api/transcriptions status=200 durationMs=659
[pod/gateway-844b974576-ckfcn/gateway] 2026-10-05T23:44:56.625+00:00 INFO  http.request requestId=c49c286e-b7c1-465d-8c71-82d3a56cb767 role=api pod=gateway-844b974576-ckfcn method=POST path=/api/transcriptions status=200 durationMs=533
[pod/gateway-844b974576-ckfcn/gateway] 2026-10-05T23:44:56.650+00:00 INFO  http.request requestId=97387f81-3062-4b4b-a213-c667fe64c6f3 role=api pod=gateway-844b974576-ckfcn method=POST path=/api/translations status=200 durationMs=333
[pod/gateway-844b974576-ckfcn/gateway] 2026-10-05T23:44:56.665+00:00 INFO  http.request requestId=60c55e94-a8b6-4522-9e35-3277bd28870e role=api pod=gateway-844b974576-ckfcn method=POST path=/api/transcriptions status=200 durationMs=753
[pod/gateway-844b974576-ckfcn/gateway] 2026-10-05T23:44:56.790+00:00 INFO  http.request requestId=5630f4db-84bd-45ef-8ea0-747e14303c8e role=api pod=gateway-844b974576-ckfcn method=POST path=/api/translations status=200 durationMs=367
[pod/gateway-844b974576-ckfcn/gateway] 2026-10-05T23:44:56.815+00:00 INFO  http.request requestId=18c98c02-0905-49a9-97fa-4f6b67661ace role=api pod=gateway-844b974576-ckfcn method=POST path=/api/transcriptions status=200 durationMs=574
[pod/gateway-844b974576-ckfcn/gateway] 2026-10-05T23:44:56.827+00:00 INFO  http.request requestId=4bb5da60-befe-463a-b7b6-1807bc22ea6c role=api pod=gateway-844b974576-ckfcn method=POST path=/api/translations status=200 durationMs=330
[pod/gateway-844b974576-ckfcn/gateway] 2026-10-05T23:44:56.831+00:00 INFO  http.request requestId=45a9b59c-7b1a-46e6-a04d-d8d28fcfb5eb role=api pod=gateway-844b974576-ckfcn method=POST path=/api/transcriptions status=200 durationMs=485
[pod/gateway-844b974576-ckfcn/gateway] 2026-10-05T23:44:56.843+00:00 INFO  http.request requestId=ed67e6ea-13a5-43d8-bbf8-9dd9060d9440 role=api pod=gateway-844b974576-ckfcn method=POST path=/api/translations status=200 durationMs=248
[pod/gateway-844b974576-ckfcn/gateway] 2026-10-05T23:44:56.848+00:00 INFO  http.request requestId=40b8ecc8-6111-4fda-9d98-9365db96982a role=api pod=gateway-844b974576-ckfcn method=POST path=/api/translations status=200 durationMs=277
[pod/gateway-844b974576-ckfcn/gateway] 2026-10-05T23:44:56.893+00:00 INFO  http.request requestId=77ae6270-c7fd-4fb3-861d-eeace26baf6e role=api pod=gateway-844b974576-ckfcn method=POST path=/api/translations status=200 durationMs=282
[pod/gateway-844b974576-ckfcn/gateway] 2026-10-05T23:44:56.893+00:00 INFO  http.request requestId=a23e2698-97be-455c-ad38-a3b1a7a6ece2 role=api pod=gateway-844b974576-ckfcn method=POST path=/api/transcriptions status=200 durationMs=562
[pod/gateway-844b974576-ckfcn/gateway] 2026-10-05T23:44:56.902+00:00 INFO  http.request requestId=f2df14ea-a4a7-4b3d-b7a2-85954a80644d role=api pod=gateway-844b974576-ckfcn method=POST path=/api/transcriptions status=200 durationMs=751
[pod/gateway-844b974576-ckfcn/gateway] 2026-10-05T23:44:56.902+00:00 INFO  http.request requestId=caa1197c-9998-4963-990c-44e1f4abc56e role=api pod=gateway-844b974576-ckfcn method=POST path=/api/transcriptions status=200 durationMs=465
[pod/gateway-844b974576-ckfcn/gateway] 2026-10-05T23:44:56.915+00:00 INFO  http.request requestId=82a04bdf-1705-455b-82f2-9d1006ee27f1 role=api pod=gateway-844b974576-ckfcn method=POST path=/api/transcriptions status=200 durationMs=794
[pod/gateway-844b974576-ckfcn/gateway] 2026-10-05T23:44:56.917+00:00 INFO  http.request requestId=6ddb7123-7c9a-4d1d-9ce5-2c19fb07e8e4 role=api pod=gateway-844b974576-ckfcn method=POST path=/api/translations status=200 durationMs=318
[pod/gateway-844b974576-ckfcn/gateway] 2026-10-05T23:44:56.936+00:00 INFO  http.request requestId=e2560f39-75a9-4d37-bc46-17580b00e18e role=api pod=gateway-844b974576-ckfcn method=POST path=/api/translations status=200 durationMs=311
[pod/gateway-844b974576-ckfcn/gateway] 2026-10-05T23:44:56.946+00:00 INFO  http.request requestId=3dd33235-6993-4789-8c0c-b14f7c22fc2d role=api pod=gateway-844b974576-ckfcn method=POST path=/api/translations status=200 durationMs=289
[pod/gateway-844b974576-ckfcn/gateway] 2026-10-05T23:44:56.968+00:00 INFO  http.request requestId=72c8809d-05a5-4f56-a765-7a82830c6fad role=api pod=gateway-844b974576-ckfcn method=POST path=/api/transcriptions status=200 durationMs=652
[pod/gateway-844b974576-ckfcn/gateway] 2026-10-05T23:44:56.971+00:00 INFO  http.request requestId=ac91d9c3-1dac-4e95-a8de-af05b58661cf role=api pod=gateway-844b974576-ckfcn method=POST path=/api/transcriptions status=200 durationMs=610
[pod/gateway-844b974576-ckfcn/gateway] 2026-10-05T23:44:56.996+00:00 INFO  http.request requestId=1c4f83e6-f749-44b6-ae4c-806d430ed271 role=api pod=gateway-844b974576-ckfcn method=POST path=/api/transcriptions status=200 durationMs=709
[pod/gateway-844b974576-ckfcn/gateway] 2026-10-05T23:44:57.013+00:00 INFO  http.request requestId=c1bcd106-a713-4d4c-8cc2-8f881648c666 role=api pod=gateway-844b974576-ckfcn method=POST path=/api/translations status=200 durationMs=345
[pod/gateway-844b974576-ckfcn/gateway] 2026-10-05T23:44:57.043+00:00 INFO  http.request requestId=35bf4108-1e71-49e1-a274-a6e885cc175f role=api pod=gateway-844b974576-ckfcn method=POST path=/api/translations status=200 durationMs=211
[pod/gateway-844b974576-ckfcn/gateway] 2026-10-05T23:44:57.080+00:00 INFO  http.request requestId=c1b718fa-3250-4fe0-af5a-cf95405f182d role=api pod=gateway-844b974576-ckfcn method=POST path=/api/translations status=200 durationMs=256
[pod/gateway-844b974576-ckfcn/gateway] 2026-10-05T23:44:57.109+00:00 INFO  http.request requestId=f9af2807-a86a-457c-9e61-c685b8b76b93 role=api pod=gateway-844b974576-ckfcn method=POST path=/api/translations status=200 durationMs=207
[pod/gateway-844b974576-ckfcn/gateway] 2026-10-05T23:44:57.162+00:00 INFO  http.request requestId=08341606-b0e7-4494-9b50-9577323b9815 role=api pod=gateway-844b974576-ckfcn method=POST path=/api/translations status=200 durationMs=347
[pod/gateway-844b974576-ckfcn/gateway] 2026-10-05T23:44:57.191+00:00 INFO  http.request requestId=d4a98f20-d7ce-442a-8068-17427425d736 role=api pod=gateway-844b974576-ckfcn method=POST path=/api/translations status=200 durationMs=311
[pod/gateway-844b974576-ckfcn/gateway] 2026-10-05T23:44:57.191+00:00 INFO  http.request requestId=63150421-eaf9-4e94-818d-0d7b6798d02c role=api pod=gateway-844b974576-ckfcn method=POST path=/api/translations status=200 durationMs=297
[pod/gateway-844b974576-ckfcn/gateway] 2026-10-05T23:44:57.252+00:00 INFO  http.request requestId=a24728d5-b34a-446f-af19-76f5df82a1d0 role=api pod=gateway-844b974576-ckfcn method=POST path=/api/translations status=200 durationMs=394
[pod/gateway-844b974576-ckfcn/gateway] 2026-10-05T23:44:57.264+00:00 INFO  http.request requestId=8d6e52a6-abcb-40e2-87e1-825f57eb8d89 role=api pod=gateway-844b974576-ckfcn method=POST path=/api/translations status=200 durationMs=361
[pod/gateway-844b974576-ckfcn/gateway] 2026-10-05T23:44:57.308+00:00 INFO  http.request requestId=35d01557-b7a8-458d-b1b4-35ef6467dcec role=api pod=gateway-844b974576-ckfcn method=POST path=/api/translations status=200 durationMs=393
[pod/gateway-844b974576-ckfcn/gateway] 2026-10-05T23:44:57.325+00:00 INFO  http.request requestId=cb7f6912-0544-4bda-b500-d90c0bd4f912 role=api pod=gateway-844b974576-ckfcn method=POST path=/api/transcriptions status=200 durationMs=694
[pod/gateway-844b974576-ckfcn/gateway] 2026-10-05T23:44:57.368+00:00 INFO  http.request requestId=6362d642-6254-48f1-9d63-2edf0a94933c role=api pod=gateway-844b974576-ckfcn method=POST path=/api/translations status=200 durationMs=398
[pod/gateway-844b974576-ckfcn/gateway] 2026-10-05T23:44:57.369+00:00 INFO  http.request requestId=7525cf4c-1234-4a95-8b12-05a1546f5c86 role=api pod=gateway-844b974576-ckfcn method=POST path=/api/translations status=200 durationMs=400
[pod/gateway-844b974576-ckfcn/gateway] 2026-10-05T23:44:57.389+00:00 INFO  http.request requestId=16e432a8-4f68-412c-ab37-16ffa17bf272 role=api pod=gateway-844b974576-ckfcn method=POST path=/api/translations status=200 durationMs=215
[pod/gateway-844b974576-ckfcn/gateway] 2026-10-05T23:44:57.396+00:00 INFO  http.request requestId=a26bc78f-12e4-454e-8446-266485e87472 role=api pod=gateway-844b974576-ckfcn method=POST path=/api/transcriptions status=200 durationMs=794
[pod/gateway-844b974576-ckfcn/gateway] 2026-10-05T23:44:57.444+00:00 INFO  http.request requestId=2869b07d-4e77-4864-a296-e5eefcd0d663 role=api pod=gateway-844b974576-ckfcn method=POST path=/api/translations status=200 durationMs=206
[pod/gateway-844b974576-ckfcn/gateway] 2026-10-05T23:44:57.509+00:00 INFO  http.request requestId=ae10e271-1f8c-46d4-96c2-853fa1bd8692 role=api pod=gateway-844b974576-ckfcn method=POST path=/api/transcriptions status=200 durationMs=591
[pod/gateway-844b974576-ckfcn/gateway] 2026-10-05T23:44:57.531+00:00 INFO  http.request requestId=4099b695-b223-4a52-9d9f-c05386c780c2 role=api pod=gateway-844b974576-ckfcn method=POST path=/api/translations status=200 durationMs=213
[pod/gateway-844b974576-ckfcn/gateway] 2026-10-05T23:44:57.552+00:00 INFO  http.request requestId=2a9c6a94-2d37-4358-92bb-03b1ed7568e4 role=api pod=gateway-844b974576-ckfcn method=POST path=/api/transcriptions status=200 durationMs=575
[pod/gateway-844b974576-ckfcn/gateway] 2026-10-05T23:44:57.601+00:00 INFO  http.request requestId=1652eae3-b93b-4e22-9c8b-ce396f99fd56 role=api pod=gateway-844b974576-ckfcn method=POST path=/api/transcriptions status=200 durationMs=520
[pod/gateway-844b974576-ckfcn/gateway] 2026-10-05T23:44:57.656+00:00 INFO  http.request requestId=1de24023-b7e0-41f4-9891-d9a74422960f role=api pod=gateway-844b974576-ckfcn method=POST path=/api/transcriptions status=200 durationMs=649
[pod/gateway-844b974576-ckfcn/gateway] 2026-10-05T23:44:57.668+00:00 INFO  http.request requestId=0bd13738-dad7-4103-a71f-0216482974c0 role=api pod=gateway-844b974576-ckfcn method=POST path=/api/transcriptions status=200 durationMs=647
[pod/gateway-844b974576-ckfcn/gateway] 2026-10-05T23:44:57.669+00:00 INFO  http.request requestId=0d37593e-e94e-4034-8fcf-47c091662f52 role=api pod=gateway-844b974576-ckfcn method=POST path=/api/transcriptions status=200 durationMs=467
[pod/gateway-844b974576-ckfcn/gateway] 2026-10-05T23:44:57.696+00:00 INFO  http.request requestId=c6fd2ffe-0f41-49d1-98fb-7e2ae3984a2d role=api pod=gateway-844b974576-ckfcn method=POST path=/api/transcriptions status=200 durationMs=764
[pod/gateway-844b974576-ckfcn/gateway] 2026-10-05T23:44:57.711+00:00 INFO  http.request requestId=db64d4f3-5370-45ad-a284-cad421203830 role=api pod=gateway-844b974576-ckfcn method=POST path=/api/translations status=200 durationMs=274
[pod/gateway-844b974576-ckfcn/gateway] 2026-10-05T23:44:57.745+00:00 INFO  http.request requestId=94f8f3ce-d5ea-40c9-976c-b3ac6de1aa7d role=api pod=gateway-844b974576-ckfcn method=POST path=/api/translations status=200 durationMs=344
[pod/gateway-844b974576-ckfcn/gateway] 2026-10-05T23:44:57.748+00:00 INFO  http.request requestId=0949feee-e1ee-4593-b50e-fe98c8df71d0 role=api pod=gateway-844b974576-ckfcn method=POST path=/api/transcriptions status=200 durationMs=441
[pod/gateway-844b974576-ckfcn/gateway] 2026-10-05T23:44:57.812+00:00 INFO  http.request requestId=ea922450-7c64-4ce6-84d7-e5c58aa781ab role=api pod=gateway-844b974576-ckfcn method=POST path=/api/transcriptions status=200 durationMs=416
[pod/gateway-844b974576-ckfcn/gateway] 2026-10-05T23:44:57.899+00:00 INFO  http.request requestId=ad50eb45-6d0d-4f40-b593-8f7bfc958f2b role=api pod=gateway-844b974576-ckfcn method=POST path=/api/transcriptions status=200 durationMs=427
[pod/gateway-844b974576-ckfcn/gateway] 2026-10-05T23:44:57.899+00:00 INFO  http.request requestId=157ce9b1-b29c-4374-9f19-b5c83a5df4e0 role=api pod=gateway-844b974576-ckfcn method=POST path=/api/transcriptions status=200 durationMs=563
[pod/gateway-844b974576-ckfcn/gateway] 2026-10-05T23:44:57.899+00:00 INFO  http.request requestId=d37ec832-aa8c-431c-aab9-7049ec243543 role=api pod=gateway-844b974576-ckfcn method=POST path=/api/translations status=200 durationMs=388
[pod/gateway-844b974576-ckfcn/gateway] 2026-10-05T23:44:57.914+00:00 INFO  http.request requestId=89d6afcb-29f7-4bd7-88b7-2bc1b878484d role=api pod=gateway-844b974576-ckfcn method=POST path=/api/translations status=200 durationMs=286
[pod/gateway-844b974576-ckfcn/gateway] 2026-10-05T23:44:57.918+00:00 INFO  http.request requestId=7b827777-6a24-413e-be58-9483452ea0b9 role=api pod=gateway-844b974576-ckfcn method=POST path=/api/translations status=200 durationMs=374
[pod/gateway-844b974576-ckfcn/gateway] 2026-10-05T23:44:57.932+00:00 INFO  http.request requestId=60171ead-6695-4682-958b-8136990ca43e role=api pod=gateway-844b974576-ckfcn method=POST path=/api/translations status=200 durationMs=326
[pod/gateway-844b974576-ckfcn/gateway] 2026-10-05T23:44:57.938+00:00 INFO  http.request requestId=16798a0a-f346-4f5c-86ea-437214da5eb8 role=api pod=gateway-844b974576-ckfcn method=POST path=/api/translations status=200 durationMs=337
[pod/gateway-844b974576-ckfcn/gateway] 2026-10-05T23:44:57.940+00:00 INFO  http.request requestId=91726e29-faf3-4124-b9c6-ced021b9e954 role=api pod=gateway-844b974576-ckfcn method=POST path=/api/translations status=200 durationMs=214
[pod/gateway-844b974576-ckfcn/gateway] 2026-10-05T23:44:57.970+00:00 INFO  http.request requestId=676339e3-1d72-4ab9-b038-8bdd1d443ef5 role=api pod=gateway-844b974576-ckfcn method=POST path=/api/transcriptions status=200 durationMs=694
[pod/gateway-844b974576-ckfcn/gateway] 2026-10-05T23:44:57.976+00:00 INFO  http.request requestId=e9532999-97b9-44a3-a0ee-9911dc70f5d4 role=api pod=gateway-844b974576-ckfcn method=POST path=/api/transcriptions status=200 durationMs=760
[pod/gateway-844b974576-ckfcn/gateway] 2026-10-05T23:44:58.014+00:00 INFO  http.request requestId=7bdb3cd1-055b-40af-b0e0-34d3d1b809f5 role=api pod=gateway-844b974576-ckfcn method=POST path=/api/translations status=200 durationMs=346
[pod/gateway-844b974576-ckfcn/gateway] 2026-10-05T23:44:58.038+00:00 INFO  http.request requestId=07061a7e-95df-4422-9aaf-afdf487eb46b role=api pod=gateway-844b974576-ckfcn method=POST path=/api/translations status=200 durationMs=342
[pod/gateway-844b974576-ckfcn/gateway] 2026-10-05T23:44:58.066+00:00 INFO  http.request requestId=2f082ee3-33e7-45c1-a0bb-e689e903df5e role=api pod=gateway-844b974576-ckfcn method=POST path=/api/transcriptions status=200 durationMs=579
[pod/gateway-844b974576-ckfcn/gateway] 2026-10-05T23:44:58.070+00:00 INFO  http.request requestId=8bc6fc8a-5cd6-4568-9257-7f105d20202e role=api pod=gateway-844b974576-ckfcn method=POST path=/api/translations status=200 durationMs=322
[pod/gateway-844b974576-ckfcn/gateway] 2026-10-05T23:44:58.084+00:00 INFO  http.request requestId=48f59f5c-1e36-4b40-a20b-6b641ea18c6a role=api pod=gateway-844b974576-ckfcn method=POST path=/api/translations status=200 durationMs=336
[pod/gateway-844b974576-ckfcn/gateway] 2026-10-05T23:44:58.188+00:00 INFO  http.request requestId=9522a985-1620-4d4f-adda-d74e56d5a5ea role=api pod=gateway-844b974576-ckfcn method=POST path=/api/translations status=200 durationMs=212
[pod/gateway-844b974576-ckfcn/gateway] 2026-10-05T23:44:58.196+00:00 INFO  http.request requestId=dd45edf3-08fc-4be1-acbd-37a8af52aa98 role=api pod=gateway-844b974576-ckfcn method=POST path=/api/translations status=200 durationMs=363
[pod/gateway-844b974576-ckfcn/gateway] 2026-10-05T23:44:58.201+00:00 INFO  http.request requestId=f6978367-e31a-4943-9661-76dcdee8e2a9 role=api pod=gateway-844b974576-ckfcn method=POST path=/api/translations status=200 durationMs=219
[pod/gateway-844b974576-ckfcn/gateway] 2026-10-05T23:44:58.239+00:00 INFO  http.request requestId=ba2f293c-2abb-423d-a826-f9676e5ea103 role=api pod=gateway-844b974576-ckfcn method=POST path=/api/translations status=200 durationMs=340
[pod/gateway-844b974576-ckfcn/gateway] 2026-10-05T23:44:58.314+00:00 INFO  http.request requestId=c2074d01-1a64-499a-839e-55528f3e961b role=api pod=gateway-844b974576-ckfcn method=POST path=/api/transcriptions status=200 durationMs=12003
[pod/gateway-844b974576-ckfcn/gateway] 2026-10-05T23:44:58.324+00:00 INFO  http.request requestId=3e7a977f-02c6-4378-b272-38516f8692b7 role=api pod=gateway-844b974576-ckfcn method=POST path=/api/transcriptions status=200 durationMs=508
[pod/gateway-844b974576-ckfcn/gateway] 2026-10-05T23:44:58.328+00:00 INFO  http.request requestId=3b66bd9a-8a65-4ccc-83cb-5b20754d75cb role=api pod=gateway-844b974576-ckfcn method=POST path=/api/transcriptions status=200 durationMs=766
[pod/gateway-844b974576-ckfcn/gateway] 2026-10-05T23:44:58.346+00:00 INFO  http.request requestId=3734a8a3-f356-4ea9-9835-43259ca00df4 role=api pod=gateway-844b974576-ckfcn method=POST path=/api/transcriptions status=200 durationMs=424
[pod/gateway-844b974576-ckfcn/gateway] 2026-10-05T23:44:58.361+00:00 INFO  http.request requestId=5fab0a84-6046-450f-abb8-7c2784667d23 role=api pod=gateway-844b974576-ckfcn method=POST path=/api/translations status=200 durationMs=321
[pod/gateway-844b974576-ckfcn/gateway] 2026-10-05T23:44:58.389+00:00 INFO  http.request requestId=5cc1aa09-3743-41d3-9dc3-0f102ec4a613 role=api pod=gateway-844b974576-ckfcn method=POST path=/api/transcriptions status=200 durationMs=678
[pod/gateway-844b974576-ckfcn/gateway] 2026-10-05T23:44:58.405+00:00 INFO  http.request requestId=2c3d0845-74b0-4605-82c0-c7922422e9e4 role=api pod=gateway-844b974576-ckfcn method=POST path=/api/transcriptions status=200 durationMs=709
[pod/gateway-844b974576-ckfcn/gateway] 2026-10-05T23:44:58.438+00:00 INFO  http.request requestId=4421e5b0-8de1-4585-9c6a-302e78f9f473 role=api pod=gateway-844b974576-ckfcn method=POST path=/api/transcriptions status=200 durationMs=503
[pod/gateway-844b974576-ckfcn/gateway] 2026-10-05T23:44:58.488+00:00 INFO  http.request requestId=428e3a22-79f2-4fbd-97bb-817e5c7e691d role=api pod=gateway-844b974576-ckfcn method=POST path=/api/translations status=200 durationMs=305
[pod/gateway-844b974576-ckfcn/gateway] 2026-10-05T23:44:58.577+00:00 INFO  http.request requestId=c9b8d06c-b1ae-45fb-afa3-4dca52b85ae9 role=api pod=gateway-844b974576-ckfcn method=POST path=/api/translations status=200 durationMs=262
[pod/gateway-844b974576-ckfcn/gateway] 2026-10-05T23:44:58.592+00:00 INFO  http.request requestId=07d8aac8-d5e0-400c-bf29-17cc4c909c4a role=api pod=gateway-844b974576-ckfcn method=POST path=/api/transcriptions status=200 durationMs=686
[pod/gateway-844b974576-ckfcn/gateway] 2026-10-05T23:44:58.609+00:00 INFO  http.request requestId=a9fe09c4-c333-4034-879b-b744c89148d6 role=api pod=gateway-844b974576-ckfcn method=POST path=/api/transcriptions status=200 durationMs=492
[pod/gateway-844b974576-ckfcn/gateway] 2026-10-05T23:44:58.614+00:00 INFO  http.request requestId=e41bd5cb-cc63-4f3d-9684-5967565053a4 role=api pod=gateway-844b974576-ckfcn method=POST path=/api/translations status=200 durationMs=273
[pod/gateway-844b974576-ckfcn/gateway] 2026-10-05T23:44:58.621+00:00 INFO  http.request requestId=9b12796a-f9b3-4b44-8abf-45ad4ed58259 role=api pod=gateway-844b974576-ckfcn method=POST path=/api/translations status=200 durationMs=296
[pod/gateway-844b974576-ckfcn/gateway] 2026-10-05T23:44:58.630+00:00 INFO  http.request requestId=092475db-c7fa-4d23-ae4a-7e73dfba9f27 role=api pod=gateway-844b974576-ckfcn method=POST path=/api/translations status=200 durationMs=300
[pod/gateway-844b974576-ckfcn/gateway] 2026-10-05T23:44:58.642+00:00 INFO  http.request requestId=b15921c7-b323-4928-9c7b-74db753e2ed5 role=api pod=gateway-844b974576-ckfcn method=POST path=/api/transcriptions status=200 durationMs=451
[pod/gateway-844b974576-ckfcn/gateway] 2026-10-05T23:44:58.655+00:00 INFO  http.request requestId=569bc9dd-c00f-43bc-bc53-49e35dd18ab4 role=api pod=gateway-844b974576-ckfcn method=POST path=/api/transcriptions status=200 durationMs=583
[pod/gateway-844b974576-ckfcn/gateway] 2026-10-05T23:44:58.668+00:00 INFO  http.request requestId=abf1400c-c723-4493-a4da-e2dac36233e4 role=api pod=gateway-844b974576-ckfcn method=POST path=/api/translations status=200 durationMs=306
[pod/gateway-844b974576-ckfcn/gateway] 2026-10-05T23:44:58.669+00:00 INFO  http.request requestId=7f1859ff-f761-4850-9e1f-401781faef84 role=api pod=gateway-844b974576-ckfcn method=POST path=/api/transcriptions status=200 durationMs=642
[pod/gateway-844b974576-ckfcn/gateway] 2026-10-05T23:44:58.699+00:00 INFO  http.request requestId=5f55ee97-6377-4820-b476-de4348040196 role=api pod=gateway-844b974576-ckfcn method=POST path=/api/translations status=200 durationMs=257
[pod/gateway-844b974576-ckfcn/gateway] 2026-10-05T23:44:58.719+00:00 INFO  http.request requestId=80dab1b6-e53f-42cd-9d03-62145e295f69 role=api pod=gateway-844b974576-ckfcn method=POST path=/api/translations status=200 durationMs=268
[pod/gateway-844b974576-ckfcn/gateway] 2026-10-05T23:44:58.737+00:00 INFO  http.request requestId=52544698-a49f-4454-861c-eeccc3af3e06 role=api pod=gateway-844b974576-ckfcn method=POST path=/api/transcriptions status=200 durationMs=606
[pod/gateway-844b974576-ckfcn/gateway] 2026-10-05T23:44:58.754+00:00 INFO  http.request requestId=e7696449-c1db-428a-b0a3-375f359c81aa role=api pod=gateway-844b974576-ckfcn method=POST path=/api/translations status=200 durationMs=354
[pod/gateway-844b974576-ckfcn/gateway] 2026-10-05T23:44:58.825+00:00 INFO  http.request requestId=d792d843-1089-4d84-a67e-a698977e77bc role=api pod=gateway-844b974576-ckfcn method=POST path=/api/transcriptions status=200 durationMs=664
[pod/gateway-844b974576-ckfcn/gateway] 2026-10-05T23:44:58.853+00:00 INFO  http.request requestId=901bba7b-ca2c-4044-aac0-9eeda013d9ea role=api pod=gateway-844b974576-ckfcn method=POST path=/api/transcriptions status=200 durationMs=767
[pod/gateway-844b974576-ckfcn/gateway] 2026-10-05T23:44:58.860+00:00 INFO  http.request requestId=8814c39c-bcc6-4155-825c-14c5e53bd11a role=api pod=gateway-844b974576-ckfcn method=POST path=/api/translations status=200 durationMs=218
[pod/gateway-844b974576-ckfcn/gateway] 2026-10-05T23:44:58.929+00:00 INFO  http.request requestId=21d273a2-ba77-4392-9a81-60f331767a37 role=api pod=gateway-844b974576-ckfcn method=POST path=/api/transcriptions status=200 durationMs=528
[pod/gateway-844b974576-ckfcn/gateway] 2026-10-05T23:44:58.941+00:00 INFO  http.request requestId=5d1a9388-b459-4616-a991-1926d32435d4 role=api pod=gateway-844b974576-ckfcn method=POST path=/api/translations status=200 durationMs=317
[pod/gateway-844b974576-ckfcn/gateway] 2026-10-05T23:44:58.960+00:00 INFO  http.request requestId=288dadb1-2d20-49cc-9023-cf7f63bd3740 role=api pod=gateway-844b974576-ckfcn method=POST path=/api/translations status=200 durationMs=220
[pod/gateway-844b974576-ckfcn/gateway] 2026-10-05T23:44:58.965+00:00 INFO  http.request requestId=65a85290-cc33-4057-ae6b-7f1763e2e612 role=api pod=gateway-844b974576-ckfcn method=POST path=/api/transcriptions status=200 durationMs=608
[pod/gateway-844b974576-ckfcn/gateway] 2026-10-05T23:44:58.979+00:00 INFO  http.request requestId=4660c295-cf3f-42a4-8d80-cbd08f8cde86 role=api pod=gateway-844b974576-ckfcn method=POST path=/api/translations status=200 durationMs=310
[pod/gateway-844b974576-ckfcn/gateway] 2026-10-05T23:44:59.001+00:00 INFO  http.request requestId=ae42b448-b198-4f06-ac78-7fad62637f37 role=api pod=gateway-844b974576-ckfcn method=POST path=/api/translations status=200 durationMs=294
[pod/gateway-844b974576-ckfcn/gateway] 2026-10-05T23:44:59.004+00:00 INFO  http.request requestId=d5a12da6-f5d9-42ab-90f9-f7777ecb7dee role=api pod=gateway-844b974576-ckfcn method=POST path=/api/translations status=200 durationMs=367
[pod/gateway-844b974576-ckfcn/gateway] 2026-10-05T23:44:59.015+00:00 INFO  http.request requestId=917628ab-4a2c-4c09-949c-969a389755be role=api pod=gateway-844b974576-ckfcn method=POST path=/api/translations status=200 durationMs=359
[pod/gateway-844b974576-ckfcn/gateway] 2026-10-05T23:44:59.161+00:00 INFO  http.request requestId=4b23dbb8-f641-43e8-a051-6b6522dca75b role=api pod=gateway-844b974576-ckfcn method=POST path=/api/transcriptions status=200 durationMs=745
[pod/gateway-844b974576-ckfcn/gateway] 2026-10-05T23:44:59.216+00:00 INFO  http.request requestId=66aacca4-3a88-4139-b5e6-5db40d85219b role=api pod=gateway-844b974576-ckfcn method=POST path=/api/translations status=200 durationMs=363
[pod/gateway-844b974576-ckfcn/gateway] 2026-10-05T23:44:59.238+00:00 INFO  http.request requestId=a9902a5c-79ce-4b1a-bc25-bbaf090e058c role=api pod=gateway-844b974576-ckfcn method=POST path=/api/translations status=200 durationMs=279
[pod/gateway-844b974576-ckfcn/gateway] 2026-10-05T23:44:59.247+00:00 INFO  http.request requestId=f0e62c41-8a6f-4248-af2c-3ebbb1a1f2a7 role=api pod=gateway-844b974576-ckfcn method=POST path=/api/transcriptions status=200 durationMs=546
[pod/gateway-844b974576-ckfcn/gateway] 2026-10-05T23:44:59.284+00:00 INFO  http.request requestId=51bcf926-8202-4f99-9200-0fb205f0d727 role=api pod=gateway-844b974576-ckfcn method=POST path=/api/transcriptions status=200 durationMs=702
[pod/gateway-844b974576-ckfcn/gateway] 2026-10-05T23:44:59.295+00:00 INFO  http.request requestId=a4ca10df-fd3d-46cb-9703-8eeab59bae1d role=api pod=gateway-844b974576-ckfcn method=POST path=/api/transcriptions status=200 durationMs=697
[pod/gateway-844b974576-ckfcn/gateway] 2026-10-05T23:44:59.314+00:00 INFO  http.request requestId=1619e60d-d4a0-4d69-824c-6572b9a041cd role=api pod=gateway-844b974576-ckfcn method=POST path=/api/transcriptions status=200 durationMs=747
[pod/gateway-844b974576-ckfcn/gateway] 2026-10-05T23:44:59.331+00:00 INFO  http.request requestId=107e7444-96e3-44ba-8435-8cbe2faffb16 role=api pod=gateway-844b974576-ckfcn method=POST path=/api/translations status=200 durationMs=266
[pod/gateway-844b974576-ckfcn/gateway] 2026-10-05T23:44:59.346+00:00 INFO  http.request requestId=2c7c9940-fb98-4994-8ea6-a4bd3be85423 role=api pod=gateway-844b974576-ckfcn method=POST path=/api/transcriptions status=200 durationMs=674
[pod/gateway-844b974576-ckfcn/gateway] 2026-10-05T23:44:59.402+00:00 INFO  http.request requestId=2f5019e9-4d8a-4b32-bedb-07eb73191e04 role=api pod=gateway-844b974576-ckfcn method=POST path=/api/transcriptions status=200 durationMs=641
[pod/gateway-844b974576-ckfcn/gateway] 2026-10-05T23:44:59.409+00:00 INFO  http.request requestId=8d5d4d32-5ec1-41a5-bda0-9cd1bf7e9305 role=api pod=gateway-844b974576-ckfcn method=POST path=/api/translations status=200 durationMs=210
[pod/gateway-844b974576-ckfcn/gateway] 2026-10-05T23:44:59.412+00:00 INFO  http.request requestId=1d447aed-6624-4356-ab43-b60bced709cd role=api pod=gateway-844b974576-ckfcn method=POST path=/api/transcriptions status=200 durationMs=724
[pod/gateway-844b974576-ckfcn/gateway] 2026-10-05T23:44:59.420+00:00 INFO  http.request requestId=f6f4d5be-bf8c-4721-b6ad-f7649c29c119 role=api pod=gateway-844b974576-ckfcn method=POST path=/api/transcriptions status=200 durationMs=463
[pod/gateway-844b974576-ckfcn/gateway] 2026-10-05T23:44:59.530+00:00 INFO  http.request requestId=0da3ce1f-4d95-4ac3-b665-b8f67abc2f14 role=api pod=gateway-844b974576-ckfcn method=POST path=/api/transcriptions status=200 durationMs=529
[pod/gateway-844b974576-ckfcn/gateway] 2026-10-05T23:44:59.535+00:00 INFO  http.request requestId=90420ec7-036c-4ba1-a5b3-4f220dc7bed2 role=api pod=gateway-844b974576-ckfcn method=POST path=/api/transcriptions status=200 durationMs=699
[pod/gateway-844b974576-ckfcn/gateway] 2026-10-05T23:44:59.535+00:00 INFO  http.request requestId=712c9315-7591-4cdf-b643-7eca18076b68 role=api pod=gateway-844b974576-ckfcn method=POST path=/api/transcriptions status=200 durationMs=669
[pod/gateway-844b974576-ckfcn/gateway] 2026-10-05T23:44:59.630+00:00 INFO  http.request requestId=28134e99-dbd9-472a-9350-7e8b60043593 role=api pod=gateway-844b974576-ckfcn method=POST path=/api/translations status=200 durationMs=371
[pod/gateway-844b974576-ckfcn/gateway] 2026-10-05T23:44:59.687+00:00 INFO  http.request requestId=ea220373-ce37-41c8-a8b4-86710723e814 role=api pod=gateway-844b974576-ckfcn method=POST path=/api/translations status=200 durationMs=274
[pod/gateway-844b974576-ckfcn/gateway] 2026-10-05T23:44:59.721+00:00 INFO  http.request requestId=7596d7f8-6a94-45dd-8f72-8384e417eada role=api pod=gateway-844b974576-ckfcn method=POST path=/api/translations status=200 durationMs=308
[pod/gateway-844b974576-ckfcn/gateway] 2026-10-05T23:44:59.740+00:00 INFO  http.request requestId=437a061e-8941-4a57-8592-4924b75095da role=api pod=gateway-844b974576-ckfcn method=POST path=/api/translations status=200 durationMs=315
[pod/gateway-844b974576-ckfcn/gateway] 2026-10-05T23:44:59.761+00:00 INFO  http.request requestId=71a21744-888a-4557-9abc-11416135161c role=api pod=gateway-844b974576-ckfcn method=POST path=/api/translations status=200 durationMs=225
[pod/gateway-844b974576-ckfcn/gateway] 2026-10-05T23:44:59.770+00:00 INFO  http.request requestId=84b7a484-5fcc-428f-b6a2-d7a7f6185c04 role=api pod=gateway-844b974576-ckfcn method=POST path=/api/translations status=200 durationMs=234
[pod/gateway-844b974576-ckfcn/gateway] 2026-10-05T23:44:59.771+00:00 INFO  http.request requestId=f5e65daf-d32d-4cb0-bac0-1f69460e7768 role=api pod=gateway-844b974576-ckfcn method=POST path=/api/translations status=200 durationMs=318
[pod/gateway-844b974576-ckfcn/gateway] 2026-10-05T23:44:59.775+00:00 INFO  http.request requestId=8a491f5a-bfe8-4e0b-9d22-98547639eeff role=api pod=gateway-844b974576-ckfcn method=POST path=/api/transcriptions status=200 durationMs=802
[pod/gateway-844b974576-ckfcn/gateway] 2026-10-05T23:44:59.807+00:00 INFO  http.request requestId=eff42f8f-06c2-44ee-9dcd-5ed612ecbe16 role=api pod=gateway-844b974576-ckfcn method=POST path=/api/transcriptions status=200 durationMs=791
[pod/gateway-844b974576-ckfcn/gateway] 2026-10-05T23:44:59.892+00:00 INFO  http.request requestId=bf9dbb01-5f24-4add-815d-c0456a3f0b9a role=api pod=gateway-844b974576-ckfcn method=POST path=/api/transcriptions status=200 durationMs=770
[pod/gateway-844b974576-ckfcn/gateway] 2026-10-05T23:44:59.895+00:00 INFO  http.request requestId=0b854648-43ce-4e39-a389-b410de3aff9f role=api pod=gateway-844b974576-ckfcn method=POST path=/api/transcriptions status=200 durationMs=638
[pod/gateway-844b974576-ckfcn/gateway] 2026-10-05T23:44:59.895+00:00 INFO  http.request requestId=bcd46dc0-59d2-439a-9192-95fc7c896939 role=api pod=gateway-844b974576-ckfcn method=POST path=/api/translations status=200 durationMs=365
[pod/gateway-844b974576-ckfcn/gateway] 2026-10-05T23:44:59.925+00:00 INFO  http.request requestId=cea4153f-d64f-4b6b-a184-6f90933e61a9 role=api pod=gateway-844b974576-ckfcn method=POST path=/api/transcriptions status=200 durationMs=758
[pod/gateway-844b974576-ckfcn/gateway] 2026-10-05T23:44:59.935+00:00 INFO  http.request requestId=ef4fd92b-a021-4607-9b13-64aebc672ccf role=api pod=gateway-844b974576-ckfcn method=POST path=/api/transcriptions status=200 durationMs=529
[pod/gateway-844b974576-ckfcn/gateway] 2026-10-05T23:44:59.957+00:00 INFO  http.request requestId=2fc49ad1-8805-460a-90de-ed58bdc3dea3 role=api pod=gateway-844b974576-ckfcn method=POST path=/api/transcriptions status=200 durationMs=416
[pod/gateway-844b974576-ckfcn/gateway] 2026-10-05T23:44:59.975+00:00 INFO  http.request requestId=e9f52353-5b67-4ddf-ad05-f78e7ca865a6 role=api pod=gateway-844b974576-ckfcn method=POST path=/api/transcriptions status=200 durationMs=644
[pod/gateway-844b974576-ckfcn/gateway] 2026-10-05T23:45:00.008+00:00 INFO  http.request requestId=a12e1d7b-dc73-4d27-a341-073acc221d7a role=api pod=gateway-844b974576-ckfcn method=POST path=/api/transcriptions status=200 durationMs=587
[pod/gateway-844b974576-ckfcn/gateway] 2026-10-05T23:45:00.028+00:00 INFO  http.request requestId=e919b41a-8a6c-438c-a1c7-da6f7a29de39 role=api pod=gateway-844b974576-ckfcn method=POST path=/api/translations status=200 durationMs=247
[pod/gateway-844b974576-ckfcn/gateway] 2026-10-05T23:45:00.032+00:00 INFO  http.request requestId=e8c8778b-8403-4f0c-b61d-f3c9786c3537 role=api pod=gateway-844b974576-ckfcn method=POST path=/api/transcriptions status=200 durationMs=730
[pod/gateway-844b974576-ckfcn/gateway] 2026-10-05T23:45:00.039+00:00 INFO  http.request requestId=8ffc4449-7ab2-4d73-8ca1-572605cdee93 role=api pod=gateway-844b974576-ckfcn method=POST path=/api/transcriptions status=200 durationMs=692
[pod/gateway-844b974576-ckfcn/gateway] 2026-10-05T23:45:00.059+00:00 INFO  http.request requestId=98cc49a7-e8b9-4f89-880f-810940dcf745 role=api pod=gateway-844b974576-ckfcn method=POST path=/api/translations status=200 durationMs=345
[pod/gateway-844b974576-ckfcn/gateway] 2026-10-05T23:45:00.063+00:00 INFO  http.request requestId=f15e347c-934c-4e40-8105-7b05008f5dad role=api pod=gateway-844b974576-ckfcn method=POST path=/api/transcriptions status=200 durationMs=778
[pod/gateway-844b974576-ckfcn/gateway] 2026-10-05T23:45:00.133+00:00 INFO  http.request requestId=6e353da3-cdc8-4291-9fc2-2a8785720635 role=api pod=gateway-844b974576-ckfcn method=POST path=/api/translations status=200 durationMs=384
[pod/gateway-844b974576-ckfcn/gateway] 2026-10-05T23:45:00.144+00:00 INFO  http.request requestId=a3d5b52a-0e55-4ba8-963e-0bd61efe2afd role=api pod=gateway-844b974576-ckfcn method=POST path=/api/translations status=200 durationMs=275
[pod/gateway-844b974576-ckfcn/gateway] 2026-10-05T23:45:00.154+00:00 INFO  http.request requestId=ae0f3cbd-b7e5-4552-87dc-4cab797daf77 role=api pod=gateway-844b974576-ckfcn method=POST path=/api/translations status=200 durationMs=258
[pod/gateway-844b974576-ckfcn/gateway] 2026-10-05T23:45:00.160+00:00 INFO  http.request requestId=eb8775cf-5a0c-4db7-aa82-221026bfef9b role=api pod=gateway-844b974576-ckfcn method=POST path=/api/translations status=200 durationMs=384
[pod/gateway-844b974576-ckfcn/gateway] 2026-10-05T23:45:00.211+00:00 INFO  http.request requestId=f0d6ff45-8531-4f9c-96c2-7eea81648e34 role=api pod=gateway-844b974576-ckfcn method=POST path=/api/translations status=200 durationMs=276
[pod/gateway-844b974576-ckfcn/gateway] 2026-10-05T23:45:00.233+00:00 INFO  http.request requestId=a6abf47f-a141-4814-8841-48ca4c5cbcd2 role=api pod=gateway-844b974576-ckfcn method=POST path=/api/translations status=200 durationMs=305
[pod/gateway-844b974576-ckfcn/gateway] 2026-10-05T23:45:00.322+00:00 INFO  http.request requestId=4b847205-839e-462e-a341-66f31d71754c role=api pod=gateway-844b974576-ckfcn method=POST path=/api/transcriptions status=200 durationMs=690
[pod/gateway-844b974576-ckfcn/gateway] 2026-10-05T23:45:00.324+00:00 INFO  http.request requestId=4bd2bf1e-aab7-498c-91c2-92eeafe1846c role=api pod=gateway-844b974576-ckfcn method=POST path=/api/translations status=200 durationMs=401
[pod/gateway-844b974576-ckfcn/gateway] 2026-10-05T23:45:00.356+00:00 INFO  http.request requestId=b40bf62b-3c5c-4d3c-abd3-55dfd4c09355 role=api pod=gateway-844b974576-ckfcn method=POST path=/api/translations status=200 durationMs=315
[pod/gateway-844b974576-ckfcn/gateway] 2026-10-05T23:45:00.360+00:00 INFO  http.request requestId=0890a07f-18f1-402b-8119-2509b06a58d5 role=api pod=gateway-844b974576-ckfcn method=POST path=/api/translations status=200 durationMs=395
[pod/gateway-844b974576-ckfcn/gateway] 2026-10-05T23:45:00.403+00:00 INFO  http.request requestId=f7867abd-315f-4392-b375-2b3794e64c77 role=api pod=gateway-844b974576-ckfcn method=POST path=/api/translations status=200 durationMs=257
[pod/gateway-844b974576-ckfcn/gateway] 2026-10-05T23:45:00.421+00:00 INFO  http.request requestId=f3ddacb8-6aea-431b-8c44-70becf0d444e role=api pod=gateway-844b974576-ckfcn method=POST path=/api/transcriptions status=200 durationMs=459
[pod/gateway-844b974576-ckfcn/gateway] 2026-10-05T23:45:00.421+00:00 INFO  http.request requestId=9c99c960-7412-442d-9f9d-24343793ce9a role=api pod=gateway-844b974576-ckfcn method=POST path=/api/translations status=200 durationMs=389
[pod/gateway-844b974576-ckfcn/gateway] 2026-10-05T23:45:00.436+00:00 INFO  http.request requestId=7a34cf1e-d80e-4b72-9ff1-5d4d3a993e9c role=api pod=gateway-844b974576-ckfcn method=POST path=/api/transcriptions status=200 durationMs=490
[pod/gateway-844b974576-ckfcn/gateway] 2026-10-05T23:45:00.504+00:00 INFO  http.request requestId=c84672a1-7391-41a0-93f4-aa13f34649c4 role=api pod=gateway-844b974576-ckfcn method=POST path=/api/translations status=200 durationMs=304
[pod/gateway-844b974576-ckfcn/gateway] 2026-10-05T23:45:00.564+00:00 INFO  http.request requestId=4cbba486-154a-48a8-8877-717d1ad9037e role=api pod=gateway-844b974576-ckfcn method=POST path=/api/translations status=200 durationMs=329
[pod/gateway-844b974576-ckfcn/gateway] 2026-10-05T23:45:00.564+00:00 INFO  http.request requestId=98be160f-bd44-4981-86f5-23de65e4c1fb role=api pod=gateway-844b974576-ckfcn method=POST path=/api/translations status=200 durationMs=343
[pod/gateway-844b974576-ckfcn/gateway] 2026-10-05T23:45:00.593+00:00 INFO  http.request requestId=4ce473cd-9210-4f73-809c-6db81bf486f1 role=api pod=gateway-844b974576-ckfcn method=POST path=/api/transcriptions status=200 durationMs=422
[pod/gateway-844b974576-ckfcn/gateway] 2026-10-05T23:45:00.629+00:00 INFO  http.request requestId=91b2718a-e0cc-4df2-8c29-c49f7888a7f8 role=api pod=gateway-844b974576-ckfcn method=POST path=/api/translations status=200 durationMs=219
[pod/gateway-844b974576-ckfcn/gateway] 2026-10-05T23:45:00.654+00:00 INFO  http.request requestId=2c3e560c-a7b9-43f2-9e60-0d32aee2e841 role=api pod=gateway-844b974576-ckfcn method=POST path=/api/transcriptions status=200 durationMs=632
[pod/gateway-844b974576-ckfcn/gateway] 2026-10-05T23:45:00.657+00:00 INFO  http.request requestId=8a7d2203-2cf1-46c8-8e80-e1b95165da1a role=api pod=gateway-844b974576-ckfcn method=POST path=/api/translations status=200 durationMs=308
[pod/gateway-844b974576-ckfcn/gateway] 2026-10-05T23:45:00.674+00:00 INFO  http.request requestId=daa99d01-69d1-4d34-8a48-d8fc66445e94 role=api pod=gateway-844b974576-ckfcn method=POST path=/api/transcriptions status=200 durationMs=772
[pod/gateway-844b974576-ckfcn/gateway] 2026-10-05T23:45:00.760+00:00 INFO  http.request requestId=a1ca72c9-01e2-4f8d-8b9e-197beb0ba2c3 role=api pod=gateway-844b974576-ckfcn method=POST path=/api/transcriptions status=200 durationMs=784
[pod/gateway-844b974576-ckfcn/gateway] 2026-10-05T23:45:00.773+00:00 INFO  http.request requestId=ebe91a2c-f132-4451-bfa2-4c6a867657fc role=api pod=gateway-844b974576-ckfcn method=POST path=/api/transcriptions status=200 durationMs=407
[pod/gateway-844b974576-ckfcn/gateway] 2026-10-05T23:45:00.804+00:00 INFO  http.request requestId=d5e7bea4-32b0-4858-81c7-822f3201373c role=api pod=gateway-844b974576-ckfcn method=POST path=/api/translations status=200 durationMs=367
[pod/gateway-844b974576-ckfcn/gateway] 2026-10-05T23:45:00.806+00:00 INFO  http.request requestId=57225616-c1c6-4882-9d71-a95bb22c8766 role=api pod=gateway-844b974576-ckfcn method=POST path=/api/transcriptions status=200 durationMs=769
[pod/gateway-844b974576-ckfcn/gateway] 2026-10-05T23:45:00.838+00:00 INFO  http.request requestId=431440a2-aed0-4d87-ad88-d085ecc0d572 role=api pod=gateway-844b974576-ckfcn method=POST path=/api/transcriptions status=200 durationMs=696
[pod/gateway-844b974576-ckfcn/gateway] 2026-10-05T23:45:00.843+00:00 INFO  http.request requestId=8ea111f0-f49f-4862-9814-4ca3779c4207 role=api pod=gateway-844b974576-ckfcn method=POST path=/api/transcriptions status=200 durationMs=776
[pod/gateway-844b974576-ckfcn/gateway] 2026-10-05T23:45:00.956+00:00 INFO  http.request requestId=ad3906a6-2b21-4b01-afd4-d1a09756e816 role=api pod=gateway-844b974576-ckfcn method=POST path=/api/translations status=200 durationMs=301
[pod/gateway-844b974576-ckfcn/gateway] 2026-10-05T23:45:00.960+00:00 INFO  http.request requestId=f5a9beb2-f2e9-46eb-953f-9809d1bc7976 role=api pod=gateway-844b974576-ckfcn method=POST path=/api/transcriptions status=200 durationMs=503
[pod/gateway-844b974576-ckfcn/gateway] 2026-10-05T23:45:01.027+00:00 INFO  http.request requestId=4fa43536-6965-4610-a01a-8f64067595d7 role=api pod=gateway-844b974576-ckfcn method=POST path=/api/translations status=200 durationMs=353
[pod/gateway-844b974576-ckfcn/gateway] 2026-10-05T23:45:01.036+00:00 INFO  http.request requestId=3a3df7e3-728e-4497-b744-466fa627c77f role=api pod=gateway-844b974576-ckfcn method=POST path=/api/translations status=200 durationMs=254
[pod/gateway-844b974576-ckfcn/gateway] 2026-10-05T23:45:01.076+00:00 INFO  http.request requestId=fc1e00fe-4da2-4221-9b42-b6eac8409a2a role=api pod=gateway-844b974576-ckfcn method=POST path=/api/translations status=200 durationMs=394
[pod/gateway-844b974576-ckfcn/gateway] 2026-10-05T23:45:01.098+00:00 INFO  http.request requestId=e9537009-f722-46d6-9d3b-9516e3dc2acb role=api pod=gateway-844b974576-ckfcn method=POST path=/api/transcriptions status=200 durationMs=670
[pod/gateway-844b974576-ckfcn/gateway] 2026-10-05T23:45:01.150+00:00 INFO  http.request requestId=75fddcb1-2923-441a-a3e2-fe1227cd1857 role=api pod=gateway-844b974576-ckfcn method=POST path=/api/translations status=200 durationMs=312
[pod/gateway-844b974576-ckfcn/gateway] 2026-10-05T23:45:01.193+00:00 INFO  http.request requestId=e9d87cea-947b-4f4b-ba95-cfde2157a206 role=api pod=gateway-844b974576-ckfcn method=POST path=/api/transcriptions status=200 durationMs=616
[pod/gateway-844b974576-ckfcn/gateway] 2026-10-05T23:45:01.262+00:00 INFO  http.request requestId=9a5a4ee4-75b4-435d-89f0-3651230bb028 role=api pod=gateway-844b974576-ckfcn method=POST path=/api/transcriptions status=200 durationMs=656
[pod/gateway-844b974576-ckfcn/gateway] 2026-10-05T23:45:01.292+00:00 INFO  http.request requestId=590187fb-3e68-4dc4-b467-1a3976d655ed role=api pod=gateway-844b974576-ckfcn method=POST path=/api/translations status=200 durationMs=256
[pod/gateway-844b974576-ckfcn/gateway] 2026-10-05T23:45:01.316+00:00 INFO  http.request requestId=11c07105-a65e-40d8-9603-3e2b0903a1d3 role=api pod=gateway-844b974576-ckfcn method=POST path=/api/transcriptions status=200 durationMs=12004
[pod/gateway-844b974576-ckfcn/gateway] 2026-10-05T23:45:01.454+00:00 INFO  http.request requestId=324fbb82-f65e-4be9-b5f7-0558e9e7db51 role=api pod=gateway-844b974576-ckfcn method=POST path=/api/translations status=200 durationMs=260
[pod/gateway-844b974576-ckfcn/gateway] 2026-10-05T23:45:01.454+00:00 INFO  http.request requestId=94ae4fe4-f56c-4020-bc58-17480c887442 role=api pod=gateway-844b974576-ckfcn method=POST path=/api/translations status=200 durationMs=335
[pod/gateway-844b974576-ckfcn/gateway] 2026-10-05T23:45:01.475+00:00 INFO  http.request requestId=6532df12-9ee1-4f0b-b964-8666c03d1de0 role=api pod=gateway-844b974576-ckfcn method=POST path=/api/translations status=200 durationMs=376
[pod/gateway-844b974576-ckfcn/gateway] 2026-10-05T23:45:01.544+00:00 INFO  http.request requestId=da81863e-2a1d-46c3-9b26-fb9bfd5c0c18 role=api pod=gateway-844b974576-ckfcn method=POST path=/api/translations status=200 durationMs=251
[pod/gateway-844b974576-ckfcn/gateway] 2026-10-05T23:45:02.008+00:00 INFO  http.request requestId=7560dcd4-4570-48a5-ab29-34572773c4f0 role=api pod=gateway-844b974576-ckfcn method=POST path=/api/translations status=200 durationMs=3003
[pod/gateway-844b974576-ckfcn/gateway] 2026-10-05T23:45:02.817+00:00 INFO  http.request requestId=dd3b15d4-3d10-468c-9786-6b0bc8d2e909 role=api pod=gateway-844b974576-ckfcn method=POST path=/api/transcriptions status=200 durationMs=12005
[pod/gateway-844b974576-ckfcn/gateway] 2026-10-05T23:45:03.554+00:00 INFO  http.request requestId=0776c2e1-e166-4c23-aea6-c0b1beab969d role=api pod=gateway-844b974576-ckfcn method=POST path=/api/translations status=200 durationMs=3007
[pod/gateway-844b974576-ckfcn/gateway] 2026-10-05T23:45:11.818+00:00 INFO  http.request requestId=29fb7977-0fb3-42c4-9fba-31e0c5855c56 role=api pod=gateway-844b974576-ckfcn method=POST path=/api/transcriptions status=200 durationMs=12006
[pod/gateway-844b974576-l5zlv/gateway] 2026-10-05T23:44:51.830+00:00 INFO  http.request requestId=4b8e3060-664e-4c2c-8b34-67f9b3b7fe2b role=api pod=gateway-844b974576-l5zlv method=POST path=/api/translations status=200 durationMs=346
[pod/gateway-844b974576-l5zlv/gateway] 2026-10-05T23:44:51.856+00:00 INFO  http.request requestId=be6ab2fe-62d5-4efa-ad51-dbbe03072e36 role=api pod=gateway-844b974576-l5zlv method=POST path=/api/translations status=200 durationMs=211
[pod/gateway-844b974576-l5zlv/gateway] 2026-10-05T23:44:51.861+00:00 INFO  http.request requestId=08e7b58b-3e0f-493d-99f9-d3268c91aa35 role=api pod=gateway-844b974576-l5zlv method=POST path=/api/translations status=200 durationMs=360
[pod/gateway-844b974576-l5zlv/gateway] 2026-10-05T23:44:51.879+00:00 INFO  http.request requestId=b6384b21-8628-4ad1-87bc-288d9d80b728 role=api pod=gateway-844b974576-l5zlv method=POST path=/api/translations status=200 durationMs=262
[pod/gateway-844b974576-l5zlv/gateway] 2026-10-05T23:44:51.903+00:00 INFO  http.request requestId=ed345fd8-1184-44e6-a3c8-43a0ca9b90cd role=api pod=gateway-844b974576-l5zlv method=POST path=/api/transcriptions status=200 durationMs=446
[pod/gateway-844b974576-l5zlv/gateway] 2026-10-05T23:44:51.920+00:00 INFO  http.request requestId=34bb79bd-18ff-4fdd-aa66-362232aa7da0 role=api pod=gateway-844b974576-l5zlv method=POST path=/api/transcriptions status=200 durationMs=659
[pod/gateway-844b974576-l5zlv/gateway] 2026-10-05T23:44:51.953+00:00 INFO  http.request requestId=dd7c17c0-b7ea-4334-9871-43ebbdbe5b4f role=api pod=gateway-844b974576-l5zlv method=POST path=/api/transcriptions status=200 durationMs=421
[pod/gateway-844b974576-l5zlv/gateway] 2026-10-05T23:44:52.003+00:00 INFO  http.request requestId=3c1704c6-6d30-4146-8454-a5d331a2e170 role=api pod=gateway-844b974576-l5zlv method=POST path=/api/translations status=200 durationMs=246
[pod/gateway-844b974576-l5zlv/gateway] 2026-10-05T23:44:52.006+00:00 INFO  http.request requestId=1f064c97-2a6c-450c-b80b-4448c142872d role=api pod=gateway-844b974576-l5zlv method=POST path=/api/transcriptions status=200 durationMs=580
[pod/gateway-844b974576-l5zlv/gateway] 2026-10-05T23:44:52.039+00:00 INFO  http.request requestId=aa6e417b-1c38-4b12-9993-90812c470fae role=api pod=gateway-844b974576-l5zlv method=POST path=/api/transcriptions status=200 durationMs=568
[pod/gateway-844b974576-l5zlv/gateway] 2026-10-05T23:44:52.041+00:00 INFO  http.request requestId=f2582388-13e0-478a-87cc-02c894aadae4 role=api pod=gateway-844b974576-l5zlv method=POST path=/api/transcriptions status=200 durationMs=433
[pod/gateway-844b974576-l5zlv/gateway] 2026-10-05T23:44:52.133+00:00 INFO  http.request requestId=27d34962-df6b-4c18-a03d-2180428f7bdc role=api pod=gateway-844b974576-l5zlv method=POST path=/api/translations status=200 durationMs=267
[pod/gateway-844b974576-l5zlv/gateway] 2026-10-05T23:44:52.135+00:00 INFO  http.request requestId=017e175f-9652-4b27-a7f1-bf4ddf80dc3e role=api pod=gateway-844b974576-l5zlv method=POST path=/api/translations status=200 durationMs=235
[pod/gateway-844b974576-l5zlv/gateway] 2026-10-05T23:44:52.168+00:00 INFO  http.request requestId=528ca69c-2917-4f33-af0e-5a70d6b527e0 role=api pod=gateway-844b974576-l5zlv method=POST path=/api/translations status=200 durationMs=390
[pod/gateway-844b974576-l5zlv/gateway] 2026-10-05T23:44:52.173+00:00 INFO  http.request requestId=1f6eea13-65fc-4b36-99b6-2af251bc3e50 role=api pod=gateway-844b974576-l5zlv method=POST path=/api/translations status=200 durationMs=209
[pod/gateway-844b974576-l5zlv/gateway] 2026-10-05T23:44:52.221+00:00 INFO  http.request requestId=a773f289-4af6-47e3-916c-84c8af08c930 role=api pod=gateway-844b974576-l5zlv method=POST path=/api/transcriptions status=200 durationMs=644
[pod/gateway-844b974576-l5zlv/gateway] 2026-10-05T23:44:52.269+00:00 INFO  http.request requestId=99bd9ac9-1850-415e-8883-03e9af03838c role=api pod=gateway-844b974576-l5zlv method=POST path=/api/translations status=200 durationMs=365
[pod/gateway-844b974576-l5zlv/gateway] 2026-10-05T23:44:52.271+00:00 INFO  http.request requestId=495abd16-7df2-4add-82aa-ed0ca2a35a92 role=api pod=gateway-844b974576-l5zlv method=POST path=/api/translations status=200 durationMs=230
[pod/gateway-844b974576-l5zlv/gateway] 2026-10-05T23:44:52.307+00:00 INFO  http.request requestId=b270a1a4-839b-4163-80d8-ee872242abe5 role=api pod=gateway-844b974576-l5zlv method=POST path=/api/translations status=200 durationMs=389
[pod/gateway-844b974576-l5zlv/gateway] 2026-10-05T23:44:52.334+00:00 INFO  http.request requestId=1732f133-47c9-4c18-852b-51b535e936d3 role=api pod=gateway-844b974576-l5zlv method=POST path=/api/translations status=200 durationMs=325
[pod/gateway-844b974576-l5zlv/gateway] 2026-10-05T23:44:52.352+00:00 INFO  http.request requestId=d166da5d-00b3-4bc7-976f-66de64efff79 role=api pod=gateway-844b974576-l5zlv method=POST path=/api/translations status=200 durationMs=346
[pod/gateway-844b974576-l5zlv/gateway] 2026-10-05T23:44:52.358+00:00 INFO  http.request requestId=3349d856-5f8f-479c-9a08-00788699ae15 role=api pod=gateway-844b974576-l5zlv method=POST path=/api/translations status=200 durationMs=249
[pod/gateway-844b974576-l5zlv/gateway] 2026-10-05T23:44:52.375+00:00 INFO  http.request requestId=2ebfdb7b-6484-452a-a727-f78f22b1a91b role=api pod=gateway-844b974576-l5zlv method=POST path=/api/transcriptions status=200 durationMs=737
[pod/gateway-844b974576-l5zlv/gateway] 2026-10-05T23:44:52.408+00:00 INFO  http.request requestId=55621c7d-1355-41bd-bf7d-14aaea7159b3 role=api pod=gateway-844b974576-l5zlv method=POST path=/api/transcriptions status=200 durationMs=577
[pod/gateway-844b974576-l5zlv/gateway] 2026-10-05T23:44:52.432+00:00 INFO  http.request requestId=fab0b099-6fa1-4eb7-b9c8-92675ea6c023 role=api pod=gateway-844b974576-l5zlv method=POST path=/api/translations status=200 durationMs=226
[pod/gateway-844b974576-l5zlv/gateway] 2026-10-05T23:44:52.449+00:00 INFO  http.request requestId=081ede6f-feb2-427e-87d7-c56111b01a40 role=api pod=gateway-844b974576-l5zlv method=POST path=/api/transcriptions status=200 durationMs=407
[pod/gateway-844b974576-l5zlv/gateway] 2026-10-05T23:44:52.450+00:00 INFO  http.request requestId=e5e03dbf-685e-4520-8a3a-9d99ef3e7daf role=api pod=gateway-844b974576-l5zlv method=POST path=/api/translations status=200 durationMs=312
[pod/gateway-844b974576-l5zlv/gateway] 2026-10-05T23:44:52.530+00:00 INFO  http.request requestId=f8905d70-cec7-4b5d-a593-ff9bfcdcd015 role=api pod=gateway-844b974576-l5zlv method=POST path=/api/translations status=200 durationMs=309
[pod/gateway-844b974576-l5zlv/gateway] 2026-10-05T23:44:52.622+00:00 INFO  http.request requestId=77b1fb78-3e54-48b4-bc23-521d5b473a8c role=api pod=gateway-844b974576-l5zlv method=POST path=/api/transcriptions status=200 durationMs=700
[pod/gateway-844b974576-l5zlv/gateway] 2026-10-05T23:44:52.627+00:00 INFO  http.request requestId=e8532a66-5c0f-4d37-8336-9bfa9ae2e54a role=api pod=gateway-844b974576-l5zlv method=POST path=/api/translations status=200 durationMs=252
[pod/gateway-844b974576-l5zlv/gateway] 2026-10-05T23:44:52.639+00:00 INFO  http.request requestId=973e7b0a-2cf0-4629-b88a-9557df792e05 role=api pod=gateway-844b974576-l5zlv method=POST path=/api/transcriptions status=200 durationMs=417
[pod/gateway-844b974576-l5zlv/gateway] 2026-10-05T23:44:52.669+00:00 INFO  http.request requestId=1d3bdf3b-b207-422b-9630-66ec11bfe472 role=api pod=gateway-844b974576-l5zlv method=POST path=/api/translations status=200 durationMs=212
[pod/gateway-844b974576-l5zlv/gateway] 2026-10-05T23:44:52.670+00:00 INFO  http.request requestId=dc35a0fb-7421-404f-bfde-0ab22109e35d role=api pod=gateway-844b974576-l5zlv method=POST path=/api/translations status=200 durationMs=354
[pod/gateway-844b974576-l5zlv/gateway] 2026-10-05T23:44:52.714+00:00 INFO  http.request requestId=d78e1af5-cab4-45d1-b9c8-988518e6f553 role=api pod=gateway-844b974576-l5zlv method=POST path=/api/translations status=200 durationMs=306
[pod/gateway-844b974576-l5zlv/gateway] 2026-10-05T23:44:52.718+00:00 INFO  http.request requestId=e735c7b6-0f6e-45c1-98df-dd562f73f15b role=api pod=gateway-844b974576-l5zlv method=POST path=/api/translations status=200 durationMs=341
[pod/gateway-844b974576-l5zlv/gateway] 2026-10-05T23:44:52.729+00:00 INFO  http.request requestId=b853b2cd-e334-4a13-8d71-380b06e7c7c5 role=api pod=gateway-844b974576-l5zlv method=POST path=/api/translations status=200 durationMs=368
[pod/gateway-844b974576-l5zlv/gateway] 2026-10-05T23:44:52.806+00:00 INFO  http.request requestId=df768f26-bf69-4498-a827-88625f7e2077 role=api pod=gateway-844b974576-l5zlv method=POST path=/api/translations status=200 durationMs=362
[pod/gateway-844b974576-l5zlv/gateway] 2026-10-05T23:44:52.877+00:00 INFO  http.request requestId=e7912228-155d-4080-8821-020229e33e75 role=api pod=gateway-844b974576-l5zlv method=POST path=/api/transcriptions status=200 durationMs=731
[pod/gateway-844b974576-l5zlv/gateway] 2026-10-05T23:44:52.886+00:00 INFO  http.request requestId=51335ffc-e68b-4fc0-b8d5-53ccaf5d47ac role=api pod=gateway-844b974576-l5zlv method=POST path=/api/translations status=200 durationMs=210
[pod/gateway-844b974576-l5zlv/gateway] 2026-10-05T23:44:52.960+00:00 INFO  http.request requestId=6d6357c8-707e-4d58-b6dc-2affa32b9155 role=api pod=gateway-844b974576-l5zlv method=POST path=/api/transcriptions status=200 durationMs=604
[pod/gateway-844b974576-l5zlv/gateway] 2026-10-05T23:44:52.973+00:00 INFO  http.request requestId=0b413f56-b376-4451-9011-4296391a8429 role=api pod=gateway-844b974576-l5zlv method=POST path=/api/translations status=200 durationMs=258
[pod/gateway-844b974576-l5zlv/gateway] 2026-10-05T23:44:53.025+00:00 INFO  http.request requestId=c7a503ec-dba7-4195-a9ca-10b3b550d6b1 role=api pod=gateway-844b974576-l5zlv method=POST path=/api/translations status=200 durationMs=300
[pod/gateway-844b974576-l5zlv/gateway] 2026-10-05T23:44:53.033+00:00 INFO  http.request requestId=effcf166-adff-40f7-8570-28069f88d6b5 role=api pod=gateway-844b974576-l5zlv method=POST path=/api/translations status=200 durationMs=396
[pod/gateway-844b974576-l5zlv/gateway] 2026-10-05T23:44:53.061+00:00 INFO  http.request requestId=0994d720-e11d-4e86-8a8e-d9b5a75edbfd role=api pod=gateway-844b974576-l5zlv method=POST path=/api/translations status=200 durationMs=387
[pod/gateway-844b974576-l5zlv/gateway] 2026-10-05T23:44:53.127+00:00 INFO  http.request requestId=3defbbf9-8017-4edc-a34a-08954bf12d43 role=api pod=gateway-844b974576-l5zlv method=POST path=/api/transcriptions status=200 durationMs=500
[pod/gateway-844b974576-l5zlv/gateway] 2026-10-05T23:44:53.176+00:00 INFO  http.request requestId=c67df1be-7db7-45d6-a7c4-6cc775a2afa0 role=api pod=gateway-844b974576-l5zlv method=POST path=/api/translations status=200 durationMs=366
[pod/gateway-844b974576-l5zlv/gateway] 2026-10-05T23:44:53.184+00:00 INFO  http.request requestId=e646800e-c983-4061-b1c4-45515251c035 role=api pod=gateway-844b974576-l5zlv method=POST path=/api/transcriptions status=200 durationMs=602
[pod/gateway-844b974576-l5zlv/gateway] 2026-10-05T23:44:53.226+00:00 INFO  http.request requestId=71b2e37e-718a-4032-8e4f-0cad06bcbc1f role=api pod=gateway-844b974576-l5zlv method=POST path=/api/translations status=200 durationMs=264
[pod/gateway-844b974576-l5zlv/gateway] 2026-10-05T23:44:53.228+00:00 INFO  http.request requestId=92b4918d-4723-436a-8691-b7dc554f5e83 role=api pod=gateway-844b974576-l5zlv method=POST path=/api/transcriptions status=200 durationMs=585
[pod/gateway-844b974576-l5zlv/gateway] 2026-10-05T23:44:53.231+00:00 INFO  http.request requestId=532f1a88-7797-43f7-bfd8-6fd57c580d2c role=api pod=gateway-844b974576-l5zlv method=POST path=/api/translations status=200 durationMs=336
[pod/gateway-844b974576-l5zlv/gateway] 2026-10-05T23:44:53.243+00:00 INFO  http.request requestId=59330b26-cb49-4db7-84a9-d16b3e262714 role=api pod=gateway-844b974576-l5zlv method=POST path=/api/transcriptions status=200 durationMs=782
[pod/gateway-844b974576-l5zlv/gateway] 2026-10-05T23:44:53.292+00:00 INFO  http.request requestId=713f5c0b-ea26-408f-ac30-e94a47aef404 role=api pod=gateway-844b974576-l5zlv method=POST path=/api/translations status=200 durationMs=219
[pod/gateway-844b974576-l5zlv/gateway] 2026-10-05T23:44:53.346+00:00 INFO  http.request requestId=b120564f-3708-4f74-9d5f-00dd54edb6bf role=api pod=gateway-844b974576-l5zlv method=POST path=/api/translations status=200 durationMs=368
[pod/gateway-844b974576-l5zlv/gateway] 2026-10-05T23:44:53.402+00:00 INFO  http.request requestId=a2ce2f59-9731-4fa0-981e-01c9901e19a3 role=api pod=gateway-844b974576-l5zlv method=POST path=/api/transcriptions status=200 durationMs=491
[pod/gateway-844b974576-l5zlv/gateway] 2026-10-05T23:44:53.409+00:00 INFO  http.request requestId=d2c9f965-010c-4d30-8d61-16cb0fb390c7 role=api pod=gateway-844b974576-l5zlv method=POST path=/api/transcriptions status=200 durationMs=647
[pod/gateway-844b974576-l5zlv/gateway] 2026-10-05T23:44:53.441+00:00 INFO  http.request requestId=d5ffa452-7d17-47b9-a95b-e48b5502ca76 role=api pod=gateway-844b974576-l5zlv method=POST path=/api/translations status=200 durationMs=385
[pod/gateway-844b974576-l5zlv/gateway] 2026-10-05T23:44:53.448+00:00 INFO  http.request requestId=10404b17-052a-4c26-8ad6-f0b48182010b role=api pod=gateway-844b974576-l5zlv method=POST path=/api/translations status=200 durationMs=313
[pod/gateway-844b974576-l5zlv/gateway] 2026-10-05T23:44:53.469+00:00 INFO  http.request requestId=cdf9627e-9edd-4a27-9b8b-93b42b7344c3 role=api pod=gateway-844b974576-l5zlv method=POST path=/api/translations status=200 durationMs=282
[pod/gateway-844b974576-l5zlv/gateway] 2026-10-05T23:44:53.511+00:00 INFO  http.request requestId=c2fc4a5f-17e1-49c9-9b96-e743d8d71bf2 role=api pod=gateway-844b974576-l5zlv method=POST path=/api/translations status=200 durationMs=267
[pod/gateway-844b974576-l5zlv/gateway] 2026-10-05T23:44:53.512+00:00 INFO  http.request requestId=e181d7bd-46c5-44d9-b80f-d16494b08579 role=api pod=gateway-844b974576-l5zlv method=POST path=/api/translations status=200 durationMs=283
[pod/gateway-844b974576-l5zlv/gateway] 2026-10-05T23:44:53.723+00:00 INFO  http.request requestId=611685c6-1739-4bfe-81c8-617762672bf7 role=api pod=gateway-844b974576-l5zlv method=POST path=/api/translations status=200 durationMs=245
[pod/gateway-844b974576-l5zlv/gateway] 2026-10-05T23:44:53.735+00:00 INFO  http.request requestId=3ac9e3d1-c131-40a3-86bb-0057154da8eb role=api pod=gateway-844b974576-l5zlv method=POST path=/api/translations status=200 durationMs=317
[pod/gateway-844b974576-l5zlv/gateway] 2026-10-05T23:44:53.754+00:00 INFO  http.request requestId=fe4dc60b-14bc-4f8b-9dc1-25569094b81b role=api pod=gateway-844b974576-l5zlv method=POST path=/api/translations status=200 durationMs=396
[pod/gateway-844b974576-l5zlv/gateway] 2026-10-05T23:44:53.770+00:00 INFO  http.request requestId=ea76a125-9964-44a0-85ff-feb8daa9f837 role=api pod=gateway-844b974576-l5zlv method=POST path=/api/transcriptions status=200 durationMs=543
[pod/gateway-844b974576-l5zlv/gateway] 2026-10-05T23:44:53.778+00:00 INFO  http.request requestId=9ca9c015-34b7-4356-9721-b448d5142da9 role=api pod=gateway-844b974576-l5zlv method=POST path=/api/transcriptions status=200 durationMs=746
[pod/gateway-844b974576-l5zlv/gateway] 2026-10-05T23:44:53.816+00:00 INFO  http.request requestId=fce2e245-164e-41ec-aed1-4958cf27d6b8 role=api pod=gateway-844b974576-l5zlv method=POST path=/api/transcriptions status=200 durationMs=12005
[pod/gateway-844b974576-l5zlv/gateway] 2026-10-05T23:44:53.837+00:00 INFO  http.request requestId=d2b91603-76ee-4b02-bebc-1ed5e27fae00 role=api pod=gateway-844b974576-l5zlv method=POST path=/api/translations status=200 durationMs=376
[pod/gateway-844b974576-l5zlv/gateway] 2026-10-05T23:44:53.857+00:00 INFO  http.request requestId=25374268-e6c0-45dc-8675-dbea3a217bb4 role=api pod=gateway-844b974576-l5zlv method=POST path=/api/transcriptions status=200 durationMs=555
[pod/gateway-844b974576-l5zlv/gateway] 2026-10-05T23:44:53.869+00:00 INFO  http.request requestId=8bd257ba-73b0-413b-82b9-96123336f198 role=api pod=gateway-844b974576-l5zlv method=POST path=/api/transcriptions status=200 durationMs=688
[pod/gateway-844b974576-l5zlv/gateway] 2026-10-05T23:44:53.877+00:00 INFO  http.request requestId=f3bdb6be-c45d-41a9-8600-4e8f08799be4 role=api pod=gateway-844b974576-l5zlv method=POST path=/api/transcriptions status=200 durationMs=621
[pod/gateway-844b974576-l5zlv/gateway] 2026-10-05T23:44:53.884+00:00 INFO  http.request requestId=b0f185c1-2571-4a84-87c0-babc2c2354c4 role=api pod=gateway-844b974576-l5zlv method=POST path=/api/translations status=200 durationMs=371
[pod/gateway-844b974576-l5zlv/gateway] 2026-10-05T23:44:54.018+00:00 INFO  http.request requestId=7ab514ea-d416-43d8-9bec-267ff1a3b7e9 role=api pod=gateway-844b974576-l5zlv method=POST path=/api/transcriptions status=200 durationMs=597
[pod/gateway-844b974576-l5zlv/gateway] 2026-10-05T23:44:54.097+00:00 INFO  http.request requestId=f9b0a954-c0fe-4855-b3c4-2f034d84b85c role=api pod=gateway-844b974576-l5zlv method=POST path=/api/translations status=200 durationMs=278
[pod/gateway-844b974576-l5zlv/gateway] 2026-10-05T23:44:54.118+00:00 INFO  http.request requestId=cb77d21a-5eee-4d11-8514-9cf79ac0e12a role=api pod=gateway-844b974576-l5zlv method=POST path=/api/translations status=200 durationMs=378
[pod/gateway-844b974576-l5zlv/gateway] 2026-10-05T23:44:54.134+00:00 INFO  http.request requestId=07d0ed10-58e8-4d79-b614-c7fbe5f0ed3e role=api pod=gateway-844b974576-l5zlv method=POST path=/api/translations status=200 durationMs=354
[pod/gateway-844b974576-l5zlv/gateway] 2026-10-05T23:44:54.141+00:00 INFO  http.request requestId=19fcd920-ea8b-44a5-83fb-b334ee5e5691 role=api pod=gateway-844b974576-l5zlv method=POST path=/api/translations status=200 durationMs=363
[pod/gateway-844b974576-l5zlv/gateway] 2026-10-05T23:44:54.151+00:00 INFO  http.request requestId=cbc787dd-b50e-449f-9c03-563f1f5408f5 role=api pod=gateway-844b974576-l5zlv method=POST path=/api/translations status=200 durationMs=265
[pod/gateway-844b974576-l5zlv/gateway] 2026-10-05T23:44:54.221+00:00 INFO  http.request requestId=e433b756-d5df-4c0d-aecc-755c28103951 role=api pod=gateway-844b974576-l5zlv method=POST path=/api/transcriptions status=200 durationMs=485
[pod/gateway-844b974576-l5zlv/gateway] 2026-10-05T23:44:54.228+00:00 INFO  http.request requestId=57e4c927-bca8-4b65-9142-8f337f006cc7 role=api pod=gateway-844b974576-l5zlv method=POST path=/api/transcriptions status=200 durationMs=672
[pod/gateway-844b974576-l5zlv/gateway] 2026-10-05T23:44:54.273+00:00 INFO  http.request requestId=47358e33-b9ad-4363-8d3c-ca29b4c7425b role=api pod=gateway-844b974576-l5zlv method=POST path=/api/transcriptions status=200 durationMs=416
[pod/gateway-844b974576-l5zlv/gateway] 2026-10-05T23:44:54.309+00:00 INFO  http.request requestId=b3b14bb8-a19c-471b-88a6-dd218843c5f7 role=api pod=gateway-844b974576-l5zlv method=POST path=/api/transcriptions status=200 durationMs=798
[pod/gateway-844b974576-l5zlv/gateway] 2026-10-05T23:44:54.316+00:00 INFO  http.request requestId=70ecd171-8b91-4585-b674-8455d0fd9f67 role=api pod=gateway-844b974576-l5zlv method=POST path=/api/transcriptions status=200 durationMs=550
[pod/gateway-844b974576-l5zlv/gateway] 2026-10-05T23:44:54.366+00:00 INFO  http.request requestId=48cc60d1-33ad-4467-8b18-0f01a81a7937 role=api pod=gateway-844b974576-l5zlv method=POST path=/api/transcriptions status=200 durationMs=524
[pod/gateway-844b974576-l5zlv/gateway] 2026-10-05T23:44:54.435+00:00 INFO  http.request requestId=16a588c6-b74f-4bb4-9daa-652731beaa11 role=api pod=gateway-844b974576-l5zlv method=POST path=/api/transcriptions status=200 durationMs=565
[pod/gateway-844b974576-l5zlv/gateway] 2026-10-05T23:44:54.457+00:00 INFO  http.request requestId=254381d6-9873-4b0a-a0e9-35958739331b role=api pod=gateway-844b974576-l5zlv method=POST path=/api/transcriptions status=200 durationMs=571
[pod/gateway-844b974576-l5zlv/gateway] 2026-10-05T23:44:54.487+00:00 INFO  http.request requestId=9a9bbd83-9a3a-4a80-bff7-106d30ed81f6 role=api pod=gateway-844b974576-l5zlv method=POST path=/api/translations status=200 durationMs=373
[pod/gateway-844b974576-l5zlv/gateway] 2026-10-05T23:44:54.497+00:00 INFO  http.request requestId=3dd11abd-a9ae-4c23-b27c-8f5c6a213f74 role=api pod=gateway-844b974576-l5zlv method=POST path=/api/translations status=200 durationMs=356
[pod/gateway-844b974576-l5zlv/gateway] 2026-10-05T23:44:54.588+00:00 INFO  http.request requestId=94ee593c-3ee5-461f-a386-001e80b5783b role=api pod=gateway-844b974576-l5zlv method=POST path=/api/translations status=200 durationMs=359
[pod/gateway-844b974576-l5zlv/gateway] 2026-10-05T23:44:54.681+00:00 INFO  http.request requestId=70a676b1-3df0-4424-9b5b-38e0ac70b2e8 role=api pod=gateway-844b974576-l5zlv method=POST path=/api/translations status=200 durationMs=371
[pod/gateway-844b974576-l5zlv/gateway] 2026-10-05T23:44:54.684+00:00 INFO  http.request requestId=3a0e8324-df76-498b-9e1a-6aa91dd4e0c5 role=api pod=gateway-844b974576-l5zlv method=POST path=/api/transcriptions status=200 durationMs=543
[pod/gateway-844b974576-l5zlv/gateway] 2026-10-05T23:44:54.801+00:00 INFO  http.request requestId=63d05476-447e-46a7-b077-4c6e81b3a94b role=api pod=gateway-844b974576-l5zlv method=POST path=/api/transcriptions status=200 durationMs=779
[pod/gateway-844b974576-l5zlv/gateway] 2026-10-05T23:44:54.810+00:00 INFO  http.request requestId=fd9953d2-de8f-4452-8e4f-066cb6458464 role=api pod=gateway-844b974576-l5zlv method=POST path=/api/transcriptions status=200 durationMs=713
[pod/gateway-844b974576-l5zlv/gateway] 2026-10-05T23:44:54.813+00:00 INFO  http.request requestId=ffcbf68a-cac3-4a3b-b82d-656a6fb9cbd2 role=api pod=gateway-844b974576-l5zlv method=POST path=/api/transcriptions status=200 durationMs=687
[pod/gateway-844b974576-l5zlv/gateway] 2026-10-05T23:44:54.815+00:00 INFO  http.request requestId=c71e9088-3a3f-416f-b4f7-43b4aa6032f1 role=api pod=gateway-844b974576-l5zlv method=POST path=/api/translations status=200 durationMs=311
[pod/gateway-844b974576-l5zlv/gateway] 2026-10-05T23:44:54.833+00:00 INFO  http.request requestId=b322e9b6-038d-40a8-840b-5c5ebc0436e4 role=api pod=gateway-844b974576-l5zlv method=POST path=/api/translations status=200 durationMs=317
[pod/gateway-844b974576-l5zlv/gateway] 2026-10-05T23:44:54.834+00:00 INFO  http.request requestId=dd6f0ffa-081a-412a-b609-0be2ad481e27 role=api pod=gateway-844b974576-l5zlv method=POST path=/api/transcriptions status=200 durationMs=633
[pod/gateway-844b974576-l5zlv/gateway] 2026-10-05T23:44:54.935+00:00 INFO  http.request requestId=ba774713-348c-4996-a2f1-2a823e5ac158 role=api pod=gateway-844b974576-l5zlv method=POST path=/api/translations status=200 durationMs=249
[pod/gateway-844b974576-l5zlv/gateway] 2026-10-05T23:44:54.955+00:00 INFO  http.request requestId=1f270723-e266-4f06-950a-9367e508149b role=api pod=gateway-844b974576-l5zlv method=POST path=/api/translations status=200 durationMs=322
[pod/gateway-844b974576-l5zlv/gateway] 2026-10-05T23:44:54.985+00:00 INFO  http.request requestId=29a13e75-92a3-4a7c-8603-cf6d573aa4e2 role=api pod=gateway-844b974576-l5zlv method=POST path=/api/transcriptions status=200 durationMs=753
[pod/gateway-844b974576-l5zlv/gateway] 2026-10-05T23:44:54.997+00:00 INFO  http.request requestId=0420dc02-51be-468f-ab27-e4cfb31b7700 role=api pod=gateway-844b974576-l5zlv method=POST path=/api/transcriptions status=200 durationMs=630
[pod/gateway-844b974576-l5zlv/gateway] 2026-10-05T23:44:55.038+00:00 INFO  http.request requestId=216c9314-ca31-497b-81a1-96ca675e2a36 role=api pod=gateway-844b974576-l5zlv method=POST path=/api/transcriptions status=200 durationMs=762
[pod/gateway-844b974576-l5zlv/gateway] 2026-10-05T23:44:55.067+00:00 INFO  http.request requestId=6785ecc6-8217-404f-bd99-3593911ca87f role=api pod=gateway-844b974576-l5zlv method=POST path=/api/translations status=200 durationMs=224
[pod/gateway-844b974576-l5zlv/gateway] 2026-10-05T23:44:55.077+00:00 INFO  http.request requestId=775a392d-9bf7-4866-9f97-c1faeb7f3536 role=api pod=gateway-844b974576-l5zlv method=POST path=/api/transcriptions status=200 durationMs=756
[pod/gateway-844b974576-l5zlv/gateway] 2026-10-05T23:44:55.105+00:00 INFO  http.request requestId=53a5eb75-d73f-48d8-86a3-8b87e7413ec3 role=api pod=gateway-844b974576-l5zlv method=POST path=/api/translations status=200 durationMs=392
[pod/gateway-844b974576-l5zlv/gateway] 2026-10-05T23:44:55.174+00:00 INFO  http.request requestId=656e8d08-ae09-4906-aee5-a78bf6b4f918 role=api pod=gateway-844b974576-l5zlv method=POST path=/api/transcriptions status=200 durationMs=703
[pod/gateway-844b974576-l5zlv/gateway] 2026-10-05T23:44:55.183+00:00 INFO  http.request requestId=6708106b-004c-4758-be9e-30197949f091 role=api pod=gateway-844b974576-l5zlv method=POST path=/api/translations status=200 durationMs=246
[pod/gateway-844b974576-l5zlv/gateway] 2026-10-05T23:44:55.195+00:00 INFO  http.request requestId=82049057-8e86-4bbc-94e7-d11ab5d31986 role=api pod=gateway-844b974576-l5zlv method=POST path=/api/transcriptions status=200 durationMs=754
[pod/gateway-844b974576-l5zlv/gateway] 2026-10-05T23:44:55.217+00:00 INFO  http.request requestId=87dbb257-b014-47bc-a091-ea3d1c8c5991 role=api pod=gateway-844b974576-l5zlv method=POST path=/api/translations status=200 durationMs=403
[pod/gateway-844b974576-l5zlv/gateway] 2026-10-05T23:44:55.246+00:00 INFO  http.request requestId=29134b84-a6af-4103-8370-f92007022b11 role=api pod=gateway-844b974576-l5zlv method=POST path=/api/translations status=200 durationMs=279
[pod/gateway-844b974576-l5zlv/gateway] 2026-10-05T23:44:55.315+00:00 INFO  http.request requestId=a3292796-dcb0-4542-b051-2d89cbf9c8f8 role=api pod=gateway-844b974576-l5zlv method=POST path=/api/transcriptions status=200 durationMs=12003
[pod/gateway-844b974576-l5zlv/gateway] 2026-10-05T23:44:55.359+00:00 INFO  http.request requestId=238e6e92-14ca-43e2-80a2-6df380c44628 role=api pod=gateway-844b974576-l5zlv method=POST path=/api/transcriptions status=200 durationMs=526
[pod/gateway-844b974576-l5zlv/gateway] 2026-10-05T23:44:55.377+00:00 INFO  http.request requestId=2081e4bb-70bb-4e22-9f40-b7286a9b75ef role=api pod=gateway-844b974576-l5zlv method=POST path=/api/translations status=200 durationMs=379
[pod/gateway-844b974576-l5zlv/gateway] 2026-10-05T23:44:55.402+00:00 INFO  http.request requestId=46e80c4f-4b85-4786-9962-e59a1d914bc2 role=api pod=gateway-844b974576-l5zlv method=POST path=/api/translations status=200 durationMs=211
[pod/gateway-844b974576-l5zlv/gateway] 2026-10-05T23:44:55.441+00:00 INFO  http.request requestId=5f1b0b4d-9389-45c2-b4d0-d96bdb00e238 role=api pod=gateway-844b974576-l5zlv method=POST path=/api/transcriptions status=200 durationMs=624
[pod/gateway-844b974576-l5zlv/gateway] 2026-10-05T23:44:55.441+00:00 INFO  http.request requestId=fe71932e-f842-46c7-9638-f0c3633ace47 role=api pod=gateway-844b974576-l5zlv method=POST path=/api/translations status=200 durationMs=236
[pod/gateway-844b974576-l5zlv/gateway] 2026-10-05T23:44:55.491+00:00 INFO  http.request requestId=6de3df5f-489f-4ba6-b9da-94fdc0527c29 role=api pod=gateway-844b974576-l5zlv method=POST path=/api/transcriptions status=200 durationMs=450
[pod/gateway-844b974576-l5zlv/gateway] 2026-10-05T23:44:55.491+00:00 INFO  http.request requestId=931027be-14b8-4e86-923b-e1a52d302cf2 role=api pod=gateway-844b974576-l5zlv method=POST path=/api/transcriptions status=200 durationMs=420
[pod/gateway-844b974576-l5zlv/gateway] 2026-10-05T23:44:55.534+00:00 INFO  http.request requestId=059846f4-8d34-4b58-bff4-c8d641d3943c role=api pod=gateway-844b974576-l5zlv method=POST path=/api/transcriptions status=200 durationMs=733
[pod/gateway-844b974576-l5zlv/gateway] 2026-10-05T23:44:55.719+00:00 INFO  http.request requestId=c14df5c5-8f60-4d92-9ac5-dfe2a010e6cd role=api pod=gateway-844b974576-l5zlv method=POST path=/api/transcriptions status=200 durationMs=543
[pod/gateway-844b974576-l5zlv/gateway] 2026-10-05T23:44:55.743+00:00 INFO  http.request requestId=2afad431-8e43-4dc7-b630-310e62e92add role=api pod=gateway-844b974576-l5zlv method=POST path=/api/transcriptions status=200 durationMs=416
[pod/gateway-844b974576-l5zlv/gateway] 2026-10-05T23:44:55.748+00:00 INFO  http.request requestId=82c5b31a-b78d-430e-940b-00bad5c298a2 role=api pod=gateway-844b974576-l5zlv method=POST path=/api/transcriptions status=200 durationMs=750
[pod/gateway-844b974576-l5zlv/gateway] 2026-10-05T23:44:55.762+00:00 INFO  http.request requestId=2320cb83-7784-42aa-a950-4e3863a7b9c1 role=api pod=gateway-844b974576-l5zlv method=POST path=/api/transcriptions status=200 durationMs=675
[pod/gateway-844b974576-l5zlv/gateway] 2026-10-05T23:44:55.769+00:00 INFO  http.request requestId=e24a5a3b-98d1-4302-8dee-43f9521da79b role=api pod=gateway-844b974576-l5zlv method=POST path=/api/transcriptions status=200 durationMs=518
[pod/gateway-844b974576-l5zlv/gateway] 2026-10-05T23:44:55.850+00:00 INFO  http.request requestId=09c4de2f-b859-498e-9692-17d6f5eb6bf7 role=api pod=gateway-844b974576-l5zlv method=POST path=/api/translations status=200 durationMs=398
[pod/gateway-844b974576-l5zlv/gateway] 2026-10-05T23:44:55.863+00:00 INFO  http.request requestId=0dd8559b-5ac7-4452-b10f-91cc2a2f43ff role=api pod=gateway-844b974576-l5zlv method=POST path=/api/transcriptions status=200 durationMs=641
[pod/gateway-844b974576-l5zlv/gateway] 2026-10-05T23:44:55.871+00:00 INFO  http.request requestId=b5363a60-b13c-4f67-ae67-481cb90afce1 role=api pod=gateway-844b974576-l5zlv method=POST path=/api/transcriptions status=200 durationMs=754
[pod/gateway-844b974576-l5zlv/gateway] 2026-10-05T23:44:55.901+00:00 INFO  http.request requestId=50ae6c79-7901-4741-b56a-93b262f57be6 role=api pod=gateway-844b974576-l5zlv method=POST path=/api/translations status=200 durationMs=370
[pod/gateway-844b974576-l5zlv/gateway] 2026-10-05T23:44:55.945+00:00 INFO  http.request requestId=f3d5ab7b-63b4-45bb-ac4d-298c18ae93de role=api pod=gateway-844b974576-l5zlv method=POST path=/api/transcriptions status=200 durationMs=407
[pod/gateway-844b974576-l5zlv/gateway] 2026-10-05T23:44:55.966+00:00 INFO  http.request requestId=cfa7a59f-0da9-4fab-a9b2-a94e1117c8ae role=api pod=gateway-844b974576-l5zlv method=POST path=/api/transcriptions status=200 durationMs=475
[pod/gateway-844b974576-l5zlv/gateway] 2026-10-05T23:44:56.097+00:00 INFO  http.request requestId=8d087f93-559b-4d36-bd74-cd77ffd36396 role=api pod=gateway-844b974576-l5zlv method=POST path=/api/transcriptions status=200 durationMs=725
[pod/gateway-844b974576-l5zlv/gateway] 2026-10-05T23:44:56.100+00:00 INFO  http.request requestId=57407892-a1f3-4943-a85a-3eae7b50dff9 role=api pod=gateway-844b974576-l5zlv method=POST path=/api/transcriptions status=200 durationMs=654
[pod/gateway-844b974576-l5zlv/gateway] 2026-10-05T23:44:56.137+00:00 INFO  http.request requestId=61840828-8e24-4952-9053-7bbc0b7f4062 role=api pod=gateway-844b974576-l5zlv method=POST path=/api/translations status=200 durationMs=353
[pod/gateway-844b974576-l5zlv/gateway] 2026-10-05T23:44:56.183+00:00 INFO  http.request requestId=fbbb990c-bef3-4dc7-8052-992ac8465673 role=api pod=gateway-844b974576-l5zlv method=POST path=/api/transcriptions status=200 durationMs=766
[pod/gateway-844b974576-l5zlv/gateway] 2026-10-05T23:44:56.189+00:00 INFO  http.request requestId=f2b14c38-6c95-4f4b-965e-e9226ce1094a role=api pod=gateway-844b974576-l5zlv method=POST path=/api/transcriptions status=200 durationMs=803
[pod/gateway-844b974576-l5zlv/gateway] 2026-10-05T23:44:56.229+00:00 INFO  http.request requestId=85017504-1d88-4b2d-afa2-99cee0857760 role=api pod=gateway-844b974576-l5zlv method=POST path=/api/translations status=200 durationMs=312
[pod/gateway-844b974576-l5zlv/gateway] 2026-10-05T23:44:56.369+00:00 INFO  http.request requestId=e4e430da-7288-4177-a357-131963f78782 role=api pod=gateway-844b974576-l5zlv method=POST path=/api/transcriptions status=200 durationMs=606
[pod/gateway-844b974576-l5zlv/gateway] 2026-10-05T23:44:56.395+00:00 INFO  http.request requestId=be6e999a-46d4-4d72-a35e-1db300c9b993 role=api pod=gateway-844b974576-l5zlv method=POST path=/api/translations status=200 durationMs=296
[pod/gateway-844b974576-l5zlv/gateway] 2026-10-05T23:44:56.476+00:00 INFO  http.request requestId=a331c351-6cb0-4050-a87d-cb0c7fee8a3b role=api pod=gateway-844b974576-l5zlv method=POST path=/api/transcriptions status=200 durationMs=728
[pod/gateway-844b974576-l5zlv/gateway] 2026-10-05T23:44:56.493+00:00 INFO  http.request requestId=9a7d4937-42be-40df-b142-5d98ebaf959c role=api pod=gateway-844b974576-l5zlv method=POST path=/api/transcriptions status=200 durationMs=762
[pod/gateway-844b974576-l5zlv/gateway] 2026-10-05T23:44:56.539+00:00 INFO  http.request requestId=e4e76f22-a33e-4fb8-a6f4-347398a1ecfc role=api pod=gateway-844b974576-l5zlv method=POST path=/api/translations status=200 durationMs=350
[pod/gateway-844b974576-l5zlv/gateway] 2026-10-05T23:44:56.549+00:00 INFO  http.request requestId=a3ba8cc6-e9bb-4153-a927-323a4dae61bc role=api pod=gateway-844b974576-l5zlv method=POST path=/api/transcriptions status=200 durationMs=773
[pod/gateway-844b974576-l5zlv/gateway] 2026-10-05T23:44:56.599+00:00 INFO  http.request requestId=a25144ae-c102-4af2-aade-ea2489ab013e role=api pod=gateway-844b974576-l5zlv method=POST path=/api/transcriptions status=200 durationMs=748
[pod/gateway-844b974576-l5zlv/gateway] 2026-10-05T23:44:56.611+00:00 INFO  http.request requestId=24825ca5-8be0-46e1-aa57-abf78522b5a8 role=api pod=gateway-844b974576-l5zlv method=POST path=/api/transcriptions status=200 durationMs=729
[pod/gateway-844b974576-l5zlv/gateway] 2026-10-05T23:44:56.624+00:00 INFO  http.request requestId=7e01a80e-4597-4621-8b7a-b8eebe0cb78f role=api pod=gateway-844b974576-l5zlv method=POST path=/api/transcriptions status=200 durationMs=758
[pod/gateway-844b974576-l5zlv/gateway] 2026-10-05T23:44:56.667+00:00 INFO  http.request requestId=d108aaeb-daf8-4637-a5cc-8f1ef16a3e5c role=api pod=gateway-844b974576-l5zlv method=POST path=/api/transcriptions status=200 durationMs=561
[pod/gateway-844b974576-l5zlv/gateway] 2026-10-05T23:44:56.676+00:00 INFO  http.request requestId=f004bb86-f6ec-4afe-a1ff-890aba09b8db role=api pod=gateway-844b974576-l5zlv method=POST path=/api/translations status=200 durationMs=235
[pod/gateway-844b974576-l5zlv/gateway] 2026-10-05T23:44:56.707+00:00 INFO  http.request requestId=988240de-653d-496c-8596-c4b17c2c4f5c role=api pod=gateway-844b974576-l5zlv method=POST path=/api/transcriptions status=200 durationMs=750
[pod/gateway-844b974576-l5zlv/gateway] 2026-10-05T23:44:56.717+00:00 INFO  http.request requestId=cd4b1f52-dd88-471e-bb37-79a5dee6730d role=api pod=gateway-844b974576-l5zlv method=POST path=/api/transcriptions status=200 durationMs=745
[pod/gateway-844b974576-l5zlv/gateway] 2026-10-05T23:44:56.721+00:00 INFO  http.request requestId=a613e33a-d6e4-4f29-9e50-ef4d98db7a8a role=api pod=gateway-844b974576-l5zlv method=POST path=/api/transcriptions status=200 durationMs=554
[pod/gateway-844b974576-l5zlv/gateway] 2026-10-05T23:44:56.761+00:00 INFO  http.request requestId=71a8aece-ffd7-4e23-a051-5fb68bdb9f37 role=api pod=gateway-844b974576-l5zlv method=POST path=/api/transcriptions status=200 durationMs=565
[pod/gateway-844b974576-l5zlv/gateway] 2026-10-05T23:44:56.780+00:00 INFO  http.request requestId=11dadea2-3715-46cf-ac49-ec4db18fc36d role=api pod=gateway-844b974576-l5zlv method=POST path=/api/translations status=200 durationMs=372
[pod/gateway-844b974576-l5zlv/gateway] 2026-10-05T23:44:56.824+00:00 INFO  http.request requestId=88dfcfb4-82c2-4fb2-9c57-44ea93dab98a role=api pod=gateway-844b974576-l5zlv method=POST path=/api/transcriptions status=200 durationMs=523
[pod/gateway-844b974576-l5zlv/gateway] 2026-10-05T23:44:56.834+00:00 INFO  http.request requestId=3d30e573-0ba0-4799-84fc-54d0f4a5a8a4 role=api pod=gateway-844b974576-l5zlv method=POST path=/api/translations status=200 durationMs=208
[pod/gateway-844b974576-l5zlv/gateway] 2026-10-05T23:44:56.896+00:00 INFO  http.request requestId=b7745f1e-1aeb-44de-85a5-4d83d2a252b6 role=api pod=gateway-844b974576-l5zlv method=POST path=/api/translations status=200 durationMs=296
[pod/gateway-844b974576-l5zlv/gateway] 2026-10-05T23:44:56.907+00:00 INFO  http.request requestId=8ea1c6f5-1759-4e81-96ac-9311e9eb2e3f role=api pod=gateway-844b974576-l5zlv method=POST path=/api/translations status=200 durationMs=205
[pod/gateway-844b974576-l5zlv/gateway] 2026-10-05T23:44:56.939+00:00 INFO  http.request requestId=37181383-d91b-4480-92e0-d9b3f0a60ae7 role=api pod=gateway-844b974576-l5zlv method=POST path=/api/transcriptions status=200 durationMs=443
[pod/gateway-844b974576-l5zlv/gateway] 2026-10-05T23:44:56.947+00:00 INFO  http.request requestId=11ee53b1-a1b1-462e-ae3d-34edaad42753 role=api pod=gateway-844b974576-l5zlv method=POST path=/api/translations status=200 durationMs=224
[pod/gateway-844b974576-l5zlv/gateway] 2026-10-05T23:44:56.970+00:00 INFO  http.request requestId=72c4c77b-d0b3-4210-a72c-518d460f493a role=api pod=gateway-844b974576-l5zlv method=POST path=/api/transcriptions status=200 durationMs=429
[pod/gateway-844b974576-l5zlv/gateway] 2026-10-05T23:44:57.043+00:00 INFO  http.request requestId=874a5022-3728-472f-8413-4e6c1a190f02 role=api pod=gateway-844b974576-l5zlv method=POST path=/api/transcriptions status=200 durationMs=666
[pod/gateway-844b974576-l5zlv/gateway] 2026-10-05T23:44:57.099+00:00 INFO  http.request requestId=62b70f31-a52d-4d19-9d38-d1671e0988ee role=api pod=gateway-844b974576-l5zlv method=POST path=/api/translations status=200 durationMs=302
[pod/gateway-844b974576-l5zlv/gateway] 2026-10-05T23:44:57.104+00:00 INFO  http.request requestId=ed228d39-861c-4b47-9165-814d4e6eaf06 role=api pod=gateway-844b974576-l5zlv method=POST path=/api/translations status=200 durationMs=385
[pod/gateway-844b974576-l5zlv/gateway] 2026-10-05T23:44:57.109+00:00 INFO  http.request requestId=cbd559f9-9b49-4fac-9da2-b280ec517a20 role=api pod=gateway-844b974576-l5zlv method=POST path=/api/transcriptions status=200 durationMs=492
[pod/gateway-844b974576-l5zlv/gateway] 2026-10-05T23:44:57.111+00:00 INFO  http.request requestId=7b6c20d3-12a3-4851-b768-f343ca0c82a9 role=api pod=gateway-844b974576-l5zlv method=POST path=/api/translations status=200 durationMs=349
[pod/gateway-844b974576-l5zlv/gateway] 2026-10-05T23:44:57.173+00:00 INFO  http.request requestId=548ecce4-270e-4345-ad5d-a454ecad9e5d role=api pod=gateway-844b974576-l5zlv method=POST path=/api/transcriptions status=200 durationMs=421
[pod/gateway-844b974576-l5zlv/gateway] 2026-10-05T23:44:57.180+00:00 INFO  http.request requestId=0288800f-9897-4613-873a-af9d324a83b6 role=api pod=gateway-844b974576-l5zlv method=POST path=/api/translations status=200 durationMs=209
[pod/gateway-844b974576-l5zlv/gateway] 2026-10-05T23:44:57.237+00:00 INFO  http.request requestId=52b21772-ca79-4f1e-8af9-b3c35291bacc role=api pod=gateway-844b974576-l5zlv method=POST path=/api/transcriptions status=200 durationMs=561
[pod/gateway-844b974576-l5zlv/gateway] 2026-10-05T23:44:57.246+00:00 INFO  http.request requestId=a5aacfa4-e73f-435a-beb3-bb2059c76332 role=api pod=gateway-844b974576-l5zlv method=POST path=/api/transcriptions status=200 durationMs=510
[pod/gateway-844b974576-l5zlv/gateway] 2026-10-05T23:44:57.282+00:00 INFO  http.request requestId=121c166e-e151-49eb-87f5-91cdf7c5ae5a role=api pod=gateway-844b974576-l5zlv method=POST path=/api/transcriptions status=200 durationMs=801
[pod/gateway-844b974576-l5zlv/gateway] 2026-10-05T23:44:57.318+00:00 INFO  http.request requestId=107e4e3d-9836-47fb-aacd-22beb5a99d46 role=api pod=gateway-844b974576-l5zlv method=POST path=/api/transcriptions status=200 durationMs=761
[pod/gateway-844b974576-l5zlv/gateway] 2026-10-05T23:44:57.400+00:00 INFO  http.request requestId=67ef46ca-6d2b-4480-84bc-83e6ce5c0026 role=api pod=gateway-844b974576-l5zlv method=POST path=/api/transcriptions status=200 durationMs=620
[pod/gateway-844b974576-l5zlv/gateway] 2026-10-05T23:44:57.402+00:00 INFO  http.request requestId=2de4d917-1f35-4812-ab47-65beaaa59d8f role=api pod=gateway-844b974576-l5zlv method=POST path=/api/translations status=200 durationMs=272
[pod/gateway-844b974576-l5zlv/gateway] 2026-10-05T23:44:57.409+00:00 INFO  http.request requestId=23b201f9-d71e-4c78-92a1-cc3c6feb11b6 role=api pod=gateway-844b974576-l5zlv method=POST path=/api/translations status=200 durationMs=300
[pod/gateway-844b974576-l5zlv/gateway] 2026-10-05T23:44:57.425+00:00 INFO  http.request requestId=ba46d676-b285-4056-bfeb-d2358ee7f8a2 role=api pod=gateway-844b974576-l5zlv method=POST path=/api/transcriptions status=200 durationMs=598
[pod/gateway-844b974576-l5zlv/gateway] 2026-10-05T23:44:57.436+00:00 INFO  http.request requestId=cb25c435-4208-41b3-b5c2-d64725ea1a8b role=api pod=gateway-844b974576-l5zlv method=POST path=/api/transcriptions status=200 durationMs=728
[pod/gateway-844b974576-l5zlv/gateway] 2026-10-05T23:44:57.569+00:00 INFO  http.request requestId=621d675c-a380-46a9-8e3b-6fa7a2738d16 role=api pod=gateway-844b974576-l5zlv method=POST path=/api/transcriptions status=200 durationMs=518
[pod/gateway-844b974576-l5zlv/gateway] 2026-10-05T23:44:57.606+00:00 INFO  http.request requestId=88235431-f891-4790-8cac-5d7340eab077 role=api pod=gateway-844b974576-l5zlv method=POST path=/api/transcriptions status=200 durationMs=704
[pod/gateway-844b974576-l5zlv/gateway] 2026-10-05T23:44:57.630+00:00 INFO  http.request requestId=20f7ae42-c4a7-433a-8f51-3c0f38d56d6c role=api pod=gateway-844b974576-l5zlv method=POST path=/api/transcriptions status=200 durationMs=787
[pod/gateway-844b974576-l5zlv/gateway] 2026-10-05T23:44:57.645+00:00 INFO  http.request requestId=45fee5ea-000f-4e7a-a4a7-a0445d60915e role=api pod=gateway-844b974576-l5zlv method=POST path=/api/translations status=200 durationMs=227
[pod/gateway-844b974576-l5zlv/gateway] 2026-10-05T23:44:57.722+00:00 INFO  http.request requestId=4e4d3bc3-e12b-4319-aaa9-3d7a5fef0767 role=api pod=gateway-844b974576-l5zlv method=POST path=/api/transcriptions status=200 durationMs=536
[pod/gateway-844b974576-l5zlv/gateway] 2026-10-05T23:44:57.725+00:00 INFO  http.request requestId=5f6e436d-9507-4074-ab57-6429e799b242 role=api pod=gateway-844b974576-l5zlv method=POST path=/api/transcriptions status=200 durationMs=780
[pod/gateway-844b974576-l5zlv/gateway] 2026-10-05T23:44:57.748+00:00 INFO  http.request requestId=2f9f129a-9de7-42fd-ab7c-0d181ddd018c role=api pod=gateway-844b974576-l5zlv method=POST path=/api/transcriptions status=200 durationMs=592
[pod/gateway-844b974576-l5zlv/gateway] 2026-10-05T23:44:57.769+00:00 INFO  http.request requestId=6e52d2ee-ea82-4fcf-ac41-621c862d7a87 role=api pod=gateway-844b974576-l5zlv method=POST path=/api/translations status=200 durationMs=333
[pod/gateway-844b974576-l5zlv/gateway] 2026-10-05T23:44:57.835+00:00 INFO  http.request requestId=e47a9fae-f6c9-46f9-bbe7-7023b7f6ab42 role=api pod=gateway-844b974576-l5zlv method=POST path=/api/translations status=200 durationMs=399
[pod/gateway-844b974576-l5zlv/gateway] 2026-10-05T23:44:57.891+00:00 INFO  http.request requestId=345a34aa-812e-4276-99e4-de6ed03ff405 role=api pod=gateway-844b974576-l5zlv method=POST path=/api/transcriptions status=200 durationMs=644
[pod/gateway-844b974576-l5zlv/gateway] 2026-10-05T23:44:57.891+00:00 INFO  http.request requestId=166469ff-4de2-4965-a392-d440e4af5cab role=api pod=gateway-844b974576-l5zlv method=POST path=/api/translations status=200 durationMs=221
[pod/gateway-844b974576-l5zlv/gateway] 2026-10-05T23:44:57.922+00:00 INFO  http.request requestId=800474e1-6caf-4d46-a5f8-f2ba9b3fc849 role=api pod=gateway-844b974576-l5zlv method=POST path=/api/transcriptions status=200 durationMs=511
[pod/gateway-844b974576-l5zlv/gateway] 2026-10-05T23:44:57.929+00:00 INFO  http.request requestId=71d099d2-3e27-49b1-9342-14f1646d7a6c role=api pod=gateway-844b974576-l5zlv method=POST path=/api/transcriptions status=200 durationMs=607
[pod/gateway-844b974576-l5zlv/gateway] 2026-10-05T23:44:57.932+00:00 INFO  http.request requestId=03eba0c2-7792-4ec5-9121-496f67cc9d34 role=api pod=gateway-844b974576-l5zlv method=POST path=/api/transcriptions status=200 durationMs=506
[pod/gateway-844b974576-l5zlv/gateway] 2026-10-05T23:44:58.000+00:00 INFO  http.request requestId=b6c36cc4-2a80-4556-9b19-a91c8d8bf2a5 role=api pod=gateway-844b974576-l5zlv method=POST path=/api/transcriptions status=200 durationMs=423
[pod/gateway-844b974576-l5zlv/gateway] 2026-10-05T23:44:58.013+00:00 INFO  http.request requestId=4dfc7c8b-439e-4a56-aced-7cca85248a56 role=api pod=gateway-844b974576-l5zlv method=POST path=/api/translations status=200 durationMs=372
[pod/gateway-844b974576-l5zlv/gateway] 2026-10-05T23:44:58.014+00:00 INFO  http.request requestId=ca3bf1e8-985c-4ab4-b478-179b9ba1172e role=api pod=gateway-844b974576-l5zlv method=POST path=/api/transcriptions status=200 durationMs=753
[pod/gateway-844b974576-l5zlv/gateway] 2026-10-05T23:44:58.048+00:00 INFO  http.request requestId=94f68a3a-85eb-4e63-8015-ebd6df8d0fc6 role=api pod=gateway-844b974576-l5zlv method=POST path=/api/translations status=200 durationMs=323
[pod/gateway-844b974576-l5zlv/gateway] 2026-10-05T23:44:58.056+00:00 INFO  http.request requestId=66c0640a-c552-494b-87e7-62ad5d861ea7 role=api pod=gateway-844b974576-l5zlv method=POST path=/api/transcriptions status=200 durationMs=764
[pod/gateway-844b974576-l5zlv/gateway] 2026-10-05T23:44:58.140+00:00 INFO  http.request requestId=4f480e3c-7b7b-4bcd-84c2-f777b167f179 role=api pod=gateway-844b974576-l5zlv method=POST path=/api/transcriptions status=200 durationMs=534
[pod/gateway-844b974576-l5zlv/gateway] 2026-10-05T23:44:58.188+00:00 INFO  http.request requestId=e1991828-e1ad-4bca-9c53-6b17ded7848e role=api pod=gateway-844b974576-l5zlv method=POST path=/api/translations status=200 durationMs=289
[pod/gateway-844b974576-l5zlv/gateway] 2026-10-05T23:44:58.229+00:00 INFO  http.request requestId=ed169687-56da-4ef6-b5d8-6c39af96ce66 role=api pod=gateway-844b974576-l5zlv method=POST path=/api/translations status=200 durationMs=219
[pod/gateway-844b974576-l5zlv/gateway] 2026-10-05T23:44:58.252+00:00 INFO  http.request requestId=e997a332-8de7-4e86-972c-50ed51060b47 role=api pod=gateway-844b974576-l5zlv method=POST path=/api/translations status=200 durationMs=320
[pod/gateway-844b974576-l5zlv/gateway] 2026-10-05T23:44:58.309+00:00 INFO  http.request requestId=56d4f91b-c454-4aca-a1a0-d206e6e497ec role=api pod=gateway-844b974576-l5zlv method=POST path=/api/translations status=200 durationMs=295
[pod/gateway-844b974576-l5zlv/gateway] 2026-10-05T23:44:58.314+00:00 INFO  http.request requestId=68a5907b-a23b-43f4-9922-1102b22e677c role=api pod=gateway-844b974576-l5zlv method=POST path=/api/translations status=200 durationMs=390
[pod/gateway-844b974576-l5zlv/gateway] 2026-10-05T23:44:58.335+00:00 INFO  http.request requestId=8965f912-5e80-4dbf-ac85-b97b41f46a16 role=api pod=gateway-844b974576-l5zlv method=POST path=/api/translations status=200 durationMs=278
[pod/gateway-844b974576-l5zlv/gateway] 2026-10-05T23:44:58.361+00:00 INFO  http.request requestId=72c59cf2-5f10-4fd1-b11b-a596b881e66e role=api pod=gateway-844b974576-l5zlv method=POST path=/api/transcriptions status=200 durationMs=469
[pod/gateway-844b974576-l5zlv/gateway] 2026-10-05T23:44:58.380+00:00 INFO  http.request requestId=6c549f3d-a7fe-4e3b-bdd7-c440d2c37220 role=api pod=gateway-844b974576-l5zlv method=POST path=/api/transcriptions status=200 durationMs=654
[pod/gateway-844b974576-l5zlv/gateway] 2026-10-05T23:44:58.399+00:00 INFO  http.request requestId=6623ba58-914e-407c-9b11-fcbbf2f8f3fd role=api pod=gateway-844b974576-l5zlv method=POST path=/api/transcriptions status=200 durationMs=523
[pod/gateway-844b974576-l5zlv/gateway] 2026-10-05T23:44:58.451+00:00 INFO  http.request requestId=6c1b18f7-9432-4ccd-8479-e4402717c149 role=api pod=gateway-844b974576-l5zlv method=POST path=/api/transcriptions status=200 durationMs=694
[pod/gateway-844b974576-l5zlv/gateway] 2026-10-05T23:44:58.484+00:00 INFO  http.request requestId=2f3bee94-055c-41a9-84ea-6f1de1622ae4 role=api pod=gateway-844b974576-l5zlv method=POST path=/api/translations status=200 durationMs=221
[pod/gateway-844b974576-l5zlv/gateway] 2026-10-05T23:44:58.523+00:00 INFO  http.request requestId=6e8c677c-461e-4215-ad7e-d47af398c800 role=api pod=gateway-844b974576-l5zlv method=POST path=/api/transcriptions status=200 durationMs=466
[pod/gateway-844b974576-l5zlv/gateway] 2026-10-05T23:44:58.533+00:00 INFO  http.request requestId=3ff94d31-6f18-47a3-82fc-f2b08e76a18b role=api pod=gateway-844b974576-l5zlv method=POST path=/api/transcriptions status=200 durationMs=762
[pod/gateway-844b974576-l5zlv/gateway] 2026-10-05T23:44:58.602+00:00 INFO  http.request requestId=cbb7b59b-bd97-4600-b0d6-576f4fcd9261 role=api pod=gateway-844b974576-l5zlv method=POST path=/api/transcriptions status=200 durationMs=651
[pod/gateway-844b974576-l5zlv/gateway] 2026-10-05T23:44:58.610+00:00 INFO  http.request requestId=ae6a99e5-c9d8-4689-84ba-37187607b183 role=api pod=gateway-844b974576-l5zlv method=POST path=/api/translations status=200 durationMs=267
[pod/gateway-844b974576-l5zlv/gateway] 2026-10-05T23:44:58.614+00:00 INFO  http.request requestId=5317925f-4dcd-407e-a9c9-cf2965dd8739 role=api pod=gateway-844b974576-l5zlv method=POST path=/api/translations status=200 durationMs=325
[pod/gateway-844b974576-l5zlv/gateway] 2026-10-05T23:44:58.636+00:00 INFO  http.request requestId=d3ad89cd-8dab-4b27-ba69-e93b8d17e39b role=api pod=gateway-844b974576-l5zlv method=POST path=/api/transcriptions status=200 durationMs=775
[pod/gateway-844b974576-l5zlv/gateway] 2026-10-05T23:44:58.707+00:00 INFO  http.request requestId=f4a2e214-dd66-413d-a207-271c311faf4b role=api pod=gateway-844b974576-l5zlv method=POST path=/api/transcriptions status=200 durationMs=665
[pod/gateway-844b974576-l5zlv/gateway] 2026-10-05T23:44:58.773+00:00 INFO  http.request requestId=7374fae0-e994-48f7-a1ed-4db4ffaa8d46 role=api pod=gateway-844b974576-l5zlv method=POST path=/api/transcriptions status=200 durationMs=626
[pod/gateway-844b974576-l5zlv/gateway] 2026-10-05T23:44:58.802+00:00 INFO  http.request requestId=a11b140b-97e0-4dd6-a9fa-914c1eca1487 role=api pod=gateway-844b974576-l5zlv method=POST path=/api/translations status=200 durationMs=269
[pod/gateway-844b974576-l5zlv/gateway] 2026-10-05T23:44:58.873+00:00 INFO  http.request requestId=4dba91f6-49d2-4925-b5d2-2a84ef313750 role=api pod=gateway-844b974576-l5zlv method=POST path=/api/transcriptions status=200 durationMs=547
[pod/gateway-844b974576-l5zlv/gateway] 2026-10-05T23:44:58.883+00:00 INFO  http.request requestId=102bca44-91ce-41da-be42-09fd612edefb role=api pod=gateway-844b974576-l5zlv method=POST path=/api/translations status=200 durationMs=347
[pod/gateway-844b974576-l5zlv/gateway] 2026-10-05T23:44:58.895+00:00 INFO  http.request requestId=1e65eabb-4f92-426d-b165-6a01ca3914e8 role=api pod=gateway-844b974576-l5zlv method=POST path=/api/translations status=200 durationMs=257
[pod/gateway-844b974576-l5zlv/gateway] 2026-10-05T23:44:58.909+00:00 INFO  http.request requestId=a9cde81c-c221-46cb-b287-70d9c3aeb534 role=api pod=gateway-844b974576-l5zlv method=POST path=/api/transcriptions status=200 durationMs=537
[pod/gateway-844b974576-l5zlv/gateway] 2026-10-05T23:44:58.912+00:00 INFO  http.request requestId=6940504c-d94c-45cf-8d24-1e37215f53a3 role=api pod=gateway-844b974576-l5zlv method=POST path=/api/transcriptions status=200 durationMs=675
[pod/gateway-844b974576-l5zlv/gateway] 2026-10-05T23:44:58.963+00:00 INFO  http.request requestId=5dd62b32-e5a3-4ee5-86fc-5e0f1135abaf role=api pod=gateway-844b974576-l5zlv method=POST path=/api/translations status=200 durationMs=288
[pod/gateway-844b974576-l5zlv/gateway] 2026-10-05T23:44:59.004+00:00 INFO  http.request requestId=c4febe8d-d104-4090-92f9-478548181b90 role=api pod=gateway-844b974576-l5zlv method=POST path=/api/transcriptions status=200 durationMs=618
[pod/gateway-844b974576-l5zlv/gateway] 2026-10-05T23:44:59.064+00:00 INFO  http.request requestId=7d153fc0-0ee5-4299-bf80-b18e89eca8f0 role=api pod=gateway-844b974576-l5zlv method=POST path=/api/transcriptions status=200 durationMs=573
[pod/gateway-844b974576-l5zlv/gateway] 2026-10-05T23:44:59.133+00:00 INFO  http.request requestId=41c5bc84-d678-432a-9c74-e2858a88f073 role=api pod=gateway-844b974576-l5zlv method=POST path=/api/translations status=200 durationMs=206
[pod/gateway-844b974576-l5zlv/gateway] 2026-10-05T23:44:59.153+00:00 INFO  http.request requestId=e1ba8435-e35f-4af2-a2d2-53ce009ee653 role=api pod=gateway-844b974576-l5zlv method=POST path=/api/translations status=200 durationMs=275
[pod/gateway-844b974576-l5zlv/gateway] 2026-10-05T23:44:59.180+00:00 INFO  http.request requestId=266e54ae-594d-4b52-881f-8ce6c0b393fa role=api pod=gateway-844b974576-l5zlv method=POST path=/api/transcriptions status=200 durationMs=718
[pod/gateway-844b974576-l5zlv/gateway] 2026-10-05T23:44:59.198+00:00 INFO  http.request requestId=6058aa43-8fd7-40ec-a23c-0530546be5ce role=api pod=gateway-844b974576-l5zlv method=POST path=/api/transcriptions status=200 durationMs=541
[pod/gateway-844b974576-l5zlv/gateway] 2026-10-05T23:44:59.210+00:00 INFO  http.request requestId=b3246f8d-d58e-4a27-b045-9e14f6e7ed4c role=api pod=gateway-844b974576-l5zlv method=POST path=/api/translations status=200 durationMs=299
[pod/gateway-844b974576-l5zlv/gateway] 2026-10-05T23:44:59.288+00:00 INFO  http.request requestId=5de471eb-5869-4c0a-babf-907f8b5d01f3 role=api pod=gateway-844b974576-l5zlv method=POST path=/api/transcriptions status=200 durationMs=676
[pod/gateway-844b974576-l5zlv/gateway] 2026-10-05T23:44:59.309+00:00 INFO  http.request requestId=d551f9dd-6b4c-4e41-a724-1caf1c55cdf7 role=api pod=gateway-844b974576-l5zlv method=POST path=/api/translations status=200 durationMs=379
[pod/gateway-844b974576-l5zlv/gateway] 2026-10-05T23:44:59.334+00:00 INFO  http.request requestId=3faa0d41-5df2-4589-a2c9-1bbaf1d952ef role=api pod=gateway-844b974576-l5zlv method=POST path=/api/transcriptions status=200 durationMs=558
[pod/gateway-844b974576-l5zlv/gateway] 2026-10-05T23:44:59.351+00:00 INFO  http.request requestId=fedd3c2a-882f-4e08-9714-9f83f1a7d8fc role=api pod=gateway-844b974576-l5zlv method=POST path=/api/transcriptions status=200 durationMs=545
[pod/gateway-844b974576-l5zlv/gateway] 2026-10-05T23:44:59.374+00:00 INFO  http.request requestId=2ac50bed-f358-4ae8-9a16-1a1493a6efdf role=api pod=gateway-844b974576-l5zlv method=POST path=/api/transcriptions status=200 durationMs=477
[pod/gateway-844b974576-l5zlv/gateway] 2026-10-05T23:44:59.412+00:00 INFO  http.request requestId=e887f353-8f80-4c0a-bf64-332fb7c4d711 role=api pod=gateway-844b974576-l5zlv method=POST path=/api/transcriptions status=200 durationMs=696
[pod/gateway-844b974576-l5zlv/gateway] 2026-10-05T23:44:59.452+00:00 INFO  http.request requestId=e0f633fe-b302-4539-a410-072ebe4dfcfc role=api pod=gateway-844b974576-l5zlv method=POST path=/api/transcriptions status=200 durationMs=419
[pod/gateway-844b974576-l5zlv/gateway] 2026-10-05T23:44:59.484+00:00 INFO  http.request requestId=33b50813-eac1-4c36-a541-75e6507b2a4b role=api pod=gateway-844b974576-l5zlv method=POST path=/api/translations status=200 durationMs=323
[pod/gateway-844b974576-l5zlv/gateway] 2026-10-05T23:44:59.485+00:00 INFO  http.request requestId=7fc43c28-f2e9-4012-97d1-98e540964212 role=api pod=gateway-844b974576-l5zlv method=POST path=/api/transcriptions status=200 durationMs=408
[pod/gateway-844b974576-l5zlv/gateway] 2026-10-05T23:44:59.495+00:00 INFO  http.request requestId=6d0f77bc-02df-47f6-a59d-8c6e29efddd3 role=api pod=gateway-844b974576-l5zlv method=POST path=/api/transcriptions status=200 durationMs=448
[pod/gateway-844b974576-l5zlv/gateway] 2026-10-05T23:44:59.508+00:00 INFO  http.request requestId=9787e789-98bc-4a9e-8528-54a646c900e7 role=api pod=gateway-844b974576-l5zlv method=POST path=/api/translations status=200 durationMs=304
[pod/gateway-844b974576-l5zlv/gateway] 2026-10-05T23:44:59.570+00:00 INFO  http.request requestId=15ee8fee-9696-49b2-bdab-cc6d64eb24ee role=api pod=gateway-844b974576-l5zlv method=POST path=/api/translations status=200 durationMs=209
[pod/gateway-844b974576-l5zlv/gateway] 2026-10-05T23:44:59.653+00:00 INFO  http.request requestId=98b04074-847c-4b3d-8b67-9c39ec9966cb role=api pod=gateway-844b974576-l5zlv method=POST path=/api/translations status=200 durationMs=358
[pod/gateway-844b974576-l5zlv/gateway] 2026-10-05T23:44:59.673+00:00 INFO  http.request requestId=4e96eaae-c3be-4c65-b43d-e423c21169d5 role=api pod=gateway-844b974576-l5zlv method=POST path=/api/transcriptions status=200 durationMs=537
[pod/gateway-844b974576-l5zlv/gateway] 2026-10-05T23:44:59.680+00:00 INFO  http.request requestId=5404af94-32e1-4639-a298-ce65b87d6cfb role=api pod=gateway-844b974576-l5zlv method=POST path=/api/translations status=200 durationMs=333
[pod/gateway-844b974576-l5zlv/gateway] 2026-10-05T23:44:59.713+00:00 INFO  http.request requestId=fea87d24-8de3-4c61-8f73-6ec4fc83c847 role=api pod=gateway-844b974576-l5zlv method=POST path=/api/transcriptions status=200 durationMs=502
[pod/gateway-844b974576-l5zlv/gateway] 2026-10-05T23:44:59.758+00:00 INFO  http.request requestId=969c70c9-c176-4386-b46f-9e283a276af5 role=api pod=gateway-844b974576-l5zlv method=POST path=/api/translations status=200 durationMs=338
[pod/gateway-844b974576-l5zlv/gateway] 2026-10-05T23:44:59.779+00:00 INFO  http.request requestId=f6ce2139-7e49-47f6-a392-6fc418ad0515 role=api pod=gateway-844b974576-l5zlv method=POST path=/api/transcriptions status=200 durationMs=463
[pod/gateway-844b974576-l5zlv/gateway] 2026-10-05T23:44:59.782+00:00 INFO  http.request requestId=d2811733-f7a3-4fd9-901b-0e16fdbccfab role=api pod=gateway-844b974576-l5zlv method=POST path=/api/translations status=200 durationMs=287
[pod/gateway-844b974576-l5zlv/gateway] 2026-10-05T23:44:59.789+00:00 INFO  http.request requestId=39e6fd78-5912-476c-9458-566ca857b80a role=api pod=gateway-844b974576-l5zlv method=POST path=/api/translations status=200 durationMs=243
[pod/gateway-844b974576-l5zlv/gateway] 2026-10-05T23:44:59.790+00:00 INFO  http.request requestId=442760cd-4690-4972-9d00-03fa0be42ad7 role=api pod=gateway-844b974576-l5zlv method=POST path=/api/translations status=200 durationMs=304
[pod/gateway-844b974576-l5zlv/gateway] 2026-10-05T23:44:59.805+00:00 INFO  http.request requestId=ff5c872d-faae-46bf-9273-79c6142e78fa role=api pod=gateway-844b974576-l5zlv method=POST path=/api/transcriptions status=200 durationMs=623
[pod/gateway-844b974576-l5zlv/gateway] 2026-10-05T23:44:59.964+00:00 INFO  http.request requestId=4bc6c0d3-391f-47b7-9358-4b62c6c08a45 role=api pod=gateway-844b974576-l5zlv method=POST path=/api/transcriptions status=200 durationMs=497
[pod/gateway-844b974576-l5zlv/gateway] 2026-10-05T23:45:00.020+00:00 INFO  http.request requestId=86649894-077a-4ab7-980e-b6d81ad2077d role=api pod=gateway-844b974576-l5zlv method=POST path=/api/translations status=200 durationMs=332
[pod/gateway-844b974576-l5zlv/gateway] 2026-10-05T23:45:00.089+00:00 INFO  http.request requestId=942c1de8-7af7-45e6-98da-b54edcceb430 role=api pod=gateway-844b974576-l5zlv method=POST path=/api/transcriptions status=200 durationMs=713
[pod/gateway-844b974576-l5zlv/gateway] 2026-10-05T23:45:00.098+00:00 INFO  http.request requestId=d2acf155-792a-4ee9-a354-d9323590b0c9 role=api pod=gateway-844b974576-l5zlv method=POST path=/api/translations status=200 durationMs=290
[pod/gateway-844b974576-l5zlv/gateway] 2026-10-05T23:45:00.105+00:00 INFO  http.request requestId=6c287bbe-866f-431d-8d6b-cd0e6c6be898 role=api pod=gateway-844b974576-l5zlv method=POST path=/api/translations status=200 durationMs=300
[pod/gateway-844b974576-l5zlv/gateway] 2026-10-05T23:45:00.171+00:00 INFO  http.request requestId=91993358-6208-4d39-944f-f2da23e83396 role=api pod=gateway-844b974576-l5zlv method=POST path=/api/transcriptions status=200 durationMs=673
[pod/gateway-844b974576-l5zlv/gateway] 2026-10-05T23:45:00.200+00:00 INFO  http.request requestId=fc6a2347-318e-48ce-8d96-59eee4a79459 role=api pod=gateway-844b974576-l5zlv method=POST path=/api/transcriptions status=200 durationMs=613
[pod/gateway-844b974576-l5zlv/gateway] 2026-10-05T23:45:00.210+00:00 INFO  http.request requestId=d3608311-e29c-4304-95e3-acaa4b770700 role=api pod=gateway-844b974576-l5zlv method=POST path=/api/translations status=200 durationMs=394
[pod/gateway-844b974576-l5zlv/gateway] 2026-10-05T23:45:00.234+00:00 INFO  http.request requestId=ba1372db-a541-425f-98d1-02c774ba21c6 role=api pod=gateway-844b974576-l5zlv method=POST path=/api/transcriptions status=200 durationMs=573
[pod/gateway-844b974576-l5zlv/gateway] 2026-10-05T23:45:00.242+00:00 INFO  http.request requestId=f6cd8f31-2195-4fc9-b5b9-86c67cb33539 role=api pod=gateway-844b974576-l5zlv method=POST path=/api/transcriptions status=200 durationMs=731
[pod/gateway-844b974576-l5zlv/gateway] 2026-10-05T23:45:00.264+00:00 INFO  http.request requestId=f165af55-d2c5-4d93-acff-cba8d041ab4d role=api pod=gateway-844b974576-l5zlv method=POST path=/api/transcriptions status=200 durationMs=482
[pod/gateway-844b974576-l5zlv/gateway] 2026-10-05T23:45:00.267+00:00 INFO  http.request requestId=ae59eccf-0a54-47cd-bcc9-3e0c1d40c4d4 role=api pod=gateway-844b974576-l5zlv method=POST path=/api/transcriptions status=200 durationMs=530
[pod/gateway-844b974576-l5zlv/gateway] 2026-10-05T23:45:00.355+00:00 INFO  http.request requestId=c70c5ae4-10c2-4fab-92a3-afcd3018224a role=api pod=gateway-844b974576-l5zlv method=POST path=/api/translations status=200 durationMs=388
[pod/gateway-844b974576-l5zlv/gateway] 2026-10-05T23:45:00.403+00:00 INFO  http.request requestId=4bbb8d89-f2a4-4764-b849-78b3831ddb39 role=api pod=gateway-844b974576-l5zlv method=POST path=/api/translations status=200 durationMs=394
[pod/gateway-844b974576-l5zlv/gateway] 2026-10-05T23:45:00.410+00:00 INFO  http.request requestId=20e37458-26f8-4dab-97f5-8d13e3b8b821 role=api pod=gateway-844b974576-l5zlv method=POST path=/api/transcriptions status=200 durationMs=734
[pod/gateway-844b974576-l5zlv/gateway] 2026-10-05T23:45:00.427+00:00 INFO  http.request requestId=00db8726-16e6-4a64-8bc0-07138ed6736b role=api pod=gateway-844b974576-l5zlv method=POST path=/api/translations status=200 durationMs=364
[pod/gateway-844b974576-l5zlv/gateway] 2026-10-05T23:45:00.436+00:00 INFO  http.request requestId=155820ea-f71e-490c-9613-4dc459dddf6d role=api pod=gateway-844b974576-l5zlv method=POST path=/api/transcriptions status=200 durationMs=429
[pod/gateway-844b974576-l5zlv/gateway] 2026-10-05T23:45:00.493+00:00 INFO  http.request requestId=e8df1c0c-d994-4797-8b39-e37741108f78 role=api pod=gateway-844b974576-l5zlv method=POST path=/api/translations status=200 durationMs=250
[pod/gateway-844b974576-l5zlv/gateway] 2026-10-05T23:45:00.524+00:00 INFO  http.request requestId=05a27644-c828-44dd-a3e3-184109dc9194 role=api pod=gateway-844b974576-l5zlv method=POST path=/api/transcriptions status=200 durationMs=413
[pod/gateway-844b974576-l5zlv/gateway] 2026-10-05T23:45:00.534+00:00 INFO  http.request requestId=041d48e6-ce4c-4422-99ae-d276359b4fec role=api pod=gateway-844b974576-l5zlv method=POST path=/api/transcriptions status=200 durationMs=437
[pod/gateway-844b974576-l5zlv/gateway] 2026-10-05T23:45:00.546+00:00 INFO  http.request requestId=a5c21d23-e64a-4dde-bcf2-ad07ea8d7bf7 role=api pod=gateway-844b974576-l5zlv method=POST path=/api/transcriptions status=200 durationMs=554
[pod/gateway-844b974576-l5zlv/gateway] 2026-10-05T23:45:00.553+00:00 INFO  http.request requestId=262160de-ef35-48de-a1e0-58a814137413 role=api pod=gateway-844b974576-l5zlv method=POST path=/api/transcriptions status=200 durationMs=697
[pod/gateway-844b974576-l5zlv/gateway] 2026-10-05T23:45:00.592+00:00 INFO  http.request requestId=90ca2e7a-2f42-438a-baf2-78d86b33af02 role=api pod=gateway-844b974576-l5zlv method=POST path=/api/transcriptions status=200 durationMs=465
[pod/gateway-844b974576-l5zlv/gateway] 2026-10-05T23:45:00.596+00:00 INFO  http.request requestId=9a63a732-8f93-4a7a-af8f-531c5881921f role=api pod=gateway-844b974576-l5zlv method=POST path=/api/translations status=200 durationMs=329
[pod/gateway-844b974576-l5zlv/gateway] 2026-10-05T23:45:00.687+00:00 INFO  http.request requestId=f7af4139-e6b1-4e1e-b7cf-66b957e26c6f role=api pod=gateway-844b974576-l5zlv method=POST path=/api/transcriptions status=200 durationMs=487
[pod/gateway-844b974576-l5zlv/gateway] 2026-10-05T23:45:00.698+00:00 INFO  http.request requestId=10e745f5-edd4-4802-bdd9-0cbefc09ed67 role=api pod=gateway-844b974576-l5zlv method=POST path=/api/transcriptions status=200 durationMs=480
[pod/gateway-844b974576-l5zlv/gateway] 2026-10-05T23:45:00.730+00:00 INFO  http.request requestId=1cc04605-51fa-4570-b1a4-1ac48e9d293e role=api pod=gateway-844b974576-l5zlv method=POST path=/api/translations status=200 durationMs=350
[pod/gateway-844b974576-l5zlv/gateway] 2026-10-05T23:45:00.738+00:00 INFO  http.request requestId=9506747f-ab07-459b-8d4c-ff4d1733e54f role=api pod=gateway-844b974576-l5zlv method=POST path=/api/transcriptions status=200 durationMs=462
[pod/gateway-844b974576-l5zlv/gateway] 2026-10-05T23:45:00.743+00:00 INFO  http.request requestId=e5876357-8bfa-4127-b36e-8955a8e0ea6b role=api pod=gateway-844b974576-l5zlv method=POST path=/api/transcriptions status=200 durationMs=556
[pod/gateway-844b974576-l5zlv/gateway] 2026-10-05T23:45:00.814+00:00 INFO  http.request requestId=ee7204ff-eac2-4d18-9497-329de6d4f576 role=api pod=gateway-844b974576-l5zlv method=POST path=/api/translations status=200 durationMs=377
[pod/gateway-844b974576-l5zlv/gateway] 2026-10-05T23:45:00.906+00:00 INFO  http.request requestId=6946495c-6105-4d77-a223-9bfae5d02511 role=api pod=gateway-844b974576-l5zlv method=POST path=/api/translations status=200 durationMs=313
[pod/gateway-844b974576-l5zlv/gateway] 2026-10-05T23:45:00.913+00:00 INFO  http.request requestId=6c13dcb7-8c35-4211-ac2c-0b58ba09e74f role=api pod=gateway-844b974576-l5zlv method=POST path=/api/translations status=200 durationMs=379
[pod/gateway-844b974576-l5zlv/gateway] 2026-10-05T23:45:00.965+00:00 INFO  http.request requestId=fd8a09b8-8680-471b-87f3-69102cdd70c7 role=api pod=gateway-844b974576-l5zlv method=POST path=/api/transcriptions status=200 durationMs=719
[pod/gateway-844b974576-l5zlv/gateway] 2026-10-05T23:45:00.965+00:00 INFO  http.request requestId=9a5e9909-390d-4854-90f5-b58a481aeaab role=api pod=gateway-844b974576-l5zlv method=POST path=/api/transcriptions status=200 durationMs=553
[pod/gateway-844b974576-l5zlv/gateway] 2026-10-05T23:45:00.998+00:00 INFO  http.request requestId=a5a59c52-0ade-40d5-b503-bac8c2d64100 role=api pod=gateway-844b974576-l5zlv method=POST path=/api/translations status=200 durationMs=286
[pod/gateway-844b974576-l5zlv/gateway] 2026-10-05T23:45:01.012+00:00 INFO  http.request requestId=6a9e7d56-0658-45aa-9a34-4b3919617088 role=api pod=gateway-844b974576-l5zlv method=POST path=/api/translations status=200 durationMs=321
[pod/gateway-844b974576-l5zlv/gateway] 2026-10-05T23:45:01.059+00:00 INFO  http.request requestId=5b83ffd5-0593-4019-9f6f-19286de8065b role=api pod=gateway-844b974576-l5zlv method=POST path=/api/transcriptions status=200 durationMs=558
[pod/gateway-844b974576-l5zlv/gateway] 2026-10-05T23:45:01.064+00:00 INFO  http.request requestId=8e99b1c6-fe22-4096-baeb-5264679ad520 role=api pod=gateway-844b974576-l5zlv method=POST path=/api/translations status=200 durationMs=290
[pod/gateway-844b974576-l5zlv/gateway] 2026-10-05T23:45:01.076+00:00 INFO  http.request requestId=bff92da1-78ec-4188-9423-e04a8dcd2987 role=api pod=gateway-844b974576-l5zlv method=POST path=/api/transcriptions status=200 durationMs=514
[pod/gateway-844b974576-l5zlv/gateway] 2026-10-05T23:45:01.101+00:00 INFO  http.request requestId=c22856f6-d482-4bf7-91aa-25e90ac347b1 role=api pod=gateway-844b974576-l5zlv method=POST path=/api/translations status=200 durationMs=340
[pod/gateway-844b974576-l5zlv/gateway] 2026-10-05T23:45:01.104+00:00 INFO  http.request requestId=838bc723-ac93-4c73-ad9b-6c2e634f214f role=api pod=gateway-844b974576-l5zlv method=POST path=/api/translations status=200 durationMs=261
[pod/gateway-844b974576-l5zlv/gateway] 2026-10-05T23:45:01.119+00:00 INFO  http.request requestId=0b50b222-b27a-4141-878d-8b7a645d7de0 role=api pod=gateway-844b974576-l5zlv method=POST path=/api/translations status=200 durationMs=375
[pod/gateway-844b974576-l5zlv/gateway] 2026-10-05T23:45:01.135+00:00 INFO  http.request requestId=31f5dbd2-bff0-439a-813a-1196443828d9 role=api pod=gateway-844b974576-l5zlv method=POST path=/api/transcriptions status=200 durationMs=588
[pod/gateway-844b974576-l5zlv/gateway] 2026-10-05T23:45:01.193+00:00 INFO  http.request requestId=9585c853-7e4d-4a22-a85f-9bd437434ec8 role=api pod=gateway-844b974576-l5zlv method=POST path=/api/transcriptions status=200 durationMs=557
[pod/gateway-844b974576-l5zlv/gateway] 2026-10-05T23:45:01.299+00:00 INFO  http.request requestId=fae5424b-48a9-4fdc-ae33-9eef14d11076 role=api pod=gateway-844b974576-l5zlv method=POST path=/api/translations status=200 durationMs=346
[pod/gateway-844b974576-l5zlv/gateway] 2026-10-05T23:45:01.307+00:00 INFO  http.request requestId=9e4226c7-680a-47fe-bb77-489e9c124ad2 role=api pod=gateway-844b974576-l5zlv method=POST path=/api/translations status=200 durationMs=377
[pod/gateway-844b974576-l5zlv/gateway] 2026-10-05T23:45:01.416+00:00 INFO  http.request requestId=e4973996-509c-4fa5-acf6-7724e405ef3f role=api pod=gateway-844b974576-l5zlv method=POST path=/api/translations status=200 durationMs=405
[pod/gateway-844b974576-l5zlv/gateway] 2026-10-05T23:45:01.423+00:00 INFO  http.request requestId=374ee195-8e46-4650-85b2-3593af5b9642 role=api pod=gateway-844b974576-l5zlv method=POST path=/api/translations status=200 durationMs=346
[pod/gateway-844b974576-l5zlv/gateway] 2026-10-05T23:45:01.575+00:00 INFO  http.request requestId=88abeb2e-fd9c-45ba-98da-06cdd9bf851d role=api pod=gateway-844b974576-l5zlv method=POST path=/api/translations status=200 durationMs=382
[pod/gateway-844b974576-l5zlv/gateway] 2026-10-05T23:45:04.315+00:00 INFO  http.request requestId=6621d57c-43a2-47e9-9e13-67d9577e08f0 role=api pod=gateway-844b974576-l5zlv method=POST path=/api/transcriptions status=200 durationMs=12004
[pod/gateway-844b974576-l5zlv/gateway] 2026-10-05T23:45:10.317+00:00 INFO  http.request requestId=bed8ff98-0e06-4052-ac99-a8e8088cfa7c role=api pod=gateway-844b974576-l5zlv method=POST path=/api/transcriptions status=200 durationMs=12006
