[pod/gateway-866f6b7d45-j7n4c/gateway] 2026-10-05T23:36:29.597+00:00 INFO  http.request requestId=8556463e-f4db-4df4-871c-41fec39cdf6c role=api pod=gateway-866f6b7d45-j7n4c method=POST path=/api/transcriptions status=200 durationMs=782
[pod/gateway-866f6b7d45-j7n4c/gateway] 2026-10-05T23:36:29.628+00:00 INFO  http.request requestId=3a21e8fd-fa13-43c3-b584-cdd467f6bcb4 role=api pod=gateway-866f6b7d45-j7n4c method=POST path=/api/translations status=200 durationMs=238
[pod/gateway-866f6b7d45-j7n4c/gateway] 2026-10-05T23:36:29.669+00:00 INFO  http.request requestId=42f06947-4478-4f71-a688-a30a9edbc3ed role=api pod=gateway-866f6b7d45-j7n4c method=POST path=/api/transcriptions status=200 durationMs=511
[pod/gateway-866f6b7d45-j7n4c/gateway] 2026-10-05T23:36:29.676+00:00 INFO  http.request requestId=2bec7c2d-0376-483e-b8d1-b04c3a8a0bea role=api pod=gateway-866f6b7d45-j7n4c method=POST path=/api/transcriptions status=200 durationMs=666
[pod/gateway-866f6b7d45-j7n4c/gateway] 2026-10-05T23:36:29.717+00:00 INFO  http.request requestId=e2c24d5f-9fd1-49a9-bb19-472a9908c4ae role=api pod=gateway-866f6b7d45-j7n4c method=POST path=/api/transcriptions status=200 durationMs=468
[pod/gateway-866f6b7d45-j7n4c/gateway] 2026-10-05T23:36:29.731+00:00 INFO  http.request requestId=dfb6213a-8192-48b7-9df1-f363061b807e role=api pod=gateway-866f6b7d45-j7n4c method=POST path=/api/translations status=200 durationMs=376
[pod/gateway-866f6b7d45-j7n4c/gateway] 2026-10-05T23:36:29.750+00:00 INFO  http.request requestId=a30739b0-ba37-4d9d-8bf3-a9d8adb45440 role=api pod=gateway-866f6b7d45-j7n4c method=POST path=/api/translations status=200 durationMs=271
[pod/gateway-866f6b7d45-j7n4c/gateway] 2026-10-05T23:36:29.794+00:00 INFO  http.request requestId=0bacc587-4888-436f-8e3c-e0d19543e688 role=api pod=gateway-866f6b7d45-j7n4c method=POST path=/api/transcriptions status=200 durationMs=530
[pod/gateway-866f6b7d45-j7n4c/gateway] 2026-10-05T23:36:29.858+00:00 INFO  http.request requestId=713f7df8-f783-4626-ae33-028181171a26 role=api pod=gateway-866f6b7d45-j7n4c method=POST path=/api/translations status=200 durationMs=334
[pod/gateway-866f6b7d45-j7n4c/gateway] 2026-10-05T23:36:29.859+00:00 INFO  http.request requestId=18c79150-aaba-432f-897f-57519ff7e5e8 role=api pod=gateway-866f6b7d45-j7n4c method=POST path=/api/translations status=200 durationMs=302
[pod/gateway-866f6b7d45-j7n4c/gateway] 2026-10-05T23:36:29.884+00:00 INFO  http.request requestId=c8dd4487-09b7-4029-a89b-e8c3674dde7c role=api pod=gateway-866f6b7d45-j7n4c method=POST path=/api/transcriptions status=200 durationMs=784
[pod/gateway-866f6b7d45-j7n4c/gateway] 2026-10-05T23:36:29.900+00:00 INFO  http.request requestId=deb442da-c737-4fd8-9bdd-0d697d6d723c role=api pod=gateway-866f6b7d45-j7n4c method=POST path=/api/transcriptions status=200 durationMs=726
[pod/gateway-866f6b7d45-j7n4c/gateway] 2026-10-05T23:36:29.962+00:00 INFO  http.request requestId=59f6afe2-270e-4845-b42b-98861c8a3f26 role=api pod=gateway-866f6b7d45-j7n4c method=POST path=/api/transcriptions status=200 durationMs=563
[pod/gateway-866f6b7d45-j7n4c/gateway] 2026-10-05T23:36:29.966+00:00 INFO  http.request requestId=7c80f033-10c7-4d54-ab44-9109924d9cca role=api pod=gateway-866f6b7d45-j7n4c method=POST path=/api/transcriptions status=200 durationMs=505
[pod/gateway-866f6b7d45-j7n4c/gateway] 2026-10-05T23:36:29.983+00:00 INFO  http.request requestId=7f4efb4a-0d4d-4c52-8135-280882988521 role=api pod=gateway-866f6b7d45-j7n4c method=POST path=/api/transcriptions status=200 durationMs=555
[pod/gateway-866f6b7d45-j7n4c/gateway] 2026-10-05T23:36:29.986+00:00 INFO  http.request requestId=3d311355-842a-4579-8272-eeb06ed883f3 role=api pod=gateway-866f6b7d45-j7n4c method=POST path=/api/translations status=200 durationMs=231
[pod/gateway-866f6b7d45-j7n4c/gateway] 2026-10-05T23:36:30.010+00:00 INFO  http.request requestId=0ba262c5-a0c5-458f-9107-9eb55611fd65 role=api pod=gateway-866f6b7d45-j7n4c method=POST path=/api/translations status=200 durationMs=333
[pod/gateway-866f6b7d45-j7n4c/gateway] 2026-10-05T23:36:30.068+00:00 INFO  http.request requestId=3cef98b3-c439-4c12-8fc1-a531dfe9bf41 role=api pod=gateway-866f6b7d45-j7n4c method=POST path=/api/translations status=200 durationMs=313
[pod/gateway-866f6b7d45-j7n4c/gateway] 2026-10-05T23:36:30.136+00:00 INFO  http.request requestId=dd5c9e16-9ad5-48a7-b2ac-48deb54133d1 role=api pod=gateway-866f6b7d45-j7n4c method=POST path=/api/transcriptions status=200 durationMs=602
[pod/gateway-866f6b7d45-j7n4c/gateway] 2026-10-05T23:36:30.212+00:00 INFO  http.request requestId=7111de36-668d-46b5-a01f-ac77eeacf413 role=api pod=gateway-866f6b7d45-j7n4c method=POST path=/api/transcriptions status=200 durationMs=497
[pod/gateway-866f6b7d45-j7n4c/gateway] 2026-10-05T23:36:30.231+00:00 INFO  http.request requestId=fe75658f-ff55-42ae-a84e-43ca17a01368 role=api pod=gateway-866f6b7d45-j7n4c method=POST path=/api/translations status=200 durationMs=220
[pod/gateway-866f6b7d45-j7n4c/gateway] 2026-10-05T23:36:30.272+00:00 INFO  http.request requestId=ae774e42-f64a-4ab0-a9ce-20850bba1576 role=api pod=gateway-866f6b7d45-j7n4c method=POST path=/api/translations status=200 durationMs=275
[pod/gateway-866f6b7d45-j7n4c/gateway] 2026-10-05T23:36:30.285+00:00 INFO  http.request requestId=ba1c0eea-efff-4054-9e7b-a1c4817efdda role=api pod=gateway-866f6b7d45-j7n4c method=POST path=/api/translations status=200 durationMs=385
[pod/gateway-866f6b7d45-j7n4c/gateway] 2026-10-05T23:36:30.297+00:00 INFO  http.request requestId=f5bacf5e-1bfe-4eb9-837d-0794786169e1 role=api pod=gateway-866f6b7d45-j7n4c method=POST path=/api/transcriptions status=200 durationMs=433
[pod/gateway-866f6b7d45-j7n4c/gateway] 2026-10-05T23:36:30.308+00:00 INFO  http.request requestId=da81694c-70f2-4166-a41b-3d6322f79d93 role=api pod=gateway-866f6b7d45-j7n4c method=POST path=/api/transcriptions status=200 durationMs=797
[pod/gateway-866f6b7d45-j7n4c/gateway] 2026-10-05T23:36:30.324+00:00 INFO  http.request requestId=25936365-7f4a-469b-b30d-900cdbe94904 role=api pod=gateway-866f6b7d45-j7n4c method=POST path=/api/transcriptions status=200 durationMs=715
[pod/gateway-866f6b7d45-j7n4c/gateway] 2026-10-05T23:36:30.361+00:00 INFO  http.request requestId=445789f1-d861-4941-9961-d9ab15f8e13b role=api pod=gateway-866f6b7d45-j7n4c method=POST path=/api/translations status=200 durationMs=394
[pod/gateway-866f6b7d45-j7n4c/gateway] 2026-10-05T23:36:30.392+00:00 INFO  http.request requestId=f42b6e22-67ea-4744-98e6-4fa340df9ea3 role=api pod=gateway-866f6b7d45-j7n4c method=POST path=/api/translations status=200 durationMs=346
[pod/gateway-866f6b7d45-j7n4c/gateway] 2026-10-05T23:36:30.464+00:00 INFO  http.request requestId=e70cea0a-a82c-49ff-a9d5-dc762e3cf947 role=api pod=gateway-866f6b7d45-j7n4c method=POST path=/api/translations status=200 durationMs=328
[pod/gateway-866f6b7d45-j7n4c/gateway] 2026-10-05T23:36:30.465+00:00 INFO  http.request requestId=c3649339-12b5-474c-ba23-344e76547667 role=api pod=gateway-866f6b7d45-j7n4c method=POST path=/api/translations status=200 durationMs=237
[pod/gateway-866f6b7d45-j7n4c/gateway] 2026-10-05T23:36:30.465+00:00 INFO  http.request requestId=2560b0b8-9068-4ab6-9c4a-3090848f9ead role=api pod=gateway-866f6b7d45-j7n4c method=POST path=/api/transcriptions status=200 durationMs=782
[pod/gateway-866f6b7d45-j7n4c/gateway] 2026-10-05T23:36:30.516+00:00 INFO  http.request requestId=e9238613-b2b6-482f-800d-e9f7e32f759e role=api pod=gateway-866f6b7d45-j7n4c method=POST path=/api/transcriptions status=200 durationMs=608
[pod/gateway-866f6b7d45-j7n4c/gateway] 2026-10-05T23:36:30.583+00:00 INFO  http.request requestId=e7888916-ad44-485e-b7b3-2b499858179d role=api pod=gateway-866f6b7d45-j7n4c method=POST path=/api/transcriptions status=200 durationMs=419
[pod/gateway-866f6b7d45-j7n4c/gateway] 2026-10-05T23:36:30.595+00:00 INFO  http.request requestId=0f9fd42c-5339-4eaa-bf11-78f9114df46d role=api pod=gateway-866f6b7d45-j7n4c method=POST path=/api/translations status=200 durationMs=235
[pod/gateway-866f6b7d45-j7n4c/gateway] 2026-10-05T23:36:30.639+00:00 INFO  http.request requestId=4f1f6cf6-1589-4f36-bc7d-74f44a7617b2 role=api pod=gateway-866f6b7d45-j7n4c method=POST path=/api/transcriptions status=200 durationMs=746
[pod/gateway-866f6b7d45-j7n4c/gateway] 2026-10-05T23:36:30.668+00:00 INFO  http.request requestId=8517eec6-ef92-49ab-90a1-12c06384a816 role=api pod=gateway-866f6b7d45-j7n4c method=POST path=/api/transcriptions status=200 durationMs=699
[pod/gateway-866f6b7d45-j7n4c/gateway] 2026-10-05T23:36:30.673+00:00 INFO  http.request requestId=a2075ac3-f83b-449e-8cc8-d48930c613c4 role=api pod=gateway-866f6b7d45-j7n4c method=POST path=/api/transcriptions status=200 durationMs=433
[pod/gateway-866f6b7d45-j7n4c/gateway] 2026-10-05T23:36:30.686+00:00 INFO  http.request requestId=e9e16515-3f39-4dcf-b7a6-a0be33a9d7b7 role=api pod=gateway-866f6b7d45-j7n4c method=POST path=/api/transcriptions status=200 durationMs=806
[pod/gateway-866f6b7d45-j7n4c/gateway] 2026-10-05T23:36:30.701+00:00 INFO  http.request requestId=5f438535-53f4-4992-b9fa-8eeef8b4b7c9 role=api pod=gateway-866f6b7d45-j7n4c method=POST path=/api/translations status=200 durationMs=291
[pod/gateway-866f6b7d45-j7n4c/gateway] 2026-10-05T23:36:30.729+00:00 INFO  http.request requestId=7cb907d1-62ef-44b7-a781-373c1c95fea8 role=api pod=gateway-866f6b7d45-j7n4c method=POST path=/api/transcriptions status=200 durationMs=655
[pod/gateway-866f6b7d45-j7n4c/gateway] 2026-10-05T23:36:30.736+00:00 INFO  http.request requestId=d1a5da02-4aae-45b4-8813-7b1b746665ff role=api pod=gateway-866f6b7d45-j7n4c method=POST path=/api/transcriptions status=200 durationMs=751
[pod/gateway-866f6b7d45-j7n4c/gateway] 2026-10-05T23:36:30.777+00:00 INFO  http.request requestId=5f0ddc73-f71e-4b93-9a3f-bba4e05a0c49 role=api pod=gateway-866f6b7d45-j7n4c method=POST path=/api/translations status=200 durationMs=260
[pod/gateway-866f6b7d45-j7n4c/gateway] 2026-10-05T23:36:30.806+00:00 INFO  http.request requestId=04d9676e-1b48-450d-b3fa-7e454d4918a9 role=api pod=gateway-866f6b7d45-j7n4c method=POST path=/api/transcriptions status=200 durationMs=431
[pod/gateway-866f6b7d45-j7n4c/gateway] 2026-10-05T23:36:30.857+00:00 INFO  http.request requestId=cbb7f739-f25a-4ef3-bd0a-f1cdef6be5e0 role=api pod=gateway-866f6b7d45-j7n4c method=POST path=/api/translations status=200 durationMs=217
[pod/gateway-866f6b7d45-j7n4c/gateway] 2026-10-05T23:36:30.991+00:00 INFO  http.request requestId=e13da858-a534-463c-a028-15fe44047df0 role=api pod=gateway-866f6b7d45-j7n4c method=POST path=/api/transcriptions status=200 durationMs=676
[pod/gateway-866f6b7d45-j7n4c/gateway] 2026-10-05T23:36:30.998+00:00 INFO  http.request requestId=688ca25a-33ab-495f-826c-9993056ae384 role=api pod=gateway-866f6b7d45-j7n4c method=POST path=/api/translations status=200 durationMs=409
[pod/gateway-866f6b7d45-j7n4c/gateway] 2026-10-05T23:36:30.998+00:00 INFO  http.request requestId=632073f1-f4c8-4b32-b7c0-f9d594be43bb role=api pod=gateway-866f6b7d45-j7n4c method=POST path=/api/translations status=200 durationMs=278
[pod/gateway-866f6b7d45-j7n4c/gateway] 2026-10-05T23:36:31.023+00:00 INFO  http.request requestId=7dcfe886-ff4e-4057-979b-79f024384f70 role=api pod=gateway-866f6b7d45-j7n4c method=POST path=/api/translations status=200 durationMs=349
[pod/gateway-866f6b7d45-j7n4c/gateway] 2026-10-05T23:36:31.047+00:00 INFO  http.request requestId=37a8a781-d3b8-4cfd-b4ea-7dced421b04e role=api pod=gateway-866f6b7d45-j7n4c method=POST path=/api/transcriptions status=200 durationMs=764
[pod/gateway-866f6b7d45-j7n4c/gateway] 2026-10-05T23:36:31.073+00:00 INFO  http.request requestId=e31889d0-d8ba-4ada-9203-2a993902a27a role=api pod=gateway-866f6b7d45-j7n4c method=POST path=/api/translations status=200 durationMs=3010
[pod/gateway-866f6b7d45-j7n4c/gateway] 2026-10-05T23:36:31.084+00:00 INFO  http.request requestId=2265e372-746a-4ebd-ac95-d3d583cee7db role=api pod=gateway-866f6b7d45-j7n4c method=POST path=/api/transcriptions status=200 durationMs=786
[pod/gateway-866f6b7d45-j7n4c/gateway] 2026-10-05T23:36:31.174+00:00 INFO  http.request requestId=264c8105-03e4-435c-b577-722daef67d1b role=api pod=gateway-866f6b7d45-j7n4c method=POST path=/api/transcriptions status=200 durationMs=681
[pod/gateway-866f6b7d45-j7n4c/gateway] 2026-10-05T23:36:31.211+00:00 INFO  http.request requestId=11ef19ae-0793-4ca7-a099-037e22716f4e role=api pod=gateway-866f6b7d45-j7n4c method=POST path=/api/transcriptions status=200 durationMs=537
[pod/gateway-866f6b7d45-j7n4c/gateway] 2026-10-05T23:36:31.215+00:00 INFO  http.request requestId=d18a68c7-f101-49e4-bcc8-1971fb91cdc3 role=api pod=gateway-866f6b7d45-j7n4c method=POST path=/api/transcriptions status=200 durationMs=467
[pod/gateway-866f6b7d45-j7n4c/gateway] 2026-10-05T23:36:31.225+00:00 INFO  http.request requestId=b5556bcf-c23e-4de9-af3c-3553c9275025 role=api pod=gateway-866f6b7d45-j7n4c method=POST path=/api/transcriptions status=200 durationMs=446
[pod/gateway-866f6b7d45-j7n4c/gateway] 2026-10-05T23:36:31.278+00:00 INFO  http.request requestId=a79d413d-81ca-465b-b902-7855741da765 role=api pod=gateway-866f6b7d45-j7n4c method=POST path=/api/transcriptions status=200 durationMs=590
[pod/gateway-866f6b7d45-j7n4c/gateway] 2026-10-05T23:36:31.286+00:00 INFO  http.request requestId=baaa9226-1f1a-46e4-99c6-86e8f4fddf90 role=api pod=gateway-866f6b7d45-j7n4c method=POST path=/api/transcriptions status=200 durationMs=806
[pod/gateway-866f6b7d45-j7n4c/gateway] 2026-10-05T23:36:31.304+00:00 INFO  http.request requestId=4569cac8-1af7-4a8a-8df9-cb565b705548 role=api pod=gateway-866f6b7d45-j7n4c method=POST path=/api/transcriptions status=200 durationMs=570
[pod/gateway-866f6b7d45-j7n4c/gateway] 2026-10-05T23:36:31.412+00:00 INFO  http.request requestId=182bf32d-239c-48b4-b4b7-9614d2f7bc17 role=api pod=gateway-866f6b7d45-j7n4c method=POST path=/api/transcriptions status=200 durationMs=769
[pod/gateway-866f6b7d45-j7n4c/gateway] 2026-10-05T23:36:31.488+00:00 INFO  http.request requestId=98c9ba79-414b-4c32-905a-2edded430092 role=api pod=gateway-866f6b7d45-j7n4c method=POST path=/api/translations status=200 durationMs=390
[pod/gateway-866f6b7d45-j7n4c/gateway] 2026-10-05T23:36:31.537+00:00 INFO  http.request requestId=aa92a4ff-04d6-48bc-9b89-c2fda89d1001 role=api pod=gateway-866f6b7d45-j7n4c method=POST path=/api/transcriptions status=200 durationMs=713
[pod/gateway-866f6b7d45-j7n4c/gateway] 2026-10-05T23:36:31.538+00:00 INFO  http.request requestId=50f6494f-673e-4b44-81a1-fbf4ad5410dc role=api pod=gateway-866f6b7d45-j7n4c method=POST path=/api/transcriptions status=200 durationMs=534
[pod/gateway-866f6b7d45-j7n4c/gateway] 2026-10-05T23:36:31.555+00:00 INFO  http.request requestId=c58d7b65-c8f6-4ceb-b039-957bcfd3e643 role=api pod=gateway-866f6b7d45-j7n4c method=POST path=/api/translations status=200 durationMs=218
[pod/gateway-866f6b7d45-j7n4c/gateway] 2026-10-05T23:36:31.587+00:00 INFO  http.request requestId=8a3002de-7048-4adf-b155-546de32eb6ea role=api pod=gateway-866f6b7d45-j7n4c method=POST path=/api/translations status=200 durationMs=308
[pod/gateway-866f6b7d45-j7n4c/gateway] 2026-10-05T23:36:31.590+00:00 INFO  http.request requestId=5f4c98f4-1252-4296-b62a-a7040cbe984b role=api pod=gateway-866f6b7d45-j7n4c method=POST path=/api/translations status=200 durationMs=285
[pod/gateway-866f6b7d45-j7n4c/gateway] 2026-10-05T23:36:31.613+00:00 INFO  http.request requestId=baaea86c-e911-49a9-b457-bc5769938e32 role=api pod=gateway-866f6b7d45-j7n4c method=POST path=/api/translations status=200 durationMs=327
[pod/gateway-866f6b7d45-j7n4c/gateway] 2026-10-05T23:36:31.673+00:00 INFO  http.request requestId=3a89006f-65ed-49c7-9d7e-08a9d7dcb2e7 role=api pod=gateway-866f6b7d45-j7n4c method=POST path=/api/transcriptions status=200 durationMs=580
[pod/gateway-866f6b7d45-j7n4c/gateway] 2026-10-05T23:36:31.694+00:00 INFO  http.request requestId=6e85ded8-6415-48ed-b413-b24fac5f5874 role=api pod=gateway-866f6b7d45-j7n4c method=POST path=/api/transcriptions status=200 durationMs=615
[pod/gateway-866f6b7d45-j7n4c/gateway] 2026-10-05T23:36:31.762+00:00 INFO  http.request requestId=028393c8-440f-40a4-89fa-332894d57209 role=api pod=gateway-866f6b7d45-j7n4c method=POST path=/api/transcriptions status=200 durationMs=743
[pod/gateway-866f6b7d45-j7n4c/gateway] 2026-10-05T23:36:31.777+00:00 INFO  http.request requestId=16b379e2-8bf7-4c0c-b185-8c8de427a8eb role=api pod=gateway-866f6b7d45-j7n4c method=POST path=/api/translations status=200 durationMs=238
[pod/gateway-866f6b7d45-j7n4c/gateway] 2026-10-05T23:36:31.778+00:00 INFO  http.request requestId=77629490-7d66-404a-84e1-5f45a8800fda role=api pod=gateway-866f6b7d45-j7n4c method=POST path=/api/transcriptions status=200 durationMs=563
[pod/gateway-866f6b7d45-j7n4c/gateway] 2026-10-05T23:36:31.780+00:00 INFO  http.request requestId=9fd03bd3-2052-43d7-8aec-ac60876a89a6 role=api pod=gateway-866f6b7d45-j7n4c method=POST path=/api/translations status=200 durationMs=242
[pod/gateway-866f6b7d45-j7n4c/gateway] 2026-10-05T23:36:31.798+00:00 INFO  http.request requestId=073bfc25-8c09-408c-b35d-b383eec05a0c role=api pod=gateway-866f6b7d45-j7n4c method=POST path=/api/translations status=200 durationMs=335
[pod/gateway-866f6b7d45-j7n4c/gateway] 2026-10-05T23:36:31.800+00:00 INFO  http.request requestId=22822b11-1c54-4c0e-8060-cf47afe20ed2 role=api pod=gateway-866f6b7d45-j7n4c method=POST path=/api/transcriptions status=200 durationMs=752
[pod/gateway-866f6b7d45-j7n4c/gateway] 2026-10-05T23:36:31.806+00:00 INFO  http.request requestId=102ddcae-9c7f-43cf-bc9e-2af295048f05 role=api pod=gateway-866f6b7d45-j7n4c method=POST path=/api/translations status=200 durationMs=385
[pod/gateway-866f6b7d45-j7n4c/gateway] 2026-10-05T23:36:31.839+00:00 INFO  http.request requestId=3f508586-65f7-4137-963f-ce9729ade7b7 role=api pod=gateway-866f6b7d45-j7n4c method=POST path=/api/transcriptions status=200 durationMs=12011
[pod/gateway-866f6b7d45-j7n4c/gateway] 2026-10-05T23:36:31.853+00:00 INFO  http.request requestId=536d7254-902a-4ecf-a204-f748f5db4d4f role=api pod=gateway-866f6b7d45-j7n4c method=POST path=/api/transcriptions status=200 durationMs=534
[pod/gateway-866f6b7d45-j7n4c/gateway] 2026-10-05T23:36:31.892+00:00 INFO  http.request requestId=cd2d8923-d639-4c76-8921-c3e30f196f3b role=api pod=gateway-866f6b7d45-j7n4c method=POST path=/api/translations status=200 durationMs=311
[pod/gateway-866f6b7d45-j7n4c/gateway] 2026-10-05T23:36:31.906+00:00 INFO  http.request requestId=0a790dd9-1244-4fa5-b56b-201f99b4926f role=api pod=gateway-866f6b7d45-j7n4c method=POST path=/api/translations status=200 durationMs=271
[pod/gateway-866f6b7d45-j7n4c/gateway] 2026-10-05T23:36:31.945+00:00 INFO  http.request requestId=1125edc5-e962-4c8b-98df-cfe75d5d0bca role=api pod=gateway-866f6b7d45-j7n4c method=POST path=/api/translations status=200 durationMs=255
[pod/gateway-866f6b7d45-j7n4c/gateway] 2026-10-05T23:36:31.993+00:00 INFO  http.request requestId=41cb1209-5e26-4bdb-a6b0-509cb13c0b46 role=api pod=gateway-866f6b7d45-j7n4c method=POST path=/api/transcriptions status=200 durationMs=764
[pod/gateway-866f6b7d45-j7n4c/gateway] 2026-10-05T23:36:32.012+00:00 INFO  http.request requestId=d5255c41-6687-4871-accf-d7c0e19094f4 role=api pod=gateway-866f6b7d45-j7n4c method=POST path=/api/translations status=200 durationMs=408
[pod/gateway-866f6b7d45-j7n4c/gateway] 2026-10-05T23:36:32.073+00:00 INFO  http.request requestId=55014f09-fa5f-46c2-900e-2a60eade7bb4 role=api pod=gateway-866f6b7d45-j7n4c method=POST path=/api/transcriptions status=200 durationMs=574
[pod/gateway-866f6b7d45-j7n4c/gateway] 2026-10-05T23:36:32.108+00:00 INFO  http.request requestId=5eef1a95-b8c2-42c1-9a6e-066769479984 role=api pod=gateway-866f6b7d45-j7n4c method=POST path=/api/translations status=200 durationMs=252
[pod/gateway-866f6b7d45-j7n4c/gateway] 2026-10-05T23:36:32.110+00:00 INFO  http.request requestId=fc3015ef-0fbf-46ec-bfc0-fc632f561f40 role=api pod=gateway-866f6b7d45-j7n4c method=POST path=/api/translations status=200 durationMs=318
[pod/gateway-866f6b7d45-j7n4c/gateway] 2026-10-05T23:36:32.117+00:00 INFO  http.request requestId=abc3318d-faa9-4f17-aaad-82189c852a69 role=api pod=gateway-866f6b7d45-j7n4c method=POST path=/api/translations status=200 durationMs=315
[pod/gateway-866f6b7d45-j7n4c/gateway] 2026-10-05T23:36:32.168+00:00 INFO  http.request requestId=2e17d311-23bd-4525-b0ca-156d3bc3462d role=api pod=gateway-866f6b7d45-j7n4c method=POST path=/api/translations status=200 durationMs=274
[pod/gateway-866f6b7d45-j7n4c/gateway] 2026-10-05T23:36:32.176+00:00 INFO  http.request requestId=99f9fb71-39fd-423a-9d04-70d9876f2de8 role=api pod=gateway-866f6b7d45-j7n4c method=POST path=/api/translations status=200 durationMs=227
[pod/gateway-866f6b7d45-j7n4c/gateway] 2026-10-05T23:36:32.229+00:00 INFO  http.request requestId=0f6a10e2-673c-4531-a434-ce652be1e497 role=api pod=gateway-866f6b7d45-j7n4c method=POST path=/api/transcriptions status=200 durationMs=519
[pod/gateway-866f6b7d45-j7n4c/gateway] 2026-10-05T23:36:32.265+00:00 INFO  http.request requestId=ff6b1e59-fba0-4dbd-bf63-08dd11f574ac role=api pod=gateway-866f6b7d45-j7n4c method=POST path=/api/transcriptions status=200 durationMs=587
[pod/gateway-866f6b7d45-j7n4c/gateway] 2026-10-05T23:36:32.272+00:00 INFO  http.request requestId=7b9fb847-4f76-4c6a-830c-d0fb6fe82234 role=api pod=gateway-866f6b7d45-j7n4c method=POST path=/api/transcriptions status=200 durationMs=727
[pod/gateway-866f6b7d45-j7n4c/gateway] 2026-10-05T23:36:32.281+00:00 INFO  http.request requestId=9b5e11bf-71b3-4d35-b2fa-37e40cd2ace9 role=api pod=gateway-866f6b7d45-j7n4c method=POST path=/api/translations status=200 durationMs=285
[pod/gateway-866f6b7d45-j7n4c/gateway] 2026-10-05T23:36:32.331+00:00 INFO  http.request requestId=7a140188-8448-4dba-8e5e-1575319b27e0 role=api pod=gateway-866f6b7d45-j7n4c method=POST path=/api/translations status=200 durationMs=255
[pod/gateway-866f6b7d45-j7n4c/gateway] 2026-10-05T23:36:32.427+00:00 INFO  http.request requestId=57c89fb6-c3db-4a74-935e-c1a4ab608c5d role=api pod=gateway-866f6b7d45-j7n4c method=POST path=/api/transcriptions status=200 durationMs=659
[pod/gateway-866f6b7d45-j7n4c/gateway] 2026-10-05T23:36:32.427+00:00 INFO  http.request requestId=7eeff997-4271-4c03-ba01-e3284131c11d role=api pod=gateway-866f6b7d45-j7n4c method=POST path=/api/translations status=200 durationMs=386
[pod/gateway-866f6b7d45-j7n4c/gateway] 2026-10-05T23:36:32.457+00:00 INFO  http.request requestId=d0490a4f-87ae-4340-91d3-2419b563216b role=api pod=gateway-866f6b7d45-j7n4c method=POST path=/api/transcriptions status=200 durationMs=538
[pod/gateway-866f6b7d45-j7n4c/gateway] 2026-10-05T23:36:32.504+00:00 INFO  http.request requestId=61abe9de-b228-43e5-ae34-44624400853f role=api pod=gateway-866f6b7d45-j7n4c method=POST path=/api/transcriptions status=200 durationMs=690
[pod/gateway-866f6b7d45-j7n4c/gateway] 2026-10-05T23:36:32.509+00:00 INFO  http.request requestId=cf00ece0-86d4-4cce-8c43-b3dbbc510f94 role=api pod=gateway-866f6b7d45-j7n4c method=POST path=/api/translations status=200 durationMs=243
[pod/gateway-866f6b7d45-j7n4c/gateway] 2026-10-05T23:36:32.510+00:00 INFO  http.request requestId=aa72efb4-f1a2-4729-9ed6-b0397c282a71 role=api pod=gateway-866f6b7d45-j7n4c method=POST path=/api/translations status=200 durationMs=227
[pod/gateway-866f6b7d45-j7n4c/gateway] 2026-10-05T23:36:32.511+00:00 INFO  http.request requestId=ca7c2f0d-95be-4efe-b149-c41c95d57a29 role=api pod=gateway-866f6b7d45-j7n4c method=POST path=/api/transcriptions status=200 durationMs=727
[pod/gateway-866f6b7d45-j7n4c/gateway] 2026-10-05T23:36:32.574+00:00 INFO  http.request requestId=188bbef8-aa01-468e-9a15-f5b077578b51 role=api pod=gateway-866f6b7d45-j7n4c method=POST path=/api/transcriptions status=200 durationMs=730
[pod/gateway-866f6b7d45-j7n4c/gateway] 2026-10-05T23:36:32.602+00:00 INFO  http.request requestId=efa3a537-c4e4-4f95-8ae7-a3520c957d06 role=api pod=gateway-866f6b7d45-j7n4c method=POST path=/api/translations status=200 durationMs=305
[pod/gateway-866f6b7d45-j7n4c/gateway] 2026-10-05T23:36:32.668+00:00 INFO  http.request requestId=758fc188-f86f-4165-bc02-b99e5343e727 role=api pod=gateway-866f6b7d45-j7n4c method=POST path=/api/transcriptions status=200 durationMs=689
[pod/gateway-866f6b7d45-j7n4c/gateway] 2026-10-05T23:36:32.742+00:00 INFO  http.request requestId=54145ba2-448f-4365-83a5-f5cb19249f46 role=api pod=gateway-866f6b7d45-j7n4c method=POST path=/api/transcriptions status=200 durationMs=567
[pod/gateway-866f6b7d45-j7n4c/gateway] 2026-10-05T23:36:32.797+00:00 INFO  http.request requestId=89c4186d-ab55-4cb9-bb39-def0e2233a03 role=api pod=gateway-866f6b7d45-j7n4c method=POST path=/api/translations status=200 durationMs=397
[pod/gateway-866f6b7d45-j7n4c/gateway] 2026-10-05T23:36:32.813+00:00 INFO  http.request requestId=7c834305-7f85-4fed-9203-40bf1b8313a4 role=api pod=gateway-866f6b7d45-j7n4c method=POST path=/api/translations status=200 durationMs=304
[pod/gateway-866f6b7d45-j7n4c/gateway] 2026-10-05T23:36:32.833+00:00 INFO  http.request requestId=5c397500-3c4a-4761-a054-eedf3d9d6500 role=api pod=gateway-866f6b7d45-j7n4c method=POST path=/api/transcriptions status=200 durationMs=719
[pod/gateway-866f6b7d45-j7n4c/gateway] 2026-10-05T23:36:32.869+00:00 INFO  http.request requestId=030d61c3-cc1a-4aaf-a581-205e5798a5ca role=api pod=gateway-866f6b7d45-j7n4c method=POST path=/api/translations status=200 durationMs=256
[pod/gateway-866f6b7d45-j7n4c/gateway] 2026-10-05T23:36:32.878+00:00 INFO  http.request requestId=6da0d0b1-001e-4faf-a1ae-41f932231728 role=api pod=gateway-866f6b7d45-j7n4c method=POST path=/api/transcriptions status=200 durationMs=689
[pod/gateway-866f6b7d45-j7n4c/gateway] 2026-10-05T23:36:32.895+00:00 INFO  http.request requestId=edac1b08-175d-4a97-9f9e-75da0389d2e8 role=api pod=gateway-866f6b7d45-j7n4c method=POST path=/api/transcriptions status=200 durationMs=451
[pod/gateway-866f6b7d45-j7n4c/gateway] 2026-10-05T23:36:32.909+00:00 INFO  http.request requestId=661236b4-fe32-4ffc-9287-dbf86663aa71 role=api pod=gateway-866f6b7d45-j7n4c method=POST path=/api/transcriptions status=200 durationMs=449
[pod/gateway-866f6b7d45-j7n4c/gateway] 2026-10-05T23:36:32.912+00:00 INFO  http.request requestId=9093fb99-6efc-429d-b162-0243355e3acc role=api pod=gateway-866f6b7d45-j7n4c method=POST path=/api/transcriptions status=200 durationMs=649
[pod/gateway-866f6b7d45-j7n4c/gateway] 2026-10-05T23:36:33.036+00:00 INFO  http.request requestId=f2b4b698-d005-497e-a17d-4b097850750d role=api pod=gateway-866f6b7d45-j7n4c method=POST path=/api/transcriptions status=200 durationMs=803
[pod/gateway-866f6b7d45-j7n4c/gateway] 2026-10-05T23:36:33.142+00:00 INFO  http.request requestId=2650e8f0-4a6f-4dd8-bebc-ad12e86c8e0a role=api pod=gateway-866f6b7d45-j7n4c method=POST path=/api/translations status=200 durationMs=228
[pod/gateway-866f6b7d45-j7n4c/gateway] 2026-10-05T23:36:33.157+00:00 INFO  http.request requestId=7950f19d-74b1-4e03-b28a-c960f75904a9 role=api pod=gateway-866f6b7d45-j7n4c method=POST path=/api/transcriptions status=200 durationMs=639
[pod/gateway-866f6b7d45-j7n4c/gateway] 2026-10-05T23:36:33.175+00:00 INFO  http.request requestId=26e88e27-8413-4de1-b6bd-a1bbca97648c role=api pod=gateway-866f6b7d45-j7n4c method=POST path=/api/transcriptions status=200 durationMs=747
[pod/gateway-866f6b7d45-j7n4c/gateway] 2026-10-05T23:36:33.220+00:00 INFO  http.request requestId=fe2963c8-bab8-423f-9d0d-7243048db461 role=api pod=gateway-866f6b7d45-j7n4c method=POST path=/api/transcriptions status=200 durationMs=686
[pod/gateway-866f6b7d45-j7n4c/gateway] 2026-10-05T23:36:33.224+00:00 INFO  http.request requestId=a77ae670-7819-470b-92a1-4e40d129c2bb role=api pod=gateway-866f6b7d45-j7n4c method=POST path=/api/translations status=200 durationMs=315
[pod/gateway-866f6b7d45-j7n4c/gateway] 2026-10-05T23:36:33.273+00:00 INFO  http.request requestId=cbaed7ba-c1b9-4683-a97f-9b8603289ccd role=api pod=gateway-866f6b7d45-j7n4c method=POST path=/api/transcriptions status=200 durationMs=695
[pod/gateway-866f6b7d45-j7n4c/gateway] 2026-10-05T23:36:33.273+00:00 INFO  http.request requestId=89e6645d-4363-4c7b-96bd-723dee28f5b3 role=api pod=gateway-866f6b7d45-j7n4c method=POST path=/api/translations status=200 durationMs=360
[pod/gateway-866f6b7d45-j7n4c/gateway] 2026-10-05T23:36:33.283+00:00 INFO  http.request requestId=aa7a5ea1-16e2-496b-8fb1-8539ac21753a role=api pod=gateway-866f6b7d45-j7n4c method=POST path=/api/translations status=200 durationMs=389
[pod/gateway-866f6b7d45-j7n4c/gateway] 2026-10-05T23:36:33.290+00:00 INFO  http.request requestId=a73f234e-9fa5-4922-b56a-3c1df290defe role=api pod=gateway-866f6b7d45-j7n4c method=POST path=/api/translations status=200 durationMs=407
[pod/gateway-866f6b7d45-j7n4c/gateway] 2026-10-05T23:36:33.418+00:00 INFO  http.request requestId=13979e75-fb18-4d92-98d4-a6201029f8aa role=api pod=gateway-866f6b7d45-j7n4c method=POST path=/api/transcriptions status=200 durationMs=675
[pod/gateway-866f6b7d45-j7n4c/gateway] 2026-10-05T23:36:33.454+00:00 INFO  http.request requestId=3ca0d77e-976c-4d61-bf19-84df8ef6aa9d role=api pod=gateway-866f6b7d45-j7n4c method=POST path=/api/transcriptions status=200 durationMs=635
[pod/gateway-866f6b7d45-j7n4c/gateway] 2026-10-05T23:36:33.488+00:00 INFO  http.request requestId=3292351f-10de-497b-bf1f-e532f0bff0c1 role=api pod=gateway-866f6b7d45-j7n4c method=POST path=/api/transcriptions status=200 durationMs=789
[pod/gateway-866f6b7d45-j7n4c/gateway] 2026-10-05T23:36:33.561+00:00 INFO  http.request requestId=fa67ea76-e7e3-424f-8a12-f9e30ca6c483 role=api pod=gateway-866f6b7d45-j7n4c method=POST path=/api/transcriptions status=200 durationMs=622
[pod/gateway-866f6b7d45-j7n4c/gateway] 2026-10-05T23:36:33.562+00:00 INFO  http.request requestId=5da96d7c-d798-4c79-a52c-799589962bf3 role=api pod=gateway-866f6b7d45-j7n4c method=POST path=/api/transcriptions status=200 durationMs=728
[pod/gateway-866f6b7d45-j7n4c/gateway] 2026-10-05T23:36:33.587+00:00 INFO  http.request requestId=11b6165a-5da7-4ada-b602-36d275561d1e role=api pod=gateway-866f6b7d45-j7n4c method=POST path=/api/translations status=200 durationMs=249
[pod/gateway-866f6b7d45-j7n4c/gateway] 2026-10-05T23:36:33.589+00:00 INFO  http.request requestId=7a560007-a7cc-42d1-bd56-00274b8e49b6 role=api pod=gateway-866f6b7d45-j7n4c method=POST path=/api/translations status=200 durationMs=301
[pod/gateway-866f6b7d45-j7n4c/gateway] 2026-10-05T23:36:33.633+00:00 INFO  http.request requestId=dcad5dfc-dd9c-4de1-9060-9ba7d7e93825 role=api pod=gateway-866f6b7d45-j7n4c method=POST path=/api/translations status=200 durationMs=387
[pod/gateway-866f6b7d45-j7n4c/gateway] 2026-10-05T23:36:33.635+00:00 INFO  http.request requestId=a995d621-e2b6-4e17-a026-88f579ec9d62 role=api pod=gateway-866f6b7d45-j7n4c method=POST path=/api/translations status=200 durationMs=356
[pod/gateway-866f6b7d45-j7n4c/gateway] 2026-10-05T23:36:33.769+00:00 INFO  http.request requestId=8591539f-e21e-4903-a7a2-1c46af0fb8bf role=api pod=gateway-866f6b7d45-j7n4c method=POST path=/api/transcriptions status=200 durationMs=590
[pod/gateway-866f6b7d45-j7n4c/gateway] 2026-10-05T23:36:33.783+00:00 INFO  http.request requestId=20985f0f-8c10-4e03-b39d-f55b40ef86e3 role=api pod=gateway-866f6b7d45-j7n4c method=POST path=/api/transcriptions status=200 durationMs=545
[pod/gateway-866f6b7d45-j7n4c/gateway] 2026-10-05T23:36:33.813+00:00 INFO  http.request requestId=d8b8e06b-b7ef-4bc5-8527-65f8258e29c9 role=api pod=gateway-866f6b7d45-j7n4c method=POST path=/api/transcriptions status=200 durationMs=589
[pod/gateway-866f6b7d45-j7n4c/gateway] 2026-10-05T23:36:33.816+00:00 INFO  http.request requestId=89cae1d4-b826-4ad8-8856-dd029f86e7a0 role=api pod=gateway-866f6b7d45-j7n4c method=POST path=/api/translations status=200 durationMs=361
[pod/gateway-866f6b7d45-j7n4c/gateway] 2026-10-05T23:36:33.829+00:00 INFO  http.request requestId=a397f677-dbce-46b4-afb1-9dd8d429c96a role=api pod=gateway-866f6b7d45-j7n4c method=POST path=/api/transcriptions status=200 durationMs=786
[pod/gateway-866f6b7d45-j7n4c/gateway] 2026-10-05T23:36:33.881+00:00 INFO  http.request requestId=65a7208e-c6e9-4ce3-a1b7-f57c918fd3f2 role=api pod=gateway-866f6b7d45-j7n4c method=POST path=/api/transcriptions status=200 durationMs=718
[pod/gateway-866f6b7d45-j7n4c/gateway] 2026-10-05T23:36:33.890+00:00 INFO  http.request requestId=5cf8f967-86e2-4145-9960-d3d6cf1ca246 role=api pod=gateway-866f6b7d45-j7n4c method=POST path=/api/transcriptions status=200 durationMs=426
[pod/gateway-866f6b7d45-j7n4c/gateway] 2026-10-05T23:36:33.920+00:00 INFO  http.request requestId=606369bd-7bd2-4775-92ea-685f243af954 role=api pod=gateway-866f6b7d45-j7n4c method=POST path=/api/translations status=200 durationMs=357
[pod/gateway-866f6b7d45-j7n4c/gateway] 2026-10-05T23:36:33.966+00:00 INFO  http.request requestId=31c1375a-477d-4669-91cc-e188dcd8527a role=api pod=gateway-866f6b7d45-j7n4c method=POST path=/api/translations status=200 durationMs=366
[pod/gateway-866f6b7d45-j7n4c/gateway] 2026-10-05T23:36:34.011+00:00 INFO  http.request requestId=52c27e97-6d1d-4542-9559-50e183dbd48d role=api pod=gateway-866f6b7d45-j7n4c method=POST path=/api/transcriptions status=200 durationMs=698
[pod/gateway-866f6b7d45-j7n4c/gateway] 2026-10-05T23:36:34.036+00:00 INFO  http.request requestId=03e485ee-3a2e-4890-9e1f-dbff51261979 role=api pod=gateway-866f6b7d45-j7n4c method=POST path=/api/translations status=200 durationMs=398
[pod/gateway-866f6b7d45-j7n4c/gateway] 2026-10-05T23:36:34.039+00:00 INFO  http.request requestId=5a1be1d4-5737-4e35-9a70-266ac74caa25 role=api pod=gateway-866f6b7d45-j7n4c method=POST path=/api/translations status=200 durationMs=255
[pod/gateway-866f6b7d45-j7n4c/gateway] 2026-10-05T23:36:34.045+00:00 INFO  http.request requestId=2a2805b6-ce75-4644-a938-2b920b47edc0 role=api pod=gateway-866f6b7d45-j7n4c method=POST path=/api/translations status=200 durationMs=3006
[pod/gateway-866f6b7d45-j7n4c/gateway] 2026-10-05T23:36:34.070+00:00 INFO  http.request requestId=d0e9b75c-9c30-47c6-9275-ce0c4df31208 role=api pod=gateway-866f6b7d45-j7n4c method=POST path=/api/translations status=200 durationMs=227
[pod/gateway-866f6b7d45-j7n4c/gateway] 2026-10-05T23:36:34.108+00:00 INFO  http.request requestId=4750c0f4-cad7-4534-b94a-195fd25f2910 role=api pod=gateway-866f6b7d45-j7n4c method=POST path=/api/translations status=200 durationMs=285
[pod/gateway-866f6b7d45-j7n4c/gateway] 2026-10-05T23:36:34.136+00:00 INFO  http.request requestId=c645ae82-4a2f-4517-8b48-1c3fe9f8daf7 role=api pod=gateway-866f6b7d45-j7n4c method=POST path=/api/translations status=200 durationMs=362
[pod/gateway-866f6b7d45-j7n4c/gateway] 2026-10-05T23:36:34.167+00:00 INFO  http.request requestId=5039a92a-4479-4f6d-b78a-b6fcca7c3f8d role=api pod=gateway-866f6b7d45-j7n4c method=POST path=/api/transcriptions status=200 durationMs=419
[pod/gateway-866f6b7d45-j7n4c/gateway] 2026-10-05T23:36:34.169+00:00 INFO  http.request requestId=f4122c96-8476-4885-bdb8-d4c1982ad07b role=api pod=gateway-866f6b7d45-j7n4c method=POST path=/api/translations status=200 durationMs=355
[pod/gateway-866f6b7d45-j7n4c/gateway] 2026-10-05T23:36:34.190+00:00 INFO  http.request requestId=cadbd451-9172-4a7b-8f17-d96bbfaa12b6 role=api pod=gateway-866f6b7d45-j7n4c method=POST path=/api/translations status=200 durationMs=225
[pod/gateway-866f6b7d45-j7n4c/gateway] 2026-10-05T23:36:34.216+00:00 INFO  http.request requestId=65819d26-ab6a-44dd-a9c6-f2c41367077e role=api pod=gateway-866f6b7d45-j7n4c method=POST path=/api/transcriptions status=200 durationMs=618
[pod/gateway-866f6b7d45-j7n4c/gateway] 2026-10-05T23:36:34.249+00:00 INFO  http.request requestId=5e97735a-2f0f-422d-a3f4-9c1e5ff845f6 role=api pod=gateway-866f6b7d45-j7n4c method=POST path=/api/translations status=200 durationMs=355
[pod/gateway-866f6b7d45-j7n4c/gateway] 2026-10-05T23:36:34.317+00:00 INFO  http.request requestId=c7e04ea5-f846-41b3-99a0-610515564642 role=api pod=gateway-866f6b7d45-j7n4c method=POST path=/api/translations status=200 durationMs=224
[pod/gateway-866f6b7d45-j7n4c/gateway] 2026-10-05T23:36:34.344+00:00 INFO  http.request requestId=22219cde-dc27-495b-844c-f78c35b40336 role=api pod=gateway-866f6b7d45-j7n4c method=POST path=/api/transcriptions status=200 durationMs=460
[pod/gateway-866f6b7d45-j7n4c/gateway] 2026-10-05T23:36:34.347+00:00 INFO  http.request requestId=5a00f11a-2c9e-4b15-a15e-44d90a05d0ee role=api pod=gateway-866f6b7d45-j7n4c method=POST path=/api/transcriptions status=200 durationMs=779
[pod/gateway-866f6b7d45-j7n4c/gateway] 2026-10-05T23:36:34.385+00:00 INFO  http.request requestId=319f668d-c218-4f52-8ca5-7745342e62fb role=api pod=gateway-866f6b7d45-j7n4c method=POST path=/api/translations status=200 durationMs=214
[pod/gateway-866f6b7d45-j7n4c/gateway] 2026-10-05T23:36:34.420+00:00 INFO  http.request requestId=f3ebb4fe-b4c8-4291-8e62-8a34f84230d2 role=api pod=gateway-866f6b7d45-j7n4c method=POST path=/api/translations status=200 durationMs=380
[pod/gateway-866f6b7d45-j7n4c/gateway] 2026-10-05T23:36:34.471+00:00 INFO  http.request requestId=31cc0755-8322-4b68-ab14-dcdaad24e4ce role=api pod=gateway-866f6b7d45-j7n4c method=POST path=/api/translations status=200 durationMs=217
[pod/gateway-866f6b7d45-j7n4c/gateway] 2026-10-05T23:36:34.478+00:00 INFO  http.request requestId=8a9a27c1-cb1d-4ac4-b19a-c16d36762385 role=api pod=gateway-866f6b7d45-j7n4c method=POST path=/api/transcriptions status=200 durationMs=415
[pod/gateway-866f6b7d45-j7n4c/gateway] 2026-10-05T23:36:34.508+00:00 INFO  http.request requestId=f15b5f1b-b4f3-4b55-b7fb-2883fffa9805 role=api pod=gateway-866f6b7d45-j7n4c method=POST path=/api/translations status=200 durationMs=279
[pod/gateway-866f6b7d45-j7n4c/gateway] 2026-10-05T23:36:34.509+00:00 INFO  http.request requestId=3b9818b4-76db-484f-819b-573bfc8723ad role=api pod=gateway-866f6b7d45-j7n4c method=POST path=/api/translations status=200 durationMs=293
[pod/gateway-866f6b7d45-j7n4c/gateway] 2026-10-05T23:36:34.562+00:00 INFO  http.request requestId=67e68a0c-7669-4e98-a243-21e10602a054 role=api pod=gateway-866f6b7d45-j7n4c method=POST path=/api/transcriptions status=200 durationMs=739
[pod/gateway-866f6b7d45-j7n4c/gateway] 2026-10-05T23:36:34.583+00:00 INFO  http.request requestId=aeb6d14d-4fe7-4203-978a-b7445efa2952 role=api pod=gateway-866f6b7d45-j7n4c method=POST path=/api/transcriptions status=200 durationMs=444
[pod/gateway-866f6b7d45-j7n4c/gateway] 2026-10-05T23:36:34.615+00:00 INFO  http.request requestId=ed5ee9a8-a514-4794-9f1c-7d0122744124 role=api pod=gateway-866f6b7d45-j7n4c method=POST path=/api/translations status=200 durationMs=388
[pod/gateway-866f6b7d45-j7n4c/gateway] 2026-10-05T23:36:34.622+00:00 INFO  http.request requestId=87c38c06-4581-4b06-8127-288b6e001a38 role=api pod=gateway-866f6b7d45-j7n4c method=POST path=/api/transcriptions status=200 durationMs=633
[pod/gateway-866f6b7d45-j7n4c/gateway] 2026-10-05T23:36:34.633+00:00 INFO  http.request requestId=c1a5fb32-8366-49f9-9b2d-e10e94eb1794 role=api pod=gateway-866f6b7d45-j7n4c method=POST path=/api/transcriptions status=200 durationMs=613
[pod/gateway-866f6b7d45-j7n4c/gateway] 2026-10-05T23:36:34.693+00:00 INFO  http.request requestId=8b9c4cd6-3551-4718-a13f-5a6bfeb69950 role=api pod=gateway-866f6b7d45-j7n4c method=POST path=/api/translations status=200 durationMs=343
[pod/gateway-866f6b7d45-j7n4c/gateway] 2026-10-05T23:36:34.748+00:00 INFO  http.request requestId=55f12403-7c05-47ae-8c28-7d6d27a621a3 role=api pod=gateway-866f6b7d45-j7n4c method=POST path=/api/translations status=200 durationMs=344
[pod/gateway-866f6b7d45-j7n4c/gateway] 2026-10-05T23:36:34.798+00:00 INFO  http.request requestId=4974a8fc-d964-49e5-b674-fce60d92eeb6 role=api pod=gateway-866f6b7d45-j7n4c method=POST path=/api/translations status=200 durationMs=243
[pod/gateway-866f6b7d45-j7n4c/gateway] 2026-10-05T23:36:34.819+00:00 INFO  http.request requestId=c8635085-8d59-4e79-a6ed-f5c53cbfb0a9 role=api pod=gateway-866f6b7d45-j7n4c method=POST path=/api/translations status=200 durationMs=395
[pod/gateway-866f6b7d45-j7n4c/gateway] 2026-10-05T23:36:34.870+00:00 INFO  http.request requestId=3566f37a-d29e-41ac-b91b-a70ae91ad14d role=api pod=gateway-866f6b7d45-j7n4c method=POST path=/api/transcriptions status=200 durationMs=417
[pod/gateway-866f6b7d45-j7n4c/gateway] 2026-10-05T23:36:34.871+00:00 INFO  http.request requestId=ce2b2b21-7365-4d4d-836b-5e86d1ec9582 role=api pod=gateway-866f6b7d45-j7n4c method=POST path=/api/translations status=200 durationMs=391
[pod/gateway-866f6b7d45-j7n4c/gateway] 2026-10-05T23:36:34.955+00:00 INFO  http.request requestId=97b8ec31-42e7-4e1d-8437-cca8d44b3634 role=api pod=gateway-866f6b7d45-j7n4c method=POST path=/api/translations status=200 durationMs=304
[pod/gateway-866f6b7d45-j7n4c/gateway] 2026-10-05T23:36:34.962+00:00 INFO  http.request requestId=70c39288-08a2-480d-8d7f-a45cd1b2e84e role=api pod=gateway-866f6b7d45-j7n4c method=POST path=/api/translations status=200 durationMs=378
[pod/gateway-866f6b7d45-j7n4c/gateway] 2026-10-05T23:36:34.962+00:00 INFO  http.request requestId=a5396cee-79a8-4d16-abb1-5f0a044f14e2 role=api pod=gateway-866f6b7d45-j7n4c method=POST path=/api/translations status=200 durationMs=393
[pod/gateway-866f6b7d45-j7n4c/gateway] 2026-10-05T23:36:35.035+00:00 INFO  http.request requestId=623887c0-6ab7-4bf2-ad56-b359597f5f73 role=api pod=gateway-866f6b7d45-j7n4c method=POST path=/api/translations status=200 durationMs=265
[pod/gateway-866f6b7d45-j7n4c/gateway] 2026-10-05T23:36:35.056+00:00 INFO  http.request requestId=6a909b71-51af-465c-8fa4-3a03e6805c0b role=api pod=gateway-866f6b7d45-j7n4c method=POST path=/api/translations status=200 durationMs=387
[pod/gateway-866f6b7d45-j7n4c/gateway] 2026-10-05T23:36:35.058+00:00 INFO  http.request requestId=4fece6f0-2db7-407e-83ed-8e832a122eb5 role=api pod=gateway-866f6b7d45-j7n4c method=POST path=/api/transcriptions status=200 durationMs=470
[pod/gateway-866f6b7d45-j7n4c/gateway] 2026-10-05T23:36:35.088+00:00 INFO  http.request requestId=02c1852a-4be4-4ba9-9eff-e2328ada22be role=api pod=gateway-866f6b7d45-j7n4c method=POST path=/api/transcriptions status=200 durationMs=770
[pod/gateway-866f6b7d45-j7n4c/gateway] 2026-10-05T23:36:35.119+00:00 INFO  http.request requestId=46e19d32-b651-40a5-8bd0-7e8df3681e50 role=api pod=gateway-866f6b7d45-j7n4c method=POST path=/api/transcriptions status=200 durationMs=768
[pod/gateway-866f6b7d45-j7n4c/gateway] 2026-10-05T23:36:35.141+00:00 INFO  http.request requestId=bf49bd42-47c2-4c8e-a5d9-7bdfe9bf6ae7 role=api pod=gateway-866f6b7d45-j7n4c method=POST path=/api/translations status=200 durationMs=330
[pod/gateway-866f6b7d45-j7n4c/gateway] 2026-10-05T23:36:35.142+00:00 INFO  http.request requestId=e3200b1b-4669-4004-9df6-b93e0815e94f role=api pod=gateway-866f6b7d45-j7n4c method=POST path=/api/translations status=200 durationMs=385
[pod/gateway-866f6b7d45-j7n4c/gateway] 2026-10-05T23:36:35.160+00:00 INFO  http.request requestId=3be37d1e-c7de-4a1a-bcf5-70ae31fde795 role=api pod=gateway-866f6b7d45-j7n4c method=POST path=/api/translations status=200 durationMs=333
[pod/gateway-866f6b7d45-j7n4c/gateway] 2026-10-05T23:36:35.205+00:00 INFO  http.request requestId=da17d28b-5687-4b5f-9134-94807dc24567 role=api pod=gateway-866f6b7d45-j7n4c method=POST path=/api/translations status=200 durationMs=329
[pod/gateway-866f6b7d45-j7n4c/gateway] 2026-10-05T23:36:35.270+00:00 INFO  http.request requestId=f0cd83c8-15ee-4fd4-b324-458902bf953d role=api pod=gateway-866f6b7d45-j7n4c method=POST path=/api/transcriptions status=200 durationMs=786
[pod/gateway-866f6b7d45-j7n4c/gateway] 2026-10-05T23:36:35.272+00:00 INFO  http.request requestId=dda9d82a-b6a7-479d-9e91-282976dd6185 role=api pod=gateway-866f6b7d45-j7n4c method=POST path=/api/translations status=200 durationMs=210
[pod/gateway-866f6b7d45-j7n4c/gateway] 2026-10-05T23:36:35.304+00:00 INFO  http.request requestId=c0fabbae-368d-4820-9fcc-923cee950a7b role=api pod=gateway-866f6b7d45-j7n4c method=POST path=/api/transcriptions status=200 durationMs=670
[pod/gateway-866f6b7d45-j7n4c/gateway] 2026-10-05T23:36:35.315+00:00 INFO  http.request requestId=0fcd4687-7e7c-47ab-aca0-fd36ea2b045a role=api pod=gateway-866f6b7d45-j7n4c method=POST path=/api/translations status=200 durationMs=336
[pod/gateway-866f6b7d45-j7n4c/gateway] 2026-10-05T23:36:35.363+00:00 INFO  http.request requestId=71e678ac-adfc-4b8e-a02d-297c051b7320 role=api pod=gateway-866f6b7d45-j7n4c method=POST path=/api/translations status=200 durationMs=291
[pod/gateway-866f6b7d45-j7n4c/gateway] 2026-10-05T23:36:35.364+00:00 INFO  http.request requestId=b416c7ca-db7d-4e33-b769-c741999b38c1 role=api pod=gateway-866f6b7d45-j7n4c method=POST path=/api/transcriptions status=200 durationMs=654
[pod/gateway-866f6b7d45-j7n4c/gateway] 2026-10-05T23:36:35.381+00:00 INFO  http.request requestId=740fcd96-a1c4-4142-b375-600f2def8503 role=api pod=gateway-866f6b7d45-j7n4c method=POST path=/api/translations status=200 durationMs=276
[pod/gateway-866f6b7d45-j7n4c/gateway] 2026-10-05T23:36:35.394+00:00 INFO  http.request requestId=0c85c454-951d-4fed-b42a-e1bbf141e761 role=api pod=gateway-866f6b7d45-j7n4c method=POST path=/api/translations status=200 durationMs=272
[pod/gateway-866f6b7d45-j7n4c/gateway] 2026-10-05T23:36:35.535+00:00 INFO  http.request requestId=71bd513d-72af-49f7-b217-2d6d9a7caffd role=api pod=gateway-866f6b7d45-j7n4c method=POST path=/api/transcriptions status=200 durationMs=436
[pod/gateway-866f6b7d45-j7n4c/gateway] 2026-10-05T23:36:35.540+00:00 INFO  http.request requestId=ce5044e3-00d1-4c25-869b-e3c8367101a7 role=api pod=gateway-866f6b7d45-j7n4c method=POST path=/api/translations status=200 durationMs=323
[pod/gateway-866f6b7d45-j7n4c/gateway] 2026-10-05T23:36:35.540+00:00 INFO  http.request requestId=a422d71a-73f6-4e22-b1d7-73783fa2e4f9 role=api pod=gateway-866f6b7d45-j7n4c method=POST path=/api/translations status=200 durationMs=233
[pod/gateway-866f6b7d45-j7n4c/gateway] 2026-10-05T23:36:35.558+00:00 INFO  http.request requestId=a157037b-4138-4de1-ad6c-c184f74d70ce role=api pod=gateway-866f6b7d45-j7n4c method=POST path=/api/translations status=200 durationMs=3009
[pod/gateway-866f6b7d45-j7n4c/gateway] 2026-10-05T23:36:35.578+00:00 INFO  http.request requestId=f04b5f59-a225-4bb3-a9f1-e28577b6d3aa role=api pod=gateway-866f6b7d45-j7n4c method=POST path=/api/transcriptions status=200 durationMs=705
[pod/gateway-866f6b7d45-j7n4c/gateway] 2026-10-05T23:36:35.610+00:00 INFO  http.request requestId=732eca7f-bddf-489e-8cd1-06a93b905068 role=api pod=gateway-866f6b7d45-j7n4c method=POST path=/api/translations status=200 durationMs=291
[pod/gateway-866f6b7d45-j7n4c/gateway] 2026-10-05T23:36:35.626+00:00 INFO  http.request requestId=43edba77-9331-490f-a0ba-947bfa5bbef1 role=api pod=gateway-866f6b7d45-j7n4c method=POST path=/api/translations status=200 durationMs=339
[pod/gateway-866f6b7d45-j7n4c/gateway] 2026-10-05T23:36:35.681+00:00 INFO  http.request requestId=d2890519-c3c2-4817-ba84-9454685ca00c role=api pod=gateway-866f6b7d45-j7n4c method=POST path=/api/transcriptions status=200 durationMs=430
[pod/gateway-866f6b7d45-j7n4c/gateway] 2026-10-05T23:36:35.765+00:00 INFO  http.request requestId=34a81f1e-1472-4b59-9107-c75b72da0c3b role=api pod=gateway-866f6b7d45-j7n4c method=POST path=/api/transcriptions status=200 durationMs=575
[pod/gateway-866f6b7d45-j7n4c/gateway] 2026-10-05T23:36:35.782+00:00 INFO  http.request requestId=d8475c4c-7fe3-4c58-aecd-8be38af26ea4 role=api pod=gateway-866f6b7d45-j7n4c method=POST path=/api/translations status=200 durationMs=252
[pod/gateway-866f6b7d45-j7n4c/gateway] 2026-10-05T23:36:35.815+00:00 INFO  http.request requestId=19d2d50e-55c0-4e1d-a885-31b589684aee role=api pod=gateway-866f6b7d45-j7n4c method=POST path=/api/transcriptions status=200 durationMs=417
[pod/gateway-866f6b7d45-j7n4c/gateway] 2026-10-05T23:36:35.827+00:00 INFO  http.request requestId=66ab72f2-b445-4182-ab4a-e44e29a58751 role=api pod=gateway-866f6b7d45-j7n4c method=POST path=/api/translations status=200 durationMs=214
[pod/gateway-866f6b7d45-j7n4c/gateway] 2026-10-05T23:36:35.837+00:00 INFO  http.request requestId=fb052eb4-9108-49c3-8d1e-fe9d0f73de1b role=api pod=gateway-866f6b7d45-j7n4c method=POST path=/api/transcriptions status=200 durationMs=797
[pod/gateway-866f6b7d45-j7n4c/gateway] 2026-10-05T23:36:35.853+00:00 INFO  http.request requestId=3e755ecf-ec04-4c45-a256-9246dfbf70cf role=api pod=gateway-866f6b7d45-j7n4c method=POST path=/api/translations status=200 durationMs=308
[pod/gateway-866f6b7d45-j7n4c/gateway] 2026-10-05T23:36:35.864+00:00 INFO  http.request requestId=b079a465-f300-4590-bc5e-18b69bdfb574 role=api pod=gateway-866f6b7d45-j7n4c method=POST path=/api/translations status=200 durationMs=266
[pod/gateway-866f6b7d45-j7n4c/gateway] 2026-10-05T23:36:35.915+00:00 INFO  http.request requestId=8260f7ff-ec3e-42f7-a5a5-3107309dd5ba role=api pod=gateway-866f6b7d45-j7n4c method=POST path=/api/translations status=200 durationMs=278
[pod/gateway-866f6b7d45-j7n4c/gateway] 2026-10-05T23:36:35.922+00:00 INFO  http.request requestId=2de493b8-3698-456f-a5b7-1dabccab0705 role=api pod=gateway-866f6b7d45-j7n4c method=POST path=/api/translations status=200 durationMs=358
[pod/gateway-866f6b7d45-j7n4c/gateway] 2026-10-05T23:36:35.933+00:00 INFO  http.request requestId=257bd95a-c3db-4978-9d8f-8108ee1079eb role=api pod=gateway-866f6b7d45-j7n4c method=POST path=/api/translations status=200 durationMs=354
[pod/gateway-866f6b7d45-j7n4c/gateway] 2026-10-05T23:36:36.024+00:00 INFO  http.request requestId=1c3da9a1-de7c-4ea5-9289-9620d645995b role=api pod=gateway-866f6b7d45-j7n4c method=POST path=/api/transcriptions status=200 durationMs=520
[pod/gateway-866f6b7d45-j7n4c/gateway] 2026-10-05T23:36:36.025+00:00 INFO  http.request requestId=677afe04-8bd0-4abd-86b1-8c90439f93e5 role=api pod=gateway-866f6b7d45-j7n4c method=POST path=/api/transcriptions status=200 durationMs=747
[pod/gateway-866f6b7d45-j7n4c/gateway] 2026-10-05T23:36:36.075+00:00 INFO  http.request requestId=b8e4e9f1-5278-445f-aab9-de9dbbcf8324 role=api pod=gateway-866f6b7d45-j7n4c method=POST path=/api/translations status=200 durationMs=310
[pod/gateway-866f6b7d45-j7n4c/gateway] 2026-10-05T23:36:36.076+00:00 INFO  http.request requestId=08300a24-520c-4d60-aa1e-0a894367ea0d role=api pod=gateway-866f6b7d45-j7n4c method=POST path=/api/translations status=200 durationMs=268
[pod/gateway-866f6b7d45-j7n4c/gateway] 2026-10-05T23:36:36.094+00:00 INFO  http.request requestId=9dcaaf74-0626-4927-a2eb-cd4cce12e760 role=api pod=gateway-866f6b7d45-j7n4c method=POST path=/api/translations status=200 durationMs=266
[pod/gateway-866f6b7d45-j7n4c/gateway] 2026-10-05T23:36:36.104+00:00 INFO  http.request requestId=7499b32f-6279-423c-9c40-ac03927facf0 role=api pod=gateway-866f6b7d45-j7n4c method=POST path=/api/transcriptions status=200 durationMs=524
[pod/gateway-866f6b7d45-j7n4c/gateway] 2026-10-05T23:36:36.123+00:00 INFO  http.request requestId=6791e0e8-3a0b-4027-8d4e-f0d224cf82ab role=api pod=gateway-866f6b7d45-j7n4c method=POST path=/api/translations status=200 durationMs=280
[pod/gateway-866f6b7d45-j7n4c/gateway] 2026-10-05T23:36:36.123+00:00 INFO  http.request requestId=497c1a5b-6125-4eea-bb08-f99d767d854a role=api pod=gateway-866f6b7d45-j7n4c method=POST path=/api/transcriptions status=200 durationMs=754
[pod/gateway-866f6b7d45-j7n4c/gateway] 2026-10-05T23:36:36.218+00:00 INFO  http.request requestId=ab3f527b-fce7-4d2a-b3f5-7d1403f4ded6 role=api pod=gateway-866f6b7d45-j7n4c method=POST path=/api/transcriptions status=200 durationMs=669
[pod/gateway-866f6b7d45-j7n4c/gateway] 2026-10-05T23:36:36.277+00:00 INFO  http.request requestId=e9a8d868-bf77-4ec1-8672-080acf2c3f56 role=api pod=gateway-866f6b7d45-j7n4c method=POST path=/api/translations status=200 durationMs=328
[pod/gateway-866f6b7d45-j7n4c/gateway] 2026-10-05T23:36:36.290+00:00 INFO  http.request requestId=517c2736-c54b-47af-b33d-92dfd2f6f6b6 role=api pod=gateway-866f6b7d45-j7n4c method=POST path=/api/translations status=200 durationMs=265
[pod/gateway-866f6b7d45-j7n4c/gateway] 2026-10-05T23:36:36.305+00:00 INFO  http.request requestId=c86f195a-0007-4eef-b178-2260274cc09c role=api pod=gateway-866f6b7d45-j7n4c method=POST path=/api/transcriptions status=200 durationMs=501
[pod/gateway-866f6b7d45-j7n4c/gateway] 2026-10-05T23:36:36.339+00:00 INFO  http.request requestId=0abf1069-aba6-4a8a-97df-6f6e83c7de7e role=api pod=gateway-866f6b7d45-j7n4c method=POST path=/api/transcriptions status=200 durationMs=12010
[pod/gateway-866f6b7d45-j7n4c/gateway] 2026-10-05T23:36:36.349+00:00 INFO  http.request requestId=37554307-4ebf-4cf5-91ef-ee62cfe3bb38 role=api pod=gateway-866f6b7d45-j7n4c method=POST path=/api/translations status=200 durationMs=302
[pod/gateway-866f6b7d45-j7n4c/gateway] 2026-10-05T23:36:36.349+00:00 INFO  http.request requestId=4f1423df-abd2-4034-8934-a00a65115011 role=api pod=gateway-866f6b7d45-j7n4c method=POST path=/api/translations status=200 durationMs=225
[pod/gateway-866f6b7d45-j7n4c/gateway] 2026-10-05T23:36:36.378+00:00 INFO  http.request requestId=022d3225-5610-42f0-81f4-71a9ffc6c7a3 role=api pod=gateway-866f6b7d45-j7n4c method=POST path=/api/transcriptions status=200 durationMs=557
[pod/gateway-866f6b7d45-j7n4c/gateway] 2026-10-05T23:36:36.385+00:00 INFO  http.request requestId=6a828db4-6943-4603-9204-c977e31e6389 role=api pod=gateway-866f6b7d45-j7n4c method=POST path=/api/transcriptions status=200 durationMs=446
[pod/gateway-866f6b7d45-j7n4c/gateway] 2026-10-05T23:36:36.415+00:00 INFO  http.request requestId=bf2032ab-e4f8-4bea-a1a2-fa9faeac3696 role=api pod=gateway-866f6b7d45-j7n4c method=POST path=/api/translations status=200 durationMs=323
[pod/gateway-866f6b7d45-j7n4c/gateway] 2026-10-05T23:36:36.430+00:00 INFO  http.request requestId=668be4e7-02b0-47af-8784-c2e3dd5eb8b3 role=api pod=gateway-866f6b7d45-j7n4c method=POST path=/api/transcriptions status=200 durationMs=731
[pod/gateway-866f6b7d45-j7n4c/gateway] 2026-10-05T23:36:36.516+00:00 INFO  http.request requestId=6b99f3fa-e37c-44b4-9952-e78e4be5fc83 role=api pod=gateway-866f6b7d45-j7n4c method=POST path=/api/translations status=200 durationMs=295
[pod/gateway-866f6b7d45-j7n4c/gateway] 2026-10-05T23:36:36.522+00:00 INFO  http.request requestId=896250ac-0290-48ca-a126-5829b5ddcc2d role=api pod=gateway-866f6b7d45-j7n4c method=POST path=/api/translations status=200 durationMs=377
[pod/gateway-866f6b7d45-j7n4c/gateway] 2026-10-05T23:36:36.591+00:00 INFO  http.request requestId=35c098ec-7d31-4f53-a90d-cb47c6a909d0 role=api pod=gateway-866f6b7d45-j7n4c method=POST path=/api/translations status=200 durationMs=226
[pod/gateway-866f6b7d45-j7n4c/gateway] 2026-10-05T23:36:36.608+00:00 INFO  http.request requestId=8100bdb8-da44-4968-b2c3-b5dd78625e2c role=api pod=gateway-866f6b7d45-j7n4c method=POST path=/api/transcriptions status=200 durationMs=745
[pod/gateway-866f6b7d45-j7n4c/gateway] 2026-10-05T23:36:36.619+00:00 INFO  http.request requestId=bda0fbcb-5be6-4c6b-83c7-1d037c04f2ae role=api pod=gateway-866f6b7d45-j7n4c method=POST path=/api/transcriptions status=200 durationMs=605
[pod/gateway-866f6b7d45-j7n4c/gateway] 2026-10-05T23:36:36.658+00:00 INFO  http.request requestId=dd99994d-a006-4d0f-a52f-a7df3444caf6 role=api pod=gateway-866f6b7d45-j7n4c method=POST path=/api/translations status=200 durationMs=351
[pod/gateway-866f6b7d45-j7n4c/gateway] 2026-10-05T23:36:36.711+00:00 INFO  http.request requestId=7e89586a-6c43-4ed3-a88f-b695e536e91b role=api pod=gateway-866f6b7d45-j7n4c method=POST path=/api/transcriptions status=200 durationMs=577
[pod/gateway-866f6b7d45-j7n4c/gateway] 2026-10-05T23:36:36.730+00:00 INFO  http.request requestId=adbe4f13-cf07-4294-9328-0d120d5b4863 role=api pod=gateway-866f6b7d45-j7n4c method=POST path=/api/translations status=200 durationMs=235
[pod/gateway-866f6b7d45-j7n4c/gateway] 2026-10-05T23:36:36.753+00:00 INFO  http.request requestId=5c4dce91-fb80-46e8-8267-8db5b0e836ca role=api pod=gateway-866f6b7d45-j7n4c method=POST path=/api/translations status=200 durationMs=367
[pod/gateway-866f6b7d45-j7n4c/gateway] 2026-10-05T23:36:36.777+00:00 INFO  http.request requestId=39ae0b3e-ba2e-4567-9ec4-1729239d6038 role=api pod=gateway-866f6b7d45-j7n4c method=POST path=/api/translations status=200 durationMs=369
[pod/gateway-866f6b7d45-j7n4c/gateway] 2026-10-05T23:36:36.825+00:00 INFO  http.request requestId=9c0662b3-3e50-4c80-979d-1774ef72a685 role=api pod=gateway-866f6b7d45-j7n4c method=POST path=/api/translations status=200 durationMs=308
[pod/gateway-866f6b7d45-j7n4c/gateway] 2026-10-05T23:36:36.827+00:00 INFO  http.request requestId=c29f664e-bd23-448c-8516-78470c6d2522 role=api pod=gateway-866f6b7d45-j7n4c method=POST path=/api/transcriptions status=200 durationMs=799
[pod/gateway-866f6b7d45-j7n4c/gateway] 2026-10-05T23:36:36.847+00:00 INFO  http.request requestId=62333a37-713d-41fc-b84b-5c9c986d6ab1 role=api pod=gateway-866f6b7d45-j7n4c method=POST path=/api/transcriptions status=200 durationMs=549
[pod/gateway-866f6b7d45-j7n4c/gateway] 2026-10-05T23:36:36.882+00:00 INFO  http.request requestId=130ee0a2-bdde-42da-b2c9-c32ca076a3e0 role=api pod=gateway-866f6b7d45-j7n4c method=POST path=/api/transcriptions status=200 durationMs=659
[pod/gateway-866f6b7d45-j7n4c/gateway] 2026-10-05T23:36:36.888+00:00 INFO  http.request requestId=f527e658-3b8a-490c-a49e-91b172c70e72 role=api pod=gateway-866f6b7d45-j7n4c method=POST path=/api/translations status=200 durationMs=216
[pod/gateway-866f6b7d45-j7n4c/gateway] 2026-10-05T23:36:36.902+00:00 INFO  http.request requestId=99dd461d-2021-467e-8ab2-3a84eb2aeeca role=api pod=gateway-866f6b7d45-j7n4c method=POST path=/api/transcriptions status=200 durationMs=483
[pod/gateway-866f6b7d45-j7n4c/gateway] 2026-10-05T23:36:36.934+00:00 INFO  http.request requestId=e9eee771-832d-4c34-a40b-e52d963e8ae9 role=api pod=gateway-866f6b7d45-j7n4c method=POST path=/api/translations status=200 durationMs=396
[pod/gateway-866f6b7d45-j7n4c/gateway] 2026-10-05T23:36:36.938+00:00 INFO  http.request requestId=4d0d5ee4-3ca5-4e1c-9ff7-8abada9987b3 role=api pod=gateway-866f6b7d45-j7n4c method=POST path=/api/transcriptions status=200 durationMs=504
[pod/gateway-866f6b7d45-j7n4c/gateway] 2026-10-05T23:36:36.957+00:00 INFO  http.request requestId=9cbdefbb-7b00-4698-9d75-494734b54c72 role=api pod=gateway-866f6b7d45-j7n4c method=POST path=/api/transcriptions status=200 durationMs=613
[pod/gateway-866f6b7d45-j7n4c/gateway] 2026-10-05T23:36:36.991+00:00 INFO  http.request requestId=54088935-dfc6-46c1-8bee-3a35261a7964 role=api pod=gateway-866f6b7d45-j7n4c method=POST path=/api/translations status=200 durationMs=371
[pod/gateway-866f6b7d45-j7n4c/gateway] 2026-10-05T23:36:37.014+00:00 INFO  http.request requestId=147c4d66-6bcf-4c00-be20-52d51088f9ae role=api pod=gateway-866f6b7d45-j7n4c method=POST path=/api/translations status=200 durationMs=293
[pod/gateway-866f6b7d45-j7n4c/gateway] 2026-10-05T23:36:37.044+00:00 INFO  http.request requestId=9ef94430-f4c1-47b1-92c4-ed3b89f7be63 role=api pod=gateway-866f6b7d45-j7n4c method=POST path=/api/translations status=200 durationMs=216
[pod/gateway-866f6b7d45-j7n4c/gateway] 2026-10-05T23:36:37.075+00:00 INFO  http.request requestId=2b04ec3d-cd10-48aa-8bff-40b18cee2c85 role=api pod=gateway-866f6b7d45-j7n4c method=POST path=/api/transcriptions status=200 durationMs=686
[pod/gateway-866f6b7d45-j7n4c/gateway] 2026-10-05T23:36:37.086+00:00 INFO  http.request requestId=af8dd8bb-9805-4130-97c9-5c1ab872d2f5 role=api pod=gateway-866f6b7d45-j7n4c method=POST path=/api/transcriptions status=200 durationMs=487
[pod/gateway-866f6b7d45-j7n4c/gateway] 2026-10-05T23:36:37.117+00:00 INFO  http.request requestId=e79803a8-4cfe-4abf-8708-1909e11287e8 role=api pod=gateway-866f6b7d45-j7n4c method=POST path=/api/translations status=200 durationMs=3007
[pod/gateway-866f6b7d45-j7n4c/gateway] 2026-10-05T23:36:37.141+00:00 INFO  http.request requestId=99885508-58fd-4106-8d56-8538080d6f15 role=api pod=gateway-866f6b7d45-j7n4c method=POST path=/api/translations status=200 durationMs=218
[pod/gateway-866f6b7d45-j7n4c/gateway] 2026-10-05T23:36:37.202+00:00 INFO  http.request requestId=9f326e94-b602-41c2-a222-b67a92a91f75 role=api pod=gateway-866f6b7d45-j7n4c method=POST path=/api/transcriptions status=200 durationMs=588
[pod/gateway-866f6b7d45-j7n4c/gateway] 2026-10-05T23:36:37.216+00:00 INFO  http.request requestId=86345abb-1786-45db-bd35-ac0ece4aa8f8 role=api pod=gateway-866f6b7d45-j7n4c method=POST path=/api/translations status=200 durationMs=277
[pod/gateway-866f6b7d45-j7n4c/gateway] 2026-10-05T23:36:37.292+00:00 INFO  http.request requestId=a7a7fbef-9c6c-4888-a335-df8491409459 role=api pod=gateway-866f6b7d45-j7n4c method=POST path=/api/transcriptions status=200 durationMs=529
[pod/gateway-866f6b7d45-j7n4c/gateway] 2026-10-05T23:36:37.332+00:00 INFO  http.request requestId=f7ccf876-e77e-4046-9d7f-c6fc53ef8b6c role=api pod=gateway-866f6b7d45-j7n4c method=POST path=/api/translations status=200 durationMs=387
[pod/gateway-866f6b7d45-j7n4c/gateway] 2026-10-05T23:36:37.353+00:00 INFO  http.request requestId=584b2790-6b9b-4433-817f-39d19ac76231 role=api pod=gateway-866f6b7d45-j7n4c method=POST path=/api/translations status=200 durationMs=226
[pod/gateway-866f6b7d45-j7n4c/gateway] 2026-10-05T23:36:37.367+00:00 INFO  http.request requestId=c1bc59d4-63af-43be-9741-6211a8422daf role=api pod=gateway-866f6b7d45-j7n4c method=POST path=/api/translations status=200 durationMs=279
[pod/gateway-866f6b7d45-j7n4c/gateway] 2026-10-05T23:36:37.371+00:00 INFO  http.request requestId=f8716923-dc40-4463-88d6-e5ce8806784f role=api pod=gateway-866f6b7d45-j7n4c method=POST path=/api/translations status=200 durationMs=223
[pod/gateway-866f6b7d45-j7n4c/gateway] 2026-10-05T23:36:37.402+00:00 INFO  http.request requestId=e4412b0b-3096-4aba-ae2c-590cea5936ec role=api pod=gateway-866f6b7d45-j7n4c method=POST path=/api/transcriptions status=200 durationMs=518
[pod/gateway-866f6b7d45-j7n4c/gateway] 2026-10-05T23:36:37.412+00:00 INFO  http.request requestId=e2220f4f-a74b-4ad3-8418-25a720204812 role=api pod=gateway-866f6b7d45-j7n4c method=POST path=/api/transcriptions status=200 durationMs=455
[pod/gateway-866f6b7d45-j7n4c/gateway] 2026-10-05T23:36:37.498+00:00 INFO  http.request requestId=86c51f4a-0eaa-4c94-b2d9-82253ef8224a role=api pod=gateway-866f6b7d45-j7n4c method=POST path=/api/transcriptions status=200 durationMs=779
[pod/gateway-866f6b7d45-j7n4c/gateway] 2026-10-05T23:36:37.502+00:00 INFO  http.request requestId=5f3abde2-fe8a-4343-9cc3-19334df5b35d role=api pod=gateway-866f6b7d45-j7n4c method=POST path=/api/translations status=200 durationMs=263
[pod/gateway-866f6b7d45-j7n4c/gateway] 2026-10-05T23:36:37.522+00:00 INFO  http.request requestId=b3672fe1-0121-4da4-a9af-5afcf22a932e role=api pod=gateway-866f6b7d45-j7n4c method=POST path=/api/transcriptions status=200 durationMs=668
[pod/gateway-866f6b7d45-j7n4c/gateway] 2026-10-05T23:36:37.525+00:00 INFO  http.request requestId=e943932e-38ca-4ced-9ff8-f9fe63c0b1a1 role=api pod=gateway-866f6b7d45-j7n4c method=POST path=/api/translations status=200 durationMs=340
[pod/gateway-866f6b7d45-j7n4c/gateway] 2026-10-05T23:36:37.560+00:00 INFO  http.request requestId=0bb9c51a-e25f-4899-a873-87db6bfd496c role=api pod=gateway-866f6b7d45-j7n4c method=POST path=/api/translations status=200 durationMs=330
[pod/gateway-866f6b7d45-j7n4c/gateway] 2026-10-05T23:36:37.596+00:00 INFO  http.request requestId=a1462638-5269-45fc-b344-eb26f73994ae role=api pod=gateway-866f6b7d45-j7n4c method=POST path=/api/transcriptions status=200 durationMs=758
[pod/gateway-866f6b7d45-j7n4c/gateway] 2026-10-05T23:36:37.632+00:00 INFO  http.request requestId=13c3238b-4354-40a3-b06d-63d796c7e7a8 role=api pod=gateway-866f6b7d45-j7n4c method=POST path=/api/translations status=200 durationMs=234
[pod/gateway-866f6b7d45-j7n4c/gateway] 2026-10-05T23:36:37.663+00:00 INFO  http.request requestId=810ea17f-ac25-417e-af2a-d624701f3e3a role=api pod=gateway-866f6b7d45-j7n4c method=POST path=/api/transcriptions status=200 durationMs=645
[pod/gateway-866f6b7d45-j7n4c/gateway] 2026-10-05T23:36:37.684+00:00 INFO  http.request requestId=0303fbb2-de70-4d8e-9896-b8d03fc95866 role=api pod=gateway-866f6b7d45-j7n4c method=POST path=/api/translations status=200 durationMs=272
[pod/gateway-866f6b7d45-j7n4c/gateway] 2026-10-05T23:36:37.687+00:00 INFO  http.request requestId=ff2d1898-1e83-49b4-9fb1-7b716438e64f role=api pod=gateway-866f6b7d45-j7n4c method=POST path=/api/translations status=200 durationMs=295
[pod/gateway-866f6b7d45-j7n4c/gateway] 2026-10-05T23:36:37.722+00:00 INFO  http.request requestId=c199c6c6-77d4-4c66-a50e-24404a224bfa role=api pod=gateway-866f6b7d45-j7n4c method=POST path=/api/transcriptions status=200 durationMs=778
[pod/gateway-866f6b7d45-j7n4c/gateway] 2026-10-05T23:36:37.799+00:00 INFO  http.request requestId=7b95d7b6-9f08-4419-bce8-f17970aad316 role=api pod=gateway-866f6b7d45-j7n4c method=POST path=/api/transcriptions status=200 durationMs=721
[pod/gateway-866f6b7d45-j7n4c/gateway] 2026-10-05T23:36:37.837+00:00 INFO  http.request requestId=597b4929-2b0e-4485-b7b5-0a0f43dd8f1f role=api pod=gateway-866f6b7d45-j7n4c method=POST path=/api/transcriptions status=200 durationMs=743
[pod/gateway-866f6b7d45-j7n4c/gateway] 2026-10-05T23:36:37.845+00:00 INFO  http.request requestId=5a881677-0c08-488f-aadc-7b984b7b9c50 role=api pod=gateway-866f6b7d45-j7n4c method=POST path=/api/translations status=200 durationMs=323
[pod/gateway-866f6b7d45-j7n4c/gateway] 2026-10-05T23:36:37.911+00:00 INFO  http.request requestId=544355ff-cba1-491b-9867-f200cfe16b4b role=api pod=gateway-866f6b7d45-j7n4c method=POST path=/api/translations status=200 durationMs=228
[pod/gateway-866f6b7d45-j7n4c/gateway] 2026-10-05T23:36:37.946+00:00 INFO  http.request requestId=31580d62-6ac4-4686-9e5b-a9d8af47cebe role=api pod=gateway-866f6b7d45-j7n4c method=POST path=/api/translations status=200 durationMs=282
[pod/gateway-866f6b7d45-j7n4c/gateway] 2026-10-05T23:36:38.010+00:00 INFO  http.request requestId=6c84f058-fa28-4a06-848f-a2cd65cd8cfe role=api pod=gateway-866f6b7d45-j7n4c method=POST path=/api/translations status=200 durationMs=409
[pod/gateway-866f6b7d45-j7n4c/gateway] 2026-10-05T23:36:38.080+00:00 INFO  http.request requestId=3d2a1c5a-5239-4a04-a625-a0e107a9f656 role=api pod=gateway-866f6b7d45-j7n4c method=POST path=/api/translations status=200 durationMs=386
[pod/gateway-866f6b7d45-j7n4c/gateway] 2026-10-05T23:36:38.081+00:00 INFO  http.request requestId=16e9d34f-46b2-4fcb-81d1-6dabcbac31c7 role=api pod=gateway-866f6b7d45-j7n4c method=POST path=/api/transcriptions status=200 durationMs=777
[pod/gateway-866f6b7d45-j7n4c/gateway] 2026-10-05T23:36:38.085+00:00 INFO  http.request requestId=ba39d04d-4e97-4a4a-8b83-53264aff4564 role=api pod=gateway-866f6b7d45-j7n4c method=POST path=/api/translations status=200 durationMs=298
[pod/gateway-866f6b7d45-j7n4c/gateway] 2026-10-05T23:36:38.145+00:00 INFO  http.request requestId=94a3b515-10b8-4075-8fe7-14065c0cc5d5 role=api pod=gateway-866f6b7d45-j7n4c method=POST path=/api/translations status=200 durationMs=306
[pod/gateway-866f6b7d45-j7n4c/gateway] 2026-10-05T23:36:38.172+00:00 INFO  http.request requestId=10a88556-b0ab-4d4c-9f66-48aff9166e34 role=api pod=gateway-866f6b7d45-j7n4c method=POST path=/api/translations status=200 durationMs=403
[pod/gateway-866f6b7d45-j7n4c/gateway] 2026-10-05T23:36:38.177+00:00 INFO  http.request requestId=ddaf539a-f69f-4c87-830e-9011b7745899 role=api pod=gateway-866f6b7d45-j7n4c method=POST path=/api/translations status=200 durationMs=326
[pod/gateway-866f6b7d45-j7n4c/gateway] 2026-10-05T23:36:38.376+00:00 INFO  http.request requestId=2b62bd10-00d0-4778-a819-b55937d2403b role=api pod=gateway-866f6b7d45-j7n4c method=POST path=/api/translations status=200 durationMs=331
[pod/gateway-866f6b7d45-j7n4c/gateway] 2026-10-05T23:36:39.338+00:00 INFO  http.request requestId=03b5c595-5437-411c-a26d-ce099fb1cca6 role=api pod=gateway-866f6b7d45-j7n4c method=POST path=/api/transcriptions status=200 durationMs=12010
[pod/gateway-866f6b7d45-j7n4c/gateway] 2026-10-05T23:36:39.578+00:00 INFO  http.request requestId=ed974891-a0cd-4b5c-8115-caad9551ade0 role=api pod=gateway-866f6b7d45-j7n4c method=POST path=/api/translations status=200 durationMs=238
[pod/gateway-866f6b7d45-j7n4c/gateway] 2026-10-05T23:36:40.836+00:00 INFO  http.request requestId=f96f178e-3dc8-4b4c-b075-556bab3b5a4a role=api pod=gateway-866f6b7d45-j7n4c method=POST path=/api/transcriptions status=200 durationMs=12008
[pod/gateway-866f6b7d45-j7n4c/gateway] 2026-10-05T23:36:41.135+00:00 INFO  http.request requestId=a5ddffa9-7cdb-45d1-b296-330fe78ab253 role=api pod=gateway-866f6b7d45-j7n4c method=POST path=/api/translations status=200 durationMs=298
[pod/gateway-866f6b7d45-j7n4c/gateway] 2026-10-05T23:36:42.334+00:00 INFO  http.request requestId=6f2ef24d-982e-4522-953a-14ebe8208e77 role=api pod=gateway-866f6b7d45-j7n4c method=POST path=/api/transcriptions status=200 durationMs=12006
[pod/gateway-866f6b7d45-j7n4c/gateway] 2026-10-05T23:36:42.660+00:00 INFO  http.request requestId=4317e932-3214-4846-bfb7-042d6e009cf2 role=api pod=gateway-866f6b7d45-j7n4c method=POST path=/api/translations status=200 durationMs=325
[pod/gateway-866f6b7d45-j7n4c/gateway] 2026-10-05T23:36:43.838+00:00 INFO  http.request requestId=ccd188d1-41c6-45ad-8799-df81576c587a role=api pod=gateway-866f6b7d45-j7n4c method=POST path=/api/transcriptions status=200 durationMs=12009
[pod/gateway-866f6b7d45-j7n4c/gateway] 2026-10-05T23:36:44.057+00:00 INFO  http.request requestId=de933ed7-9e7c-448d-9950-b44f9950d414 role=api pod=gateway-866f6b7d45-j7n4c method=POST path=/api/translations status=200 durationMs=218
[pod/gateway-866f6b7d45-j7n4c/gateway] 2026-10-05T23:36:45.732+00:00 INFO  http.request requestId=626768c0-38d4-4029-9054-8fd18e82f0c6 role=api pod=gateway-866f6b7d45-j7n4c method=POST path=/api/translations status=200 durationMs=389
[pod/gateway-866f6b7d45-j7n4c/gateway] 2026-10-05T23:36:47.107+00:00 INFO  http.request requestId=fa6f1c5d-02df-45ee-a964-e208f55be7ad role=api pod=gateway-866f6b7d45-j7n4c method=POST path=/api/translations status=200 durationMs=265
[pod/gateway-866f6b7d45-j7n4c/gateway] 2026-10-05T23:36:48.336+00:00 INFO  http.request requestId=4ca66115-b1cf-4f6b-96dd-c92f2e7ea34d role=api pod=gateway-866f6b7d45-j7n4c method=POST path=/api/transcriptions status=200 durationMs=12007
[pod/gateway-866f6b7d45-j7n4c/gateway] 2026-10-05T23:36:48.741+00:00 INFO  http.request requestId=4b7c4557-2c79-4c70-aaef-95c4e25603ad role=api pod=gateway-866f6b7d45-j7n4c method=POST path=/api/translations status=200 durationMs=404
[pod/gateway-866f6b7d45-l7n7w/gateway] 2026-10-05T23:36:28.181+00:00 INFO  http.request requestId=7799c0d6-e5dd-4a66-8afe-0f6e8d1fd6ef role=api pod=gateway-866f6b7d45-l7n7w method=POST path=/api/transcriptions status=200 durationMs=643
[pod/gateway-866f6b7d45-l7n7w/gateway] 2026-10-05T23:36:28.207+00:00 INFO  http.request requestId=c53480a4-03f6-4d28-9514-268fcd156901 role=api pod=gateway-866f6b7d45-l7n7w method=POST path=/api/translations status=200 durationMs=402
[pod/gateway-866f6b7d45-l7n7w/gateway] 2026-10-05T23:36:28.216+00:00 INFO  http.request requestId=730c6f18-f839-4c41-8359-06affdfa9631 role=api pod=gateway-866f6b7d45-l7n7w method=POST path=/api/transcriptions status=200 durationMs=408
[pod/gateway-866f6b7d45-l7n7w/gateway] 2026-10-05T23:36:28.279+00:00 INFO  http.request requestId=e5ed1229-9730-4342-b9cc-0bfec0103c47 role=api pod=gateway-866f6b7d45-l7n7w method=POST path=/api/translations status=200 durationMs=364
[pod/gateway-866f6b7d45-l7n7w/gateway] 2026-10-05T23:36:28.343+00:00 INFO  http.request requestId=f09ef443-52f4-41b6-bbb8-aa78585d43a5 role=api pod=gateway-866f6b7d45-l7n7w method=POST path=/api/transcriptions status=200 durationMs=790
[pod/gateway-866f6b7d45-l7n7w/gateway] 2026-10-05T23:36:28.425+00:00 INFO  http.request requestId=0cea1453-07a4-4b56-a37b-123779805ee3 role=api pod=gateway-866f6b7d45-l7n7w method=POST path=/api/transcriptions status=200 durationMs=646
[pod/gateway-866f6b7d45-l7n7w/gateway] 2026-10-05T23:36:28.456+00:00 INFO  http.request requestId=d35441fc-7623-4578-a3fb-992c1ee3f364 role=api pod=gateway-866f6b7d45-l7n7w method=POST path=/api/translations status=200 durationMs=235
[pod/gateway-866f6b7d45-l7n7w/gateway] 2026-10-05T23:36:28.517+00:00 INFO  http.request requestId=754bd515-573b-48c4-92c1-c6c7253e1316 role=api pod=gateway-866f6b7d45-l7n7w method=POST path=/api/transcriptions status=200 durationMs=558
[pod/gateway-866f6b7d45-l7n7w/gateway] 2026-10-05T23:36:28.541+00:00 INFO  http.request requestId=3a557cbe-417e-4d18-b2c0-0214aa065b67 role=api pod=gateway-866f6b7d45-l7n7w method=POST path=/api/transcriptions status=200 durationMs=658
[pod/gateway-866f6b7d45-l7n7w/gateway] 2026-10-05T23:36:28.566+00:00 INFO  http.request requestId=3f32a16f-51da-4b29-bd9c-837a5206db11 role=api pod=gateway-866f6b7d45-l7n7w method=POST path=/api/transcriptions status=200 durationMs=562
[pod/gateway-866f6b7d45-l7n7w/gateway] 2026-10-05T23:36:28.605+00:00 INFO  http.request requestId=c2dd82f9-3414-4cf4-849e-e06a018565ea role=api pod=gateway-866f6b7d45-l7n7w method=POST path=/api/transcriptions status=200 durationMs=691
[pod/gateway-866f6b7d45-l7n7w/gateway] 2026-10-05T23:36:28.740+00:00 INFO  http.request requestId=2abbc752-f3a3-4898-9440-fa0d3050b6d0 role=api pod=gateway-866f6b7d45-l7n7w method=POST path=/api/translations status=200 durationMs=325
[pod/gateway-866f6b7d45-l7n7w/gateway] 2026-10-05T23:36:28.742+00:00 INFO  http.request requestId=2120fd2e-823b-48ca-bcf9-1e3432321dd7 role=api pod=gateway-866f6b7d45-l7n7w method=POST path=/api/transcriptions status=200 durationMs=707
[pod/gateway-866f6b7d45-l7n7w/gateway] 2026-10-05T23:36:28.755+00:00 INFO  http.request requestId=377af179-fe7a-4b27-96ea-94e0440d2fc1 role=api pod=gateway-866f6b7d45-l7n7w method=POST path=/api/transcriptions status=200 durationMs=692
[pod/gateway-866f6b7d45-l7n7w/gateway] 2026-10-05T23:36:28.838+00:00 INFO  http.request requestId=7c5f0f73-a583-4595-8623-0d17979ab6c4 role=api pod=gateway-866f6b7d45-l7n7w method=POST path=/api/transcriptions status=200 durationMs=12008
[pod/gateway-866f6b7d45-l7n7w/gateway] 2026-10-05T23:36:28.884+00:00 INFO  http.request requestId=07d427a9-a631-4a29-91c8-441e20e86093 role=api pod=gateway-866f6b7d45-l7n7w method=POST path=/api/translations status=200 durationMs=275
[pod/gateway-866f6b7d45-l7n7w/gateway] 2026-10-05T23:36:28.917+00:00 INFO  http.request requestId=b1565ee3-c956-457e-960d-b8d8632e1c08 role=api pod=gateway-866f6b7d45-l7n7w method=POST path=/api/transcriptions status=200 durationMs=733
[pod/gateway-866f6b7d45-l7n7w/gateway] 2026-10-05T23:36:28.918+00:00 INFO  http.request requestId=98aef01d-2b97-453d-985e-0ce8fe682a6a role=api pod=gateway-866f6b7d45-l7n7w method=POST path=/api/transcriptions status=200 durationMs=479
[pod/gateway-866f6b7d45-l7n7w/gateway] 2026-10-05T23:36:29.010+00:00 INFO  http.request requestId=fe4be8cd-9d66-4230-88c1-e63cf1f63f74 role=api pod=gateway-866f6b7d45-l7n7w method=POST path=/api/transcriptions status=200 durationMs=466
[pod/gateway-866f6b7d45-l7n7w/gateway] 2026-10-05T23:36:29.013+00:00 INFO  http.request requestId=2bdd041b-71b5-4615-98aa-6fa775cc93ff role=api pod=gateway-866f6b7d45-l7n7w method=POST path=/api/transcriptions status=200 durationMs=800
[pod/gateway-866f6b7d45-l7n7w/gateway] 2026-10-05T23:36:29.018+00:00 INFO  http.request requestId=99fc9741-3c38-47fe-9147-0d3889bb092d role=api pod=gateway-866f6b7d45-l7n7w method=POST path=/api/transcriptions status=200 durationMs=669
[pod/gateway-866f6b7d45-l7n7w/gateway] 2026-10-05T23:36:29.055+00:00 INFO  http.request requestId=c1acec99-f1ac-489f-9832-a77f486f30c1 role=api pod=gateway-866f6b7d45-l7n7w method=POST path=/api/transcriptions status=200 durationMs=585
[pod/gateway-866f6b7d45-l7n7w/gateway] 2026-10-05T23:36:29.156+00:00 INFO  http.request requestId=3f8af112-55d1-4f5d-b580-d1f7181ec27a role=api pod=gateway-866f6b7d45-l7n7w method=POST path=/api/translations status=200 durationMs=238
[pod/gateway-866f6b7d45-l7n7w/gateway] 2026-10-05T23:36:29.161+00:00 INFO  http.request requestId=a2874b12-49f0-4026-90a7-a5de691b2e1a role=api pod=gateway-866f6b7d45-l7n7w method=POST path=/api/translations status=200 durationMs=325
[pod/gateway-866f6b7d45-l7n7w/gateway] 2026-10-05T23:36:29.213+00:00 INFO  http.request requestId=b0db0422-693c-48c6-8021-342b77740f22 role=api pod=gateway-866f6b7d45-l7n7w method=POST path=/api/translations status=200 durationMs=364
[pod/gateway-866f6b7d45-l7n7w/gateway] 2026-10-05T23:36:29.320+00:00 INFO  http.request requestId=ad7f31ef-3dce-4b7c-90c4-4a223ec5df74 role=api pod=gateway-866f6b7d45-l7n7w method=POST path=/api/transcriptions status=200 durationMs=746
[pod/gateway-866f6b7d45-l7n7w/gateway] 2026-10-05T23:36:29.321+00:00 INFO  http.request requestId=957f0c5a-ad2a-43da-b001-89631b3dd988 role=api pod=gateway-866f6b7d45-l7n7w method=POST path=/api/transcriptions status=200 durationMs=763
[pod/gateway-866f6b7d45-l7n7w/gateway] 2026-10-05T23:36:29.335+00:00 INFO  http.request requestId=3087f825-af5c-4581-a4d4-efa987ff3547 role=api pod=gateway-866f6b7d45-l7n7w method=POST path=/api/translations status=200 durationMs=320
[pod/gateway-866f6b7d45-l7n7w/gateway] 2026-10-05T23:36:29.337+00:00 INFO  http.request requestId=890c5674-8d07-4c2f-aae4-6c178ed103fb role=api pod=gateway-866f6b7d45-l7n7w method=POST path=/api/translations status=200 durationMs=318
[pod/gateway-866f6b7d45-l7n7w/gateway] 2026-10-05T23:36:29.354+00:00 INFO  http.request requestId=5bebc33d-e32e-4f3d-82e1-51d6fd526a47 role=api pod=gateway-866f6b7d45-l7n7w method=POST path=/api/transcriptions status=200 durationMs=585
[pod/gateway-866f6b7d45-l7n7w/gateway] 2026-10-05T23:36:29.380+00:00 INFO  http.request requestId=5f4a8d68-3d8b-492e-bafe-520de1b32f04 role=api pod=gateway-866f6b7d45-l7n7w method=POST path=/api/transcriptions status=200 durationMs=491
[pod/gateway-866f6b7d45-l7n7w/gateway] 2026-10-05T23:36:29.381+00:00 INFO  http.request requestId=514a7a15-0edb-4ffc-91ef-1c06567bdb0a role=api pod=gateway-866f6b7d45-l7n7w method=POST path=/api/translations status=200 durationMs=219
[pod/gateway-866f6b7d45-l7n7w/gateway] 2026-10-05T23:36:29.446+00:00 INFO  http.request requestId=951ca86c-701e-429b-97aa-7547a691199f role=api pod=gateway-866f6b7d45-l7n7w method=POST path=/api/translations status=200 durationMs=373
[pod/gateway-866f6b7d45-l7n7w/gateway] 2026-10-05T23:36:29.478+00:00 INFO  http.request requestId=25fba15b-f954-48ec-b452-09d347c71f2a role=api pod=gateway-866f6b7d45-l7n7w method=POST path=/api/transcriptions status=200 durationMs=558
[pod/gateway-866f6b7d45-l7n7w/gateway] 2026-10-05T23:36:29.538+00:00 INFO  http.request requestId=a36c971d-2359-49ea-950f-2a8ea7c53e71 role=api pod=gateway-866f6b7d45-l7n7w method=POST path=/api/transcriptions status=200 durationMs=694
[pod/gateway-866f6b7d45-l7n7w/gateway] 2026-10-05T23:36:29.541+00:00 INFO  http.request requestId=0b7eabc4-7087-404b-a863-3c10b02822a8 role=api pod=gateway-866f6b7d45-l7n7w method=POST path=/api/translations status=200 durationMs=331
[pod/gateway-866f6b7d45-l7n7w/gateway] 2026-10-05T23:36:29.552+00:00 INFO  http.request requestId=fdb49c80-3cad-48ab-9488-2f68c4124c9f role=api pod=gateway-866f6b7d45-l7n7w method=POST path=/api/translations status=200 durationMs=314
[pod/gateway-866f6b7d45-l7n7w/gateway] 2026-10-05T23:36:29.566+00:00 INFO  http.request requestId=01f89906-9c1e-4f95-a71f-44ef4a43dc17 role=api pod=gateway-866f6b7d45-l7n7w method=POST path=/api/translations status=200 durationMs=3006
[pod/gateway-866f6b7d45-l7n7w/gateway] 2026-10-05T23:36:29.641+00:00 INFO  http.request requestId=a1fe8f65-b5c3-4fb3-b475-1e9a387a9010 role=api pod=gateway-866f6b7d45-l7n7w method=POST path=/api/translations status=200 durationMs=319
[pod/gateway-866f6b7d45-l7n7w/gateway] 2026-10-05T23:36:29.735+00:00 INFO  http.request requestId=51c7aac8-57fa-4fab-baae-c66899ed299c role=api pod=gateway-866f6b7d45-l7n7w method=POST path=/api/translations status=200 durationMs=386
[pod/gateway-866f6b7d45-l7n7w/gateway] 2026-10-05T23:36:29.757+00:00 INFO  http.request requestId=6f2c3af7-864f-40bf-8cd1-a4ca6dbf334e role=api pod=gateway-866f6b7d45-l7n7w method=POST path=/api/translations status=200 durationMs=370
[pod/gateway-866f6b7d45-l7n7w/gateway] 2026-10-05T23:36:29.784+00:00 INFO  http.request requestId=88371831-83e6-4e37-b707-865604e2d626 role=api pod=gateway-866f6b7d45-l7n7w method=POST path=/api/translations status=200 durationMs=217
[pod/gateway-866f6b7d45-l7n7w/gateway] 2026-10-05T23:36:29.794+00:00 INFO  http.request requestId=0bc1b38a-7b28-4937-b236-fb08a825fb1d role=api pod=gateway-866f6b7d45-l7n7w method=POST path=/api/transcriptions status=200 durationMs=771
[pod/gateway-866f6b7d45-l7n7w/gateway] 2026-10-05T23:36:29.802+00:00 INFO  http.request requestId=801de2bb-2ebc-46d1-b51a-daa23c934ecf role=api pod=gateway-866f6b7d45-l7n7w method=POST path=/api/translations status=200 durationMs=324
[pod/gateway-866f6b7d45-l7n7w/gateway] 2026-10-05T23:36:29.804+00:00 INFO  http.request requestId=5e42c1e1-b218-47f6-a638-df9af18ca4bd role=api pod=gateway-866f6b7d45-l7n7w method=POST path=/api/translations status=200 durationMs=311
[pod/gateway-866f6b7d45-l7n7w/gateway] 2026-10-05T23:36:29.910+00:00 INFO  http.request requestId=644735b0-80d1-4517-94aa-6d2ebf5b95ac role=api pod=gateway-866f6b7d45-l7n7w method=POST path=/api/translations status=200 durationMs=357
[pod/gateway-866f6b7d45-l7n7w/gateway] 2026-10-05T23:36:29.932+00:00 INFO  http.request requestId=6f23b9c2-49b7-4a46-96e6-31a5cb20bf0d role=api pod=gateway-866f6b7d45-l7n7w method=POST path=/api/translations status=200 durationMs=214
[pod/gateway-866f6b7d45-l7n7w/gateway] 2026-10-05T23:36:29.938+00:00 INFO  http.request requestId=3551e9c7-f6a6-41dd-a729-ef91447fa15d role=api pod=gateway-866f6b7d45-l7n7w method=POST path=/api/transcriptions status=200 durationMs=569
[pod/gateway-866f6b7d45-l7n7w/gateway] 2026-10-05T23:36:29.997+00:00 INFO  http.request requestId=80d8e873-dc15-4528-9864-ec2537d10419 role=api pod=gateway-866f6b7d45-l7n7w method=POST path=/api/transcriptions status=200 durationMs=673
[pod/gateway-866f6b7d45-l7n7w/gateway] 2026-10-05T23:36:30.014+00:00 INFO  http.request requestId=b603f78e-9fc0-4167-8da1-4f8dec19812c role=api pod=gateway-866f6b7d45-l7n7w method=POST path=/api/transcriptions status=200 durationMs=676
[pod/gateway-866f6b7d45-l7n7w/gateway] 2026-10-05T23:36:30.130+00:00 INFO  http.request requestId=bee57aa6-fa7a-4e8e-8731-589e5dc598a0 role=api pod=gateway-866f6b7d45-l7n7w method=POST path=/api/translations status=200 durationMs=217
[pod/gateway-866f6b7d45-l7n7w/gateway] 2026-10-05T23:36:30.167+00:00 INFO  http.request requestId=894b2d78-8c3c-4ccd-8c87-aeed9b7c50f8 role=api pod=gateway-866f6b7d45-l7n7w method=POST path=/api/transcriptions status=200 durationMs=783
[pod/gateway-866f6b7d45-l7n7w/gateway] 2026-10-05T23:36:30.184+00:00 INFO  http.request requestId=de07a33a-6853-4d2a-983f-db9d13e8052b role=api pod=gateway-866f6b7d45-l7n7w method=POST path=/api/transcriptions status=200 durationMs=530
[pod/gateway-866f6b7d45-l7n7w/gateway] 2026-10-05T23:36:30.307+00:00 INFO  http.request requestId=3d836f2b-c93a-4e02-9efc-17533341d8da role=api pod=gateway-866f6b7d45-l7n7w method=POST path=/api/translations status=200 durationMs=307
[pod/gateway-866f6b7d45-l7n7w/gateway] 2026-10-05T23:36:30.348+00:00 INFO  http.request requestId=3c652eac-4b00-47be-9475-d22d617d4411 role=api pod=gateway-866f6b7d45-l7n7w method=POST path=/api/transcriptions status=200 durationMs=12015
[pod/gateway-866f6b7d45-l7n7w/gateway] 2026-10-05T23:36:30.359+00:00 INFO  http.request requestId=c90da2c5-63e7-4969-9b78-2c2eb6a6ea83 role=api pod=gateway-866f6b7d45-l7n7w method=POST path=/api/transcriptions status=200 durationMs=436
[pod/gateway-866f6b7d45-l7n7w/gateway] 2026-10-05T23:36:30.382+00:00 INFO  http.request requestId=49828f8a-9f97-4e30-b5be-64427f0c5d44 role=api pod=gateway-866f6b7d45-l7n7w method=POST path=/api/transcriptions status=200 durationMs=532
[pod/gateway-866f6b7d45-l7n7w/gateway] 2026-10-05T23:36:30.409+00:00 INFO  http.request requestId=4bec6a31-1441-4f08-8d20-5f181b47b816 role=api pod=gateway-866f6b7d45-l7n7w method=POST path=/api/transcriptions status=200 durationMs=456
[pod/gateway-866f6b7d45-l7n7w/gateway] 2026-10-05T23:36:30.515+00:00 INFO  http.request requestId=c7083d9f-ac0f-407a-bd85-5c1775658c5b role=api pod=gateway-866f6b7d45-l7n7w method=POST path=/api/transcriptions status=200 durationMs=756
[pod/gateway-866f6b7d45-l7n7w/gateway] 2026-10-05T23:36:30.520+00:00 INFO  http.request requestId=505e863a-5e43-4f56-8788-5f05ee20c9f9 role=api pod=gateway-866f6b7d45-l7n7w method=POST path=/api/transcriptions status=200 durationMs=717
[pod/gateway-866f6b7d45-l7n7w/gateway] 2026-10-05T23:36:30.540+00:00 INFO  http.request requestId=97ff77bc-3f97-4eec-976a-371a195a4782 role=api pod=gateway-866f6b7d45-l7n7w method=POST path=/api/translations status=200 durationMs=355
[pod/gateway-866f6b7d45-l7n7w/gateway] 2026-10-05T23:36:30.550+00:00 INFO  http.request requestId=ece45ec1-50ff-4255-8c25-075af06ead83 role=api pod=gateway-866f6b7d45-l7n7w method=POST path=/api/transcriptions status=200 durationMs=716
[pod/gateway-866f6b7d45-l7n7w/gateway] 2026-10-05T23:36:30.598+00:00 INFO  http.request requestId=421f7c2c-f2cb-48d8-8cfc-a6fc4f520c0a role=api pod=gateway-866f6b7d45-l7n7w method=POST path=/api/translations status=200 durationMs=209
[pod/gateway-866f6b7d45-l7n7w/gateway] 2026-10-05T23:36:30.611+00:00 INFO  http.request requestId=0e6bec4b-689a-4747-b1f5-6991750de18e role=api pod=gateway-866f6b7d45-l7n7w method=POST path=/api/transcriptions status=200 durationMs=792
[pod/gateway-866f6b7d45-l7n7w/gateway] 2026-10-05T23:36:30.646+00:00 INFO  http.request requestId=70f5ee86-dcc5-4658-8cd1-5ed0d68025e5 role=api pod=gateway-866f6b7d45-l7n7w method=POST path=/api/transcriptions status=200 durationMs=647
[pod/gateway-866f6b7d45-l7n7w/gateway] 2026-10-05T23:36:30.659+00:00 INFO  http.request requestId=0a245dd0-7404-4b89-812e-70b994b2ffed role=api pod=gateway-866f6b7d45-l7n7w method=POST path=/api/transcriptions status=200 durationMs=631
[pod/gateway-866f6b7d45-l7n7w/gateway] 2026-10-05T23:36:30.720+00:00 INFO  http.request requestId=652e3cd8-aa25-4b3e-a09d-9ca7774edb68 role=api pod=gateway-866f6b7d45-l7n7w method=POST path=/api/transcriptions status=200 durationMs=525
[pod/gateway-866f6b7d45-l7n7w/gateway] 2026-10-05T23:36:30.790+00:00 INFO  http.request requestId=52bf6e0c-5adc-4992-9bf6-f21b631116f5 role=api pod=gateway-866f6b7d45-l7n7w method=POST path=/api/translations status=200 durationMs=408
[pod/gateway-866f6b7d45-l7n7w/gateway] 2026-10-05T23:36:30.835+00:00 INFO  http.request requestId=8a69bce9-c46b-420c-ac9f-f5b0a895b075 role=api pod=gateway-866f6b7d45-l7n7w method=POST path=/api/transcriptions status=200 durationMs=476
[pod/gateway-866f6b7d45-l7n7w/gateway] 2026-10-05T23:36:30.850+00:00 INFO  http.request requestId=cd100b29-c322-4ac1-b8a2-9a3868f16603 role=api pod=gateway-866f6b7d45-l7n7w method=POST path=/api/transcriptions status=200 durationMs=716
[pod/gateway-866f6b7d45-l7n7w/gateway] 2026-10-05T23:36:30.854+00:00 INFO  http.request requestId=bc64c993-42c6-4e51-9960-89bcc2534e22 role=api pod=gateway-866f6b7d45-l7n7w method=POST path=/api/translations status=200 durationMs=242
[pod/gateway-866f6b7d45-l7n7w/gateway] 2026-10-05T23:36:30.883+00:00 INFO  http.request requestId=69e37052-0014-4359-9bd8-bb88c2a0879b role=api pod=gateway-866f6b7d45-l7n7w method=POST path=/api/translations status=200 durationMs=367
[pod/gateway-866f6b7d45-l7n7w/gateway] 2026-10-05T23:36:30.913+00:00 INFO  http.request requestId=4143e400-7d59-437a-b223-42fea4e8ddf1 role=api pod=gateway-866f6b7d45-l7n7w method=POST path=/api/translations status=200 durationMs=362
[pod/gateway-866f6b7d45-l7n7w/gateway] 2026-10-05T23:36:30.948+00:00 INFO  http.request requestId=d88c2f5a-4a42-4478-8090-541094e430d7 role=api pod=gateway-866f6b7d45-l7n7w method=POST path=/api/transcriptions status=200 durationMs=544
[pod/gateway-866f6b7d45-l7n7w/gateway] 2026-10-05T23:36:30.956+00:00 INFO  http.request requestId=cb79a809-99c6-4f49-829d-f0377eaa7894 role=api pod=gateway-866f6b7d45-l7n7w method=POST path=/api/translations status=200 durationMs=287
[pod/gateway-866f6b7d45-l7n7w/gateway] 2026-10-05T23:36:30.970+00:00 INFO  http.request requestId=e031ee56-ad8a-40aa-9554-bf21a8517885 role=api pod=gateway-866f6b7d45-l7n7w method=POST path=/api/transcriptions status=200 durationMs=447
[pod/gateway-866f6b7d45-l7n7w/gateway] 2026-10-05T23:36:30.971+00:00 INFO  http.request requestId=040ff1c5-fe28-45dc-b11a-6c556150a7c1 role=api pod=gateway-866f6b7d45-l7n7w method=POST path=/api/transcriptions status=200 durationMs=417
[pod/gateway-866f6b7d45-l7n7w/gateway] 2026-10-05T23:36:30.975+00:00 INFO  http.request requestId=c73f05e4-cc65-4d2e-8ead-7ed558e39272 role=api pod=gateway-866f6b7d45-l7n7w method=POST path=/api/translations status=200 durationMs=315
[pod/gateway-866f6b7d45-l7n7w/gateway] 2026-10-05T23:36:31.091+00:00 INFO  http.request requestId=47996db3-69f5-46b5-ac71-6908501d0e6d role=api pod=gateway-866f6b7d45-l7n7w method=POST path=/api/translations status=200 durationMs=245
[pod/gateway-866f6b7d45-l7n7w/gateway] 2026-10-05T23:36:31.119+00:00 INFO  http.request requestId=97fc3de0-bf46-43d4-a91a-2a613de54fe6 role=api pod=gateway-866f6b7d45-l7n7w method=POST path=/api/translations status=200 durationMs=390
[pod/gateway-866f6b7d45-l7n7w/gateway] 2026-10-05T23:36:31.181+00:00 INFO  http.request requestId=8f00cba3-5f70-48fd-90a9-b2076bf3bb3a role=api pod=gateway-866f6b7d45-l7n7w method=POST path=/api/transcriptions status=200 durationMs=763
[pod/gateway-866f6b7d45-l7n7w/gateway] 2026-10-05T23:36:31.188+00:00 INFO  http.request requestId=066725c8-4917-4f24-9788-251877df0401 role=api pod=gateway-866f6b7d45-l7n7w method=POST path=/api/translations status=200 durationMs=214
[pod/gateway-866f6b7d45-l7n7w/gateway] 2026-10-05T23:36:31.220+00:00 INFO  http.request requestId=df782194-578f-4324-8c00-9805fb05162d role=api pod=gateway-866f6b7d45-l7n7w method=POST path=/api/translations status=200 durationMs=238
[pod/gateway-866f6b7d45-l7n7w/gateway] 2026-10-05T23:36:31.282+00:00 INFO  http.request requestId=c925690b-dd20-4591-bc3f-222de44f0c7d role=api pod=gateway-866f6b7d45-l7n7w method=POST path=/api/translations status=200 durationMs=341
[pod/gateway-866f6b7d45-l7n7w/gateway] 2026-10-05T23:36:31.346+00:00 INFO  http.request requestId=cc6d9491-d868-4170-aa47-d223369f2719 role=api pod=gateway-866f6b7d45-l7n7w method=POST path=/api/transcriptions status=200 durationMs=507
[pod/gateway-866f6b7d45-l7n7w/gateway] 2026-10-05T23:36:31.351+00:00 INFO  http.request requestId=40fe5336-8eb9-49b9-9b10-4bc7cb7b5266 role=api pod=gateway-866f6b7d45-l7n7w method=POST path=/api/translations status=200 durationMs=215
[pod/gateway-866f6b7d45-l7n7w/gateway] 2026-10-05T23:36:31.380+00:00 INFO  http.request requestId=bcfb08ed-e66c-44d1-ba3f-e3c6a8bda654 role=api pod=gateway-866f6b7d45-l7n7w method=POST path=/api/transcriptions status=200 durationMs=527
[pod/gateway-866f6b7d45-l7n7w/gateway] 2026-10-05T23:36:31.384+00:00 INFO  http.request requestId=84674a70-601b-4f68-89ef-29a77ed7acd4 role=api pod=gateway-866f6b7d45-l7n7w method=POST path=/api/transcriptions status=200 durationMs=771
[pod/gateway-866f6b7d45-l7n7w/gateway] 2026-10-05T23:36:31.560+00:00 INFO  http.request requestId=3b799529-6752-42b3-b81a-81628238883c role=api pod=gateway-866f6b7d45-l7n7w method=POST path=/api/transcriptions status=200 durationMs=661
[pod/gateway-866f6b7d45-l7n7w/gateway] 2026-10-05T23:36:31.599+00:00 INFO  http.request requestId=65db4d99-05da-453b-bc89-63c659339d03 role=api pod=gateway-866f6b7d45-l7n7w method=POST path=/api/transcriptions status=200 durationMs=415
[pod/gateway-866f6b7d45-l7n7w/gateway] 2026-10-05T23:36:31.634+00:00 INFO  http.request requestId=1e2ababd-4ef8-41f0-8876-dc6625badc44 role=api pod=gateway-866f6b7d45-l7n7w method=POST path=/api/transcriptions status=200 durationMs=705
[pod/gateway-866f6b7d45-l7n7w/gateway] 2026-10-05T23:36:31.637+00:00 INFO  http.request requestId=c1b13ce6-2351-4674-8409-2b58cd07faef role=api pod=gateway-866f6b7d45-l7n7w method=POST path=/api/translations status=200 durationMs=412
[pod/gateway-866f6b7d45-l7n7w/gateway] 2026-10-05T23:36:31.661+00:00 INFO  http.request requestId=3daa3e67-d505-4e44-a665-03874f2c0c49 role=api pod=gateway-866f6b7d45-l7n7w method=POST path=/api/translations status=200 durationMs=247
[pod/gateway-866f6b7d45-l7n7w/gateway] 2026-10-05T23:36:31.710+00:00 INFO  http.request requestId=0972019c-5a35-4456-8ec1-008fc28c3edd role=api pod=gateway-866f6b7d45-l7n7w method=POST path=/api/translations status=200 durationMs=328
[pod/gateway-866f6b7d45-l7n7w/gateway] 2026-10-05T23:36:31.720+00:00 INFO  http.request requestId=68b05afe-9c52-4db0-b841-2e035ad2fb10 role=api pod=gateway-866f6b7d45-l7n7w method=POST path=/api/translations status=200 durationMs=333
[pod/gateway-866f6b7d45-l7n7w/gateway] 2026-10-05T23:36:31.741+00:00 INFO  http.request requestId=a01f6fd7-0d6c-4188-98d5-60d28203df64 role=api pod=gateway-866f6b7d45-l7n7w method=POST path=/api/transcriptions status=200 durationMs=452
[pod/gateway-866f6b7d45-l7n7w/gateway] 2026-10-05T23:36:31.749+00:00 INFO  http.request requestId=0c38575c-ba55-4ed1-a5ef-ab38f3049618 role=api pod=gateway-866f6b7d45-l7n7w method=POST path=/api/transcriptions status=200 durationMs=791
[pod/gateway-866f6b7d45-l7n7w/gateway] 2026-10-05T23:36:31.753+00:00 INFO  http.request requestId=7ee831fc-aaa7-4013-830a-af6c19d62b9a role=api pod=gateway-866f6b7d45-l7n7w method=POST path=/api/transcriptions status=200 durationMs=779
[pod/gateway-866f6b7d45-l7n7w/gateway] 2026-10-05T23:36:31.763+00:00 INFO  http.request requestId=34842351-160d-47f7-a402-375e2ccaa94e role=api pod=gateway-866f6b7d45-l7n7w method=POST path=/api/translations status=200 durationMs=406
[pod/gateway-866f6b7d45-l7n7w/gateway] 2026-10-05T23:36:31.959+00:00 INFO  http.request requestId=1795c012-5903-4c6a-bed4-e6fe0b16eb6d role=api pod=gateway-866f6b7d45-l7n7w method=POST path=/api/transcriptions status=200 durationMs=565
[pod/gateway-866f6b7d45-l7n7w/gateway] 2026-10-05T23:36:32.001+00:00 INFO  http.request requestId=ce070ca5-1b3c-46f3-840b-dcfbdda10a5e role=api pod=gateway-866f6b7d45-l7n7w method=POST path=/api/translations status=200 durationMs=251
[pod/gateway-866f6b7d45-l7n7w/gateway] 2026-10-05T23:36:32.002+00:00 INFO  http.request requestId=e20f7216-f2c4-4ba2-aa81-629d2ea1d6e8 role=api pod=gateway-866f6b7d45-l7n7w method=POST path=/api/transcriptions status=200 durationMs=803
[pod/gateway-866f6b7d45-l7n7w/gateway] 2026-10-05T23:36:32.021+00:00 INFO  http.request requestId=14912d29-ca4d-462c-a87f-ca6bd24f1557 role=api pod=gateway-866f6b7d45-l7n7w method=POST path=/api/translations status=200 durationMs=327
[pod/gateway-866f6b7d45-l7n7w/gateway] 2026-10-05T23:36:32.032+00:00 INFO  http.request requestId=73d1fc8e-6d9e-4276-b1ca-a4f09281788f role=api pod=gateway-866f6b7d45-l7n7w method=POST path=/api/translations status=200 durationMs=253
[pod/gateway-866f6b7d45-l7n7w/gateway] 2026-10-05T23:36:32.066+00:00 INFO  http.request requestId=52aff372-f294-4f97-8a82-d581e4e1b0c0 role=api pod=gateway-866f6b7d45-l7n7w method=POST path=/api/transcriptions status=200 durationMs=717
[pod/gateway-866f6b7d45-l7n7w/gateway] 2026-10-05T23:36:32.089+00:00 INFO  http.request requestId=fc863553-7032-45d1-ae3a-8c972551032a role=api pod=gateway-866f6b7d45-l7n7w method=POST path=/api/translations status=200 durationMs=359
[pod/gateway-866f6b7d45-l7n7w/gateway] 2026-10-05T23:36:32.104+00:00 INFO  http.request requestId=c29d415d-f66e-498a-8919-57235d839540 role=api pod=gateway-866f6b7d45-l7n7w method=POST path=/api/transcriptions status=200 durationMs=501
[pod/gateway-866f6b7d45-l7n7w/gateway] 2026-10-05T23:36:32.125+00:00 INFO  http.request requestId=f830a1fd-5eb1-4356-888e-e36d65edb2b9 role=api pod=gateway-866f6b7d45-l7n7w method=POST path=/api/translations status=200 durationMs=362
[pod/gateway-866f6b7d45-l7n7w/gateway] 2026-10-05T23:36:32.266+00:00 INFO  http.request requestId=87325091-45ee-417d-8004-1d511b500a2f role=api pod=gateway-866f6b7d45-l7n7w method=POST path=/api/transcriptions status=200 durationMs=543
[pod/gateway-866f6b7d45-l7n7w/gateway] 2026-10-05T23:36:32.272+00:00 INFO  http.request requestId=4d7d8627-c309-491b-b570-49515e5baca3 role=api pod=gateway-866f6b7d45-l7n7w method=POST path=/api/translations status=200 durationMs=264
[pod/gateway-866f6b7d45-l7n7w/gateway] 2026-10-05T23:36:32.297+00:00 INFO  http.request requestId=40d44fe3-e86c-46cd-8119-ff92ead253f4 role=api pod=gateway-866f6b7d45-l7n7w method=POST path=/api/transcriptions status=200 durationMs=723
[pod/gateway-866f6b7d45-l7n7w/gateway] 2026-10-05T23:36:32.358+00:00 INFO  http.request requestId=ebc0549d-e21a-4ba9-8984-a40b1269da36 role=api pod=gateway-866f6b7d45-l7n7w method=POST path=/api/translations status=200 durationMs=220
[pod/gateway-866f6b7d45-l7n7w/gateway] 2026-10-05T23:36:32.398+00:00 INFO  http.request requestId=91216eb4-25fc-4b89-b199-20caf4ccc079 role=api pod=gateway-866f6b7d45-l7n7w method=POST path=/api/transcriptions status=200 durationMs=733
[pod/gateway-866f6b7d45-l7n7w/gateway] 2026-10-05T23:36:32.409+00:00 INFO  http.request requestId=b8b22979-371e-41ca-b510-ce9e8c9ec3a5 role=api pod=gateway-866f6b7d45-l7n7w method=POST path=/api/transcriptions status=200 durationMs=760
[pod/gateway-866f6b7d45-l7n7w/gateway] 2026-10-05T23:36:32.427+00:00 INFO  http.request requestId=a08ff01f-049a-49f6-87a2-51bb3516075a role=api pod=gateway-866f6b7d45-l7n7w method=POST path=/api/translations status=200 durationMs=353
[pod/gateway-866f6b7d45-l7n7w/gateway] 2026-10-05T23:36:32.462+00:00 INFO  http.request requestId=c7bb4a0e-cf03-4ce6-8663-af59d2fcb116 role=api pod=gateway-866f6b7d45-l7n7w method=POST path=/api/transcriptions status=200 durationMs=708
[pod/gateway-866f6b7d45-l7n7w/gateway] 2026-10-05T23:36:32.482+00:00 INFO  http.request requestId=e45a38f3-5bd4-4a78-b30e-e40b3563bf20 role=api pod=gateway-866f6b7d45-l7n7w method=POST path=/api/transcriptions status=200 durationMs=519
[pod/gateway-866f6b7d45-l7n7w/gateway] 2026-10-05T23:36:32.533+00:00 INFO  http.request requestId=889f5c30-6630-4623-9453-1187faceb787 role=api pod=gateway-866f6b7d45-l7n7w method=POST path=/api/translations status=200 durationMs=234
[pod/gateway-866f6b7d45-l7n7w/gateway] 2026-10-05T23:36:32.535+00:00 INFO  http.request requestId=7e79f4e2-dce2-4b22-b206-af4b40894d02 role=api pod=gateway-866f6b7d45-l7n7w method=POST path=/api/transcriptions status=200 durationMs=436
[pod/gateway-866f6b7d45-l7n7w/gateway] 2026-10-05T23:36:32.551+00:00 INFO  http.request requestId=ff938a86-484d-4db4-a456-6456b739a594 role=api pod=gateway-866f6b7d45-l7n7w method=POST path=/api/translations status=200 durationMs=278
[pod/gateway-866f6b7d45-l7n7w/gateway] 2026-10-05T23:36:32.555+00:00 INFO  http.request requestId=36e30750-f105-41e5-8016-7014829bdece role=api pod=gateway-866f6b7d45-l7n7w method=POST path=/api/translations status=200 durationMs=3013
[pod/gateway-866f6b7d45-l7n7w/gateway] 2026-10-05T23:36:32.602+00:00 INFO  http.request requestId=97b283e0-bded-4a07-90b2-accf7bead873 role=api pod=gateway-866f6b7d45-l7n7w method=POST path=/api/translations status=200 durationMs=324
[pod/gateway-866f6b7d45-l7n7w/gateway] 2026-10-05T23:36:32.676+00:00 INFO  http.request requestId=533e6544-c789-48d9-ad20-f28fed7d5c16 role=api pod=gateway-866f6b7d45-l7n7w method=POST path=/api/transcriptions status=200 durationMs=608
[pod/gateway-866f6b7d45-l7n7w/gateway] 2026-10-05T23:36:32.712+00:00 INFO  http.request requestId=38c9fb4f-7398-4bca-964f-744b76f688e4 role=api pod=gateway-866f6b7d45-l7n7w method=POST path=/api/translations status=200 durationMs=237
[pod/gateway-866f6b7d45-l7n7w/gateway] 2026-10-05T23:36:32.717+00:00 INFO  http.request requestId=0c5f8412-5ee4-4855-b7a8-1eae2741a902 role=api pod=gateway-866f6b7d45-l7n7w method=POST path=/api/transcriptions status=200 durationMs=689
[pod/gateway-866f6b7d45-l7n7w/gateway] 2026-10-05T23:36:32.753+00:00 INFO  http.request requestId=4a44c875-0963-4d8e-8d71-f3eade71eff8 role=api pod=gateway-866f6b7d45-l7n7w method=POST path=/api/translations status=200 durationMs=268
[pod/gateway-866f6b7d45-l7n7w/gateway] 2026-10-05T23:36:32.766+00:00 INFO  http.request requestId=f803136c-1fb9-4dbb-9a0e-d8774fc52b64 role=api pod=gateway-866f6b7d45-l7n7w method=POST path=/api/transcriptions status=200 durationMs=623
[pod/gateway-866f6b7d45-l7n7w/gateway] 2026-10-05T23:36:32.777+00:00 INFO  http.request requestId=7d604b97-5a30-41e0-88cb-d16d1eb75224 role=api pod=gateway-866f6b7d45-l7n7w method=POST path=/api/transcriptions status=200 durationMs=739
[pod/gateway-866f6b7d45-l7n7w/gateway] 2026-10-05T23:36:32.814+00:00 INFO  http.request requestId=0f0db454-a3d5-40c9-9172-2efd5960fafe role=api pod=gateway-866f6b7d45-l7n7w method=POST path=/api/translations status=200 durationMs=404
[pod/gateway-866f6b7d45-l7n7w/gateway] 2026-10-05T23:36:32.901+00:00 INFO  http.request requestId=8794a73e-f50b-4de9-83aa-3bedb2977e66 role=api pod=gateway-866f6b7d45-l7n7w method=POST path=/api/translations status=200 durationMs=366
[pod/gateway-866f6b7d45-l7n7w/gateway] 2026-10-05T23:36:32.962+00:00 INFO  http.request requestId=9b628450-f5aa-45ad-b574-eccf49893002 role=api pod=gateway-866f6b7d45-l7n7w method=POST path=/api/transcriptions status=200 durationMs=544
[pod/gateway-866f6b7d45-l7n7w/gateway] 2026-10-05T23:36:32.963+00:00 INFO  http.request requestId=3e92a8ff-5cb0-4cf5-b3b2-f3f54d2735b4 role=api pod=gateway-866f6b7d45-l7n7w method=POST path=/api/transcriptions status=200 durationMs=488
[pod/gateway-866f6b7d45-l7n7w/gateway] 2026-10-05T23:36:32.982+00:00 INFO  http.request requestId=7b76133b-69cb-45ee-b1e5-a39df2cdc274 role=api pod=gateway-866f6b7d45-l7n7w method=POST path=/api/translations status=200 durationMs=303
[pod/gateway-866f6b7d45-l7n7w/gateway] 2026-10-05T23:36:33.002+00:00 INFO  http.request requestId=1d2077e4-97be-4638-84e1-00988118ad1b role=api pod=gateway-866f6b7d45-l7n7w method=POST path=/api/transcriptions status=200 durationMs=438
[pod/gateway-866f6b7d45-l7n7w/gateway] 2026-10-05T23:36:33.019+00:00 INFO  http.request requestId=9eb218d0-5c1f-4f37-bffe-008f4ff06835 role=api pod=gateway-866f6b7d45-l7n7w method=POST path=/api/translations status=200 durationMs=302
[pod/gateway-866f6b7d45-l7n7w/gateway] 2026-10-05T23:36:33.052+00:00 INFO  http.request requestId=95ee9a36-2317-4188-a1ce-353a3cb5c240 role=api pod=gateway-866f6b7d45-l7n7w method=POST path=/api/translations status=200 durationMs=383
[pod/gateway-866f6b7d45-l7n7w/gateway] 2026-10-05T23:36:33.080+00:00 INFO  http.request requestId=8827a546-7659-420d-ae32-01af7f8e0f3e role=api pod=gateway-866f6b7d45-l7n7w method=POST path=/api/translations status=200 durationMs=247
[pod/gateway-866f6b7d45-l7n7w/gateway] 2026-10-05T23:36:33.096+00:00 INFO  http.request requestId=3cd51843-f694-4127-b845-62fef2f9cdcc role=api pod=gateway-866f6b7d45-l7n7w method=POST path=/api/translations status=200 durationMs=318
[pod/gateway-866f6b7d45-l7n7w/gateway] 2026-10-05T23:36:33.123+00:00 INFO  http.request requestId=5a09194f-b552-49be-b625-447e8ac9aac4 role=api pod=gateway-866f6b7d45-l7n7w method=POST path=/api/transcriptions status=200 durationMs=754
[pod/gateway-866f6b7d45-l7n7w/gateway] 2026-10-05T23:36:33.263+00:00 INFO  http.request requestId=5ad67b3b-2ad1-4369-ba9e-b8d24b6b026d role=api pod=gateway-866f6b7d45-l7n7w method=POST path=/api/transcriptions status=200 durationMs=655
[pod/gateway-866f6b7d45-l7n7w/gateway] 2026-10-05T23:36:33.272+00:00 INFO  http.request requestId=b9eefad2-54a1-4a8b-b151-0a625a8f2b70 role=api pod=gateway-866f6b7d45-l7n7w method=POST path=/api/translations status=200 durationMs=309
[pod/gateway-866f6b7d45-l7n7w/gateway] 2026-10-05T23:36:33.287+00:00 INFO  http.request requestId=a4d306b0-e1df-4d4e-a000-8564041024c4 role=api pod=gateway-866f6b7d45-l7n7w method=POST path=/api/transcriptions status=200 durationMs=618
[pod/gateway-866f6b7d45-l7n7w/gateway] 2026-10-05T23:36:33.288+00:00 INFO  http.request requestId=73685aea-4705-4931-b804-5b9879985903 role=api pod=gateway-866f6b7d45-l7n7w method=POST path=/api/transcriptions status=200 durationMs=529
[pod/gateway-866f6b7d45-l7n7w/gateway] 2026-10-05T23:36:33.294+00:00 INFO  http.request requestId=3251bd9d-98ea-4cbe-a345-208a5aee3d68 role=api pod=gateway-866f6b7d45-l7n7w method=POST path=/api/translations status=200 durationMs=272
[pod/gateway-866f6b7d45-l7n7w/gateway] 2026-10-05T23:36:33.370+00:00 INFO  http.request requestId=0968d655-cfca-40cc-8e1c-84a058eb569c role=api pod=gateway-866f6b7d45-l7n7w method=POST path=/api/translations status=200 durationMs=361
[pod/gateway-866f6b7d45-l7n7w/gateway] 2026-10-05T23:36:33.380+00:00 INFO  http.request requestId=55cf2ee6-7ef3-4b19-8a21-647b41741ac8 role=api pod=gateway-866f6b7d45-l7n7w method=POST path=/api/translations status=200 durationMs=253
[pod/gateway-866f6b7d45-l7n7w/gateway] 2026-10-05T23:36:33.491+00:00 INFO  http.request requestId=58d0444f-0a4a-4e84-b8e1-3c358c66b790 role=api pod=gateway-866f6b7d45-l7n7w method=POST path=/api/translations status=200 durationMs=382
[pod/gateway-866f6b7d45-l7n7w/gateway] 2026-10-05T23:36:33.510+00:00 INFO  http.request requestId=d45013ce-8e6e-496e-972b-ae5a6e80f3e9 role=api pod=gateway-866f6b7d45-l7n7w method=POST path=/api/transcriptions status=200 durationMs=437
[pod/gateway-866f6b7d45-l7n7w/gateway] 2026-10-05T23:36:33.519+00:00 INFO  http.request requestId=49ea4d28-138f-440a-80b0-4b4b503d7a13 role=api pod=gateway-866f6b7d45-l7n7w method=POST path=/api/transcriptions status=200 durationMs=714
[pod/gateway-866f6b7d45-l7n7w/gateway] 2026-10-05T23:36:33.529+00:00 INFO  http.request requestId=5ba20845-7c84-4586-9be9-f83912e61845 role=api pod=gateway-866f6b7d45-l7n7w method=POST path=/api/translations status=200 durationMs=254
[pod/gateway-866f6b7d45-l7n7w/gateway] 2026-10-05T23:36:33.540+00:00 INFO  http.request requestId=ea453286-1241-473f-bdeb-50e46f14d798 role=api pod=gateway-866f6b7d45-l7n7w method=POST path=/api/transcriptions status=200 durationMs=631
[pod/gateway-866f6b7d45-l7n7w/gateway] 2026-10-05T23:36:33.546+00:00 INFO  http.request requestId=0ab94545-60b6-49a9-ace0-dbabe3471c12 role=api pod=gateway-866f6b7d45-l7n7w method=POST path=/api/transcriptions status=200 durationMs=773
[pod/gateway-866f6b7d45-l7n7w/gateway] 2026-10-05T23:36:33.623+00:00 INFO  http.request requestId=62d2f5f9-1258-4eb4-9900-620c191b25ea role=api pod=gateway-866f6b7d45-l7n7w method=POST path=/api/translations status=200 durationMs=306
[pod/gateway-866f6b7d45-l7n7w/gateway] 2026-10-05T23:36:33.650+00:00 INFO  http.request requestId=831fead5-5fa8-4b8c-aeba-518fe30a1101 role=api pod=gateway-866f6b7d45-l7n7w method=POST path=/api/transcriptions status=200 durationMs=682
[pod/gateway-866f6b7d45-l7n7w/gateway] 2026-10-05T23:36:33.661+00:00 INFO  http.request requestId=46c6b562-e14f-479e-a852-5c2e15824657 role=api pod=gateway-866f6b7d45-l7n7w method=POST path=/api/translations status=200 durationMs=284
[pod/gateway-866f6b7d45-l7n7w/gateway] 2026-10-05T23:36:33.663+00:00 INFO  http.request requestId=50eb812c-05f8-4949-ba6c-529fcc5e1b00 role=api pod=gateway-866f6b7d45-l7n7w method=POST path=/api/transcriptions status=200 durationMs=559
[pod/gateway-866f6b7d45-l7n7w/gateway] 2026-10-05T23:36:33.672+00:00 INFO  http.request requestId=19afdc65-d9b9-49bf-9c0c-dc2ea0920cd4 role=api pod=gateway-866f6b7d45-l7n7w method=POST path=/api/translations status=200 durationMs=253
[pod/gateway-866f6b7d45-l7n7w/gateway] 2026-10-05T23:36:33.676+00:00 INFO  http.request requestId=31f1200f-2f25-4244-8491-a11c7bd94bbf role=api pod=gateway-866f6b7d45-l7n7w method=POST path=/api/transcriptions status=200 durationMs=691
[pod/gateway-866f6b7d45-l7n7w/gateway] 2026-10-05T23:36:33.721+00:00 INFO  http.request requestId=815438e8-0b00-44a2-b221-791e8583eb13 role=api pod=gateway-866f6b7d45-l7n7w method=POST path=/api/transcriptions status=200 durationMs=452
[pod/gateway-866f6b7d45-l7n7w/gateway] 2026-10-05T23:36:33.747+00:00 INFO  http.request requestId=862d41e2-f423-4755-ae49-de0fe8d75113 role=api pod=gateway-866f6b7d45-l7n7w method=POST path=/api/translations status=200 durationMs=232
[pod/gateway-866f6b7d45-l7n7w/gateway] 2026-10-05T23:36:33.773+00:00 INFO  http.request requestId=0f02b9f0-322e-4b12-b7ad-35788b80471d role=api pod=gateway-866f6b7d45-l7n7w method=POST path=/api/transcriptions status=200 durationMs=475
[pod/gateway-866f6b7d45-l7n7w/gateway] 2026-10-05T23:36:33.803+00:00 INFO  http.request requestId=6763030b-a874-4a46-8055-da69d53572a0 role=api pod=gateway-866f6b7d45-l7n7w method=POST path=/api/transcriptions status=200 durationMs=415
[pod/gateway-866f6b7d45-l7n7w/gateway] 2026-10-05T23:36:33.848+00:00 INFO  http.request requestId=2b80a1cb-0fb4-497b-82e1-f233d6fe90b1 role=api pod=gateway-866f6b7d45-l7n7w method=POST path=/api/translations status=200 durationMs=302
[pod/gateway-866f6b7d45-l7n7w/gateway] 2026-10-05T23:36:33.873+00:00 INFO  http.request requestId=9c90793b-2d85-4b15-898d-f8b62ddc032d role=api pod=gateway-866f6b7d45-l7n7w method=POST path=/api/translations status=200 durationMs=320
[pod/gateway-866f6b7d45-l7n7w/gateway] 2026-10-05T23:36:33.889+00:00 INFO  http.request requestId=78d59b84-1643-44b9-9a27-20c1c8b718a2 role=api pod=gateway-866f6b7d45-l7n7w method=POST path=/api/translations status=200 durationMs=236
[pod/gateway-866f6b7d45-l7n7w/gateway] 2026-10-05T23:36:33.929+00:00 INFO  http.request requestId=95ac5f31-b21a-4131-ac50-82df39bb2670 role=api pod=gateway-866f6b7d45-l7n7w method=POST path=/api/translations status=200 durationMs=388
[pod/gateway-866f6b7d45-l7n7w/gateway] 2026-10-05T23:36:34.021+00:00 INFO  http.request requestId=31e82de2-213e-4f55-bc56-4ce4d296fc58 role=api pod=gateway-866f6b7d45-l7n7w method=POST path=/api/translations status=200 durationMs=337
[pod/gateway-866f6b7d45-l7n7w/gateway] 2026-10-05T23:36:34.037+00:00 INFO  http.request requestId=36e7763f-f1b5-440e-a318-810b933d9e4b role=api pod=gateway-866f6b7d45-l7n7w method=POST path=/api/translations status=200 durationMs=315
[pod/gateway-866f6b7d45-l7n7w/gateway] 2026-10-05T23:36:34.042+00:00 INFO  http.request requestId=0153e74a-8afc-4e20-bb5d-2552afed2732 role=api pod=gateway-866f6b7d45-l7n7w method=POST path=/api/translations status=200 durationMs=366
[pod/gateway-866f6b7d45-l7n7w/gateway] 2026-10-05T23:36:34.066+00:00 INFO  http.request requestId=08f7bdbd-f149-4d59-ae55-9e1f0791c46f role=api pod=gateway-866f6b7d45-l7n7w method=POST path=/api/translations status=200 durationMs=405
[pod/gateway-866f6b7d45-l7n7w/gateway] 2026-10-05T23:36:34.092+00:00 INFO  http.request requestId=971bf31e-a36f-4def-8201-96400eab91e2 role=api pod=gateway-866f6b7d45-l7n7w method=POST path=/api/transcriptions status=200 durationMs=553
[pod/gateway-866f6b7d45-l7n7w/gateway] 2026-10-05T23:36:34.158+00:00 INFO  http.request requestId=043a3eaf-73eb-4d41-bf98-2ef801bbc0a3 role=api pod=gateway-866f6b7d45-l7n7w method=POST path=/api/transcriptions status=200 durationMs=634
[pod/gateway-866f6b7d45-l7n7w/gateway] 2026-10-05T23:36:34.208+00:00 INFO  http.request requestId=5c49be97-1ab4-4a48-be14-e1c7b3247408 role=api pod=gateway-866f6b7d45-l7n7w method=POST path=/api/translations status=200 durationMs=315
[pod/gateway-866f6b7d45-l7n7w/gateway] 2026-10-05T23:36:34.232+00:00 INFO  http.request requestId=1e030f99-f6d3-48cf-9c9f-d6bbd3edab4b role=api pod=gateway-866f6b7d45-l7n7w method=POST path=/api/transcriptions status=200 durationMs=423
[pod/gateway-866f6b7d45-l7n7w/gateway] 2026-10-05T23:36:34.249+00:00 INFO  http.request requestId=8a9f4ead-fd0e-48b0-bc9a-25ed86c40ca7 role=api pod=gateway-866f6b7d45-l7n7w method=POST path=/api/translations status=200 durationMs=226
[pod/gateway-866f6b7d45-l7n7w/gateway] 2026-10-05T23:36:34.253+00:00 INFO  http.request requestId=3d089f54-a36f-4033-bf61-7d8c65046e64 role=api pod=gateway-866f6b7d45-l7n7w method=POST path=/api/transcriptions status=200 durationMs=475
[pod/gateway-866f6b7d45-l7n7w/gateway] 2026-10-05T23:36:34.276+00:00 INFO  http.request requestId=36d5d2d2-00ff-4cd4-9dcb-f2b07dd7ff4f role=api pod=gateway-866f6b7d45-l7n7w method=POST path=/api/translations status=200 durationMs=394
[pod/gateway-866f6b7d45-l7n7w/gateway] 2026-10-05T23:36:34.365+00:00 INFO  http.request requestId=8bc20eb2-8fe4-4185-b19b-12201228449a role=api pod=gateway-866f6b7d45-l7n7w method=POST path=/api/transcriptions status=200 durationMs=631
[pod/gateway-866f6b7d45-l7n7w/gateway] 2026-10-05T23:36:34.377+00:00 INFO  http.request requestId=cd206b17-fb07-47a7-a386-ecf79168a4b9 role=api pod=gateway-866f6b7d45-l7n7w method=POST path=/api/transcriptions status=200 durationMs=612
[pod/gateway-866f6b7d45-l7n7w/gateway] 2026-10-05T23:36:34.404+00:00 INFO  http.request requestId=5ffa9222-3d49-4edf-b4ad-c9d8a2cfdffd role=api pod=gateway-866f6b7d45-l7n7w method=POST path=/api/transcriptions status=200 durationMs=731
[pod/gateway-866f6b7d45-l7n7w/gateway] 2026-10-05T23:36:34.461+00:00 INFO  http.request requestId=ec226b5b-8a0e-4525-b593-0bfd5ca9456a role=api pod=gateway-866f6b7d45-l7n7w method=POST path=/api/translations status=200 durationMs=295
[pod/gateway-866f6b7d45-l7n7w/gateway] 2026-10-05T23:36:34.520+00:00 INFO  http.request requestId=9fabc029-e4df-46b4-9480-141875129d60 role=api pod=gateway-866f6b7d45-l7n7w method=POST path=/api/translations status=200 durationMs=266
[pod/gateway-866f6b7d45-l7n7w/gateway] 2026-10-05T23:36:34.592+00:00 INFO  http.request requestId=30c0425c-0702-48f5-857b-94bf28346774 role=api pod=gateway-866f6b7d45-l7n7w method=POST path=/api/transcriptions status=200 durationMs=722
[pod/gateway-866f6b7d45-l7n7w/gateway] 2026-10-05T23:36:34.601+00:00 INFO  http.request requestId=618a1bf9-587c-448a-a33e-957e8bbf01e6 role=api pod=gateway-866f6b7d45-l7n7w method=POST path=/api/translations status=200 durationMs=317
[pod/gateway-866f6b7d45-l7n7w/gateway] 2026-10-05T23:36:34.697+00:00 INFO  http.request requestId=39816b03-624d-4b9b-a004-4296c35e5528 role=api pod=gateway-866f6b7d45-l7n7w method=POST path=/api/translations status=200 durationMs=271
[pod/gateway-866f6b7d45-l7n7w/gateway] 2026-10-05T23:36:34.743+00:00 INFO  http.request requestId=48472e5e-3677-451f-be56-d8e7e113755d role=api pod=gateway-866f6b7d45-l7n7w method=POST path=/api/translations status=200 durationMs=375
[pod/gateway-866f6b7d45-l7n7w/gateway] 2026-10-05T23:36:34.744+00:00 INFO  http.request requestId=238effa5-4075-4f20-b85d-81429ed26504 role=api pod=gateway-866f6b7d45-l7n7w method=POST path=/api/transcriptions status=200 durationMs=500
[pod/gateway-866f6b7d45-l7n7w/gateway] 2026-10-05T23:36:34.753+00:00 INFO  http.request requestId=26f39e92-95e4-4631-bd23-c350f9e8b473 role=api pod=gateway-866f6b7d45-l7n7w method=POST path=/api/transcriptions status=200 durationMs=495
[pod/gateway-866f6b7d45-l7n7w/gateway] 2026-10-05T23:36:34.777+00:00 INFO  http.request requestId=4c192dbb-47c5-41b4-bb6c-9587ca399fa6 role=api pod=gateway-866f6b7d45-l7n7w method=POST path=/api/transcriptions status=200 durationMs=578
[pod/gateway-866f6b7d45-l7n7w/gateway] 2026-10-05T23:36:34.788+00:00 INFO  http.request requestId=539bb6ad-c4a9-4fc2-a25d-ee0334d372cf role=api pod=gateway-866f6b7d45-l7n7w method=POST path=/api/transcriptions status=200 durationMs=454
[pod/gateway-866f6b7d45-l7n7w/gateway] 2026-10-05T23:36:34.790+00:00 INFO  http.request requestId=b4cfebd4-8f59-4662-930b-931d76856faa role=api pod=gateway-866f6b7d45-l7n7w method=POST path=/api/transcriptions status=200 durationMs=576
[pod/gateway-866f6b7d45-l7n7w/gateway] 2026-10-05T23:36:34.832+00:00 INFO  http.request requestId=aec1a4a2-cb57-4dcb-be6c-cd76584778c9 role=api pod=gateway-866f6b7d45-l7n7w method=POST path=/api/transcriptions status=200 durationMs=12004
[pod/gateway-866f6b7d45-l7n7w/gateway] 2026-10-05T23:36:34.837+00:00 INFO  http.request requestId=46b3b227-9664-4bd8-aeee-9aa32fb40dab role=api pod=gateway-866f6b7d45-l7n7w method=POST path=/api/transcriptions status=200 durationMs=728
[pod/gateway-866f6b7d45-l7n7w/gateway] 2026-10-05T23:36:34.850+00:00 INFO  http.request requestId=8dd369d3-be9c-4cc2-98af-85bee2101362 role=api pod=gateway-866f6b7d45-l7n7w method=POST path=/api/translations status=200 durationMs=322
[pod/gateway-866f6b7d45-l7n7w/gateway] 2026-10-05T23:36:34.853+00:00 INFO  http.request requestId=94cd7aaa-7b0b-4842-b9bd-96f01cd48665 role=api pod=gateway-866f6b7d45-l7n7w method=POST path=/api/transcriptions status=200 durationMs=775
[pod/gateway-866f6b7d45-l7n7w/gateway] 2026-10-05T23:36:34.876+00:00 INFO  http.request requestId=1bbcba14-c643-4a94-936a-9130f8c00196 role=api pod=gateway-866f6b7d45-l7n7w method=POST path=/api/transcriptions status=200 durationMs=782
[pod/gateway-866f6b7d45-l7n7w/gateway] 2026-10-05T23:36:34.961+00:00 INFO  http.request requestId=16570310-12f7-461e-99a8-3d5a7cc662b1 role=api pod=gateway-866f6b7d45-l7n7w method=POST path=/api/translations status=200 durationMs=365
[pod/gateway-866f6b7d45-l7n7w/gateway] 2026-10-05T23:36:35.023+00:00 INFO  http.request requestId=ff5cb422-b9e1-475f-aab2-98dfa930a06f role=api pod=gateway-866f6b7d45-l7n7w method=POST path=/api/translations status=200 durationMs=279
[pod/gateway-866f6b7d45-l7n7w/gateway] 2026-10-05T23:36:35.040+00:00 INFO  http.request requestId=310f6e7a-d648-4d31-b6fb-ca5e4e9a3f27 role=api pod=gateway-866f6b7d45-l7n7w method=POST path=/api/transcriptions status=200 durationMs=436
[pod/gateway-866f6b7d45-l7n7w/gateway] 2026-10-05T23:36:35.052+00:00 INFO  http.request requestId=34d71e70-cad8-441b-b925-c722a7326c54 role=api pod=gateway-866f6b7d45-l7n7w method=POST path=/api/translations status=200 durationMs=215
[pod/gateway-866f6b7d45-l7n7w/gateway] 2026-10-05T23:36:35.058+00:00 INFO  http.request requestId=dc3ad4e7-a366-4b33-8a41-fa2d89afeb18 role=api pod=gateway-866f6b7d45-l7n7w method=POST path=/api/transcriptions status=200 durationMs=649
[pod/gateway-866f6b7d45-l7n7w/gateway] 2026-10-05T23:36:35.087+00:00 INFO  http.request requestId=3837e908-dc23-4708-aa67-c84ad56eddeb role=api pod=gateway-866f6b7d45-l7n7w method=POST path=/api/translations status=200 durationMs=208
[pod/gateway-866f6b7d45-l7n7w/gateway] 2026-10-05T23:36:35.111+00:00 INFO  http.request requestId=93060bb4-fd88-48d4-96f3-2a42dd1fdbd2 role=api pod=gateway-866f6b7d45-l7n7w method=POST path=/api/translations status=200 durationMs=257
[pod/gateway-866f6b7d45-l7n7w/gateway] 2026-10-05T23:36:35.113+00:00 INFO  http.request requestId=272745d9-374b-4195-b9f9-c5c50537e22c role=api pod=gateway-866f6b7d45-l7n7w method=POST path=/api/transcriptions status=200 durationMs=644
[pod/gateway-866f6b7d45-l7n7w/gateway] 2026-10-05T23:36:35.149+00:00 INFO  http.request requestId=fa70511d-c7c2-46e3-aaaa-0ec74230e251 role=api pod=gateway-866f6b7d45-l7n7w method=POST path=/api/translations status=200 durationMs=394
[pod/gateway-866f6b7d45-l7n7w/gateway] 2026-10-05T23:36:35.169+00:00 INFO  http.request requestId=1cd5c335-36e7-4c8d-8512-8a677a83630a role=api pod=gateway-866f6b7d45-l7n7w method=POST path=/api/translations status=200 durationMs=378
[pod/gateway-866f6b7d45-l7n7w/gateway] 2026-10-05T23:36:35.193+00:00 INFO  http.request requestId=2a8d26e6-e821-4f0a-bbad-6821a0e903c9 role=api pod=gateway-866f6b7d45-l7n7w method=POST path=/api/translations status=200 durationMs=404
[pod/gateway-866f6b7d45-l7n7w/gateway] 2026-10-05T23:36:35.217+00:00 INFO  http.request requestId=6b4707ae-b7a0-418d-9d16-11dd81d536ec role=api pod=gateway-866f6b7d45-l7n7w method=POST path=/api/transcriptions status=200 durationMs=418
[pod/gateway-866f6b7d45-l7n7w/gateway] 2026-10-05T23:36:35.319+00:00 INFO  http.request requestId=79c42c43-2742-4966-a38c-f63873e43a0c role=api pod=gateway-866f6b7d45-l7n7w method=POST path=/api/transcriptions status=200 durationMs=564
[pod/gateway-866f6b7d45-l7n7w/gateway] 2026-10-05T23:36:35.356+00:00 INFO  http.request requestId=406b72d1-c54b-49bf-9f91-868630915982 role=api pod=gateway-866f6b7d45-l7n7w method=POST path=/api/translations status=200 durationMs=308
[pod/gateway-866f6b7d45-l7n7w/gateway] 2026-10-05T23:36:35.359+00:00 INFO  http.request requestId=ab289d36-6e25-4627-abd8-9b341d844634 role=api pod=gateway-866f6b7d45-l7n7w method=POST path=/api/translations status=200 durationMs=298
[pod/gateway-866f6b7d45-l7n7w/gateway] 2026-10-05T23:36:35.420+00:00 INFO  http.request requestId=251b47e9-f060-4cc2-b398-a1beb0002e38 role=api pod=gateway-866f6b7d45-l7n7w method=POST path=/api/translations status=200 durationMs=331
[pod/gateway-866f6b7d45-l7n7w/gateway] 2026-10-05T23:36:35.461+00:00 INFO  http.request requestId=a784d52f-8853-444e-98b2-89ede2ce9472 role=api pod=gateway-866f6b7d45-l7n7w method=POST path=/api/translations status=200 durationMs=347
[pod/gateway-866f6b7d45-l7n7w/gateway] 2026-10-05T23:36:35.464+00:00 INFO  http.request requestId=f5903f7f-96e6-43d0-9288-448332d94be8 role=api pod=gateway-866f6b7d45-l7n7w method=POST path=/api/translations status=200 durationMs=344
[pod/gateway-866f6b7d45-l7n7w/gateway] 2026-10-05T23:36:35.488+00:00 INFO  http.request requestId=c89b249d-75de-485d-8ff5-5a738467db70 role=api pod=gateway-866f6b7d45-l7n7w method=POST path=/api/transcriptions status=200 durationMs=764
[pod/gateway-866f6b7d45-l7n7w/gateway] 2026-10-05T23:36:35.529+00:00 INFO  http.request requestId=3d73ba20-eb4f-402d-bfbb-a695bdda441c role=api pod=gateway-866f6b7d45-l7n7w method=POST path=/api/transcriptions status=200 durationMs=547
[pod/gateway-866f6b7d45-l7n7w/gateway] 2026-10-05T23:36:35.612+00:00 INFO  http.request requestId=842a9634-217b-4d22-a2b8-0d435caad024 role=api pod=gateway-866f6b7d45-l7n7w method=POST path=/api/transcriptions status=200 durationMs=753
[pod/gateway-866f6b7d45-l7n7w/gateway] 2026-10-05T23:36:35.614+00:00 INFO  http.request requestId=884459c6-4ece-4380-adb4-00f6002b51be role=api pod=gateway-866f6b7d45-l7n7w method=POST path=/api/translations status=200 durationMs=344
[pod/gateway-866f6b7d45-l7n7w/gateway] 2026-10-05T23:36:35.636+00:00 INFO  http.request requestId=fb8c1c45-5661-4ef3-a0fe-a379c842f2aa role=api pod=gateway-866f6b7d45-l7n7w method=POST path=/api/transcriptions status=200 durationMs=793
[pod/gateway-866f6b7d45-l7n7w/gateway] 2026-10-05T23:36:35.637+00:00 INFO  http.request requestId=f2329945-1ce8-4be8-872a-ae44a61412df role=api pod=gateway-866f6b7d45-l7n7w method=POST path=/api/translations status=200 durationMs=265
[pod/gateway-866f6b7d45-l7n7w/gateway] 2026-10-05T23:36:35.651+00:00 INFO  http.request requestId=59e21165-da08-437e-abe3-548c7c116657 role=api pod=gateway-866f6b7d45-l7n7w method=POST path=/api/translations status=200 durationMs=286
[pod/gateway-866f6b7d45-l7n7w/gateway] 2026-10-05T23:36:35.735+00:00 INFO  http.request requestId=3d434745-6701-4c1d-ac22-67532b2ba839 role=api pod=gateway-866f6b7d45-l7n7w method=POST path=/api/translations status=200 durationMs=314
[pod/gateway-866f6b7d45-l7n7w/gateway] 2026-10-05T23:36:35.736+00:00 INFO  http.request requestId=dd6e9853-401b-45c3-bfd4-f7848680fd32 role=api pod=gateway-866f6b7d45-l7n7w method=POST path=/api/transcriptions status=200 durationMs=502
[pod/gateway-866f6b7d45-l7n7w/gateway] 2026-10-05T23:36:35.768+00:00 INFO  http.request requestId=dc05216f-a0a7-4531-b3f6-5629c8f21615 role=api pod=gateway-866f6b7d45-l7n7w method=POST path=/api/transcriptions status=200 durationMs=713
[pod/gateway-866f6b7d45-l7n7w/gateway] 2026-10-05T23:36:35.776+00:00 INFO  http.request requestId=7e04a173-fc7a-4573-a64e-72c4a4ca6f8c role=api pod=gateway-866f6b7d45-l7n7w method=POST path=/api/transcriptions status=200 durationMs=558
[pod/gateway-866f6b7d45-l7n7w/gateway] 2026-10-05T23:36:35.808+00:00 INFO  http.request requestId=18edee0c-ab8b-4e43-9edd-b5b200ba7749 role=api pod=gateway-866f6b7d45-l7n7w method=POST path=/api/transcriptions status=200 durationMs=784
[pod/gateway-866f6b7d45-l7n7w/gateway] 2026-10-05T23:36:35.810+00:00 INFO  http.request requestId=60931f4e-e9a8-4252-8742-f8eda41bc457 role=api pod=gateway-866f6b7d45-l7n7w method=POST path=/api/transcriptions status=200 durationMs=651
[pod/gateway-866f6b7d45-l7n7w/gateway] 2026-10-05T23:36:35.862+00:00 INFO  http.request requestId=fd351937-e7a8-425a-8162-0c96bf393c0e role=api pod=gateway-866f6b7d45-l7n7w method=POST path=/api/translations status=200 durationMs=379
[pod/gateway-866f6b7d45-l7n7w/gateway] 2026-10-05T23:36:35.880+00:00 INFO  http.request requestId=42461e67-b538-4656-9d48-27cb87942bcb role=api pod=gateway-866f6b7d45-l7n7w method=POST path=/api/translations status=200 durationMs=344
[pod/gateway-866f6b7d45-l7n7w/gateway] 2026-10-05T23:36:35.883+00:00 INFO  http.request requestId=3a96e7c8-ceae-46d7-b2cd-721e159e243e role=api pod=gateway-866f6b7d45-l7n7w method=POST path=/api/translations status=200 durationMs=264
[pod/gateway-866f6b7d45-l7n7w/gateway] 2026-10-05T23:36:35.915+00:00 INFO  http.request requestId=1c7293d0-1772-4565-9958-60db5b2d3f96 role=api pod=gateway-866f6b7d45-l7n7w method=POST path=/api/transcriptions status=200 durationMs=440
[pod/gateway-866f6b7d45-l7n7w/gateway] 2026-10-05T23:36:35.950+00:00 INFO  http.request requestId=1195450d-8491-41ed-a070-80cb1ce46a9d role=api pod=gateway-866f6b7d45-l7n7w method=POST path=/api/translations status=200 durationMs=300
[pod/gateway-866f6b7d45-l7n7w/gateway] 2026-10-05T23:36:36.020+00:00 INFO  http.request requestId=c7f8630b-458b-4df8-8900-0fd8fd111ca8 role=api pod=gateway-866f6b7d45-l7n7w method=POST path=/api/transcriptions status=200 durationMs=486
[pod/gateway-866f6b7d45-l7n7w/gateway] 2026-10-05T23:36:36.046+00:00 INFO  http.request requestId=ad519d1e-147b-4f5b-ae12-5d0f1ccb0da0 role=api pod=gateway-866f6b7d45-l7n7w method=POST path=/api/transcriptions status=200 durationMs=722
[pod/gateway-866f6b7d45-l7n7w/gateway] 2026-10-05T23:36:36.047+00:00 INFO  http.request requestId=e002a9dc-8b6b-4ddd-92bb-2d0482d1c00a role=api pod=gateway-866f6b7d45-l7n7w method=POST path=/api/translations status=200 durationMs=267
[pod/gateway-866f6b7d45-l7n7w/gateway] 2026-10-05T23:36:36.080+00:00 INFO  http.request requestId=1e041f81-1782-48ce-8e4f-f76a57de42bf role=api pod=gateway-866f6b7d45-l7n7w method=POST path=/api/translations status=200 durationMs=266
[pod/gateway-866f6b7d45-l7n7w/gateway] 2026-10-05T23:36:36.087+00:00 INFO  http.request requestId=86e6d0eb-1eb4-47b7-9425-2d8f0c60a8ba role=api pod=gateway-866f6b7d45-l7n7w method=POST path=/api/translations status=200 durationMs=219
[pod/gateway-866f6b7d45-l7n7w/gateway] 2026-10-05T23:36:36.111+00:00 INFO  http.request requestId=0dee48dc-6039-4fa8-a71e-dc1f90e73a6f role=api pod=gateway-866f6b7d45-l7n7w method=POST path=/api/translations status=200 durationMs=301
[pod/gateway-866f6b7d45-l7n7w/gateway] 2026-10-05T23:36:36.121+00:00 INFO  http.request requestId=eab75fa4-a003-4e14-837b-af05ca286673 role=api pod=gateway-866f6b7d45-l7n7w method=POST path=/api/translations status=200 durationMs=397
[pod/gateway-866f6b7d45-l7n7w/gateway] 2026-10-05T23:36:36.124+00:00 INFO  http.request requestId=e69ce927-90ac-4a33-9ea6-920c96ca3921 role=api pod=gateway-866f6b7d45-l7n7w method=POST path=/api/translations status=200 durationMs=387
[pod/gateway-866f6b7d45-l7n7w/gateway] 2026-10-05T23:36:36.258+00:00 INFO  http.request requestId=2084f810-2d8b-4772-b27d-f767eb3e4ae0 role=api pod=gateway-866f6b7d45-l7n7w method=POST path=/api/transcriptions status=200 durationMs=484
[pod/gateway-866f6b7d45-l7n7w/gateway] 2026-10-05T23:36:36.282+00:00 INFO  http.request requestId=b09a333e-e55e-4625-b0cb-9e9c0bc3da60 role=api pod=gateway-866f6b7d45-l7n7w method=POST path=/api/translations status=200 durationMs=257
[pod/gateway-866f6b7d45-l7n7w/gateway] 2026-10-05T23:36:36.407+00:00 INFO  http.request requestId=52cdac0e-d16e-4bf1-8c0f-f47fe8ae3518 role=api pod=gateway-866f6b7d45-l7n7w method=POST path=/api/transcriptions status=200 durationMs=752
[pod/gateway-866f6b7d45-l7n7w/gateway] 2026-10-05T23:36:36.438+00:00 INFO  http.request requestId=909dcb7f-c3f7-4a8f-9253-8c02abd6239f role=api pod=gateway-866f6b7d45-l7n7w method=POST path=/api/transcriptions status=200 durationMs=514
[pod/gateway-866f6b7d45-l7n7w/gateway] 2026-10-05T23:36:36.438+00:00 INFO  http.request requestId=48c9a13a-8639-4416-b33a-a84508fe796b role=api pod=gateway-866f6b7d45-l7n7w method=POST path=/api/translations status=200 durationMs=293
[pod/gateway-866f6b7d45-l7n7w/gateway] 2026-10-05T23:36:36.476+00:00 INFO  http.request requestId=0ca73c7c-97a2-49aa-90c8-ba1f8126b449 role=api pod=gateway-866f6b7d45-l7n7w method=POST path=/api/translations status=200 durationMs=262
[pod/gateway-866f6b7d45-l7n7w/gateway] 2026-10-05T23:36:36.495+00:00 INFO  http.request requestId=3cd0766b-0f27-41bb-b975-b9c19500951f role=api pod=gateway-866f6b7d45-l7n7w method=POST path=/api/transcriptions status=200 durationMs=735
[pod/gateway-866f6b7d45-l7n7w/gateway] 2026-10-05T23:36:36.503+00:00 INFO  http.request requestId=9ebfa071-93c9-4f8c-9843-02f3093f5066 role=api pod=gateway-866f6b7d45-l7n7w method=POST path=/api/translations status=200 durationMs=310
[pod/gateway-866f6b7d45-l7n7w/gateway] 2026-10-05T23:36:36.505+00:00 INFO  http.request requestId=bbb23a2a-ca6f-44d5-8dfe-043e9297afd7 role=api pod=gateway-866f6b7d45-l7n7w method=POST path=/api/transcriptions status=200 durationMs=597
[pod/gateway-866f6b7d45-l7n7w/gateway] 2026-10-05T23:36:36.552+00:00 INFO  http.request requestId=c9fcfd87-3a86-4843-91bd-0fd321e594c4 role=api pod=gateway-866f6b7d45-l7n7w method=POST path=/api/translations status=200 durationMs=283
[pod/gateway-866f6b7d45-l7n7w/gateway] 2026-10-05T23:36:36.620+00:00 INFO  http.request requestId=422ff3a0-c36c-4012-a05f-7487c2d311c7 role=api pod=gateway-866f6b7d45-l7n7w method=POST path=/api/transcriptions status=200 durationMs=726
[pod/gateway-866f6b7d45-l7n7w/gateway] 2026-10-05T23:36:36.635+00:00 INFO  http.request requestId=760a6fd4-7ee6-4603-a47f-18c851dea240 role=api pod=gateway-866f6b7d45-l7n7w method=POST path=/api/translations status=200 durationMs=294
[pod/gateway-866f6b7d45-l7n7w/gateway] 2026-10-05T23:36:36.672+00:00 INFO  http.request requestId=349588ff-7593-40cd-95fd-812f4733831c role=api pod=gateway-866f6b7d45-l7n7w method=POST path=/api/transcriptions status=200 durationMs=702
[pod/gateway-866f6b7d45-l7n7w/gateway] 2026-10-05T23:36:36.732+00:00 INFO  http.request requestId=ab1388fd-1852-4a75-bc79-13884e77a8a2 role=api pod=gateway-866f6b7d45-l7n7w method=POST path=/api/translations status=200 durationMs=226
[pod/gateway-866f6b7d45-l7n7w/gateway] 2026-10-05T23:36:36.788+00:00 INFO  http.request requestId=6d285b99-4f0d-47ab-aee2-8280bb66a480 role=api pod=gateway-866f6b7d45-l7n7w method=POST path=/api/translations status=200 durationMs=379
[pod/gateway-866f6b7d45-l7n7w/gateway] 2026-10-05T23:36:36.802+00:00 INFO  http.request requestId=1991b327-a4a2-4d73-a04a-b37c6fe6098e role=api pod=gateway-866f6b7d45-l7n7w method=POST path=/api/transcriptions status=200 durationMs=741
[pod/gateway-866f6b7d45-l7n7w/gateway] 2026-10-05T23:36:36.829+00:00 INFO  http.request requestId=e0945043-177c-4966-8546-c799ffdc1489 role=api pod=gateway-866f6b7d45-l7n7w method=POST path=/api/translations status=200 durationMs=351
[pod/gateway-866f6b7d45-l7n7w/gateway] 2026-10-05T23:36:36.866+00:00 INFO  http.request requestId=67a49ecf-708e-42c4-97ee-36d042022110 role=api pod=gateway-866f6b7d45-l7n7w method=POST path=/api/transcriptions status=200 durationMs=747
[pod/gateway-866f6b7d45-l7n7w/gateway] 2026-10-05T23:36:36.890+00:00 INFO  http.request requestId=cc964a26-16be-4577-bd68-5b4df161138b role=api pod=gateway-866f6b7d45-l7n7w method=POST path=/api/transcriptions status=200 durationMs=801
[pod/gateway-866f6b7d45-l7n7w/gateway] 2026-10-05T23:36:36.923+00:00 INFO  http.request requestId=568e2b2b-99de-4067-8f0a-1e17e545a173 role=api pod=gateway-866f6b7d45-l7n7w method=POST path=/api/transcriptions status=200 durationMs=640
[pod/gateway-866f6b7d45-l7n7w/gateway] 2026-10-05T23:36:36.948+00:00 INFO  http.request requestId=84a79dba-19ae-4df6-ab93-814ebe9cec0a role=api pod=gateway-866f6b7d45-l7n7w method=POST path=/api/translations status=200 durationMs=395
[pod/gateway-866f6b7d45-l7n7w/gateway] 2026-10-05T23:36:36.973+00:00 INFO  http.request requestId=309f736e-3016-463e-b8ed-92cd266cd928 role=api pod=gateway-866f6b7d45-l7n7w method=POST path=/api/translations status=200 durationMs=382
[pod/gateway-866f6b7d45-l7n7w/gateway] 2026-10-05T23:36:36.976+00:00 INFO  http.request requestId=57fc8c4e-fb90-4341-a937-89c1f8e8bf8d role=api pod=gateway-866f6b7d45-l7n7w method=POST path=/api/translations status=200 durationMs=262
[pod/gateway-866f6b7d45-l7n7w/gateway] 2026-10-05T23:36:37.045+00:00 INFO  http.request requestId=a0c2b91a-2bcb-449f-8936-bd0df90f3b66 role=api pod=gateway-866f6b7d45-l7n7w method=POST path=/api/translations status=200 durationMs=230
[pod/gateway-866f6b7d45-l7n7w/gateway] 2026-10-05T23:36:37.110+00:00 INFO  http.request requestId=ceb151aa-e1e4-457f-af56-e47ccbe237d6 role=api pod=gateway-866f6b7d45-l7n7w method=POST path=/api/transcriptions status=200 durationMs=480
[pod/gateway-866f6b7d45-l7n7w/gateway] 2026-10-05T23:36:37.190+00:00 INFO  http.request requestId=011ba6b3-c56b-4019-bfc6-323e31d59723 role=api pod=gateway-866f6b7d45-l7n7w method=POST path=/api/translations status=200 durationMs=342
[pod/gateway-866f6b7d45-l7n7w/gateway] 2026-10-05T23:36:37.202+00:00 INFO  http.request requestId=2a330792-059f-4db9-8cb3-886a3c71d7e9 role=api pod=gateway-866f6b7d45-l7n7w method=POST path=/api/translations status=200 durationMs=252
[pod/gateway-866f6b7d45-l7n7w/gateway] 2026-10-05T23:36:37.230+00:00 INFO  http.request requestId=1a7b41d6-f306-431f-b78f-d397d9690d9e role=api pod=gateway-866f6b7d45-l7n7w method=POST path=/api/transcriptions status=200 durationMs=780
[pod/gateway-866f6b7d45-l7n7w/gateway] 2026-10-05T23:36:37.239+00:00 INFO  http.request requestId=860b998d-08b3-4e2b-8403-87935e21b256 role=api pod=gateway-866f6b7d45-l7n7w method=POST path=/api/transcriptions status=200 durationMs=731
[pod/gateway-866f6b7d45-l7n7w/gateway] 2026-10-05T23:36:37.247+00:00 INFO  http.request requestId=4a8c18b6-8c58-472e-b753-9815d533a57f role=api pod=gateway-866f6b7d45-l7n7w method=POST path=/api/transcriptions status=200 durationMs=780
[pod/gateway-866f6b7d45-l7n7w/gateway] 2026-10-05T23:36:37.250+00:00 INFO  http.request requestId=0a3493aa-fc32-4937-bfd7-f6c0cf73bca4 role=api pod=gateway-866f6b7d45-l7n7w method=POST path=/api/transcriptions status=200 durationMs=577
[pod/gateway-866f6b7d45-l7n7w/gateway] 2026-10-05T23:36:37.292+00:00 INFO  http.request requestId=f659431e-fdd6-4352-8cda-4e896562d1bb role=api pod=gateway-866f6b7d45-l7n7w method=POST path=/api/translations status=200 durationMs=217
[pod/gateway-866f6b7d45-l7n7w/gateway] 2026-10-05T23:36:37.310+00:00 INFO  http.request requestId=e83431b1-4d95-49ef-b896-5b7da0305593 role=api pod=gateway-866f6b7d45-l7n7w method=POST path=/api/transcriptions status=200 durationMs=412
[pod/gateway-866f6b7d45-l7n7w/gateway] 2026-10-05T23:36:37.338+00:00 INFO  http.request requestId=60d3d612-6ddb-4226-942c-e62145afd636 role=api pod=gateway-866f6b7d45-l7n7w method=POST path=/api/translations status=200 durationMs=347
[pod/gateway-866f6b7d45-l7n7w/gateway] 2026-10-05T23:36:37.391+00:00 INFO  http.request requestId=b4b3c0ad-4057-4952-8d6e-987738c00388 role=api pod=gateway-866f6b7d45-l7n7w method=POST path=/api/transcriptions status=200 durationMs=747
[pod/gateway-866f6b7d45-l7n7w/gateway] 2026-10-05T23:36:37.478+00:00 INFO  http.request requestId=1021af11-1176-4483-b3a0-9d47abae9206 role=api pod=gateway-866f6b7d45-l7n7w method=POST path=/api/transcriptions status=200 durationMs=683
[pod/gateway-866f6b7d45-l7n7w/gateway] 2026-10-05T23:36:37.491+00:00 INFO  http.request requestId=68445d07-522a-4aa2-91b7-7e1be262ec75 role=api pod=gateway-866f6b7d45-l7n7w method=POST path=/api/transcriptions status=200 durationMs=563
[pod/gateway-866f6b7d45-l7n7w/gateway] 2026-10-05T23:36:37.505+00:00 INFO  http.request requestId=8d280008-1806-44a1-ae4e-8145af1a5489 role=api pod=gateway-866f6b7d45-l7n7w method=POST path=/api/translations status=200 durationMs=258
[pod/gateway-866f6b7d45-l7n7w/gateway] 2026-10-05T23:36:37.528+00:00 INFO  http.request requestId=c0b6f75f-c8f3-46b8-ac33-569f3559634c role=api pod=gateway-866f6b7d45-l7n7w method=POST path=/api/translations status=200 durationMs=277
[pod/gateway-866f6b7d45-l7n7w/gateway] 2026-10-05T23:36:37.559+00:00 INFO  http.request requestId=e76e4251-0008-4d42-a639-107495e090d3 role=api pod=gateway-866f6b7d45-l7n7w method=POST path=/api/transcriptions status=200 durationMs=691
[pod/gateway-866f6b7d45-l7n7w/gateway] 2026-10-05T23:36:37.572+00:00 INFO  http.request requestId=20166d1d-40eb-4dd1-9849-977f4e171caa role=api pod=gateway-866f6b7d45-l7n7w method=POST path=/api/translations status=200 durationMs=261
[pod/gateway-866f6b7d45-l7n7w/gateway] 2026-10-05T23:36:37.576+00:00 INFO  http.request requestId=815f3611-7f72-4e5e-b898-c1b0ae1a8830 role=api pod=gateway-866f6b7d45-l7n7w method=POST path=/api/translations status=200 durationMs=337
[pod/gateway-866f6b7d45-l7n7w/gateway] 2026-10-05T23:36:37.601+00:00 INFO  http.request requestId=6dd13a6e-dd9e-445f-b5c1-ff58bb3debe0 role=api pod=gateway-866f6b7d45-l7n7w method=POST path=/api/transcriptions status=200 durationMs=792
[pod/gateway-866f6b7d45-l7n7w/gateway] 2026-10-05T23:36:37.644+00:00 INFO  http.request requestId=e5898be6-be9c-4d2f-8393-8db04b33ec3f role=api pod=gateway-866f6b7d45-l7n7w method=POST path=/api/translations status=200 durationMs=385
[pod/gateway-866f6b7d45-l7n7w/gateway] 2026-10-05T23:36:37.719+00:00 INFO  http.request requestId=f7b43d8f-02b2-4e7c-b8b3-6e088eb71815 role=api pod=gateway-866f6b7d45-l7n7w method=POST path=/api/translations status=200 durationMs=230
[pod/gateway-866f6b7d45-l7n7w/gateway] 2026-10-05T23:36:37.803+00:00 INFO  http.request requestId=4dbba1dc-b336-4e6a-b6c9-9a085ced70db role=api pod=gateway-866f6b7d45-l7n7w method=POST path=/api/translations status=200 durationMs=227
[pod/gateway-866f6b7d45-l7n7w/gateway] 2026-10-05T23:36:37.821+00:00 INFO  http.request requestId=1439c5ed-f48d-425d-b98b-dd1be0e7b0f7 role=api pod=gateway-866f6b7d45-l7n7w method=POST path=/api/translations status=200 durationMs=215
[pod/gateway-866f6b7d45-l7n7w/gateway] 2026-10-05T23:36:37.849+00:00 INFO  http.request requestId=c6dc00c1-f613-47b8-ba8b-2de40b248918 role=api pod=gateway-866f6b7d45-l7n7w method=POST path=/api/translations status=200 durationMs=289
[pod/gateway-866f6b7d45-l7n7w/gateway] 2026-10-05T23:36:37.851+00:00 INFO  http.request requestId=06a7d286-80a2-4942-a4f9-096d1e8db6f8 role=api pod=gateway-866f6b7d45-l7n7w method=POST path=/api/transcriptions status=200 durationMs=531
[pod/gateway-866f6b7d45-l7n7w/gateway] 2026-10-05T23:36:37.869+00:00 INFO  http.request requestId=5165d789-a166-42d4-a50a-4dc1466ab1e2 role=api pod=gateway-866f6b7d45-l7n7w method=POST path=/api/transcriptions status=200 durationMs=640
[pod/gateway-866f6b7d45-l7n7w/gateway] 2026-10-05T23:36:37.902+00:00 INFO  http.request requestId=f9c5e4bd-6a45-48cc-a623-c6bb0466a9cd role=api pod=gateway-866f6b7d45-l7n7w method=POST path=/api/translations status=200 durationMs=404
[pod/gateway-866f6b7d45-l7n7w/gateway] 2026-10-05T23:36:37.994+00:00 INFO  http.request requestId=c3c4cd01-65a1-4023-a7a4-cf3062492251 role=api pod=gateway-866f6b7d45-l7n7w method=POST path=/api/translations status=200 durationMs=403
[pod/gateway-866f6b7d45-l7n7w/gateway] 2026-10-05T23:36:37.994+00:00 INFO  http.request requestId=6a9d01e3-7003-4ab4-8528-3fe817ae6daf role=api pod=gateway-866f6b7d45-l7n7w method=POST path=/api/transcriptions status=200 durationMs=643
[pod/gateway-866f6b7d45-l7n7w/gateway] 2026-10-05T23:36:38.068+00:00 INFO  http.request requestId=5102f5b3-caea-42c4-8b93-d1a6359bf589 role=api pod=gateway-866f6b7d45-l7n7w method=POST path=/api/translations status=200 durationMs=223
[pod/gateway-866f6b7d45-l7n7w/gateway] 2026-10-05T23:36:38.095+00:00 INFO  http.request requestId=de177cac-1fdc-40e2-97f4-bdc0d04a6740 role=api pod=gateway-866f6b7d45-l7n7w method=POST path=/api/translations status=200 durationMs=239
[pod/gateway-866f6b7d45-l7n7w/gateway] 2026-10-05T23:36:38.095+00:00 INFO  http.request requestId=49ae35b1-7024-4422-9e48-5135a16a3a2b role=api pod=gateway-866f6b7d45-l7n7w method=POST path=/api/translations status=200 durationMs=375
[pod/gateway-866f6b7d45-l7n7w/gateway] 2026-10-05T23:36:38.147+00:00 INFO  http.request requestId=f3bf8ecf-d215-4c79-86e8-80e9afbb0f7f role=api pod=gateway-866f6b7d45-l7n7w method=POST path=/api/translations status=200 durationMs=310
[pod/gateway-866f6b7d45-l7n7w/gateway] 2026-10-05T23:36:38.305+00:00 INFO  http.request requestId=35558bf6-7dec-42d4-8a2a-2f9917ac8b46 role=api pod=gateway-866f6b7d45-l7n7w method=POST path=/api/translations status=200 durationMs=386
[pod/gateway-866f6b7d45-l7n7w/gateway] 2026-10-05T23:36:38.649+00:00 INFO  http.request requestId=39ce11d5-b8d1-4539-bb35-83db71f7b57c role=api pod=gateway-866f6b7d45-l7n7w method=POST path=/api/translations status=200 durationMs=3011
[pod/gateway-866f6b7d45-l7n7w/gateway] 2026-10-05T23:36:40.124+00:00 INFO  http.request requestId=a21d40ea-0ba4-4c85-9cda-4eac51d4a7d1 role=api pod=gateway-866f6b7d45-l7n7w method=POST path=/api/translations status=200 durationMs=3009
[pod/gateway-866f6b7d45-p9k5h/gateway] 2026-10-05T23:36:30.454+00:00 INFO  http.request requestId=6458bcdb-233b-4dfe-8383-61dacb4cdf5c role=api pod=gateway-866f6b7d45-p9k5h method=POST path=/api/transcriptions status=200 durationMs=440
[pod/gateway-866f6b7d45-p9k5h/gateway] 2026-10-05T23:36:30.455+00:00 INFO  http.request requestId=2a214e1c-9d0e-4f18-814d-2e143e63a75d role=api pod=gateway-866f6b7d45-p9k5h method=POST path=/api/transcriptions status=200 durationMs=756
[pod/gateway-866f6b7d45-p9k5h/gateway] 2026-10-05T23:36:30.503+00:00 INFO  http.request requestId=34c958c0-96f8-4520-ba51-a8dc0dabf812 role=api pod=gateway-866f6b7d45-p9k5h method=POST path=/api/translations status=200 durationMs=335
[pod/gateway-866f6b7d45-p9k5h/gateway] 2026-10-05T23:36:30.504+00:00 INFO  http.request requestId=edfb624c-5482-47d1-ab7f-36ef2f3541a7 role=api pod=gateway-866f6b7d45-p9k5h method=POST path=/api/translations status=200 durationMs=214
[pod/gateway-866f6b7d45-p9k5h/gateway] 2026-10-05T23:36:30.505+00:00 INFO  http.request requestId=1a2d34a4-6a12-4001-bdf4-ce2e6ddb2461 role=api pod=gateway-866f6b7d45-p9k5h method=POST path=/api/translations status=200 durationMs=208
[pod/gateway-866f6b7d45-p9k5h/gateway] 2026-10-05T23:36:30.516+00:00 INFO  http.request requestId=92f6e5c6-b733-4d0b-92f7-aaffdc13ab60 role=api pod=gateway-866f6b7d45-p9k5h method=POST path=/api/transcriptions status=200 durationMs=457
[pod/gateway-866f6b7d45-p9k5h/gateway] 2026-10-05T23:36:30.519+00:00 INFO  http.request requestId=f3a09322-4228-4249-93f9-e2f6fad58662 role=api pod=gateway-866f6b7d45-p9k5h method=POST path=/api/transcriptions status=200 durationMs=431
[pod/gateway-866f6b7d45-p9k5h/gateway] 2026-10-05T23:36:30.535+00:00 INFO  http.request requestId=4d2c82e7-7b0d-4b7b-b549-733c2e664e66 role=api pod=gateway-866f6b7d45-p9k5h method=POST path=/api/translations status=200 durationMs=210
[pod/gateway-866f6b7d45-p9k5h/gateway] 2026-10-05T23:36:30.548+00:00 INFO  http.request requestId=3a4e00a0-496d-4a13-b363-0567026ec997 role=api pod=gateway-866f6b7d45-p9k5h method=POST path=/api/translations status=200 durationMs=335
[pod/gateway-866f6b7d45-p9k5h/gateway] 2026-10-05T23:36:30.564+00:00 INFO  http.request requestId=42e4f0cd-4c5c-42ba-9ace-bdbf6da7c64e role=api pod=gateway-866f6b7d45-p9k5h method=POST path=/api/translations status=200 durationMs=256
[pod/gateway-866f6b7d45-p9k5h/gateway] 2026-10-05T23:36:30.576+00:00 INFO  http.request requestId=adc8acd5-0d67-4244-8b51-73d008441bf0 role=api pod=gateway-866f6b7d45-p9k5h method=POST path=/api/transcriptions status=200 durationMs=472
[pod/gateway-866f6b7d45-p9k5h/gateway] 2026-10-05T23:36:30.665+00:00 INFO  http.request requestId=147be132-7c92-45b4-831a-e91a10be02c5 role=api pod=gateway-866f6b7d45-p9k5h method=POST path=/api/translations status=200 durationMs=212
[pod/gateway-866f6b7d45-p9k5h/gateway] 2026-10-05T23:36:30.669+00:00 INFO  http.request requestId=8ac8f4df-e47c-4022-91a7-ec06121d036c role=api pod=gateway-866f6b7d45-p9k5h method=POST path=/api/translations status=200 durationMs=397
[pod/gateway-866f6b7d45-p9k5h/gateway] 2026-10-05T23:36:30.716+00:00 INFO  http.request requestId=355d69d4-fbef-432e-a422-80903486f10b role=api pod=gateway-866f6b7d45-p9k5h method=POST path=/api/transcriptions status=200 durationMs=492
[pod/gateway-866f6b7d45-p9k5h/gateway] 2026-10-05T23:36:30.731+00:00 INFO  http.request requestId=6d49dbb7-a05e-4fc0-b8d0-c23b9978c13b role=api pod=gateway-866f6b7d45-p9k5h method=POST path=/api/translations status=200 durationMs=211
[pod/gateway-866f6b7d45-p9k5h/gateway] 2026-10-05T23:36:30.764+00:00 INFO  http.request requestId=1fc3e3ed-37a0-4dca-b99b-9d76e876eb3d role=api pod=gateway-866f6b7d45-p9k5h method=POST path=/api/translations status=200 durationMs=297
[pod/gateway-866f6b7d45-p9k5h/gateway] 2026-10-05T23:36:30.792+00:00 INFO  http.request requestId=425d3944-1b56-4f86-abdb-93cd0ff1ee72 role=api pod=gateway-866f6b7d45-p9k5h method=POST path=/api/transcriptions status=200 durationMs=448
[pod/gateway-866f6b7d45-p9k5h/gateway] 2026-10-05T23:36:30.796+00:00 INFO  http.request requestId=e430d905-7dbd-4204-bad6-5bba7f41086b role=api pod=gateway-866f6b7d45-p9k5h method=POST path=/api/transcriptions status=200 durationMs=407
[pod/gateway-866f6b7d45-p9k5h/gateway] 2026-10-05T23:36:30.800+00:00 INFO  http.request requestId=e4de5b7f-c6e7-4e97-9b34-b06bc4b4a4b1 role=api pod=gateway-866f6b7d45-p9k5h method=POST path=/api/transcriptions status=200 durationMs=622
[pod/gateway-866f6b7d45-p9k5h/gateway] 2026-10-05T23:36:30.824+00:00 INFO  http.request requestId=7b8dbd81-17a2-4dca-acb9-7e1368befc67 role=api pod=gateway-866f6b7d45-p9k5h method=POST path=/api/transcriptions status=200 durationMs=613
[pod/gateway-866f6b7d45-p9k5h/gateway] 2026-10-05T23:36:30.845+00:00 INFO  http.request requestId=e2a09cf5-a0c1-44da-90bc-293ebd9d7b40 role=api pod=gateway-866f6b7d45-p9k5h method=POST path=/api/transcriptions status=200 durationMs=574
[pod/gateway-866f6b7d45-p9k5h/gateway] 2026-10-05T23:36:30.854+00:00 INFO  http.request requestId=d2443f75-d25e-4fa2-b221-97a52a139437 role=api pod=gateway-866f6b7d45-p9k5h method=POST path=/api/translations status=200 durationMs=398
[pod/gateway-866f6b7d45-p9k5h/gateway] 2026-10-05T23:36:30.857+00:00 INFO  http.request requestId=3a52be1c-7e9f-40e0-81c2-0edf0571cd70 role=api pod=gateway-866f6b7d45-p9k5h method=POST path=/api/translations status=200 durationMs=342
[pod/gateway-866f6b7d45-p9k5h/gateway] 2026-10-05T23:36:30.886+00:00 INFO  http.request requestId=efecddfe-74e9-4f44-823f-3b59199312d5 role=api pod=gateway-866f6b7d45-p9k5h method=POST path=/api/translations status=200 durationMs=366
[pod/gateway-866f6b7d45-p9k5h/gateway] 2026-10-05T23:36:30.901+00:00 INFO  http.request requestId=1fcf6e6a-c13f-4ac8-8f6c-e354876ff137 role=api pod=gateway-866f6b7d45-p9k5h method=POST path=/api/translations status=200 durationMs=365
[pod/gateway-866f6b7d45-p9k5h/gateway] 2026-10-05T23:36:30.957+00:00 INFO  http.request requestId=c652f2f3-7590-4d8a-9648-0988f23e1202 role=api pod=gateway-866f6b7d45-p9k5h method=POST path=/api/translations status=200 durationMs=240
[pod/gateway-866f6b7d45-p9k5h/gateway] 2026-10-05T23:36:30.963+00:00 INFO  http.request requestId=6aaa6077-0a25-4754-a422-7a55cb1f0eaa role=api pod=gateway-866f6b7d45-p9k5h method=POST path=/api/translations status=200 durationMs=225
[pod/gateway-866f6b7d45-p9k5h/gateway] 2026-10-05T23:36:30.979+00:00 INFO  http.request requestId=21aa0fe9-2e88-4eeb-a7d5-a063d8398a3a role=api pod=gateway-866f6b7d45-p9k5h method=POST path=/api/translations status=200 durationMs=292
[pod/gateway-866f6b7d45-p9k5h/gateway] 2026-10-05T23:36:31.006+00:00 INFO  http.request requestId=bef32a0c-4c43-4077-9fcb-a7b976251974 role=api pod=gateway-866f6b7d45-p9k5h method=POST path=/api/translations status=200 durationMs=360
[pod/gateway-866f6b7d45-p9k5h/gateway] 2026-10-05T23:36:31.032+00:00 INFO  http.request requestId=2b99680b-61d7-4956-9bf1-95079ac4a295 role=api pod=gateway-866f6b7d45-p9k5h method=POST path=/api/translations status=200 durationMs=227
[pod/gateway-866f6b7d45-p9k5h/gateway] 2026-10-05T23:36:31.038+00:00 INFO  http.request requestId=9326d2fa-5ca9-4dd2-a8da-05f3b13495cb role=api pod=gateway-866f6b7d45-p9k5h method=POST path=/api/transcriptions status=200 durationMs=590
[pod/gateway-866f6b7d45-p9k5h/gateway] 2026-10-05T23:36:31.097+00:00 INFO  http.request requestId=92ee183d-643f-4d6c-af33-e4b34706977d role=api pod=gateway-866f6b7d45-p9k5h method=POST path=/api/transcriptions status=200 durationMs=588
[pod/gateway-866f6b7d45-p9k5h/gateway] 2026-10-05T23:36:31.098+00:00 INFO  http.request requestId=5f147090-7d80-4748-ad00-7c2b2e67d939 role=api pod=gateway-866f6b7d45-p9k5h method=POST path=/api/translations status=200 durationMs=302
[pod/gateway-866f6b7d45-p9k5h/gateway] 2026-10-05T23:36:31.106+00:00 INFO  http.request requestId=e04ec293-4ee5-4aa6-8a4e-4eaca3b4e5a5 role=api pod=gateway-866f6b7d45-p9k5h method=POST path=/api/translations status=200 durationMs=305
[pod/gateway-866f6b7d45-p9k5h/gateway] 2026-10-05T23:36:31.117+00:00 INFO  http.request requestId=5a13923d-2d92-4f8d-b07e-9f101ab93bb6 role=api pod=gateway-866f6b7d45-p9k5h method=POST path=/api/translations status=200 durationMs=282
[pod/gateway-866f6b7d45-p9k5h/gateway] 2026-10-05T23:36:31.140+00:00 INFO  http.request requestId=58cc18fa-2bbd-490c-b8f8-5e744104dca8 role=api pod=gateway-866f6b7d45-p9k5h method=POST path=/api/translations status=200 durationMs=358
[pod/gateway-866f6b7d45-p9k5h/gateway] 2026-10-05T23:36:31.161+00:00 INFO  http.request requestId=5e80b3f8-af1d-4da6-b3a7-c14daa86771f role=api pod=gateway-866f6b7d45-p9k5h method=POST path=/api/translations status=200 durationMs=310
[pod/gateway-866f6b7d45-p9k5h/gateway] 2026-10-05T23:36:31.210+00:00 INFO  http.request requestId=2b401998-c5fe-4d86-ba10-b2eec28ea821 role=api pod=gateway-866f6b7d45-p9k5h method=POST path=/api/transcriptions status=200 durationMs=641
[pod/gateway-866f6b7d45-p9k5h/gateway] 2026-10-05T23:36:31.257+00:00 INFO  http.request requestId=43e2de82-53c6-4615-b3ee-4fb61f04d625 role=api pod=gateway-866f6b7d45-p9k5h method=POST path=/api/translations status=200 durationMs=285
[pod/gateway-866f6b7d45-p9k5h/gateway] 2026-10-05T23:36:31.273+00:00 INFO  http.request requestId=56a045e8-56a6-4de5-83d6-3d7fcc190a3c role=api pod=gateway-866f6b7d45-p9k5h method=POST path=/api/translations status=200 durationMs=325
[pod/gateway-866f6b7d45-p9k5h/gateway] 2026-10-05T23:36:31.285+00:00 INFO  http.request requestId=c37dd0d9-67cf-4e6e-a97e-eec9250a4613 role=api pod=gateway-866f6b7d45-p9k5h method=POST path=/api/translations status=200 durationMs=294
[pod/gateway-866f6b7d45-p9k5h/gateway] 2026-10-05T23:36:31.336+00:00 INFO  http.request requestId=a00f5b53-911d-4a73-a143-46909cf0b30f role=api pod=gateway-866f6b7d45-p9k5h method=POST path=/api/transcriptions status=200 durationMs=618
[pod/gateway-866f6b7d45-p9k5h/gateway] 2026-10-05T23:36:31.342+00:00 INFO  http.request requestId=aa77f06a-bd55-48a4-a87a-ecf565fbffaf role=api pod=gateway-866f6b7d45-p9k5h method=POST path=/api/translations status=200 durationMs=257
[pod/gateway-866f6b7d45-p9k5h/gateway] 2026-10-05T23:36:31.362+00:00 INFO  http.request requestId=10ff417d-ba30-4cba-b94c-844bd3a16e93 role=api pod=gateway-866f6b7d45-p9k5h method=POST path=/api/transcriptions status=200 durationMs=778
[pod/gateway-866f6b7d45-p9k5h/gateway] 2026-10-05T23:36:31.424+00:00 INFO  http.request requestId=1612ead1-3df4-4a05-b17f-53a778706242 role=api pod=gateway-866f6b7d45-p9k5h method=POST path=/api/translations status=200 durationMs=248
[pod/gateway-866f6b7d45-p9k5h/gateway] 2026-10-05T23:36:31.472+00:00 INFO  http.request requestId=d3ba2672-9aec-4f1c-a679-abe3d8d77382 role=api pod=gateway-866f6b7d45-p9k5h method=POST path=/api/translations status=200 durationMs=261
[pod/gateway-866f6b7d45-p9k5h/gateway] 2026-10-05T23:36:31.546+00:00 INFO  http.request requestId=56bf7a04-911a-4799-a207-397e959aba79 role=api pod=gateway-866f6b7d45-p9k5h method=POST path=/api/translations status=200 durationMs=334
[pod/gateway-866f6b7d45-p9k5h/gateway] 2026-10-05T23:36:31.554+00:00 INFO  http.request requestId=21774c36-e156-4c38-b4ad-50d276b356b0 role=api pod=gateway-866f6b7d45-p9k5h method=POST path=/api/translations status=200 durationMs=372
[pod/gateway-866f6b7d45-p9k5h/gateway] 2026-10-05T23:36:31.587+00:00 INFO  http.request requestId=11892172-d29e-4367-a785-2f342a58c4d2 role=api pod=gateway-866f6b7d45-p9k5h method=POST path=/api/transcriptions status=200 durationMs=462
[pod/gateway-866f6b7d45-p9k5h/gateway] 2026-10-05T23:36:31.591+00:00 INFO  http.request requestId=8c2326fc-6862-45ca-bcc7-d195961a5efc role=api pod=gateway-866f6b7d45-p9k5h method=POST path=/api/transcriptions status=200 durationMs=708
[pod/gateway-866f6b7d45-p9k5h/gateway] 2026-10-05T23:36:31.603+00:00 INFO  http.request requestId=2671e678-2aff-437c-9336-77f3c9ea069c role=api pod=gateway-866f6b7d45-p9k5h method=POST path=/api/transcriptions status=200 durationMs=735
[pod/gateway-866f6b7d45-p9k5h/gateway] 2026-10-05T23:36:31.626+00:00 INFO  http.request requestId=69e67208-523d-4056-88ab-1d88cd929c9b role=api pod=gateway-866f6b7d45-p9k5h method=POST path=/api/translations status=200 durationMs=256
[pod/gateway-866f6b7d45-p9k5h/gateway] 2026-10-05T23:36:31.627+00:00 INFO  http.request requestId=3a3bcb45-2444-4c24-8871-1b70edbc014f role=api pod=gateway-866f6b7d45-p9k5h method=POST path=/api/translations status=200 durationMs=281
[pod/gateway-866f6b7d45-p9k5h/gateway] 2026-10-05T23:36:31.630+00:00 INFO  http.request requestId=e4ad4be4-97a9-404e-b84c-fcf4bd570bec role=api pod=gateway-866f6b7d45-p9k5h method=POST path=/api/transcriptions status=200 durationMs=717
[pod/gateway-866f6b7d45-p9k5h/gateway] 2026-10-05T23:36:31.668+00:00 INFO  http.request requestId=593423da-5182-4550-8674-575d0f61a803 role=api pod=gateway-866f6b7d45-p9k5h method=POST path=/api/transcriptions status=200 durationMs=498
[pod/gateway-866f6b7d45-p9k5h/gateway] 2026-10-05T23:36:31.748+00:00 INFO  http.request requestId=f88bf3e8-2576-4303-8610-c79dfe066564 role=api pod=gateway-866f6b7d45-p9k5h method=POST path=/api/translations status=200 durationMs=348
[pod/gateway-866f6b7d45-p9k5h/gateway] 2026-10-05T23:36:31.826+00:00 INFO  http.request requestId=35cb7e53-0ae5-4903-b0a8-6d6b1af8ecb8 role=api pod=gateway-866f6b7d45-p9k5h method=POST path=/api/translations status=200 durationMs=399
[pod/gateway-866f6b7d45-p9k5h/gateway] 2026-10-05T23:36:31.831+00:00 INFO  http.request requestId=7022d083-1929-47f1-a230-1f9d3a9c317e role=api pod=gateway-866f6b7d45-p9k5h method=POST path=/api/translations status=200 durationMs=231
[pod/gateway-866f6b7d45-p9k5h/gateway] 2026-10-05T23:36:31.832+00:00 INFO  http.request requestId=2a35381e-3428-45c0-a309-ff734586593b role=api pod=gateway-866f6b7d45-p9k5h method=POST path=/api/transcriptions status=200 durationMs=723
[pod/gateway-866f6b7d45-p9k5h/gateway] 2026-10-05T23:36:31.837+00:00 INFO  http.request requestId=cf61d942-9675-4deb-815d-10cac5038d03 role=api pod=gateway-866f6b7d45-p9k5h method=POST path=/api/transcriptions status=200 durationMs=803
[pod/gateway-866f6b7d45-p9k5h/gateway] 2026-10-05T23:36:31.875+00:00 INFO  http.request requestId=5228f695-91f9-4f7a-96a3-52351275650c role=api pod=gateway-866f6b7d45-p9k5h method=POST path=/api/transcriptions status=200 durationMs=616
[pod/gateway-866f6b7d45-p9k5h/gateway] 2026-10-05T23:36:31.901+00:00 INFO  http.request requestId=9e39ea81-1574-4695-b338-d8bff0b3d917 role=api pod=gateway-866f6b7d45-p9k5h method=POST path=/api/transcriptions status=200 durationMs=597
[pod/gateway-866f6b7d45-p9k5h/gateway] 2026-10-05T23:36:31.928+00:00 INFO  http.request requestId=ec2581a3-7a9a-49ac-b8f6-c358c212ecee role=api pod=gateway-866f6b7d45-p9k5h method=POST path=/api/translations status=200 durationMs=366
[pod/gateway-866f6b7d45-p9k5h/gateway] 2026-10-05T23:36:31.947+00:00 INFO  http.request requestId=f897c45b-99ea-41b4-a3c0-5cb72a5a1460 role=api pod=gateway-866f6b7d45-p9k5h method=POST path=/api/transcriptions status=200 durationMs=582
[pod/gateway-866f6b7d45-p9k5h/gateway] 2026-10-05T23:36:31.949+00:00 INFO  http.request requestId=ef644b77-0663-4701-9ccf-ae6496ca1bc0 role=api pod=gateway-866f6b7d45-p9k5h method=POST path=/api/translations status=200 durationMs=318
[pod/gateway-866f6b7d45-p9k5h/gateway] 2026-10-05T23:36:31.988+00:00 INFO  http.request requestId=5b9c0e4c-86e5-4f04-979e-72c3327140c2 role=api pod=gateway-866f6b7d45-p9k5h method=POST path=/api/translations status=200 durationMs=320
[pod/gateway-866f6b7d45-p9k5h/gateway] 2026-10-05T23:36:31.995+00:00 INFO  http.request requestId=b3f99788-47b9-432f-95b6-2b70bec8adee role=api pod=gateway-866f6b7d45-p9k5h method=POST path=/api/transcriptions status=200 durationMs=511
[pod/gateway-866f6b7d45-p9k5h/gateway] 2026-10-05T23:36:31.998+00:00 INFO  http.request requestId=ed1b3798-90cb-4dd3-a72e-94f33c015d03 role=api pod=gateway-866f6b7d45-p9k5h method=POST path=/api/translations status=200 durationMs=324
[pod/gateway-866f6b7d45-p9k5h/gateway] 2026-10-05T23:36:32.007+00:00 INFO  http.request requestId=f887873d-981c-4534-a0f8-cc6d163fb8ff role=api pod=gateway-866f6b7d45-p9k5h method=POST path=/api/transcriptions status=200 durationMs=446
[pod/gateway-866f6b7d45-p9k5h/gateway] 2026-10-05T23:36:32.041+00:00 INFO  http.request requestId=ea56e327-f699-4a8a-b6ac-7091b4460697 role=api pod=gateway-866f6b7d45-p9k5h method=POST path=/api/transcriptions status=200 durationMs=451
[pod/gateway-866f6b7d45-p9k5h/gateway] 2026-10-05T23:36:32.059+00:00 INFO  http.request requestId=42de4ca1-0df3-460e-943d-22b42e90cdef role=api pod=gateway-866f6b7d45-p9k5h method=POST path=/api/transcriptions status=200 durationMs=530
[pod/gateway-866f6b7d45-p9k5h/gateway] 2026-10-05T23:36:32.062+00:00 INFO  http.request requestId=6f0fd56d-db4a-4d3e-b1d1-60b883c10342 role=api pod=gateway-866f6b7d45-p9k5h method=POST path=/api/translations status=200 durationMs=229
[pod/gateway-866f6b7d45-p9k5h/gateway] 2026-10-05T23:36:32.072+00:00 INFO  http.request requestId=81e994dd-dbfc-445a-91d5-2cb5180813b4 role=api pod=gateway-866f6b7d45-p9k5h method=POST path=/api/transcriptions status=200 durationMs=798
[pod/gateway-866f6b7d45-p9k5h/gateway] 2026-10-05T23:36:32.104+00:00 INFO  http.request requestId=63a42f96-bfd8-432d-9a57-7c7e9b177130 role=api pod=gateway-866f6b7d45-p9k5h method=POST path=/api/translations status=200 durationMs=362
[pod/gateway-866f6b7d45-p9k5h/gateway] 2026-10-05T23:36:32.116+00:00 INFO  http.request requestId=251a0b6b-0f2a-4aac-be1c-6119fcaa5bcc role=api pod=gateway-866f6b7d45-p9k5h method=POST path=/api/translations status=200 durationMs=363
[pod/gateway-866f6b7d45-p9k5h/gateway] 2026-10-05T23:36:32.127+00:00 INFO  http.request requestId=77e131c5-1dd6-44a3-911c-740d1d513579 role=api pod=gateway-866f6b7d45-p9k5h method=POST path=/api/translations status=200 durationMs=289
[pod/gateway-866f6b7d45-p9k5h/gateway] 2026-10-05T23:36:32.142+00:00 INFO  http.request requestId=726fac82-d1e2-4daf-a454-90220b39434d role=api pod=gateway-866f6b7d45-p9k5h method=POST path=/api/translations status=200 durationMs=309
[pod/gateway-866f6b7d45-p9k5h/gateway] 2026-10-05T23:36:32.179+00:00 INFO  http.request requestId=810e0c36-7f71-4658-869e-7ede07f8a3c9 role=api pod=gateway-866f6b7d45-p9k5h method=POST path=/api/transcriptions status=200 durationMs=726
[pod/gateway-866f6b7d45-p9k5h/gateway] 2026-10-05T23:36:32.190+00:00 INFO  http.request requestId=a2d2abaa-2671-4c13-8691-ff9eb1b719b9 role=api pod=gateway-866f6b7d45-p9k5h method=POST path=/api/translations status=200 durationMs=350
[pod/gateway-866f6b7d45-p9k5h/gateway] 2026-10-05T23:36:32.221+00:00 INFO  http.request requestId=342ff172-3a6c-4a09-8f48-f6619cdad462 role=api pod=gateway-866f6b7d45-p9k5h method=POST path=/api/translations status=200 durationMs=219
[pod/gateway-866f6b7d45-p9k5h/gateway] 2026-10-05T23:36:32.223+00:00 INFO  http.request requestId=eff5b494-e4c1-4f78-b9b9-3f2b7b81df8c role=api pod=gateway-866f6b7d45-p9k5h method=POST path=/api/translations status=200 durationMs=229
[pod/gateway-866f6b7d45-p9k5h/gateway] 2026-10-05T23:36:32.241+00:00 INFO  http.request requestId=bcbd4b97-529a-4a0c-b912-8c2013d5c1ff role=api pod=gateway-866f6b7d45-p9k5h method=POST path=/api/transcriptions status=200 durationMs=605
[pod/gateway-866f6b7d45-p9k5h/gateway] 2026-10-05T23:36:32.278+00:00 INFO  http.request requestId=920f9d8b-1bb8-4507-93b8-5382222b2ef9 role=api pod=gateway-866f6b7d45-p9k5h method=POST path=/api/transcriptions status=200 durationMs=658
[pod/gateway-866f6b7d45-p9k5h/gateway] 2026-10-05T23:36:32.300+00:00 INFO  http.request requestId=6f171944-91de-4be7-a003-b97f37d61582 role=api pod=gateway-866f6b7d45-p9k5h method=POST path=/api/transcriptions status=200 durationMs=411
[pod/gateway-866f6b7d45-p9k5h/gateway] 2026-10-05T23:36:32.303+00:00 INFO  http.request requestId=966efd3a-7d24-4b4b-a86d-6b59b8acc69f role=api pod=gateway-866f6b7d45-p9k5h method=POST path=/api/translations status=200 durationMs=227
[pod/gateway-866f6b7d45-p9k5h/gateway] 2026-10-05T23:36:32.329+00:00 INFO  http.request requestId=4822fe60-875b-44c5-a352-d2c487d70087 role=api pod=gateway-866f6b7d45-p9k5h method=POST path=/api/transcriptions status=200 durationMs=425
[pod/gateway-866f6b7d45-p9k5h/gateway] 2026-10-05T23:36:32.349+00:00 INFO  http.request requestId=340bb86d-ef1d-4480-a62d-a00a8eb9abef role=api pod=gateway-866f6b7d45-p9k5h method=POST path=/api/translations status=200 durationMs=282
[pod/gateway-866f6b7d45-p9k5h/gateway] 2026-10-05T23:36:32.354+00:00 INFO  http.request requestId=e2afb2bd-9e99-4486-84da-a9cb4b7049bc role=api pod=gateway-866f6b7d45-p9k5h method=POST path=/api/translations status=200 durationMs=395
[pod/gateway-866f6b7d45-p9k5h/gateway] 2026-10-05T23:36:32.403+00:00 INFO  http.request requestId=c2df1989-04c9-4d39-bab7-c7bf4ca50b11 role=api pod=gateway-866f6b7d45-p9k5h method=POST path=/api/translations status=200 durationMs=294
[pod/gateway-866f6b7d45-p9k5h/gateway] 2026-10-05T23:36:32.424+00:00 INFO  http.request requestId=23264cc2-2a25-409b-8e1c-d90306cb6d1c role=api pod=gateway-866f6b7d45-p9k5h method=POST path=/api/translations status=200 durationMs=270
[pod/gateway-866f6b7d45-p9k5h/gateway] 2026-10-05T23:36:32.450+00:00 INFO  http.request requestId=e39f1309-ce6a-4b59-ab54-5b2a02608aab role=api pod=gateway-866f6b7d45-p9k5h method=POST path=/api/translations status=200 durationMs=391
[pod/gateway-866f6b7d45-p9k5h/gateway] 2026-10-05T23:36:32.484+00:00 INFO  http.request requestId=df393486-2bb1-44eb-bd23-9f0287e912bc role=api pod=gateway-866f6b7d45-p9k5h method=POST path=/api/transcriptions status=200 durationMs=475
[pod/gateway-866f6b7d45-p9k5h/gateway] 2026-10-05T23:36:32.525+00:00 INFO  http.request requestId=3b973527-22c6-4d8f-96fc-7945c8d03363 role=api pod=gateway-866f6b7d45-p9k5h method=POST path=/api/translations status=200 durationMs=296
[pod/gateway-866f6b7d45-p9k5h/gateway] 2026-10-05T23:36:32.543+00:00 INFO  http.request requestId=df34b65d-a2a5-4ffc-8096-05082ecaff8b role=api pod=gateway-866f6b7d45-p9k5h method=POST path=/api/translations status=200 durationMs=302
[pod/gateway-866f6b7d45-p9k5h/gateway] 2026-10-05T23:36:32.613+00:00 INFO  http.request requestId=7ffd3441-a890-4da5-86b4-38806794ce51 role=api pod=gateway-866f6b7d45-p9k5h method=POST path=/api/transcriptions status=200 durationMs=484
[pod/gateway-866f6b7d45-p9k5h/gateway] 2026-10-05T23:36:32.667+00:00 INFO  http.request requestId=4650eb81-4c50-47f6-bb14-ac16a64ac647 role=api pod=gateway-866f6b7d45-p9k5h method=POST path=/api/translations status=200 durationMs=401
[pod/gateway-866f6b7d45-p9k5h/gateway] 2026-10-05T23:36:32.678+00:00 INFO  http.request requestId=55bc1283-b0ff-4a6d-a8cb-dd54f626aec8 role=api pod=gateway-866f6b7d45-p9k5h method=POST path=/api/transcriptions status=200 durationMs=473
[pod/gateway-866f6b7d45-p9k5h/gateway] 2026-10-05T23:36:32.681+00:00 INFO  http.request requestId=8e79ee10-717a-4bcb-851e-fef142b40180 role=api pod=gateway-866f6b7d45-p9k5h method=POST path=/api/transcriptions status=200 durationMs=733
[pod/gateway-866f6b7d45-p9k5h/gateway] 2026-10-05T23:36:32.700+00:00 INFO  http.request requestId=fdca4c18-eedd-4bb7-9577-a6cc6ee71f44 role=api pod=gateway-866f6b7d45-p9k5h method=POST path=/api/translations status=200 durationMs=371
[pod/gateway-866f6b7d45-p9k5h/gateway] 2026-10-05T23:36:32.700+00:00 INFO  http.request requestId=6bb224ff-7b47-4716-b396-93f0c82a4829 role=api pod=gateway-866f6b7d45-p9k5h method=POST path=/api/translations status=200 durationMs=272
[pod/gateway-866f6b7d45-p9k5h/gateway] 2026-10-05T23:36:32.717+00:00 INFO  http.request requestId=bff6240f-b180-4f53-b26f-aa39ade89a63 role=api pod=gateway-866f6b7d45-p9k5h method=POST path=/api/transcriptions status=200 durationMs=783
[pod/gateway-866f6b7d45-p9k5h/gateway] 2026-10-05T23:36:32.742+00:00 INFO  http.request requestId=a7664747-20a2-4004-b2c9-095c5da8ae82 role=api pod=gateway-866f6b7d45-p9k5h method=POST path=/api/translations status=200 durationMs=279
[pod/gateway-866f6b7d45-p9k5h/gateway] 2026-10-05T23:36:32.782+00:00 INFO  http.request requestId=27e28264-6890-4b76-b912-706b4171cdfc role=api pod=gateway-866f6b7d45-p9k5h method=POST path=/api/transcriptions status=200 durationMs=533
[pod/gateway-866f6b7d45-p9k5h/gateway] 2026-10-05T23:36:32.830+00:00 INFO  http.request requestId=f05016c3-be63-425b-96b4-2e03b5ab3569 role=api pod=gateway-866f6b7d45-p9k5h method=POST path=/api/transcriptions status=200 durationMs=776
[pod/gateway-866f6b7d45-p9k5h/gateway] 2026-10-05T23:36:32.831+00:00 INFO  http.request requestId=a11f175b-21de-40eb-abd0-4021c8fe16f6 role=api pod=gateway-866f6b7d45-p9k5h method=POST path=/api/transcriptions status=200 durationMs=491
[pod/gateway-866f6b7d45-p9k5h/gateway] 2026-10-05T23:36:32.851+00:00 INFO  http.request requestId=6490c391-d6d1-440a-b852-50f936a1c986 role=api pod=gateway-866f6b7d45-p9k5h method=POST path=/api/transcriptions status=200 durationMs=466
[pod/gateway-866f6b7d45-p9k5h/gateway] 2026-10-05T23:36:32.863+00:00 INFO  http.request requestId=f1ad63a4-ebf3-4b24-8063-948036a666ad role=api pod=gateway-866f6b7d45-p9k5h method=POST path=/api/translations status=200 durationMs=243
[pod/gateway-866f6b7d45-p9k5h/gateway] 2026-10-05T23:36:32.882+00:00 INFO  http.request requestId=bf981e28-8542-45d2-9a1a-530cad2d3afc role=api pod=gateway-866f6b7d45-p9k5h method=POST path=/api/translations status=200 durationMs=377
[pod/gateway-866f6b7d45-p9k5h/gateway] 2026-10-05T23:36:32.882+00:00 INFO  http.request requestId=a4a165d4-0016-44c8-9e72-9ec821e15eb6 role=api pod=gateway-866f6b7d45-p9k5h method=POST path=/api/transcriptions status=200 durationMs=603
[pod/gateway-866f6b7d45-p9k5h/gateway] 2026-10-05T23:36:32.893+00:00 INFO  http.request requestId=b23c2887-443e-45af-8609-f6dc1cff78ec role=api pod=gateway-866f6b7d45-p9k5h method=POST path=/api/transcriptions status=200 durationMs=539
[pod/gateway-866f6b7d45-p9k5h/gateway] 2026-10-05T23:36:32.957+00:00 INFO  http.request requestId=7e582fab-7084-421e-8502-646d6e22d157 role=api pod=gateway-866f6b7d45-p9k5h method=POST path=/api/translations status=200 durationMs=383
[pod/gateway-866f6b7d45-p9k5h/gateway] 2026-10-05T23:36:32.970+00:00 INFO  http.request requestId=d797ecc4-3099-4555-96d7-68e4ed5751f6 role=api pod=gateway-866f6b7d45-p9k5h method=POST path=/api/translations status=200 durationMs=228
[pod/gateway-866f6b7d45-p9k5h/gateway] 2026-10-05T23:36:32.989+00:00 INFO  http.request requestId=9c23b2af-7f91-41f0-9768-e38cd46decae role=api pod=gateway-866f6b7d45-p9k5h method=POST path=/api/translations status=200 durationMs=312
[pod/gateway-866f6b7d45-p9k5h/gateway] 2026-10-05T23:36:33.008+00:00 INFO  http.request requestId=00c1d5dc-4b8e-47c4-9a52-ece8ce28aa38 role=api pod=gateway-866f6b7d45-p9k5h method=POST path=/api/transcriptions status=200 durationMs=699
[pod/gateway-866f6b7d45-p9k5h/gateway] 2026-10-05T23:36:33.030+00:00 INFO  http.request requestId=b4328a4a-2153-4c86-a290-60f5a7e38067 role=api pod=gateway-866f6b7d45-p9k5h method=POST path=/api/translations status=200 durationMs=348
[pod/gateway-866f6b7d45-p9k5h/gateway] 2026-10-05T23:36:33.115+00:00 INFO  http.request requestId=4e4a09c1-6311-487f-95c5-90c3bc0c3597 role=api pod=gateway-866f6b7d45-p9k5h method=POST path=/api/translations status=200 durationMs=398
[pod/gateway-866f6b7d45-p9k5h/gateway] 2026-10-05T23:36:33.139+00:00 INFO  http.request requestId=48daea32-40af-4249-917d-79c7246f3679 role=api pod=gateway-866f6b7d45-p9k5h method=POST path=/api/transcriptions status=200 durationMs=424
[pod/gateway-866f6b7d45-p9k5h/gateway] 2026-10-05T23:36:33.145+00:00 INFO  http.request requestId=39a7d37e-8df0-45f2-892c-7564bac5a9b5 role=api pod=gateway-866f6b7d45-p9k5h method=POST path=/api/translations status=200 durationMs=313
[pod/gateway-866f6b7d45-p9k5h/gateway] 2026-10-05T23:36:33.145+00:00 INFO  http.request requestId=311adf01-e1e9-4e4e-b4fe-3b6000183676 role=api pod=gateway-866f6b7d45-p9k5h method=POST path=/api/translations status=200 durationMs=297
[pod/gateway-866f6b7d45-p9k5h/gateway] 2026-10-05T23:36:33.173+00:00 INFO  http.request requestId=638a759a-416d-498d-8eb7-36a570f92d60 role=api pod=gateway-866f6b7d45-p9k5h method=POST path=/api/transcriptions status=200 durationMs=685
[pod/gateway-866f6b7d45-p9k5h/gateway] 2026-10-05T23:36:33.175+00:00 INFO  http.request requestId=07ae48bb-d7ed-46d6-8b64-7c0724454412 role=api pod=gateway-866f6b7d45-p9k5h method=POST path=/api/translations status=200 durationMs=278
[pod/gateway-866f6b7d45-p9k5h/gateway] 2026-10-05T23:36:33.245+00:00 INFO  http.request requestId=688e8156-bc9f-4a74-b82e-73546da25c8f role=api pod=gateway-866f6b7d45-p9k5h method=POST path=/api/transcriptions status=200 durationMs=605
[pod/gateway-866f6b7d45-p9k5h/gateway] 2026-10-05T23:36:33.277+00:00 INFO  http.request requestId=d803c283-5808-4473-b0bd-b8240d076c1d role=api pod=gateway-866f6b7d45-p9k5h method=POST path=/api/transcriptions status=200 durationMs=549
[pod/gateway-866f6b7d45-p9k5h/gateway] 2026-10-05T23:36:33.310+00:00 INFO  http.request requestId=ec727972-02d7-47c7-9fc6-eac0cca10261 role=api pod=gateway-866f6b7d45-p9k5h method=POST path=/api/translations status=200 durationMs=332
[pod/gateway-866f6b7d45-p9k5h/gateway] 2026-10-05T23:36:33.325+00:00 INFO  http.request requestId=c567db77-39b1-4c02-8b3f-a934a065e249 role=api pod=gateway-866f6b7d45-p9k5h method=POST path=/api/transcriptions status=200 durationMs=432
[pod/gateway-866f6b7d45-p9k5h/gateway] 2026-10-05T23:36:33.364+00:00 INFO  http.request requestId=f4846798-f226-4695-a7db-a58f21f131f6 role=api pod=gateway-866f6b7d45-p9k5h method=POST path=/api/translations status=200 durationMs=401
[pod/gateway-866f6b7d45-p9k5h/gateway] 2026-10-05T23:36:33.376+00:00 INFO  http.request requestId=76999a68-906f-433a-ad93-c59703de8ad3 role=api pod=gateway-866f6b7d45-p9k5h method=POST path=/api/transcriptions status=200 durationMs=587
[pod/gateway-866f6b7d45-p9k5h/gateway] 2026-10-05T23:36:33.397+00:00 INFO  http.request requestId=78e97961-b14b-42a8-a1aa-1a16755399a6 role=api pod=gateway-866f6b7d45-p9k5h method=POST path=/api/transcriptions status=200 durationMs=442
[pod/gateway-866f6b7d45-p9k5h/gateway] 2026-10-05T23:36:33.419+00:00 INFO  http.request requestId=5c483323-4865-4ae8-8268-1aac1828cf39 role=api pod=gateway-866f6b7d45-p9k5h method=POST path=/api/translations status=200 durationMs=250
[pod/gateway-866f6b7d45-p9k5h/gateway] 2026-10-05T23:36:33.428+00:00 INFO  http.request requestId=580ee26b-840d-4364-826d-3fd5f9853fe5 role=api pod=gateway-866f6b7d45-p9k5h method=POST path=/api/translations status=200 durationMs=270
[pod/gateway-866f6b7d45-p9k5h/gateway] 2026-10-05T23:36:33.432+00:00 INFO  http.request requestId=228819bb-4ce0-4b74-b277-673f746b8b97 role=api pod=gateway-866f6b7d45-p9k5h method=POST path=/api/transcriptions status=200 durationMs=749
[pod/gateway-866f6b7d45-p9k5h/gateway] 2026-10-05T23:36:33.433+00:00 INFO  http.request requestId=cbb4e98c-a856-4162-ba7c-6ce622512d99 role=api pod=gateway-866f6b7d45-p9k5h method=POST path=/api/translations status=200 durationMs=396
[pod/gateway-866f6b7d45-p9k5h/gateway] 2026-10-05T23:36:33.468+00:00 INFO  http.request requestId=6857125f-d80f-4b8a-9be5-f09bbee97737 role=api pod=gateway-866f6b7d45-p9k5h method=POST path=/api/translations status=200 durationMs=345
[pod/gateway-866f6b7d45-p9k5h/gateway] 2026-10-05T23:36:33.497+00:00 INFO  http.request requestId=4ca6d944-bcde-4062-8a46-064c855f6c8d role=api pod=gateway-866f6b7d45-p9k5h method=POST path=/api/transcriptions status=200 durationMs=634
[pod/gateway-866f6b7d45-p9k5h/gateway] 2026-10-05T23:36:33.514+00:00 INFO  http.request requestId=3e8f55a5-9d65-4a5f-a923-9334e18be9b0 role=api pod=gateway-866f6b7d45-p9k5h method=POST path=/api/transcriptions status=200 durationMs=501
[pod/gateway-866f6b7d45-p9k5h/gateway] 2026-10-05T23:36:33.556+00:00 INFO  http.request requestId=1e0b671a-a01d-4913-b164-d3c8db34c979 role=api pod=gateway-866f6b7d45-p9k5h method=POST path=/api/translations status=200 durationMs=292
[pod/gateway-866f6b7d45-p9k5h/gateway] 2026-10-05T23:36:33.608+00:00 INFO  http.request requestId=8aa53b89-274f-4dd4-9bb0-ec82084ebf95 role=api pod=gateway-866f6b7d45-p9k5h method=POST path=/api/translations status=200 durationMs=211
[pod/gateway-866f6b7d45-p9k5h/gateway] 2026-10-05T23:36:33.611+00:00 INFO  http.request requestId=19ca39f7-8bd2-4aa4-acf9-5cb1e3511b07 role=api pod=gateway-866f6b7d45-p9k5h method=POST path=/api/transcriptions status=200 durationMs=418
[pod/gateway-866f6b7d45-p9k5h/gateway] 2026-10-05T23:36:33.639+00:00 INFO  http.request requestId=96ee11b6-7516-4ba9-a481-b587cf6bbe64 role=api pod=gateway-866f6b7d45-p9k5h method=POST path=/api/transcriptions status=200 durationMs=491
[pod/gateway-866f6b7d45-p9k5h/gateway] 2026-10-05T23:36:33.647+00:00 INFO  http.request requestId=d1abb5df-c256-47bd-a130-5bfb87b9c5ec role=api pod=gateway-866f6b7d45-p9k5h method=POST path=/api/translations status=200 durationMs=358
[pod/gateway-866f6b7d45-p9k5h/gateway] 2026-10-05T23:36:33.652+00:00 INFO  http.request requestId=685c5378-0b66-4f06-9902-c53f963f6154 role=api pod=gateway-866f6b7d45-p9k5h method=POST path=/api/transcriptions status=200 durationMs=444
[pod/gateway-866f6b7d45-p9k5h/gateway] 2026-10-05T23:36:33.661+00:00 INFO  http.request requestId=35b28532-86b3-44d1-93e0-eeac6fe41ae7 role=api pod=gateway-866f6b7d45-p9k5h method=POST path=/api/transcriptions status=200 durationMs=662
[pod/gateway-866f6b7d45-p9k5h/gateway] 2026-10-05T23:36:33.682+00:00 INFO  http.request requestId=03201fc2-316e-4310-bcf5-4a3197a72c74 role=api pod=gateway-866f6b7d45-p9k5h method=POST path=/api/transcriptions status=200 durationMs=802
[pod/gateway-866f6b7d45-p9k5h/gateway] 2026-10-05T23:36:33.787+00:00 INFO  http.request requestId=2003ef05-f714-4d04-ad74-f42834450d63 role=api pod=gateway-866f6b7d45-p9k5h method=POST path=/api/translations status=200 durationMs=357
[pod/gateway-866f6b7d45-p9k5h/gateway] 2026-10-05T23:36:33.823+00:00 INFO  http.request requestId=b4394ed9-29d5-4b28-8573-541a653dbd7b role=api pod=gateway-866f6b7d45-p9k5h method=POST path=/api/transcriptions status=200 durationMs=570
[pod/gateway-866f6b7d45-p9k5h/gateway] 2026-10-05T23:36:33.828+00:00 INFO  http.request requestId=895fbac5-751d-4b8f-81c2-b53b08b317eb role=api pod=gateway-866f6b7d45-p9k5h method=POST path=/api/translations status=200 durationMs=256
[pod/gateway-866f6b7d45-p9k5h/gateway] 2026-10-05T23:36:33.831+00:00 INFO  http.request requestId=aad6bcc2-f9c2-46cc-a789-24194b52068a role=api pod=gateway-866f6b7d45-p9k5h method=POST path=/api/translations status=200 durationMs=311
[pod/gateway-866f6b7d45-p9k5h/gateway] 2026-10-05T23:36:33.929+00:00 INFO  http.request requestId=3ac82b2f-5e6a-48e6-b35e-7aaf1aebcbd8 role=api pod=gateway-866f6b7d45-p9k5h method=POST path=/api/translations status=200 durationMs=265
[pod/gateway-866f6b7d45-p9k5h/gateway] 2026-10-05T23:36:33.939+00:00 INFO  http.request requestId=2051c9ef-c499-4e6a-b3fc-e975a7fa45e4 role=api pod=gateway-866f6b7d45-p9k5h method=POST path=/api/transcriptions status=200 durationMs=490
[pod/gateway-866f6b7d45-p9k5h/gateway] 2026-10-05T23:36:33.994+00:00 INFO  http.request requestId=0d7281bd-2a41-44d5-aa93-e50302154cfc role=api pod=gateway-866f6b7d45-p9k5h method=POST path=/api/translations status=200 durationMs=354
[pod/gateway-866f6b7d45-p9k5h/gateway] 2026-10-05T23:36:34.022+00:00 INFO  http.request requestId=690dcffe-aa85-49f0-bfde-c0a2f4275c43 role=api pod=gateway-866f6b7d45-p9k5h method=POST path=/api/transcriptions status=200 durationMs=664
[pod/gateway-866f6b7d45-p9k5h/gateway] 2026-10-05T23:36:34.039+00:00 INFO  http.request requestId=a9d48708-6f1a-436d-be6b-9a4bbe88042b role=api pod=gateway-866f6b7d45-p9k5h method=POST path=/api/transcriptions status=200 durationMs=605
[pod/gateway-866f6b7d45-p9k5h/gateway] 2026-10-05T23:36:34.046+00:00 INFO  http.request requestId=007c6e2c-196b-41a5-a0b8-a640a5f0ffff role=api pod=gateway-866f6b7d45-p9k5h method=POST path=/api/translations status=200 durationMs=281
[pod/gateway-866f6b7d45-p9k5h/gateway] 2026-10-05T23:36:34.109+00:00 INFO  http.request requestId=cb8a8295-9307-4dbb-ab17-b555d1649f75 role=api pod=gateway-866f6b7d45-p9k5h method=POST path=/api/transcriptions status=200 durationMs=420
[pod/gateway-866f6b7d45-p9k5h/gateway] 2026-10-05T23:36:34.110+00:00 INFO  http.request requestId=a49ea9cd-8ddc-42a2-9490-3ffdb5efe9e4 role=api pod=gateway-866f6b7d45-p9k5h method=POST path=/api/transcriptions status=200 durationMs=466
[pod/gateway-866f6b7d45-p9k5h/gateway] 2026-10-05T23:36:34.121+00:00 INFO  http.request requestId=74e31eed-096e-4f48-a990-3b28b1f2bbeb role=api pod=gateway-866f6b7d45-p9k5h method=POST path=/api/translations status=200 durationMs=291
[pod/gateway-866f6b7d45-p9k5h/gateway] 2026-10-05T23:36:34.155+00:00 INFO  http.request requestId=b167712e-8d01-4c7d-8d27-bf25810c2882 role=api pod=gateway-866f6b7d45-p9k5h method=POST path=/api/transcriptions status=200 durationMs=752
[pod/gateway-866f6b7d45-p9k5h/gateway] 2026-10-05T23:36:34.165+00:00 INFO  http.request requestId=208c9cc7-6850-4938-9faf-516a91508733 role=api pod=gateway-866f6b7d45-p9k5h method=POST path=/api/transcriptions status=200 durationMs=672
[pod/gateway-866f6b7d45-p9k5h/gateway] 2026-10-05T23:36:34.227+00:00 INFO  http.request requestId=3a06fa89-7c74-4542-b4c3-397ca2a5ca36 role=api pod=gateway-866f6b7d45-p9k5h method=POST path=/api/transcriptions status=200 durationMs=613
[pod/gateway-866f6b7d45-p9k5h/gateway] 2026-10-05T23:36:34.254+00:00 INFO  http.request requestId=c02f521f-c956-4417-bf6e-0eca5df1defb role=api pod=gateway-866f6b7d45-p9k5h method=POST path=/api/transcriptions status=200 durationMs=775
[pod/gateway-866f6b7d45-p9k5h/gateway] 2026-10-05T23:36:34.284+00:00 INFO  http.request requestId=37bc9169-7c49-4180-be38-800494243c8c role=api pod=gateway-866f6b7d45-p9k5h method=POST path=/api/transcriptions status=200 durationMs=776
[pod/gateway-866f6b7d45-p9k5h/gateway] 2026-10-05T23:36:34.294+00:00 INFO  http.request requestId=f3026a57-5cd3-4285-8619-1290bdb528ba role=api pod=gateway-866f6b7d45-p9k5h method=POST path=/api/translations status=200 durationMs=354
[pod/gateway-866f6b7d45-p9k5h/gateway] 2026-10-05T23:36:34.344+00:00 INFO  http.request requestId=0e8587ba-8a9b-4eb2-96ae-9e80b5a6184b role=api pod=gateway-866f6b7d45-p9k5h method=POST path=/api/translations status=200 durationMs=234
[pod/gateway-866f6b7d45-p9k5h/gateway] 2026-10-05T23:36:34.373+00:00 INFO  http.request requestId=0896faeb-0a97-4a86-9d46-0ccc06789d78 role=api pod=gateway-866f6b7d45-p9k5h method=POST path=/api/translations status=200 durationMs=214
[pod/gateway-866f6b7d45-p9k5h/gateway] 2026-10-05T23:36:34.461+00:00 INFO  http.request requestId=d18b62df-779b-49b4-abf2-35a47679c6a4 role=api pod=gateway-866f6b7d45-p9k5h method=POST path=/api/transcriptions status=200 durationMs=517
[pod/gateway-866f6b7d45-p9k5h/gateway] 2026-10-05T23:36:34.476+00:00 INFO  http.request requestId=aa5d3929-00a6-407e-abb0-ac3f4be59e7e role=api pod=gateway-866f6b7d45-p9k5h method=POST path=/api/translations status=200 durationMs=308
[pod/gateway-866f6b7d45-p9k5h/gateway] 2026-10-05T23:36:34.527+00:00 INFO  http.request requestId=424ec520-c0d2-4a7b-8d4a-59dc01f13fe7 role=api pod=gateway-866f6b7d45-p9k5h method=POST path=/api/transcriptions status=200 durationMs=807
[pod/gateway-866f6b7d45-p9k5h/gateway] 2026-10-05T23:36:34.553+00:00 INFO  http.request requestId=4e72d38e-8b65-4b68-a748-cf1110b83d00 role=api pod=gateway-866f6b7d45-p9k5h method=POST path=/api/transcriptions status=200 durationMs=759
[pod/gateway-866f6b7d45-p9k5h/gateway] 2026-10-05T23:36:34.568+00:00 INFO  http.request requestId=00e059b6-a414-4319-90d6-4f3b1a6da846 role=api pod=gateway-866f6b7d45-p9k5h method=POST path=/api/transcriptions status=200 durationMs=729
[pod/gateway-866f6b7d45-p9k5h/gateway] 2026-10-05T23:36:34.607+00:00 INFO  http.request requestId=888fb9ef-73ec-487b-b816-3c23fe8a475d role=api pod=gateway-866f6b7d45-p9k5h method=POST path=/api/translations status=200 durationMs=255
[pod/gateway-866f6b7d45-p9k5h/gateway] 2026-10-05T23:36:34.608+00:00 INFO  http.request requestId=afe192dd-b018-4066-b0da-20ffc3e3e416 role=api pod=gateway-866f6b7d45-p9k5h method=POST path=/api/translations status=200 durationMs=285
[pod/gateway-866f6b7d45-p9k5h/gateway] 2026-10-05T23:36:34.651+00:00 INFO  http.request requestId=2ee8b28a-d494-40b9-b13b-b259de8249a5 role=api pod=gateway-866f6b7d45-p9k5h method=POST path=/api/transcriptions status=200 durationMs=647
[pod/gateway-866f6b7d45-p9k5h/gateway] 2026-10-05T23:36:34.655+00:00 INFO  http.request requestId=8a5bc1ce-96a9-46b5-8fb7-35f2fcc78387 role=api pod=gateway-866f6b7d45-p9k5h method=POST path=/api/transcriptions status=200 durationMs=607
[pod/gateway-866f6b7d45-p9k5h/gateway] 2026-10-05T23:36:34.659+00:00 INFO  http.request requestId=40f650ee-257d-466d-b291-b38d3a4499b7 role=api pod=gateway-866f6b7d45-p9k5h method=POST path=/api/translations status=200 durationMs=293
[pod/gateway-866f6b7d45-p9k5h/gateway] 2026-10-05T23:36:34.669+00:00 INFO  http.request requestId=90cda538-66c8-4d8a-bbdb-dcca218d7a62 role=api pod=gateway-866f6b7d45-p9k5h method=POST path=/api/transcriptions status=200 durationMs=514
[pod/gateway-866f6b7d45-p9k5h/gateway] 2026-10-05T23:36:34.738+00:00 INFO  http.request requestId=8cef8c08-7be2-46a5-86e7-412d8f0ff13b role=api pod=gateway-866f6b7d45-p9k5h method=POST path=/api/transcriptions status=200 durationMs=510
[pod/gateway-866f6b7d45-p9k5h/gateway] 2026-10-05T23:36:34.769+00:00 INFO  http.request requestId=a42273bc-3837-4853-a14e-97883c2d102b role=api pod=gateway-866f6b7d45-p9k5h method=POST path=/api/transcriptions status=200 durationMs=479
[pod/gateway-866f6b7d45-p9k5h/gateway] 2026-10-05T23:36:34.810+00:00 INFO  http.request requestId=04c221ad-8775-4b7c-992e-0ec77ee0f6b0 role=api pod=gateway-866f6b7d45-p9k5h method=POST path=/api/transcriptions status=200 durationMs=775
[pod/gateway-866f6b7d45-p9k5h/gateway] 2026-10-05T23:36:34.858+00:00 INFO  http.request requestId=a33a4e52-2a60-44f2-b30d-4fffdb1ffbeb role=api pod=gateway-866f6b7d45-p9k5h method=POST path=/api/translations status=200 durationMs=397
[pod/gateway-866f6b7d45-p9k5h/gateway] 2026-10-05T23:36:34.885+00:00 INFO  http.request requestId=b0f4c134-fc29-4449-b0f7-0b9def20608b role=api pod=gateway-866f6b7d45-p9k5h method=POST path=/api/transcriptions status=200 durationMs=760
[pod/gateway-866f6b7d45-p9k5h/gateway] 2026-10-05T23:36:34.952+00:00 INFO  http.request requestId=c4839881-dec3-4114-aebf-6384a9ccc008 role=api pod=gateway-866f6b7d45-p9k5h method=POST path=/api/translations status=200 durationMs=268
[pod/gateway-866f6b7d45-p9k5h/gateway] 2026-10-05T23:36:34.987+00:00 INFO  http.request requestId=cc46f702-9c3c-41e8-a0b3-d0e4a8a90ea1 role=api pod=gateway-866f6b7d45-p9k5h method=POST path=/api/translations status=200 durationMs=331
[pod/gateway-866f6b7d45-p9k5h/gateway] 2026-10-05T23:36:34.987+00:00 INFO  http.request requestId=4f8c0e85-ee0a-474a-bc35-3c5c4bd6e057 role=api pod=gateway-866f6b7d45-p9k5h method=POST path=/api/translations status=200 durationMs=328
[pod/gateway-866f6b7d45-p9k5h/gateway] 2026-10-05T23:36:35.008+00:00 INFO  http.request requestId=73c83de9-412f-4f5e-9358-0c85ed57f455 role=api pod=gateway-866f6b7d45-p9k5h method=POST path=/api/transcriptions status=200 durationMs=450
[pod/gateway-866f6b7d45-p9k5h/gateway] 2026-10-05T23:36:35.009+00:00 INFO  http.request requestId=79308d55-32c6-4596-8ff1-f1b669f1df75 role=api pod=gateway-866f6b7d45-p9k5h method=POST path=/api/translations status=200 durationMs=270
[pod/gateway-866f6b7d45-p9k5h/gateway] 2026-10-05T23:36:35.047+00:00 INFO  http.request requestId=bae8c5a6-41d8-46be-b4df-91bfaf1c3298 role=api pod=gateway-866f6b7d45-p9k5h method=POST path=/api/transcriptions status=200 durationMs=428
[pod/gateway-866f6b7d45-p9k5h/gateway] 2026-10-05T23:36:35.048+00:00 INFO  http.request requestId=6a91f192-8fca-4c09-9653-d79a1ff8b030 role=api pod=gateway-866f6b7d45-p9k5h method=POST path=/api/transcriptions status=200 durationMs=744
[pod/gateway-866f6b7d45-p9k5h/gateway] 2026-10-05T23:36:35.062+00:00 INFO  http.request requestId=e3e3a813-7a99-46f0-ac47-32036602c501 role=api pod=gateway-866f6b7d45-p9k5h method=POST path=/api/transcriptions status=200 durationMs=787
[pod/gateway-866f6b7d45-p9k5h/gateway] 2026-10-05T23:36:35.062+00:00 INFO  http.request requestId=d32238da-d59d-46d8-888a-e1dc2b6b3eb1 role=api pod=gateway-866f6b7d45-p9k5h method=POST path=/api/transcriptions status=200 durationMs=515
[pod/gateway-866f6b7d45-p9k5h/gateway] 2026-10-05T23:36:35.071+00:00 INFO  http.request requestId=61865311-adc3-4c97-956d-8e140c1f2b43 role=api pod=gateway-866f6b7d45-p9k5h method=POST path=/api/transcriptions status=200 durationMs=692
[pod/gateway-866f6b7d45-p9k5h/gateway] 2026-10-05T23:36:35.121+00:00 INFO  http.request requestId=a47f336e-8ae4-4e85-8f1d-0c77fc3d41e8 role=api pod=gateway-866f6b7d45-p9k5h method=POST path=/api/transcriptions status=200 durationMs=622
[pod/gateway-866f6b7d45-p9k5h/gateway] 2026-10-05T23:36:35.136+00:00 INFO  http.request requestId=9081d901-eb2a-4618-859a-6e4f52b4cdb5 role=api pod=gateway-866f6b7d45-p9k5h method=POST path=/api/transcriptions status=200 durationMs=457
[pod/gateway-866f6b7d45-p9k5h/gateway] 2026-10-05T23:36:35.140+00:00 INFO  http.request requestId=966ead4e-dcff-46a3-b5f8-dbd0492e4057 role=api pod=gateway-866f6b7d45-p9k5h method=POST path=/api/translations status=200 durationMs=362
[pod/gateway-866f6b7d45-p9k5h/gateway] 2026-10-05T23:36:35.192+00:00 INFO  http.request requestId=ba69b02f-284f-46ed-9cbb-e1deb2e92449 role=api pod=gateway-866f6b7d45-p9k5h method=POST path=/api/transcriptions status=200 durationMs=618
[pod/gateway-866f6b7d45-p9k5h/gateway] 2026-10-05T23:36:35.193+00:00 INFO  http.request requestId=060af5c8-f292-4a9d-907d-2aa1eea84fb9 role=api pod=gateway-866f6b7d45-p9k5h method=POST path=/api/translations status=200 durationMs=280
[pod/gateway-866f6b7d45-p9k5h/gateway] 2026-10-05T23:36:35.307+00:00 INFO  http.request requestId=ae1bb820-a1c1-4192-9670-4c369ffcaac3 role=api pod=gateway-866f6b7d45-p9k5h method=POST path=/api/transcriptions status=200 durationMs=779
[pod/gateway-866f6b7d45-p9k5h/gateway] 2026-10-05T23:36:35.324+00:00 INFO  http.request requestId=1465846e-c28b-42f6-8a7a-03a8f20eced2 role=api pod=gateway-866f6b7d45-p9k5h method=POST path=/api/translations status=200 durationMs=276
[pod/gateway-866f6b7d45-p9k5h/gateway] 2026-10-05T23:36:35.333+00:00 INFO  http.request requestId=d1b98aaf-b818-4e96-a686-cc4760442e6d role=api pod=gateway-866f6b7d45-p9k5h method=POST path=/api/translations status=200 durationMs=274
[pod/gateway-866f6b7d45-p9k5h/gateway] 2026-10-05T23:36:35.371+00:00 INFO  http.request requestId=08bfe860-ef8b-43c5-9d10-cac698172f1d role=api pod=gateway-866f6b7d45-p9k5h method=POST path=/api/translations status=200 durationMs=307
[pod/gateway-866f6b7d45-p9k5h/gateway] 2026-10-05T23:36:35.371+00:00 INFO  http.request requestId=177a02cc-aefd-44a2-84bc-2319b4fbc460 role=api pod=gateway-866f6b7d45-p9k5h method=POST path=/api/transcriptions status=200 durationMs=632
[pod/gateway-866f6b7d45-p9k5h/gateway] 2026-10-05T23:36:35.413+00:00 INFO  http.request requestId=fb8d816b-64e5-405c-a5cc-4685bb00bec6 role=api pod=gateway-866f6b7d45-p9k5h method=POST path=/api/translations status=200 durationMs=404
[pod/gateway-866f6b7d45-p9k5h/gateway] 2026-10-05T23:36:35.416+00:00 INFO  http.request requestId=747628ed-0f6d-4fc4-88a4-7d053131796d role=api pod=gateway-866f6b7d45-p9k5h method=POST path=/api/translations status=200 durationMs=223
[pod/gateway-866f6b7d45-p9k5h/gateway] 2026-10-05T23:36:35.483+00:00 INFO  http.request requestId=c9ea3384-7832-4ebe-93c0-5017c15477f9 role=api pod=gateway-866f6b7d45-p9k5h method=POST path=/api/transcriptions status=200 durationMs=473
[pod/gateway-866f6b7d45-p9k5h/gateway] 2026-10-05T23:36:35.544+00:00 INFO  http.request requestId=991869c3-729e-4981-890a-d4ed8f1956d9 role=api pod=gateway-866f6b7d45-p9k5h method=POST path=/api/transcriptions status=200 durationMs=609
[pod/gateway-866f6b7d45-p9k5h/gateway] 2026-10-05T23:36:35.619+00:00 INFO  http.request requestId=148d2261-323e-499c-81f2-ff47f9608c68 role=api pod=gateway-866f6b7d45-p9k5h method=POST path=/api/transcriptions status=200 durationMs=804
[pod/gateway-866f6b7d45-p9k5h/gateway] 2026-10-05T23:36:35.648+00:00 INFO  http.request requestId=8cc44f28-f119-4cff-91e3-927d535c7fd8 role=api pod=gateway-866f6b7d45-p9k5h method=POST path=/api/translations status=200 durationMs=256
[pod/gateway-866f6b7d45-p9k5h/gateway] 2026-10-05T23:36:35.649+00:00 INFO  http.request requestId=44685e3d-1050-4ba5-840a-78c818107fd7 role=api pod=gateway-866f6b7d45-p9k5h method=POST path=/api/transcriptions status=200 durationMs=520
[pod/gateway-866f6b7d45-p9k5h/gateway] 2026-10-05T23:36:35.662+00:00 INFO  http.request requestId=582c5a7d-32b5-44bf-a63b-8f516f8b2e8f role=api pod=gateway-866f6b7d45-p9k5h method=POST path=/api/transcriptions status=200 durationMs=593
[pod/gateway-866f6b7d45-p9k5h/gateway] 2026-10-05T23:36:35.673+00:00 INFO  http.request requestId=b77e6571-2e14-4aff-9a6e-107951ece992 role=api pod=gateway-866f6b7d45-p9k5h method=POST path=/api/transcriptions status=200 durationMs=784
[pod/gateway-866f6b7d45-p9k5h/gateway] 2026-10-05T23:36:35.674+00:00 INFO  http.request requestId=40e0d069-3bbf-44e1-ac9c-b88328efa027 role=api pod=gateway-866f6b7d45-p9k5h method=POST path=/api/transcriptions status=200 durationMs=679
[pod/gateway-866f6b7d45-p9k5h/gateway] 2026-10-05T23:36:35.703+00:00 INFO  http.request requestId=77375b57-89f6-4e3a-8863-a90e3d8004e9 role=api pod=gateway-866f6b7d45-p9k5h method=POST path=/api/translations status=200 durationMs=214
[pod/gateway-866f6b7d45-p9k5h/gateway] 2026-10-05T23:36:35.730+00:00 INFO  http.request requestId=4e066b0b-985a-45e4-b8ec-8b0b5d627620 role=api pod=gateway-866f6b7d45-p9k5h method=POST path=/api/transcriptions status=200 durationMs=586
[pod/gateway-866f6b7d45-p9k5h/gateway] 2026-10-05T23:36:35.739+00:00 INFO  http.request requestId=35a4a77b-10df-4d39-8db1-5b33d63d6187 role=api pod=gateway-866f6b7d45-p9k5h method=POST path=/api/transcriptions status=200 durationMs=472
[pod/gateway-866f6b7d45-p9k5h/gateway] 2026-10-05T23:36:35.765+00:00 INFO  http.request requestId=3c9f65dc-7fcd-4ae5-8466-f78fa65dbc8b role=api pod=gateway-866f6b7d45-p9k5h method=POST path=/api/transcriptions status=200 durationMs=682
[pod/gateway-866f6b7d45-p9k5h/gateway] 2026-10-05T23:36:35.779+00:00 INFO  http.request requestId=09646f37-c895-4d97-950c-6106dec46d7e role=api pod=gateway-866f6b7d45-p9k5h method=POST path=/api/transcriptions status=200 durationMs=425
[pod/gateway-866f6b7d45-p9k5h/gateway] 2026-10-05T23:36:35.842+00:00 INFO  http.request requestId=dbc6a305-061f-4868-9a15-072766cb50c1 role=api pod=gateway-866f6b7d45-p9k5h method=POST path=/api/transcriptions status=200 durationMs=534
[pod/gateway-866f6b7d45-p9k5h/gateway] 2026-10-05T23:36:35.914+00:00 INFO  http.request requestId=96e60163-25fa-4b89-8192-5d8c866de777 role=api pod=gateway-866f6b7d45-p9k5h method=POST path=/api/translations status=200 durationMs=240
[pod/gateway-866f6b7d45-p9k5h/gateway] 2026-10-05T23:36:35.933+00:00 INFO  http.request requestId=16abe57f-2a56-422d-b9f6-8b0b2d45f6c0 role=api pod=gateway-866f6b7d45-p9k5h method=POST path=/api/translations status=200 durationMs=270
[pod/gateway-866f6b7d45-p9k5h/gateway] 2026-10-05T23:36:35.948+00:00 INFO  http.request requestId=295f5d8e-1d59-4312-897c-0bbf34c7f4fd role=api pod=gateway-866f6b7d45-p9k5h method=POST path=/api/transcriptions status=200 durationMs=489
[pod/gateway-866f6b7d45-p9k5h/gateway] 2026-10-05T23:36:35.972+00:00 INFO  http.request requestId=fb3d7495-432d-4936-9233-9b6307419700 role=api pod=gateway-866f6b7d45-p9k5h method=POST path=/api/transcriptions status=200 durationMs=768
[pod/gateway-866f6b7d45-p9k5h/gateway] 2026-10-05T23:36:36.035+00:00 INFO  http.request requestId=5db619ff-9668-4879-aa9b-a93e0b120bf9 role=api pod=gateway-866f6b7d45-p9k5h method=POST path=/api/translations status=200 durationMs=354
[pod/gateway-866f6b7d45-p9k5h/gateway] 2026-10-05T23:36:36.047+00:00 INFO  http.request requestId=a4fc03f4-7f49-4938-94e4-454c2acbd413 role=api pod=gateway-866f6b7d45-p9k5h method=POST path=/api/translations status=200 durationMs=278
[pod/gateway-866f6b7d45-p9k5h/gateway] 2026-10-05T23:36:36.093+00:00 INFO  http.request requestId=817c51c6-182e-45d3-898f-54211eb675db role=api pod=gateway-866f6b7d45-p9k5h method=POST path=/api/translations status=200 durationMs=362
[pod/gateway-866f6b7d45-p9k5h/gateway] 2026-10-05T23:36:36.098+00:00 INFO  http.request requestId=cd17fa5e-70c9-412e-bd58-f21489ad94c1 role=api pod=gateway-866f6b7d45-p9k5h method=POST path=/api/translations status=200 durationMs=260
[pod/gateway-866f6b7d45-p9k5h/gateway] 2026-10-05T23:36:36.144+00:00 INFO  http.request requestId=d1b86800-48af-4694-b3b8-8434fd276802 role=api pod=gateway-866f6b7d45-p9k5h method=POST path=/api/transcriptions status=200 durationMs=805
[pod/gateway-866f6b7d45-p9k5h/gateway] 2026-10-05T23:36:36.158+00:00 INFO  http.request requestId=beb5fcbf-1657-496e-a463-f94ec3530e6b role=api pod=gateway-866f6b7d45-p9k5h method=POST path=/api/translations status=200 durationMs=393
[pod/gateway-866f6b7d45-p9k5h/gateway] 2026-10-05T23:36:36.172+00:00 INFO  http.request requestId=eac2cde8-1430-4a7a-b48d-ea8144f4ae99 role=api pod=gateway-866f6b7d45-p9k5h method=POST path=/api/translations status=200 durationMs=396
[pod/gateway-866f6b7d45-p9k5h/gateway] 2026-10-05T23:36:36.192+00:00 INFO  http.request requestId=c0b5e784-8d0b-4d4d-834d-408608d0f1fa role=api pod=gateway-866f6b7d45-p9k5h method=POST path=/api/transcriptions status=200 durationMs=809
[pod/gateway-866f6b7d45-p9k5h/gateway] 2026-10-05T23:36:36.211+00:00 INFO  http.request requestId=d1ce7733-c429-43b7-8807-acf4de5ba7d3 role=api pod=gateway-866f6b7d45-p9k5h method=POST path=/api/transcriptions status=200 durationMs=543
[pod/gateway-866f6b7d45-p9k5h/gateway] 2026-10-05T23:36:36.234+00:00 INFO  http.request requestId=2edf4c9d-4443-4a5e-bf49-486c59673530 role=api pod=gateway-866f6b7d45-p9k5h method=POST path=/api/translations status=200 durationMs=262
[pod/gateway-866f6b7d45-p9k5h/gateway] 2026-10-05T23:36:36.240+00:00 INFO  http.request requestId=ee34d5ce-733d-40f1-a637-cbc0004ef5e2 role=api pod=gateway-866f6b7d45-p9k5h method=POST path=/api/transcriptions status=200 durationMs=795
[pod/gateway-866f6b7d45-p9k5h/gateway] 2026-10-05T23:36:36.249+00:00 INFO  http.request requestId=be009490-2e6b-4ab2-bc37-d62f0db40fa5 role=api pod=gateway-866f6b7d45-p9k5h method=POST path=/api/transcriptions status=200 durationMs=654
[pod/gateway-866f6b7d45-p9k5h/gateway] 2026-10-05T23:36:36.311+00:00 INFO  http.request requestId=499c3f4d-44cf-4364-80f9-7526b1bef7f5 role=api pod=gateway-866f6b7d45-p9k5h method=POST path=/api/translations status=200 durationMs=396
[pod/gateway-866f6b7d45-p9k5h/gateway] 2026-10-05T23:36:36.359+00:00 INFO  http.request requestId=2f973645-a4b2-4846-8b51-54866708d7a8 role=api pod=gateway-866f6b7d45-p9k5h method=POST path=/api/transcriptions status=200 durationMs=676
[pod/gateway-866f6b7d45-p9k5h/gateway] 2026-10-05T23:36:36.362+00:00 INFO  http.request requestId=d0dd016e-7b46-4f10-ae57-b38aed12bdae role=api pod=gateway-866f6b7d45-p9k5h method=POST path=/api/transcriptions status=200 durationMs=513
[pod/gateway-866f6b7d45-p9k5h/gateway] 2026-10-05T23:36:36.402+00:00 INFO  http.request requestId=cf48a4e7-e6ef-41b9-adc5-bde45c05bc38 role=api pod=gateway-866f6b7d45-p9k5h method=POST path=/api/transcriptions status=200 durationMs=777
[pod/gateway-866f6b7d45-p9k5h/gateway] 2026-10-05T23:36:36.409+00:00 INFO  http.request requestId=6b9d433f-9cad-4a49-8477-46b4a650e456 role=api pod=gateway-866f6b7d45-p9k5h method=POST path=/api/transcriptions status=200 durationMs=695
[pod/gateway-866f6b7d45-p9k5h/gateway] 2026-10-05T23:36:36.516+00:00 INFO  http.request requestId=4adaeaa9-fa09-4c3f-917a-09808484b8bb role=api pod=gateway-866f6b7d45-p9k5h method=POST path=/api/transcriptions status=200 durationMs=443
[pod/gateway-866f6b7d45-p9k5h/gateway] 2026-10-05T23:36:36.520+00:00 INFO  http.request requestId=b814b673-1b1e-44e0-9872-d9b68d9acf4d role=api pod=gateway-866f6b7d45-p9k5h method=POST path=/api/transcriptions status=200 durationMs=535
[pod/gateway-866f6b7d45-p9k5h/gateway] 2026-10-05T23:36:36.538+00:00 INFO  http.request requestId=dc81bd59-ed5a-42af-95d4-5e5596718cba role=api pod=gateway-866f6b7d45-p9k5h method=POST path=/api/transcriptions status=200 durationMs=432
[pod/gateway-866f6b7d45-p9k5h/gateway] 2026-10-05T23:36:36.538+00:00 INFO  http.request requestId=1629a0cd-8095-4739-967e-0540b5175516 role=api pod=gateway-866f6b7d45-p9k5h method=POST path=/api/translations status=200 durationMs=310
[pod/gateway-866f6b7d45-p9k5h/gateway] 2026-10-05T23:36:36.553+00:00 INFO  http.request requestId=396c91d1-edd0-4314-a3a8-1d38380ffc47 role=api pod=gateway-866f6b7d45-p9k5h method=POST path=/api/transcriptions status=200 durationMs=509
[pod/gateway-866f6b7d45-p9k5h/gateway] 2026-10-05T23:36:36.564+00:00 INFO  http.request requestId=ca7b6a9d-9877-438c-b6de-7a9704a36c2a role=api pod=gateway-866f6b7d45-p9k5h method=POST path=/api/transcriptions status=200 durationMs=610
[pod/gateway-866f6b7d45-p9k5h/gateway] 2026-10-05T23:36:36.573+00:00 INFO  http.request requestId=7543d69d-9308-4c97-9312-5fedb71ac66c role=api pod=gateway-866f6b7d45-p9k5h method=POST path=/api/translations status=200 durationMs=333
[pod/gateway-866f6b7d45-p9k5h/gateway] 2026-10-05T23:36:36.574+00:00 INFO  http.request requestId=1480e34f-2eb5-4972-90b9-b1cde41e1f87 role=api pod=gateway-866f6b7d45-p9k5h method=POST path=/api/translations status=200 durationMs=315
[pod/gateway-866f6b7d45-p9k5h/gateway] 2026-10-05T23:36:36.594+00:00 INFO  http.request requestId=cbbdbaa4-c45d-49ff-a081-0cf942e7813c role=api pod=gateway-866f6b7d45-p9k5h method=POST path=/api/transcriptions status=200 durationMs=805
[pod/gateway-866f6b7d45-p9k5h/gateway] 2026-10-05T23:36:36.648+00:00 INFO  http.request requestId=6f57dff1-e424-4795-aecd-0dfc57292101 role=api pod=gateway-866f6b7d45-p9k5h method=POST path=/api/translations status=200 durationMs=217
[pod/gateway-866f6b7d45-p9k5h/gateway] 2026-10-05T23:36:36.719+00:00 INFO  http.request requestId=044ae1ef-c74f-4b07-86d1-1a29f5a2fd9f role=api pod=gateway-866f6b7d45-p9k5h method=POST path=/api/transcriptions status=200 durationMs=555
[pod/gateway-866f6b7d45-p9k5h/gateway] 2026-10-05T23:36:36.731+00:00 INFO  http.request requestId=e0b82ccf-83d6-484b-8142-150afa0c99cd role=api pod=gateway-866f6b7d45-p9k5h method=POST path=/api/translations status=200 durationMs=352
[pod/gateway-866f6b7d45-p9k5h/gateway] 2026-10-05T23:36:36.801+00:00 INFO  http.request requestId=2c362dfd-edfd-492d-87ea-4e718eb0e66b role=api pod=gateway-866f6b7d45-p9k5h method=POST path=/api/translations status=200 durationMs=408
[pod/gateway-866f6b7d45-p9k5h/gateway] 2026-10-05T23:36:36.817+00:00 INFO  http.request requestId=6ba52d44-6906-48b5-a0d2-85a4c79bc281 role=api pod=gateway-866f6b7d45-p9k5h method=POST path=/api/translations status=200 durationMs=379
[pod/gateway-866f6b7d45-p9k5h/gateway] 2026-10-05T23:36:36.858+00:00 INFO  http.request requestId=631c8bb0-cfdf-46b5-84c1-cc6ab338afcd role=api pod=gateway-866f6b7d45-p9k5h method=POST path=/api/transcriptions status=200 durationMs=484
[pod/gateway-866f6b7d45-p9k5h/gateway] 2026-10-05T23:36:36.862+00:00 INFO  http.request requestId=1e1d83d9-96d6-4df6-9ab5-314d602eb704 role=api pod=gateway-866f6b7d45-p9k5h method=POST path=/api/translations status=200 durationMs=252
[pod/gateway-866f6b7d45-p9k5h/gateway] 2026-10-05T23:36:36.876+00:00 INFO  http.request requestId=b787a4a1-a952-4485-b30e-ae5dacc9cc43 role=api pod=gateway-866f6b7d45-p9k5h method=POST path=/api/translations status=200 durationMs=256
[pod/gateway-866f6b7d45-p9k5h/gateway] 2026-10-05T23:36:36.876+00:00 INFO  http.request requestId=5c844cdb-1ddd-415f-b9bb-e75725dd7f82 role=api pod=gateway-866f6b7d45-p9k5h method=POST path=/api/translations status=200 durationMs=311
[pod/gateway-866f6b7d45-p9k5h/gateway] 2026-10-05T23:36:36.897+00:00 INFO  http.request requestId=99fcfe16-912e-491a-8df7-945a2412cd97 role=api pod=gateway-866f6b7d45-p9k5h method=POST path=/api/translations status=200 durationMs=377
[pod/gateway-866f6b7d45-p9k5h/gateway] 2026-10-05T23:36:36.944+00:00 INFO  http.request requestId=1db46678-eca9-4681-8ee5-f8989816fbf1 role=api pod=gateway-866f6b7d45-p9k5h method=POST path=/api/transcriptions status=200 durationMs=704
[pod/gateway-866f6b7d45-p9k5h/gateway] 2026-10-05T23:36:36.948+00:00 INFO  http.request requestId=e86ab359-11e9-4e51-a1d1-e549c6d8ceee role=api pod=gateway-866f6b7d45-p9k5h method=POST path=/api/translations status=200 durationMs=294
[pod/gateway-866f6b7d45-p9k5h/gateway] 2026-10-05T23:36:36.991+00:00 INFO  http.request requestId=ef406a79-3a4f-4273-8540-8d8e1b362778 role=api pod=gateway-866f6b7d45-p9k5h method=POST path=/api/transcriptions status=200 durationMs=678
[pod/gateway-866f6b7d45-p9k5h/gateway] 2026-10-05T23:36:36.998+00:00 INFO  http.request requestId=93c694ae-e425-451f-93ae-2d413a4ddefc role=api pod=gateway-866f6b7d45-p9k5h method=POST path=/api/transcriptions status=200 durationMs=805
[pod/gateway-866f6b7d45-p9k5h/gateway] 2026-10-05T23:36:37.147+00:00 INFO  http.request requestId=b5e4a0d8-7182-46a7-a60e-25d81fa24e30 role=api pod=gateway-866f6b7d45-p9k5h method=POST path=/api/translations status=200 durationMs=281
[pod/gateway-866f6b7d45-p9k5h/gateway] 2026-10-05T23:36:37.148+00:00 INFO  http.request requestId=87f8eec2-31ea-4614-93a4-66b0e951723a role=api pod=gateway-866f6b7d45-p9k5h method=POST path=/api/transcriptions status=200 durationMs=624
[pod/gateway-866f6b7d45-p9k5h/gateway] 2026-10-05T23:36:37.153+00:00 INFO  http.request requestId=471241db-2868-41db-9887-6821e8601b9f role=api pod=gateway-866f6b7d45-p9k5h method=POST path=/api/translations status=200 durationMs=294
[pod/gateway-866f6b7d45-p9k5h/gateway] 2026-10-05T23:36:37.157+00:00 INFO  http.request requestId=5ea2022a-cc95-41a8-8234-04a9033b35cf role=api pod=gateway-866f6b7d45-p9k5h method=POST path=/api/transcriptions status=200 durationMs=602
[pod/gateway-866f6b7d45-p9k5h/gateway] 2026-10-05T23:36:37.185+00:00 INFO  http.request requestId=ba89744a-a41a-4910-8591-8c47b7d4fb02 role=api pod=gateway-866f6b7d45-p9k5h method=POST path=/api/transcriptions status=200 durationMs=781
[pod/gateway-866f6b7d45-p9k5h/gateway] 2026-10-05T23:36:37.195+00:00 INFO  http.request requestId=420dcfd4-c657-4d91-9373-621c8755a7a0 role=api pod=gateway-866f6b7d45-p9k5h method=POST path=/api/translations status=200 durationMs=306
[pod/gateway-866f6b7d45-p9k5h/gateway] 2026-10-05T23:36:37.201+00:00 INFO  http.request requestId=39408982-759a-40b9-bc4c-6a715a3e6d9d role=api pod=gateway-866f6b7d45-p9k5h method=POST path=/api/translations status=200 durationMs=243
[pod/gateway-866f6b7d45-p9k5h/gateway] 2026-10-05T23:36:37.238+00:00 INFO  http.request requestId=68862759-3a3b-4363-a8f1-8bd1dcf789cc role=api pod=gateway-866f6b7d45-p9k5h method=POST path=/api/transcriptions status=200 durationMs=669
[pod/gateway-866f6b7d45-p9k5h/gateway] 2026-10-05T23:36:37.253+00:00 INFO  http.request requestId=e6637e0c-d24a-415e-ba32-e756298ea283 role=api pod=gateway-866f6b7d45-p9k5h method=POST path=/api/translations status=200 durationMs=351
[pod/gateway-866f6b7d45-p9k5h/gateway] 2026-10-05T23:36:37.259+00:00 INFO  http.request requestId=092bfda6-c974-4e09-aa1b-3282a4e3da19 role=api pod=gateway-866f6b7d45-p9k5h method=POST path=/api/transcriptions status=200 durationMs=570
[pod/gateway-866f6b7d45-p9k5h/gateway] 2026-10-05T23:36:37.270+00:00 INFO  http.request requestId=d5cc2a91-8e08-4a04-8cf7-27799c0c67fa role=api pod=gateway-866f6b7d45-p9k5h method=POST path=/api/transcriptions status=200 durationMs=732
[pod/gateway-866f6b7d45-p9k5h/gateway] 2026-10-05T23:36:37.272+00:00 INFO  http.request requestId=ee674e03-5393-4215-8f99-d0ff034cb23d role=api pod=gateway-866f6b7d45-p9k5h method=POST path=/api/translations status=200 durationMs=274
[pod/gateway-866f6b7d45-p9k5h/gateway] 2026-10-05T23:36:37.277+00:00 INFO  http.request requestId=b02940ed-4b8f-48ec-bfbb-18e9e982eb68 role=api pod=gateway-866f6b7d45-p9k5h method=POST path=/api/translations status=200 durationMs=395
[pod/gateway-866f6b7d45-p9k5h/gateway] 2026-10-05T23:36:37.285+00:00 INFO  http.request requestId=8b69a796-7d7f-4321-9e7b-2c3dd79946af role=api pod=gateway-866f6b7d45-p9k5h method=POST path=/api/transcriptions status=200 durationMs=702
[pod/gateway-866f6b7d45-p9k5h/gateway] 2026-10-05T23:36:37.336+00:00 INFO  http.request requestId=20e4fc27-802a-4614-9030-e841a0aff310 role=api pod=gateway-866f6b7d45-p9k5h method=POST path=/api/translations status=200 durationMs=225
[pod/gateway-866f6b7d45-p9k5h/gateway] 2026-10-05T23:36:37.420+00:00 INFO  http.request requestId=7f8b0c9b-10cc-4ae2-bd35-f77f76b80fe5 role=api pod=gateway-866f6b7d45-p9k5h method=POST path=/api/translations status=200 durationMs=268
[pod/gateway-866f6b7d45-p9k5h/gateway] 2026-10-05T23:36:37.521+00:00 INFO  http.request requestId=65be3230-e8ba-4995-bde8-1b1444987cc1 role=api pod=gateway-866f6b7d45-p9k5h method=POST path=/api/translations status=200 durationMs=229
[pod/gateway-866f6b7d45-p9k5h/gateway] 2026-10-05T23:36:37.529+00:00 INFO  http.request requestId=d1635273-b8b6-44d3-ac10-f2775e24ccf9 role=api pod=gateway-866f6b7d45-p9k5h method=POST path=/api/translations status=200 durationMs=258
[pod/gateway-866f6b7d45-p9k5h/gateway] 2026-10-05T23:36:37.557+00:00 INFO  http.request requestId=29ec036b-e302-445c-995a-22a3b1ee9783 role=api pod=gateway-866f6b7d45-p9k5h method=POST path=/api/translations status=200 durationMs=302
[pod/gateway-866f6b7d45-p9k5h/gateway] 2026-10-05T23:36:37.574+00:00 INFO  http.request requestId=09530a0d-eb7d-42bc-8ba8-5282ab505bcb role=api pod=gateway-866f6b7d45-p9k5h method=POST path=/api/translations status=200 durationMs=288
[pod/gateway-866f6b7d45-p9k5h/gateway] 2026-10-05T23:36:37.575+00:00 INFO  http.request requestId=165aa452-6e7c-45ae-8a55-0bc1d614bff5 role=api pod=gateway-866f6b7d45-p9k5h method=POST path=/api/transcriptions status=200 durationMs=796
[pod/gateway-866f6b7d45-p9k5h/gateway] 2026-10-05T23:36:37.604+00:00 INFO  http.request requestId=f721b16c-dc4d-4b8f-81f9-c10ba966cd4a role=api pod=gateway-866f6b7d45-p9k5h method=POST path=/api/translations status=200 durationMs=401
[pod/gateway-866f6b7d45-p9k5h/gateway] 2026-10-05T23:36:37.643+00:00 INFO  http.request requestId=3c549d64-5327-4ce4-a1c9-30c2633a5dac role=api pod=gateway-866f6b7d45-p9k5h method=POST path=/api/transcriptions status=200 durationMs=638
[pod/gateway-866f6b7d45-p9k5h/gateway] 2026-10-05T23:36:37.682+00:00 INFO  http.request requestId=33328549-0542-447c-8465-f19e7ec6e891 role=api pod=gateway-866f6b7d45-p9k5h method=POST path=/api/transcriptions status=200 durationMs=439
[pod/gateway-866f6b7d45-p9k5h/gateway] 2026-10-05T23:36:37.694+00:00 INFO  http.request requestId=77b8fbd1-c29f-408b-90d6-067eff1436a8 role=api pod=gateway-866f6b7d45-p9k5h method=POST path=/api/transcriptions status=200 durationMs=405
[pod/gateway-866f6b7d45-p9k5h/gateway] 2026-10-05T23:36:37.720+00:00 INFO  http.request requestId=38a33a08-a9d8-4417-b441-e5409e464bd5 role=api pod=gateway-866f6b7d45-p9k5h method=POST path=/api/transcriptions status=200 durationMs=686
[pod/gateway-866f6b7d45-p9k5h/gateway] 2026-10-05T23:36:37.768+00:00 INFO  http.request requestId=3f778891-9944-4359-aa4e-0fe4dfcb824b role=api pod=gateway-866f6b7d45-p9k5h method=POST path=/api/transcriptions status=200 durationMs=793
[pod/gateway-866f6b7d45-p9k5h/gateway] 2026-10-05T23:36:37.770+00:00 INFO  http.request requestId=b85d78f2-387b-46d9-a23d-0724e6551be4 role=api pod=gateway-866f6b7d45-p9k5h method=POST path=/api/transcriptions status=200 durationMs=587
[pod/gateway-866f6b7d45-p9k5h/gateway] 2026-10-05T23:36:37.792+00:00 INFO  http.request requestId=522825d9-9f9f-4f68-a5f2-86516b9be728 role=api pod=gateway-866f6b7d45-p9k5h method=POST path=/api/translations status=200 durationMs=313
[pod/gateway-866f6b7d45-p9k5h/gateway] 2026-10-05T23:36:37.824+00:00 INFO  http.request requestId=d91353ec-f942-49a8-b727-3d4a9b19b54d role=api pod=gateway-866f6b7d45-p9k5h method=POST path=/api/translations status=200 durationMs=248
[pod/gateway-866f6b7d45-p9k5h/gateway] 2026-10-05T23:36:37.855+00:00 INFO  http.request requestId=5d1094db-4c4e-49e7-9c47-42008e67647e role=api pod=gateway-866f6b7d45-p9k5h method=POST path=/api/transcriptions status=200 durationMs=685
[pod/gateway-866f6b7d45-p9k5h/gateway] 2026-10-05T23:36:37.933+00:00 INFO  http.request requestId=bfe5f39b-8ef8-40d0-9a58-e53548eb4cbd role=api pod=gateway-866f6b7d45-p9k5h method=POST path=/api/transcriptions status=200 durationMs=778
[pod/gateway-866f6b7d45-p9k5h/gateway] 2026-10-05T23:36:37.937+00:00 INFO  http.request requestId=fb69b759-fcd4-4e67-a2db-9c1e928617be role=api pod=gateway-866f6b7d45-p9k5h method=POST path=/api/translations status=200 durationMs=271
[pod/gateway-866f6b7d45-p9k5h/gateway] 2026-10-05T23:36:37.950+00:00 INFO  http.request requestId=b71cfe09-dcc7-4672-b338-5dba672c9489 role=api pod=gateway-866f6b7d45-p9k5h method=POST path=/api/translations status=200 durationMs=228
[pod/gateway-866f6b7d45-p9k5h/gateway] 2026-10-05T23:36:37.956+00:00 INFO  http.request requestId=e6490717-1ad4-4091-8403-c321d9e1566c role=api pod=gateway-866f6b7d45-p9k5h method=POST path=/api/transcriptions status=200 durationMs=682
[pod/gateway-866f6b7d45-p9k5h/gateway] 2026-10-05T23:36:38.021+00:00 INFO  http.request requestId=0f4510c8-c585-46c9-9906-8ac001937e08 role=api pod=gateway-866f6b7d45-p9k5h method=POST path=/api/translations status=200 durationMs=250
[pod/gateway-866f6b7d45-p9k5h/gateway] 2026-10-05T23:36:38.044+00:00 INFO  http.request requestId=0ec272c0-f5a2-414f-87e1-7add6aeaa802 role=api pod=gateway-866f6b7d45-p9k5h method=POST path=/api/transcriptions status=200 durationMs=711
[pod/gateway-866f6b7d45-p9k5h/gateway] 2026-10-05T23:36:38.180+00:00 INFO  http.request requestId=69642a85-925c-4d32-9783-ee9dace740cd role=api pod=gateway-866f6b7d45-p9k5h method=POST path=/api/translations status=200 durationMs=311
[pod/gateway-866f6b7d45-p9k5h/gateway] 2026-10-05T23:36:38.293+00:00 INFO  http.request requestId=511a5fc9-bab3-45a7-92b7-38a91fcacf2f role=api pod=gateway-866f6b7d45-p9k5h method=POST path=/api/translations status=200 durationMs=297
[pod/gateway-866f6b7d45-p9k5h/gateway] 2026-10-05T23:36:45.341+00:00 INFO  http.request requestId=da0d6b2e-d8b2-48a2-a621-f5e2e889833b role=api pod=gateway-866f6b7d45-p9k5h method=POST path=/api/transcriptions status=200 durationMs=12013
[pod/gateway-866f6b7d45-ww4nv/gateway] 2026-10-05T23:36:28.086+00:00 INFO  http.request requestId=e5c2b9d9-5271-48e9-9495-4fba4412e56f role=api pod=gateway-866f6b7d45-ww4nv method=POST path=/api/transcriptions status=200 durationMs=728
[pod/gateway-866f6b7d45-ww4nv/gateway] 2026-10-05T23:36:28.226+00:00 INFO  http.request requestId=1d47d976-73e3-4d50-a133-ba5378ef3c22 role=api pod=gateway-866f6b7d45-ww4nv method=POST path=/api/translations status=200 durationMs=236
[pod/gateway-866f6b7d45-ww4nv/gateway] 2026-10-05T23:36:28.226+00:00 INFO  http.request requestId=a377fc0a-981e-4df2-bedf-a8ffa4d3ef4f role=api pod=gateway-866f6b7d45-ww4nv method=POST path=/api/translations status=200 durationMs=285
[pod/gateway-866f6b7d45-ww4nv/gateway] 2026-10-05T23:36:28.241+00:00 INFO  http.request requestId=cd6dc34b-0fdd-48d6-8074-548fa889ea1d role=api pod=gateway-866f6b7d45-ww4nv method=POST path=/api/translations status=200 durationMs=388
[pod/gateway-866f6b7d45-ww4nv/gateway] 2026-10-05T23:36:28.277+00:00 INFO  http.request requestId=7d80ad78-d261-40c6-bf40-1810a79a124f role=api pod=gateway-866f6b7d45-ww4nv method=POST path=/api/transcriptions status=200 durationMs=588
[pod/gateway-866f6b7d45-ww4nv/gateway] 2026-10-05T23:36:28.324+00:00 INFO  http.request requestId=b6e1091f-ea8d-44c3-9aed-90d1b02ce63e role=api pod=gateway-866f6b7d45-ww4nv method=POST path=/api/translations status=200 durationMs=361
[pod/gateway-866f6b7d45-ww4nv/gateway] 2026-10-05T23:36:28.367+00:00 INFO  http.request requestId=ef0cc239-28cf-4741-97d4-fb99e0972db8 role=api pod=gateway-866f6b7d45-ww4nv method=POST path=/api/translations status=200 durationMs=272
[pod/gateway-866f6b7d45-ww4nv/gateway] 2026-10-05T23:36:28.404+00:00 INFO  http.request requestId=d9da9dfc-b622-4a88-80d0-51156a80dc48 role=api pod=gateway-866f6b7d45-ww4nv method=POST path=/api/transcriptions status=200 durationMs=476
[pod/gateway-866f6b7d45-ww4nv/gateway] 2026-10-05T23:36:28.438+00:00 INFO  http.request requestId=c1c680ea-cbd7-4dc7-9dfa-0cb232827639 role=api pod=gateway-866f6b7d45-ww4nv method=POST path=/api/translations status=200 durationMs=351
[pod/gateway-866f6b7d45-ww4nv/gateway] 2026-10-05T23:36:28.440+00:00 INFO  http.request requestId=5c78e8b4-449c-4fe9-b3d1-73cb58ecd688 role=api pod=gateway-866f6b7d45-ww4nv method=POST path=/api/transcriptions status=200 durationMs=646
[pod/gateway-866f6b7d45-ww4nv/gateway] 2026-10-05T23:36:28.489+00:00 INFO  http.request requestId=8f861f85-d68b-45ce-bf15-d5b069b8fb06 role=api pod=gateway-866f6b7d45-ww4nv method=POST path=/api/transcriptions status=200 durationMs=471
[pod/gateway-866f6b7d45-ww4nv/gateway] 2026-10-05T23:36:28.491+00:00 INFO  http.request requestId=57c3adc2-f043-4ecb-b7d2-41b082de054f role=api pod=gateway-866f6b7d45-ww4nv method=POST path=/api/translations status=200 durationMs=404
[pod/gateway-866f6b7d45-ww4nv/gateway] 2026-10-05T23:36:28.522+00:00 INFO  http.request requestId=874add03-7b15-411a-928c-8aea3a3b6ed4 role=api pod=gateway-866f6b7d45-ww4nv method=POST path=/api/translations status=200 durationMs=238
[pod/gateway-866f6b7d45-ww4nv/gateway] 2026-10-05T23:36:28.532+00:00 INFO  http.request requestId=dd7523b5-7be4-4943-9a35-d4e8656145c1 role=api pod=gateway-866f6b7d45-ww4nv method=POST path=/api/transcriptions status=200 durationMs=544
[pod/gateway-866f6b7d45-ww4nv/gateway] 2026-10-05T23:36:28.562+00:00 INFO  http.request requestId=806e6054-9244-4f15-b37e-1569b53aa309 role=api pod=gateway-866f6b7d45-ww4nv method=POST path=/api/transcriptions status=200 durationMs=513
[pod/gateway-866f6b7d45-ww4nv/gateway] 2026-10-05T23:36:28.669+00:00 INFO  http.request requestId=8469e5ba-3bb8-43b7-9434-e36bd4308168 role=api pod=gateway-866f6b7d45-ww4nv method=POST path=/api/translations status=200 durationMs=264
[pod/gateway-866f6b7d45-ww4nv/gateway] 2026-10-05T23:36:28.670+00:00 INFO  http.request requestId=f6e2fc4a-cf04-4830-9bbb-c9fcb4c0cb5e role=api pod=gateway-866f6b7d45-ww4nv method=POST path=/api/transcriptions status=200 durationMs=442
[pod/gateway-866f6b7d45-ww4nv/gateway] 2026-10-05T23:36:28.701+00:00 INFO  http.request requestId=3921722d-0f45-4895-85ca-2c0ec8ae65f0 role=api pod=gateway-866f6b7d45-ww4nv method=POST path=/api/transcriptions status=200 durationMs=801
[pod/gateway-866f6b7d45-ww4nv/gateway] 2026-10-05T23:36:28.722+00:00 INFO  http.request requestId=53908e20-d716-41bc-a3ec-0bab16435cc8 role=api pod=gateway-866f6b7d45-ww4nv method=POST path=/api/translations status=200 durationMs=281
[pod/gateway-866f6b7d45-ww4nv/gateway] 2026-10-05T23:36:28.773+00:00 INFO  http.request requestId=f93b904f-c914-4d73-8b3f-e6da9580a3cc role=api pod=gateway-866f6b7d45-ww4nv method=POST path=/api/translations status=200 durationMs=323
[pod/gateway-866f6b7d45-ww4nv/gateway] 2026-10-05T23:36:28.778+00:00 INFO  http.request requestId=82728f7d-4935-434a-8248-f41cec02104c role=api pod=gateway-866f6b7d45-ww4nv method=POST path=/api/translations status=200 durationMs=236
[pod/gateway-866f6b7d45-ww4nv/gateway] 2026-10-05T23:36:28.790+00:00 INFO  http.request requestId=7c6ddb0d-0849-4b4f-a781-5e64d63b1068 role=api pod=gateway-866f6b7d45-ww4nv method=POST path=/api/translations status=200 durationMs=227
[pod/gateway-866f6b7d45-ww4nv/gateway] 2026-10-05T23:36:28.866+00:00 INFO  http.request requestId=ef868f4a-5e66-4cac-9dfa-b28c667395e8 role=api pod=gateway-866f6b7d45-ww4nv method=POST path=/api/transcriptions status=200 durationMs=562
[pod/gateway-866f6b7d45-ww4nv/gateway] 2026-10-05T23:36:28.875+00:00 INFO  http.request requestId=7c09fe62-79ae-4020-bd7a-9f56c7a776e2 role=api pod=gateway-866f6b7d45-ww4nv method=POST path=/api/translations status=200 durationMs=358
[pod/gateway-866f6b7d45-ww4nv/gateway] 2026-10-05T23:36:28.904+00:00 INFO  http.request requestId=96fffb02-29fc-4873-8123-edc447c2df37 role=api pod=gateway-866f6b7d45-ww4nv method=POST path=/api/translations status=200 durationMs=381
[pod/gateway-866f6b7d45-ww4nv/gateway] 2026-10-05T23:36:28.938+00:00 INFO  http.request requestId=3a5a1f1d-774f-4eb6-ae70-eaafebe1e726 role=api pod=gateway-866f6b7d45-ww4nv method=POST path=/api/transcriptions status=200 durationMs=695
[pod/gateway-866f6b7d45-ww4nv/gateway] 2026-10-05T23:36:28.956+00:00 INFO  http.request requestId=32c22de7-9053-4306-9121-a0780b30fd53 role=api pod=gateway-866f6b7d45-ww4nv method=POST path=/api/translations status=200 durationMs=285
[pod/gateway-866f6b7d45-ww4nv/gateway] 2026-10-05T23:36:28.966+00:00 INFO  http.request requestId=68265945-7413-457e-891d-89a5efb2e2af role=api pod=gateway-866f6b7d45-ww4nv method=POST path=/api/translations status=200 durationMs=360
[pod/gateway-866f6b7d45-ww4nv/gateway] 2026-10-05T23:36:29.040+00:00 INFO  http.request requestId=8a405c7a-cfba-41c4-832b-1f2aba17dddf role=api pod=gateway-866f6b7d45-ww4nv method=POST path=/api/transcriptions status=200 durationMs=631
[pod/gateway-866f6b7d45-ww4nv/gateway] 2026-10-05T23:36:29.059+00:00 INFO  http.request requestId=fbae5b5c-0484-4338-9387-8cadebde6c24 role=api pod=gateway-866f6b7d45-ww4nv method=POST path=/api/translations status=200 durationMs=253
[pod/gateway-866f6b7d45-ww4nv/gateway] 2026-10-05T23:36:29.142+00:00 INFO  http.request requestId=e3af9696-b53c-4867-8560-f49c166700b0 role=api pod=gateway-866f6b7d45-ww4nv method=POST path=/api/transcriptions status=200 durationMs=418
[pod/gateway-866f6b7d45-ww4nv/gateway] 2026-10-05T23:36:29.145+00:00 INFO  http.request requestId=43309347-dd56-4801-84b5-d8d621964b6b role=api pod=gateway-866f6b7d45-ww4nv method=POST path=/api/transcriptions status=200 durationMs=632
[pod/gateway-866f6b7d45-ww4nv/gateway] 2026-10-05T23:36:29.195+00:00 INFO  http.request requestId=3ac8ad3b-a0b7-4845-ba1d-b04998b602d3 role=api pod=gateway-866f6b7d45-ww4nv method=POST path=/api/translations status=200 durationMs=277
[pod/gateway-866f6b7d45-ww4nv/gateway] 2026-10-05T23:36:29.210+00:00 INFO  http.request requestId=5fece93c-212a-43f8-9547-7842bdb12473 role=api pod=gateway-866f6b7d45-ww4nv method=POST path=/api/transcriptions status=200 durationMs=531
[pod/gateway-866f6b7d45-ww4nv/gateway] 2026-10-05T23:36:29.210+00:00 INFO  http.request requestId=2c2f980f-a65f-414e-9f23-8d16353f1f31 role=api pod=gateway-866f6b7d45-ww4nv method=POST path=/api/transcriptions status=200 durationMs=501
[pod/gateway-866f6b7d45-ww4nv/gateway] 2026-10-05T23:36:29.274+00:00 INFO  http.request requestId=75e1e4b8-d8d6-4d76-ad47-8993a7c9c467 role=api pod=gateway-866f6b7d45-ww4nv method=POST path=/api/translations status=200 durationMs=219
[pod/gateway-866f6b7d45-ww4nv/gateway] 2026-10-05T23:36:29.282+00:00 INFO  http.request requestId=96fcedbd-9685-417d-b106-9311e3dde4f4 role=api pod=gateway-866f6b7d45-ww4nv method=POST path=/api/translations status=200 durationMs=341
[pod/gateway-866f6b7d45-ww4nv/gateway] 2026-10-05T23:36:29.305+00:00 INFO  http.request requestId=83811f5d-7440-48e9-9b2d-f75ebef4c29e role=api pod=gateway-866f6b7d45-ww4nv method=POST path=/api/translations status=200 durationMs=255
[pod/gateway-866f6b7d45-ww4nv/gateway] 2026-10-05T23:36:29.377+00:00 INFO  http.request requestId=64d48474-37d5-41e8-bcdf-6758cbb5d751 role=api pod=gateway-866f6b7d45-ww4nv method=POST path=/api/transcriptions status=200 durationMs=578
[pod/gateway-866f6b7d45-ww4nv/gateway] 2026-10-05T23:36:29.449+00:00 INFO  http.request requestId=4d21f663-c39a-4a5b-b739-adc71d587208 role=api pod=gateway-866f6b7d45-ww4nv method=POST path=/api/translations status=200 durationMs=306
[pod/gateway-866f6b7d45-ww4nv/gateway] 2026-10-05T23:36:29.449+00:00 INFO  http.request requestId=66c57dbc-daba-402b-b1f2-bda4f75b11b3 role=api pod=gateway-866f6b7d45-ww4nv method=POST path=/api/transcriptions status=200 durationMs=666
[pod/gateway-866f6b7d45-ww4nv/gateway] 2026-10-05T23:36:29.462+00:00 INFO  http.request requestId=362b5fe6-cda0-47f3-b96e-57e74ba0221e role=api pod=gateway-866f6b7d45-ww4nv method=POST path=/api/translations status=200 durationMs=260
[pod/gateway-866f6b7d45-ww4nv/gateway] 2026-10-05T23:36:29.513+00:00 INFO  http.request requestId=64f3d275-7153-4145-ba03-026581dbc7db role=api pod=gateway-866f6b7d45-ww4nv method=POST path=/api/translations status=200 durationMs=303
[pod/gateway-866f6b7d45-ww4nv/gateway] 2026-10-05T23:36:29.556+00:00 INFO  http.request requestId=e57754eb-7297-446e-a3dc-3e2eda4fd0b8 role=api pod=gateway-866f6b7d45-ww4nv method=POST path=/api/transcriptions status=200 durationMs=621
[pod/gateway-866f6b7d45-ww4nv/gateway] 2026-10-05T23:36:29.566+00:00 INFO  http.request requestId=16cbb8e6-72bd-4b5e-a517-215ce9a7ef76 role=api pod=gateway-866f6b7d45-ww4nv method=POST path=/api/transcriptions status=200 durationMs=572
[pod/gateway-866f6b7d45-ww4nv/gateway] 2026-10-05T23:36:29.588+00:00 INFO  http.request requestId=d97c5cc5-fd9a-4763-8c44-251b893fc568 role=api pod=gateway-866f6b7d45-ww4nv method=POST path=/api/translations status=200 durationMs=311
[pod/gateway-866f6b7d45-ww4nv/gateway] 2026-10-05T23:36:29.624+00:00 INFO  http.request requestId=55a2bda1-e8fd-4477-afd8-bcb19c30eca0 role=api pod=gateway-866f6b7d45-ww4nv method=POST path=/api/transcriptions status=200 durationMs=554
[pod/gateway-866f6b7d45-ww4nv/gateway] 2026-10-05T23:36:29.717+00:00 INFO  http.request requestId=20bd7037-e2da-48d0-8b47-a3effeadd616 role=api pod=gateway-866f6b7d45-ww4nv method=POST path=/api/translations status=200 durationMs=337
[pod/gateway-866f6b7d45-ww4nv/gateway] 2026-10-05T23:36:29.735+00:00 INFO  http.request requestId=9e194fd0-8cd3-4f01-9618-535f50fa07ed role=api pod=gateway-866f6b7d45-ww4nv method=POST path=/api/translations status=200 durationMs=277
[pod/gateway-866f6b7d45-ww4nv/gateway] 2026-10-05T23:36:29.752+00:00 INFO  http.request requestId=77a413ef-6ab9-4aaa-8ecc-7590672b9b6e role=api pod=gateway-866f6b7d45-ww4nv method=POST path=/api/translations status=200 durationMs=257
[pod/gateway-866f6b7d45-ww4nv/gateway] 2026-10-05T23:36:29.793+00:00 INFO  http.request requestId=f7ed6b1d-303d-45ff-b198-a837d73899e1 role=api pod=gateway-866f6b7d45-ww4nv method=POST path=/api/transcriptions status=200 durationMs=499
[pod/gateway-866f6b7d45-ww4nv/gateway] 2026-10-05T23:36:29.820+00:00 INFO  http.request requestId=edfba6e9-0cbb-468d-905d-b8fd0ba513f6 role=api pod=gateway-866f6b7d45-ww4nv method=POST path=/api/transcriptions status=200 durationMs=585
[pod/gateway-866f6b7d45-ww4nv/gateway] 2026-10-05T23:36:29.884+00:00 INFO  http.request requestId=97512e58-2fb7-4e57-9132-10b5985e9378 role=api pod=gateway-866f6b7d45-ww4nv method=POST path=/api/transcriptions status=200 durationMs=695
[pod/gateway-866f6b7d45-ww4nv/gateway] 2026-10-05T23:36:29.913+00:00 INFO  http.request requestId=82d24b57-3e67-4b15-bfc8-ff55345efab1 role=api pod=gateway-866f6b7d45-ww4nv method=POST path=/api/transcriptions status=200 durationMs=604
[pod/gateway-866f6b7d45-ww4nv/gateway] 2026-10-05T23:36:29.914+00:00 INFO  http.request requestId=e003c08e-fd6c-4085-b4b4-f2c50ab8fb0c role=api pod=gateway-866f6b7d45-ww4nv method=POST path=/api/transcriptions status=200 durationMs=801
[pod/gateway-866f6b7d45-ww4nv/gateway] 2026-10-05T23:36:29.951+00:00 INFO  http.request requestId=0a6adc57-075e-4b2c-94df-119810613473 role=api pod=gateway-866f6b7d45-ww4nv method=POST path=/api/translations status=200 durationMs=353
[pod/gateway-866f6b7d45-ww4nv/gateway] 2026-10-05T23:36:30.032+00:00 INFO  http.request requestId=a111ba69-2adc-491b-9f2d-0cfb1b175799 role=api pod=gateway-866f6b7d45-ww4nv method=POST path=/api/transcriptions status=200 durationMs=513
[pod/gateway-866f6b7d45-ww4nv/gateway] 2026-10-05T23:36:30.053+00:00 INFO  http.request requestId=1f3e80d6-b0dd-4845-b93b-04769855e2a5 role=api pod=gateway-866f6b7d45-ww4nv method=POST path=/api/translations status=200 durationMs=259
[pod/gateway-866f6b7d45-ww4nv/gateway] 2026-10-05T23:36:30.114+00:00 INFO  http.request requestId=f38a17b8-ce29-4350-9bbb-f93f7dbe30d7 role=api pod=gateway-866f6b7d45-ww4nv method=POST path=/api/transcriptions status=200 durationMs=549
[pod/gateway-866f6b7d45-ww4nv/gateway] 2026-10-05T23:36:30.143+00:00 INFO  http.request requestId=4866f566-adfc-423d-a3ba-8fb2af132870 role=api pod=gateway-866f6b7d45-ww4nv method=POST path=/api/translations status=200 durationMs=371
[pod/gateway-866f6b7d45-ww4nv/gateway] 2026-10-05T23:36:30.143+00:00 INFO  http.request requestId=030e1513-06a9-4376-ab4b-bda254c1c788 role=api pod=gateway-866f6b7d45-ww4nv method=POST path=/api/translations status=200 durationMs=259
[pod/gateway-866f6b7d45-ww4nv/gateway] 2026-10-05T23:36:30.167+00:00 INFO  http.request requestId=81b6678f-4499-4fc0-b410-f4096e75b005 role=api pod=gateway-866f6b7d45-ww4nv method=POST path=/api/transcriptions status=200 durationMs=692
[pod/gateway-866f6b7d45-ww4nv/gateway] 2026-10-05T23:36:30.236+00:00 INFO  http.request requestId=2b217d70-a330-463c-81d7-7891d65656e7 role=api pod=gateway-866f6b7d45-ww4nv method=POST path=/api/translations status=200 durationMs=281
[pod/gateway-866f6b7d45-ww4nv/gateway] 2026-10-05T23:36:30.243+00:00 INFO  http.request requestId=d003d173-05cc-4fef-bcb0-41772100e921 role=api pod=gateway-866f6b7d45-ww4nv method=POST path=/api/transcriptions status=200 durationMs=664
[pod/gateway-866f6b7d45-ww4nv/gateway] 2026-10-05T23:36:30.252+00:00 INFO  http.request requestId=d218ca7e-5e9e-4421-9d26-7551cec5c4d5 role=api pod=gateway-866f6b7d45-ww4nv method=POST path=/api/translations status=200 durationMs=337
[pod/gateway-866f6b7d45-ww4nv/gateway] 2026-10-05T23:36:30.270+00:00 INFO  http.request requestId=e3df0c99-fde8-4f9d-9e5c-69fa3d30ad6b role=api pod=gateway-866f6b7d45-ww4nv method=POST path=/api/translations status=200 durationMs=386
[pod/gateway-866f6b7d45-ww4nv/gateway] 2026-10-05T23:36:30.290+00:00 INFO  http.request requestId=ec569862-5cf1-4fc0-9f0c-f2dfe5abfe3d role=api pod=gateway-866f6b7d45-ww4nv method=POST path=/api/transcriptions status=200 durationMs=562
[pod/gateway-866f6b7d45-ww4nv/gateway] 2026-10-05T23:36:30.421+00:00 INFO  http.request requestId=2ebf8ce5-0170-4613-9a35-ff1bf1bb27a4 role=api pod=gateway-866f6b7d45-ww4nv method=POST path=/api/translations status=200 durationMs=406
[pod/gateway-866f6b7d45-ww4nv/gateway] 2026-10-05T23:36:30.429+00:00 INFO  http.request requestId=0978b396-1aec-4ce9-8fd3-03f58884712e role=api pod=gateway-866f6b7d45-ww4nv method=POST path=/api/translations status=200 durationMs=254
[pod/gateway-866f6b7d45-ww4nv/gateway] 2026-10-05T23:36:30.438+00:00 INFO  http.request requestId=af229b38-d6d2-4818-8422-a175ba5317c6 role=api pod=gateway-866f6b7d45-ww4nv method=POST path=/api/translations status=200 durationMs=270
[pod/gateway-866f6b7d45-ww4nv/gateway] 2026-10-05T23:36:30.450+00:00 INFO  http.request requestId=d8413200-f1ad-46b8-8ed7-b36c5734b58e role=api pod=gateway-866f6b7d45-ww4nv method=POST path=/api/transcriptions status=200 durationMs=812
[pod/gateway-866f6b7d45-ww4nv/gateway] 2026-10-05T23:36:30.462+00:00 INFO  http.request requestId=1df505d6-f830-42dc-aa8a-ecc67f124598 role=api pod=gateway-866f6b7d45-ww4nv method=POST path=/api/translations status=200 durationMs=396
[pod/gateway-866f6b7d45-ww4nv/gateway] 2026-10-05T23:36:30.502+00:00 INFO  http.request requestId=f3d008a4-caf6-4b54-8c2a-40149eca0738 role=api pod=gateway-866f6b7d45-ww4nv method=POST path=/api/translations status=200 durationMs=236
[pod/gateway-866f6b7d45-ww4nv/gateway] 2026-10-05T23:36:30.502+00:00 INFO  http.request requestId=e19a9b2c-edd6-48b3-aa87-975d119fcebd role=api pod=gateway-866f6b7d45-ww4nv method=POST path=/api/translations status=200 durationMs=258
[pod/gateway-866f6b7d45-ww4nv/gateway] 2026-10-05T23:36:30.536+00:00 INFO  http.request requestId=075e9a50-6d00-48e5-a8b8-c503d8f8f498 role=api pod=gateway-866f6b7d45-ww4nv method=POST path=/api/transcriptions status=200 durationMs=792
[pod/gateway-866f6b7d45-ww4nv/gateway] 2026-10-05T23:36:30.587+00:00 INFO  http.request requestId=d997e604-bff2-46bd-aa85-ad4fa52011d0 role=api pod=gateway-866f6b7d45-ww4nv method=POST path=/api/transcriptions status=200 durationMs=468
[pod/gateway-866f6b7d45-ww4nv/gateway] 2026-10-05T23:36:30.623+00:00 INFO  http.request requestId=f3a8a45e-e1d2-43a7-9d66-9e74cd34a1ed role=api pod=gateway-866f6b7d45-ww4nv method=POST path=/api/translations status=200 durationMs=274
[pod/gateway-866f6b7d45-ww4nv/gateway] 2026-10-05T23:36:30.653+00:00 INFO  http.request requestId=047082aa-3500-4a96-9d8a-def09793b200 role=api pod=gateway-866f6b7d45-ww4nv method=POST path=/api/translations status=200 durationMs=360
[pod/gateway-866f6b7d45-ww4nv/gateway] 2026-10-05T23:36:30.761+00:00 INFO  http.request requestId=8a080e0e-98fd-4528-9d4f-0916d2eefc84 role=api pod=gateway-866f6b7d45-ww4nv method=POST path=/api/translations status=200 durationMs=305
[pod/gateway-866f6b7d45-ww4nv/gateway] 2026-10-05T23:36:30.761+00:00 INFO  http.request requestId=bf7e099a-7b4f-44ef-a3b5-e9f42754bfc0 role=api pod=gateway-866f6b7d45-ww4nv method=POST path=/api/transcriptions status=200 durationMs=613
[pod/gateway-866f6b7d45-ww4nv/gateway] 2026-10-05T23:36:30.782+00:00 INFO  http.request requestId=9ebbc7be-b6fe-479e-8f4b-1de7d6c5fc2d role=api pod=gateway-866f6b7d45-ww4nv method=POST path=/api/transcriptions status=200 durationMs=739
[pod/gateway-866f6b7d45-ww4nv/gateway] 2026-10-05T23:36:30.789+00:00 INFO  http.request requestId=b1fdbd8e-fa06-4017-9baf-9450a011d27a role=api pod=gateway-866f6b7d45-ww4nv method=POST path=/api/translations status=200 durationMs=213
[pod/gateway-866f6b7d45-ww4nv/gateway] 2026-10-05T23:36:30.795+00:00 INFO  http.request requestId=767019e6-23eb-4307-9cdc-06465bb61cb4 role=api pod=gateway-866f6b7d45-ww4nv method=POST path=/api/translations status=200 durationMs=210
[pod/gateway-866f6b7d45-ww4nv/gateway] 2026-10-05T23:36:30.802+00:00 INFO  http.request requestId=cd8ba336-b382-40ae-ab18-57bff12e3131 role=api pod=gateway-866f6b7d45-ww4nv method=POST path=/api/translations status=200 durationMs=354
[pod/gateway-866f6b7d45-ww4nv/gateway] 2026-10-05T23:36:30.804+00:00 INFO  http.request requestId=080cb332-ff26-4724-ae6d-2ec7739ddcda role=api pod=gateway-866f6b7d45-ww4nv method=POST path=/api/transcriptions status=200 durationMs=550
[pod/gateway-866f6b7d45-ww4nv/gateway] 2026-10-05T23:36:30.940+00:00 INFO  http.request requestId=a4bea35b-1e17-4c2c-a1bc-2439a4557865 role=api pod=gateway-866f6b7d45-ww4nv method=POST path=/api/transcriptions status=200 durationMs=506
[pod/gateway-866f6b7d45-ww4nv/gateway] 2026-10-05T23:36:30.981+00:00 INFO  http.request requestId=7668c78d-7763-4927-a551-de20fb8cd5aa role=api pod=gateway-866f6b7d45-ww4nv method=POST path=/api/transcriptions status=200 durationMs=518
[pod/gateway-866f6b7d45-ww4nv/gateway] 2026-10-05T23:36:30.987+00:00 INFO  http.request requestId=d92c6de4-543b-4512-87ef-6373e1fa1020 role=api pod=gateway-866f6b7d45-ww4nv method=POST path=/api/transcriptions status=200 durationMs=448
[pod/gateway-866f6b7d45-ww4nv/gateway] 2026-10-05T23:36:31.028+00:00 INFO  http.request requestId=33e9a7c6-1435-43eb-b672-4c1dba2ac68c role=api pod=gateway-866f6b7d45-ww4nv method=POST path=/api/translations status=200 durationMs=235
[pod/gateway-866f6b7d45-ww4nv/gateway] 2026-10-05T23:36:31.061+00:00 INFO  http.request requestId=21539f2e-95a4-4724-a408-f5d5fa33ad2e role=api pod=gateway-866f6b7d45-ww4nv method=POST path=/api/translations status=200 durationMs=254
[pod/gateway-866f6b7d45-ww4nv/gateway] 2026-10-05T23:36:31.129+00:00 INFO  http.request requestId=1d33f32b-c746-43b7-b131-ca82e4f4de8e role=api pod=gateway-866f6b7d45-ww4nv method=POST path=/api/translations status=200 durationMs=304
[pod/gateway-866f6b7d45-ww4nv/gateway] 2026-10-05T23:36:31.135+00:00 INFO  http.request requestId=665eeb2b-5a51-447e-a2cb-83a35e62b111 role=api pod=gateway-866f6b7d45-ww4nv method=POST path=/api/transcriptions status=200 durationMs=476
[pod/gateway-866f6b7d45-ww4nv/gateway] 2026-10-05T23:36:31.135+00:00 INFO  http.request requestId=b60eb5a9-daf5-44e2-a2a2-ae1339d48c0f role=api pod=gateway-866f6b7d45-ww4nv method=POST path=/api/translations status=200 durationMs=374
[pod/gateway-866f6b7d45-ww4nv/gateway] 2026-10-05T23:36:31.235+00:00 INFO  http.request requestId=378d907a-cea2-4ca8-b3c5-f727682508bf role=api pod=gateway-866f6b7d45-ww4nv method=POST path=/api/translations status=200 durationMs=247
[pod/gateway-866f6b7d45-ww4nv/gateway] 2026-10-05T23:36:31.325+00:00 INFO  http.request requestId=f9982f65-330f-446b-bee5-0bd37720f43e role=api pod=gateway-866f6b7d45-ww4nv method=POST path=/api/translations status=200 durationMs=277
[pod/gateway-866f6b7d45-ww4nv/gateway] 2026-10-05T23:36:31.357+00:00 INFO  http.request requestId=56d8f8e9-3c78-4191-9774-fa1de5e59857 role=api pod=gateway-866f6b7d45-ww4nv method=POST path=/api/transcriptions status=200 durationMs=592
[pod/gateway-866f6b7d45-ww4nv/gateway] 2026-10-05T23:36:31.368+00:00 INFO  http.request requestId=88b83f95-50b0-41a5-ad9b-d50f0d861bdd role=api pod=gateway-866f6b7d45-ww4nv method=POST path=/api/transcriptions status=200 durationMs=770
[pod/gateway-866f6b7d45-ww4nv/gateway] 2026-10-05T23:36:31.399+00:00 INFO  http.request requestId=535f2baf-ded4-4dfd-8e96-a3d4a71c59ea role=api pod=gateway-866f6b7d45-ww4nv method=POST path=/api/transcriptions status=200 durationMs=455
[pod/gateway-866f6b7d45-ww4nv/gateway] 2026-10-05T23:36:31.420+00:00 INFO  http.request requestId=a9a2050a-2882-422a-8758-dc99ebd5df9b role=api pod=gateway-866f6b7d45-ww4nv method=POST path=/api/transcriptions status=200 durationMs=791
[pod/gateway-866f6b7d45-ww4nv/gateway] 2026-10-05T23:36:31.426+00:00 INFO  http.request requestId=925f663e-c519-4c77-a9d2-50b6f38367b6 role=api pod=gateway-866f6b7d45-ww4nv method=POST path=/api/transcriptions status=200 durationMs=723
[pod/gateway-866f6b7d45-ww4nv/gateway] 2026-10-05T23:36:31.460+00:00 INFO  http.request requestId=f5cfead1-561d-4fc6-9694-2f8d9ca0f604 role=api pod=gateway-866f6b7d45-ww4nv method=POST path=/api/transcriptions status=200 durationMs=652
[pod/gateway-866f6b7d45-ww4nv/gateway] 2026-10-05T23:36:31.488+00:00 INFO  http.request requestId=ac70e747-d550-4496-823a-3816c17b1501 role=api pod=gateway-866f6b7d45-ww4nv method=POST path=/api/translations status=200 durationMs=273
[pod/gateway-866f6b7d45-ww4nv/gateway] 2026-10-05T23:36:31.580+00:00 INFO  http.request requestId=7ee16311-8f2a-4fb0-aae5-8e0de3af6ef2 role=api pod=gateway-866f6b7d45-ww4nv method=POST path=/api/transcriptions status=200 durationMs=440
[pod/gateway-866f6b7d45-ww4nv/gateway] 2026-10-05T23:36:31.581+00:00 INFO  http.request requestId=804f0878-d928-4586-a4b6-a2b65dd176e7 role=api pod=gateway-866f6b7d45-ww4nv method=POST path=/api/translations status=200 durationMs=218
[pod/gateway-866f6b7d45-ww4nv/gateway] 2026-10-05T23:36:31.584+00:00 INFO  http.request requestId=d1099dd3-7241-4949-97c6-5198cb6e4968 role=api pod=gateway-866f6b7d45-ww4nv method=POST path=/api/transcriptions status=200 durationMs=791
[pod/gateway-866f6b7d45-ww4nv/gateway] 2026-10-05T23:36:31.690+00:00 INFO  http.request requestId=b1b42113-cb3c-431d-85d3-a57eba5fe542 role=api pod=gateway-866f6b7d45-ww4nv method=POST path=/api/transcriptions status=200 durationMs=701
[pod/gateway-866f6b7d45-ww4nv/gateway] 2026-10-05T23:36:31.729+00:00 INFO  http.request requestId=9b898152-1295-4a5a-bd6b-385d8d74f99f role=api pod=gateway-866f6b7d45-ww4nv method=POST path=/api/transcriptions status=200 durationMs=574
[pod/gateway-866f6b7d45-ww4nv/gateway] 2026-10-05T23:36:31.792+00:00 INFO  http.request requestId=7376cb09-bb8a-4570-9555-1218a41e8e9f role=api pod=gateway-866f6b7d45-ww4nv method=POST path=/api/transcriptions status=200 durationMs=729
[pod/gateway-866f6b7d45-ww4nv/gateway] 2026-10-05T23:36:31.814+00:00 INFO  http.request requestId=716885b2-73ac-4503-bcb4-5d5c68c0928d role=api pod=gateway-866f6b7d45-ww4nv method=POST path=/api/translations status=200 durationMs=222
[pod/gateway-866f6b7d45-ww4nv/gateway] 2026-10-05T23:36:31.832+00:00 INFO  http.request requestId=a7826c28-f3a7-4b53-9647-976fd7886753 role=api pod=gateway-866f6b7d45-ww4nv method=POST path=/api/transcriptions status=200 durationMs=587
[pod/gateway-866f6b7d45-ww4nv/gateway] 2026-10-05T23:36:31.855+00:00 INFO  http.request requestId=c23bb30c-d288-47fe-9ca3-ec8aca61e9dd role=api pod=gateway-866f6b7d45-ww4nv method=POST path=/api/transcriptions status=200 durationMs=446
[pod/gateway-866f6b7d45-ww4nv/gateway] 2026-10-05T23:36:31.856+00:00 INFO  http.request requestId=83204b3e-4179-4bbc-baea-f6c9e4062382 role=api pod=gateway-866f6b7d45-ww4nv method=POST path=/api/translations status=200 durationMs=271
[pod/gateway-866f6b7d45-ww4nv/gateway] 2026-10-05T23:36:31.893+00:00 INFO  http.request requestId=094703e7-da48-4970-a62f-4fc1bb536cf6 role=api pod=gateway-866f6b7d45-ww4nv method=POST path=/api/transcriptions status=200 durationMs=469
[pod/gateway-866f6b7d45-ww4nv/gateway] 2026-10-05T23:36:31.946+00:00 INFO  http.request requestId=950484a9-fae3-4a7f-81a3-194a76f208d2 role=api pod=gateway-866f6b7d45-ww4nv method=POST path=/api/transcriptions status=200 durationMs=611
[pod/gateway-866f6b7d45-ww4nv/gateway] 2026-10-05T23:36:31.992+00:00 INFO  http.request requestId=d1f0b56a-66d6-455b-9c44-f301d6df50c6 role=api pod=gateway-866f6b7d45-ww4nv method=POST path=/api/translations status=200 durationMs=404
[pod/gateway-866f6b7d45-ww4nv/gateway] 2026-10-05T23:36:32.075+00:00 INFO  http.request requestId=260019cf-8bc5-4a2c-99f3-099e38e4cf94 role=api pod=gateway-866f6b7d45-ww4nv method=POST path=/api/transcriptions status=200 durationMs=607
[pod/gateway-866f6b7d45-ww4nv/gateway] 2026-10-05T23:36:32.137+00:00 INFO  http.request requestId=4c4e4996-d99a-46a0-b478-f3fe6812f2cb role=api pod=gateway-866f6b7d45-ww4nv method=POST path=/api/transcriptions status=200 durationMs=759
[pod/gateway-866f6b7d45-ww4nv/gateway] 2026-10-05T23:36:32.153+00:00 INFO  http.request requestId=54265443-eee3-4e65-b4bd-a86bf298dcf4 role=api pod=gateway-866f6b7d45-ww4nv method=POST path=/api/transcriptions status=200 durationMs=712
[pod/gateway-866f6b7d45-ww4nv/gateway] 2026-10-05T23:36:32.166+00:00 INFO  http.request requestId=1cc34f72-46b7-49f5-b526-e698ae15f371 role=api pod=gateway-866f6b7d45-ww4nv method=POST path=/api/translations status=200 durationMs=290
[pod/gateway-866f6b7d45-ww4nv/gateway] 2026-10-05T23:36:32.191+00:00 INFO  http.request requestId=d98c5714-ab29-40da-9787-092f35e384d4 role=api pod=gateway-866f6b7d45-ww4nv method=POST path=/api/translations status=200 durationMs=338
[pod/gateway-866f6b7d45-ww4nv/gateway] 2026-10-05T23:36:32.266+00:00 INFO  http.request requestId=12b4f065-c2a8-4463-9f38-8a37fa88d1b0 role=api pod=gateway-866f6b7d45-ww4nv method=POST path=/api/transcriptions status=200 durationMs=753
[pod/gateway-866f6b7d45-ww4nv/gateway] 2026-10-05T23:36:32.273+00:00 INFO  http.request requestId=b04f6792-91fd-44a5-90d6-1d903213e49d role=api pod=gateway-866f6b7d45-ww4nv method=POST path=/api/translations status=200 durationMs=371
[pod/gateway-866f6b7d45-ww4nv/gateway] 2026-10-05T23:36:32.276+00:00 INFO  http.request requestId=e1e2d9a1-d3d6-4e9c-8025-a56b95af72c3 role=api pod=gateway-866f6b7d45-ww4nv method=POST path=/api/translations status=200 durationMs=328
[pod/gateway-866f6b7d45-ww4nv/gateway] 2026-10-05T23:36:32.282+00:00 INFO  http.request requestId=6079c46c-f395-4efe-9318-3bc3a15b6001 role=api pod=gateway-866f6b7d45-ww4nv method=POST path=/api/transcriptions status=200 durationMs=423
[pod/gateway-866f6b7d45-ww4nv/gateway] 2026-10-05T23:36:32.298+00:00 INFO  http.request requestId=6d0cf449-42c1-4295-b990-b3ce0d3d31f9 role=api pod=gateway-866f6b7d45-ww4nv method=POST path=/api/transcriptions status=200 durationMs=501
[pod/gateway-866f6b7d45-ww4nv/gateway] 2026-10-05T23:36:32.395+00:00 INFO  http.request requestId=c4f5c642-7414-4433-9fbb-ab6936c66250 role=api pod=gateway-866f6b7d45-ww4nv method=POST path=/api/transcriptions status=200 durationMs=521
[pod/gateway-866f6b7d45-ww4nv/gateway] 2026-10-05T23:36:32.455+00:00 INFO  http.request requestId=bf209691-369f-4a6b-be5f-ff33d133b03b role=api pod=gateway-866f6b7d45-ww4nv method=POST path=/api/translations status=200 durationMs=275
[pod/gateway-866f6b7d45-ww4nv/gateway] 2026-10-05T23:36:32.474+00:00 INFO  http.request requestId=cead23f7-ab90-4a69-9cb7-f6542b6acb3e role=api pod=gateway-866f6b7d45-ww4nv method=POST path=/api/transcriptions status=200 durationMs=780
[pod/gateway-866f6b7d45-ww4nv/gateway] 2026-10-05T23:36:32.508+00:00 INFO  http.request requestId=89387b11-61ef-4656-9741-756d95ad2c01 role=api pod=gateway-866f6b7d45-ww4nv method=POST path=/api/transcriptions status=200 durationMs=770
[pod/gateway-866f6b7d45-ww4nv/gateway] 2026-10-05T23:36:32.548+00:00 INFO  http.request requestId=52a49d18-b38a-4e97-89be-b7512c89d4ab role=api pod=gateway-866f6b7d45-ww4nv method=POST path=/api/transcriptions status=200 durationMs=555
[pod/gateway-866f6b7d45-ww4nv/gateway] 2026-10-05T23:36:32.587+00:00 INFO  http.request requestId=51457577-1f39-4327-b35c-2ac6ffbb3bc6 role=api pod=gateway-866f6b7d45-ww4nv method=POST path=/api/translations status=200 durationMs=286
[pod/gateway-866f6b7d45-ww4nv/gateway] 2026-10-05T23:36:32.592+00:00 INFO  http.request requestId=0ffebaf5-e4ef-46cf-a2a4-f76bd8f1d1aa role=api pod=gateway-866f6b7d45-ww4nv method=POST path=/api/transcriptions status=200 durationMs=508
[pod/gateway-866f6b7d45-ww4nv/gateway] 2026-10-05T23:36:32.617+00:00 INFO  http.request requestId=23776799-e17f-4a5e-aeae-ea244e2f0814 role=api pod=gateway-866f6b7d45-ww4nv method=POST path=/api/translations status=200 durationMs=350
[pod/gateway-866f6b7d45-ww4nv/gateway] 2026-10-05T23:36:32.619+00:00 INFO  http.request requestId=b4b7260c-4a12-49c5-864c-a8f1b1fb7d59 role=api pod=gateway-866f6b7d45-ww4nv method=POST path=/api/transcriptions status=200 durationMs=459
[pod/gateway-866f6b7d45-ww4nv/gateway] 2026-10-05T23:36:32.754+00:00 INFO  http.request requestId=f132a8ea-6507-4bb4-82ad-ece75c081b58 role=api pod=gateway-866f6b7d45-ww4nv method=POST path=/api/translations status=200 durationMs=297
[pod/gateway-866f6b7d45-ww4nv/gateway] 2026-10-05T23:36:32.780+00:00 INFO  http.request requestId=edff588d-519f-4c94-86ad-6c5825c90624 role=api pod=gateway-866f6b7d45-ww4nv method=POST path=/api/translations status=200 durationMs=297
[pod/gateway-866f6b7d45-ww4nv/gateway] 2026-10-05T23:36:32.802+00:00 INFO  http.request requestId=930e7e34-8f5f-4afa-9513-62f84c4ef94f role=api pod=gateway-866f6b7d45-ww4nv method=POST path=/api/translations status=200 durationMs=406
[pod/gateway-866f6b7d45-ww4nv/gateway] 2026-10-05T23:36:32.828+00:00 INFO  http.request requestId=9729bc42-aa4f-4137-9a87-aa327c33f4bd role=api pod=gateway-866f6b7d45-ww4nv method=POST path=/api/translations status=200 durationMs=316
[pod/gateway-866f6b7d45-ww4nv/gateway] 2026-10-05T23:36:32.848+00:00 INFO  http.request requestId=1479cd32-92bd-4b67-9cf1-d41a359ee1b7 role=api pod=gateway-866f6b7d45-ww4nv method=POST path=/api/transcriptions status=200 durationMs=449
[pod/gateway-866f6b7d45-ww4nv/gateway] 2026-10-05T23:36:32.848+00:00 INFO  http.request requestId=1a58e464-8af4-4813-a050-500bca5b0dca role=api pod=gateway-866f6b7d45-ww4nv method=POST path=/api/transcriptions status=200 durationMs=524
[pod/gateway-866f6b7d45-ww4nv/gateway] 2026-10-05T23:36:32.871+00:00 INFO  http.request requestId=89c85731-f52b-4f28-be54-a560d517acab role=api pod=gateway-866f6b7d45-ww4nv method=POST path=/api/translations status=200 durationMs=278
[pod/gateway-866f6b7d45-ww4nv/gateway] 2026-10-05T23:36:32.913+00:00 INFO  http.request requestId=1d78d07e-9bbd-4f5a-bcef-a8a917ccfbac role=api pod=gateway-866f6b7d45-ww4nv method=POST path=/api/transcriptions status=200 durationMs=619
[pod/gateway-866f6b7d45-ww4nv/gateway] 2026-10-05T23:36:32.978+00:00 INFO  http.request requestId=5f398718-9e7a-4ea5-9f56-a0d3a29247ca role=api pod=gateway-866f6b7d45-ww4nv method=POST path=/api/transcriptions status=200 durationMs=474
[pod/gateway-866f6b7d45-ww4nv/gateway] 2026-10-05T23:36:33.022+00:00 INFO  http.request requestId=c75a9cbb-ddf3-440e-af39-efa6b42c304c role=api pod=gateway-866f6b7d45-ww4nv method=POST path=/api/transcriptions status=200 durationMs=804
[pod/gateway-866f6b7d45-ww4nv/gateway] 2026-10-05T23:36:33.027+00:00 INFO  http.request requestId=f51ffcc7-0299-429c-8ad6-de2b62957e19 role=api pod=gateway-866f6b7d45-ww4nv method=POST path=/api/translations status=200 durationMs=245
[pod/gateway-866f6b7d45-ww4nv/gateway] 2026-10-05T23:36:33.074+00:00 INFO  http.request requestId=7e8b558b-11ce-4bda-af88-4803bdc22d67 role=api pod=gateway-866f6b7d45-ww4nv method=POST path=/api/translations status=200 durationMs=244
[pod/gateway-866f6b7d45-ww4nv/gateway] 2026-10-05T23:36:33.083+00:00 INFO  http.request requestId=5a2870ad-8850-4e1a-9ee5-08fcb69a486e role=api pod=gateway-866f6b7d45-ww4nv method=POST path=/api/transcriptions status=200 durationMs=534
[pod/gateway-866f6b7d45-ww4nv/gateway] 2026-10-05T23:36:33.108+00:00 INFO  http.request requestId=ee823bb2-2bcb-4523-b8f7-d46438eaa174 role=api pod=gateway-866f6b7d45-ww4nv method=POST path=/api/transcriptions status=200 durationMs=515
[pod/gateway-866f6b7d45-ww4nv/gateway] 2026-10-05T23:36:33.112+00:00 INFO  http.request requestId=bff8c864-af94-454b-b4a2-974122b23e92 role=api pod=gateway-866f6b7d45-ww4nv method=POST path=/api/translations status=200 durationMs=346
[pod/gateway-866f6b7d45-ww4nv/gateway] 2026-10-05T23:36:33.127+00:00 INFO  http.request requestId=2da18a98-3ac7-4ded-94f7-90ba858edc9a role=api pod=gateway-866f6b7d45-ww4nv method=POST path=/api/transcriptions status=200 durationMs=473
[pod/gateway-866f6b7d45-ww4nv/gateway] 2026-10-05T23:36:33.168+00:00 INFO  http.request requestId=94dcf57c-e838-4979-aed1-a18087cf4514 role=api pod=gateway-866f6b7d45-ww4nv method=POST path=/api/transcriptions status=200 durationMs=544
[pod/gateway-866f6b7d45-ww4nv/gateway] 2026-10-05T23:36:33.169+00:00 INFO  http.request requestId=8ab9e17d-9365-49fb-bfca-812d96a3add5 role=api pod=gateway-866f6b7d45-ww4nv method=POST path=/api/translations status=200 durationMs=317
[pod/gateway-866f6b7d45-ww4nv/gateway] 2026-10-05T23:36:33.217+00:00 INFO  http.request requestId=deaf7170-47a2-40b1-9a60-8d5b9e0dcbd3 role=api pod=gateway-866f6b7d45-ww4nv method=POST path=/api/translations status=200 durationMs=367
[pod/gateway-866f6b7d45-ww4nv/gateway] 2026-10-05T23:36:33.274+00:00 INFO  http.request requestId=b2139469-54f6-4a6a-90ca-c4f75beec78c role=api pod=gateway-866f6b7d45-ww4nv method=POST path=/api/translations status=200 durationMs=270
[pod/gateway-866f6b7d45-ww4nv/gateway] 2026-10-05T23:36:33.279+00:00 INFO  http.request requestId=36ea94bf-d3f1-4fdb-98d9-0c44cc0ddc81 role=api pod=gateway-866f6b7d45-ww4nv method=POST path=/api/translations status=200 durationMs=400
[pod/gateway-866f6b7d45-ww4nv/gateway] 2026-10-05T23:36:33.316+00:00 INFO  http.request requestId=cb82002c-db11-4780-8335-03f89c954766 role=api pod=gateway-866f6b7d45-ww4nv method=POST path=/api/transcriptions status=200 durationMs=467
[pod/gateway-866f6b7d45-ww4nv/gateway] 2026-10-05T23:36:33.338+00:00 INFO  http.request requestId=3e0bad16-9f58-4328-851d-6db3fad453f5 role=api pod=gateway-866f6b7d45-ww4nv method=POST path=/api/transcriptions status=200 durationMs=12009
[pod/gateway-866f6b7d45-ww4nv/gateway] 2026-10-05T23:36:33.360+00:00 INFO  http.request requestId=8c9d2b35-b96a-452c-b928-f13c8973e937 role=api pod=gateway-866f6b7d45-ww4nv method=POST path=/api/translations status=200 durationMs=277
[pod/gateway-866f6b7d45-ww4nv/gateway] 2026-10-05T23:36:33.406+00:00 INFO  http.request requestId=eb68c938-6c3c-43fd-a4ac-5984f79c5ffc role=api pod=gateway-866f6b7d45-ww4nv method=POST path=/api/translations status=200 durationMs=231
[pod/gateway-866f6b7d45-ww4nv/gateway] 2026-10-05T23:36:33.429+00:00 INFO  http.request requestId=0ecc3bd3-e906-43e0-95ec-dd46d22cbde1 role=api pod=gateway-866f6b7d45-ww4nv method=POST path=/api/transcriptions status=200 durationMs=506
[pod/gateway-866f6b7d45-ww4nv/gateway] 2026-10-05T23:36:33.438+00:00 INFO  http.request requestId=51635898-3f52-42f9-b0c4-fb5872041932 role=api pod=gateway-866f6b7d45-ww4nv method=POST path=/api/translations status=200 durationMs=298
[pod/gateway-866f6b7d45-ww4nv/gateway] 2026-10-05T23:36:33.474+00:00 INFO  http.request requestId=59f32102-41e7-429e-844e-0fd874dcfd67 role=api pod=gateway-866f6b7d45-ww4nv method=POST path=/api/translations status=200 durationMs=253
[pod/gateway-866f6b7d45-ww4nv/gateway] 2026-10-05T23:36:33.488+00:00 INFO  http.request requestId=ee0b5a74-c644-4ed0-9eed-844aab4b39d2 role=api pod=gateway-866f6b7d45-ww4nv method=POST path=/api/translations status=200 durationMs=315
[pod/gateway-866f6b7d45-ww4nv/gateway] 2026-10-05T23:36:33.552+00:00 INFO  http.request requestId=a2fe3cd7-3f8b-48e6-b071-b02226550664 role=api pod=gateway-866f6b7d45-ww4nv method=POST path=/api/transcriptions status=200 durationMs=434
[pod/gateway-866f6b7d45-ww4nv/gateway] 2026-10-05T23:36:33.570+00:00 INFO  http.request requestId=11da0318-58f0-42e5-b665-2cd40c23e531 role=api pod=gateway-866f6b7d45-ww4nv method=POST path=/api/transcriptions status=200 durationMs=542
[pod/gateway-866f6b7d45-ww4nv/gateway] 2026-10-05T23:36:33.599+00:00 INFO  http.request requestId=c9bfbab3-5c23-406e-ad30-ef357e542270 role=api pod=gateway-866f6b7d45-ww4nv method=POST path=/api/transcriptions status=200 durationMs=511
[pod/gateway-866f6b7d45-ww4nv/gateway] 2026-10-05T23:36:33.628+00:00 INFO  http.request requestId=1434ee2f-c014-4f9e-8689-9d8efa4ff79f role=api pod=gateway-866f6b7d45-ww4nv method=POST path=/api/translations status=200 durationMs=302
[pod/gateway-866f6b7d45-ww4nv/gateway] 2026-10-05T23:36:33.637+00:00 INFO  http.request requestId=b1e033e5-117c-4ae8-9854-057d3b9f36d6 role=api pod=gateway-866f6b7d45-ww4nv method=POST path=/api/transcriptions status=200 durationMs=577
[pod/gateway-866f6b7d45-ww4nv/gateway] 2026-10-05T23:36:33.658+00:00 INFO  http.request requestId=72e38d53-38dc-4d81-9d23-8a7d7e479674 role=api pod=gateway-866f6b7d45-ww4nv method=POST path=/api/translations status=200 durationMs=225
[pod/gateway-866f6b7d45-ww4nv/gateway] 2026-10-05T23:36:33.699+00:00 INFO  http.request requestId=47c9e151-ef14-4f88-a2cd-4b360cdacdc3 role=api pod=gateway-866f6b7d45-ww4nv method=POST path=/api/translations status=200 durationMs=210
[pod/gateway-866f6b7d45-ww4nv/gateway] 2026-10-05T23:36:33.763+00:00 INFO  http.request requestId=1ad0b0f4-7a8a-4405-9e05-c288930d9c79 role=api pod=gateway-866f6b7d45-ww4nv method=POST path=/api/transcriptions status=200 durationMs=630
[pod/gateway-866f6b7d45-ww4nv/gateway] 2026-10-05T23:36:33.800+00:00 INFO  http.request requestId=ab8e953a-ca60-4ea2-b6f0-0eb5884c52fb role=api pod=gateway-866f6b7d45-ww4nv method=POST path=/api/translations status=200 durationMs=303
[pod/gateway-866f6b7d45-ww4nv/gateway] 2026-10-05T23:36:33.835+00:00 INFO  http.request requestId=6dc23505-945f-42cc-88c2-09dfff1f6625 role=api pod=gateway-866f6b7d45-ww4nv method=POST path=/api/translations status=200 durationMs=273
[pod/gateway-866f6b7d45-ww4nv/gateway] 2026-10-05T23:36:33.842+00:00 INFO  http.request requestId=aa47e79b-2d40-4e07-be59-e71fdf2c8cab role=api pod=gateway-866f6b7d45-ww4nv method=POST path=/api/transcriptions status=200 durationMs=558
[pod/gateway-866f6b7d45-ww4nv/gateway] 2026-10-05T23:36:33.893+00:00 INFO  http.request requestId=59b3a943-ea40-4fe3-8b05-1ea3e350b872 role=api pod=gateway-866f6b7d45-ww4nv method=POST path=/api/transcriptions status=200 durationMs=475
[pod/gateway-866f6b7d45-ww4nv/gateway] 2026-10-05T23:36:33.914+00:00 INFO  http.request requestId=c937e56d-5d85-4ceb-adae-cc815037716b role=api pod=gateway-866f6b7d45-ww4nv method=POST path=/api/translations status=200 durationMs=403
[pod/gateway-866f6b7d45-ww4nv/gateway] 2026-10-05T23:36:33.940+00:00 INFO  http.request requestId=5107a29d-09ed-44b9-a7fe-3b031784bfe2 role=api pod=gateway-866f6b7d45-ww4nv method=POST path=/api/translations status=200 durationMs=289
[pod/gateway-866f6b7d45-ww4nv/gateway] 2026-10-05T23:36:33.964+00:00 INFO  http.request requestId=6ff21bb6-ee67-41e6-a64e-3d53e990cfea role=api pod=gateway-866f6b7d45-ww4nv method=POST path=/api/transcriptions status=200 durationMs=620
[pod/gateway-866f6b7d45-ww4nv/gateway] 2026-10-05T23:36:34.005+00:00 INFO  http.request requestId=fdd37ec6-7f35-4541-8cf3-7bfd19670c28 role=api pod=gateway-866f6b7d45-ww4nv method=POST path=/api/translations status=200 durationMs=394
[pod/gateway-866f6b7d45-ww4nv/gateway] 2026-10-05T23:36:34.083+00:00 INFO  http.request requestId=07c5f459-3994-4f94-9608-2a2fb263368b role=api pod=gateway-866f6b7d45-ww4nv method=POST path=/api/translations status=200 durationMs=313
[pod/gateway-866f6b7d45-ww4nv/gateway] 2026-10-05T23:36:34.091+00:00 INFO  http.request requestId=14ab6b54-7855-457f-8ace-584337f72298 role=api pod=gateway-866f6b7d45-ww4nv method=POST path=/api/translations status=200 durationMs=287
[pod/gateway-866f6b7d45-ww4nv/gateway] 2026-10-05T23:36:34.170+00:00 INFO  http.request requestId=a4910e13-f48a-4ab0-9acc-1ee071da3162 role=api pod=gateway-866f6b7d45-ww4nv method=POST path=/api/transcriptions status=200 durationMs=797
[pod/gateway-866f6b7d45-ww4nv/gateway] 2026-10-05T23:36:34.228+00:00 INFO  http.request requestId=30a50084-9e39-4b6c-9115-29e1647e5c4d role=api pod=gateway-866f6b7d45-ww4nv method=POST path=/api/transcriptions status=200 durationMs=645
[pod/gateway-866f6b7d45-ww4nv/gateway] 2026-10-05T23:36:34.322+00:00 INFO  http.request requestId=a4eacf22-7641-493d-a13d-0db434fd4cf5 role=api pod=gateway-866f6b7d45-ww4nv method=POST path=/api/transcriptions status=200 durationMs=408
[pod/gateway-866f6b7d45-ww4nv/gateway] 2026-10-05T23:36:34.335+00:00 INFO  http.request requestId=f6b6b049-6bf2-4ecf-89fe-cea5813f62ce role=api pod=gateway-866f6b7d45-ww4nv method=POST path=/api/transcriptions status=200 durationMs=631
[pod/gateway-866f6b7d45-ww4nv/gateway] 2026-10-05T23:36:34.351+00:00 INFO  http.request requestId=60622b05-044b-4ef6-a519-b69904ae3881 role=api pod=gateway-866f6b7d45-ww4nv method=POST path=/api/transcriptions status=200 durationMs=797
[pod/gateway-866f6b7d45-ww4nv/gateway] 2026-10-05T23:36:34.367+00:00 INFO  http.request requestId=22e3bee7-c306-42f7-a5af-76910913066a role=api pod=gateway-866f6b7d45-ww4nv method=POST path=/api/transcriptions status=200 durationMs=707
[pod/gateway-866f6b7d45-ww4nv/gateway] 2026-10-05T23:36:34.390+00:00 INFO  http.request requestId=7ffe42d1-ff1a-4b70-9984-dce190b5696d role=api pod=gateway-866f6b7d45-ww4nv method=POST path=/api/translations status=200 durationMs=378
[pod/gateway-866f6b7d45-ww4nv/gateway] 2026-10-05T23:36:34.404+00:00 INFO  http.request requestId=26264a3c-74ee-44f6-aae6-e4604571d631 role=api pod=gateway-866f6b7d45-ww4nv method=POST path=/api/transcriptions status=200 durationMs=430
[pod/gateway-866f6b7d45-ww4nv/gateway] 2026-10-05T23:36:34.423+00:00 INFO  http.request requestId=7a50704b-0bf6-41d9-80d0-6c933fb1eb5c role=api pod=gateway-866f6b7d45-ww4nv method=POST path=/api/transcriptions status=200 durationMs=570
[pod/gateway-866f6b7d45-ww4nv/gateway] 2026-10-05T23:36:34.425+00:00 INFO  http.request requestId=6cfd0dea-8932-4878-8969-4afab5691341 role=api pod=gateway-866f6b7d45-ww4nv method=POST path=/api/transcriptions status=200 durationMs=795
[pod/gateway-866f6b7d45-ww4nv/gateway] 2026-10-05T23:36:34.472+00:00 INFO  http.request requestId=7f79156e-9302-41bd-acc9-289782e8ef78 role=api pod=gateway-866f6b7d45-ww4nv method=POST path=/api/translations status=200 durationMs=316
[pod/gateway-866f6b7d45-ww4nv/gateway] 2026-10-05T23:36:34.556+00:00 INFO  http.request requestId=01eec0ae-c07e-4dfe-9054-631a515c26d1 role=api pod=gateway-866f6b7d45-ww4nv method=POST path=/api/translations status=200 durationMs=320
[pod/gateway-866f6b7d45-ww4nv/gateway] 2026-10-05T23:36:34.556+00:00 INFO  http.request requestId=8ba2b498-0157-4350-98d0-3110c1eb5eaa role=api pod=gateway-866f6b7d45-ww4nv method=POST path=/api/transcriptions status=200 durationMs=628
[pod/gateway-866f6b7d45-ww4nv/gateway] 2026-10-05T23:36:34.565+00:00 INFO  http.request requestId=b7f86d1b-2d62-4ba2-965a-eeccf3de2771 role=api pod=gateway-866f6b7d45-ww4nv method=POST path=/api/translations status=200 durationMs=227
[pod/gateway-866f6b7d45-ww4nv/gateway] 2026-10-05T23:36:34.595+00:00 INFO  http.request requestId=3e953056-24ef-4707-967b-c6db71adbea5 role=api pod=gateway-866f6b7d45-ww4nv method=POST path=/api/transcriptions status=200 durationMs=697
[pod/gateway-866f6b7d45-ww4nv/gateway] 2026-10-05T23:36:34.598+00:00 INFO  http.request requestId=a6fdd3df-19cd-436f-a5d0-40e4fb0165df role=api pod=gateway-866f6b7d45-ww4nv method=POST path=/api/translations status=200 durationMs=252
[pod/gateway-866f6b7d45-ww4nv/gateway] 2026-10-05T23:36:34.630+00:00 INFO  http.request requestId=27b152d7-77e9-4169-af94-399e24824223 role=api pod=gateway-866f6b7d45-ww4nv method=POST path=/api/translations status=200 durationMs=253
[pod/gateway-866f6b7d45-ww4nv/gateway] 2026-10-05T23:36:34.659+00:00 INFO  http.request requestId=0286a204-8e0e-4ba2-ba46-0277315c9c59 role=api pod=gateway-866f6b7d45-ww4nv method=POST path=/api/transcriptions status=200 durationMs=475
[pod/gateway-866f6b7d45-ww4nv/gateway] 2026-10-05T23:36:34.683+00:00 INFO  http.request requestId=55df1cd5-6678-48de-b49f-258121e61b46 role=api pod=gateway-866f6b7d45-ww4nv method=POST path=/api/transcriptions status=200 durationMs=725
[pod/gateway-866f6b7d45-ww4nv/gateway] 2026-10-05T23:36:34.757+00:00 INFO  http.request requestId=8ebf1086-294c-4b66-9c64-6097256c3655 role=api pod=gateway-866f6b7d45-ww4nv method=POST path=/api/transcriptions status=200 durationMs=587
[pod/gateway-866f6b7d45-ww4nv/gateway] 2026-10-05T23:36:34.773+00:00 INFO  http.request requestId=e787be42-471b-4616-a6b9-829435b3b456 role=api pod=gateway-866f6b7d45-ww4nv method=POST path=/api/translations status=200 durationMs=369
[pod/gateway-866f6b7d45-ww4nv/gateway] 2026-10-05T23:36:34.822+00:00 INFO  http.request requestId=042ae56a-1291-402f-831f-094ed7c47679 role=api pod=gateway-866f6b7d45-ww4nv method=POST path=/api/translations status=200 durationMs=259
[pod/gateway-866f6b7d45-ww4nv/gateway] 2026-10-05T23:36:34.826+00:00 INFO  http.request requestId=de72624d-55cb-4200-b1e0-049496071025 role=api pod=gateway-866f6b7d45-ww4nv method=POST path=/api/transcriptions status=200 durationMs=433
[pod/gateway-866f6b7d45-ww4nv/gateway] 2026-10-05T23:36:34.859+00:00 INFO  http.request requestId=4fa9ce6c-bf13-4b77-bbb9-b37e9dbe07b3 role=api pod=gateway-866f6b7d45-ww4nv method=POST path=/api/translations status=200 durationMs=266
[pod/gateway-866f6b7d45-ww4nv/gateway] 2026-10-05T23:36:34.879+00:00 INFO  http.request requestId=1d759ff0-358d-4c06-8014-cccdc8bbf6b6 role=api pod=gateway-866f6b7d45-ww4nv method=POST path=/api/transcriptions status=200 durationMs=440
[pod/gateway-866f6b7d45-ww4nv/gateway] 2026-10-05T23:36:34.883+00:00 INFO  http.request requestId=c4ce0d4d-0d6c-4a5e-ac2e-e98c93f2f6f2 role=api pod=gateway-866f6b7d45-ww4nv method=POST path=/api/translations status=200 durationMs=261
[pod/gateway-866f6b7d45-ww4nv/gateway] 2026-10-05T23:36:34.912+00:00 INFO  http.request requestId=4c0be448-4be1-42b2-8826-63c3ed173079 role=api pod=gateway-866f6b7d45-ww4nv method=POST path=/api/transcriptions status=200 durationMs=488
[pod/gateway-866f6b7d45-ww4nv/gateway] 2026-10-05T23:36:34.944+00:00 INFO  http.request requestId=0d3edc60-1766-44f7-918a-181952037724 role=api pod=gateway-866f6b7d45-ww4nv method=POST path=/api/translations status=200 durationMs=387
[pod/gateway-866f6b7d45-ww4nv/gateway] 2026-10-05T23:36:34.953+00:00 INFO  http.request requestId=1430d7d7-9db2-4903-b6ff-e53d8c2988e1 role=api pod=gateway-866f6b7d45-ww4nv method=POST path=/api/translations status=200 durationMs=319
[pod/gateway-866f6b7d45-ww4nv/gateway] 2026-10-05T23:36:34.979+00:00 INFO  http.request requestId=a4cd3ae8-35e5-4536-97a6-90e21975b01c role=api pod=gateway-866f6b7d45-ww4nv method=POST path=/api/transcriptions status=200 durationMs=464
[pod/gateway-866f6b7d45-ww4nv/gateway] 2026-10-05T23:36:35.104+00:00 INFO  http.request requestId=935f700e-5ddd-4d31-b253-9d9457ba0859 role=api pod=gateway-866f6b7d45-ww4nv method=POST path=/api/transcriptions status=200 durationMs=740
[pod/gateway-866f6b7d45-ww4nv/gateway] 2026-10-05T23:36:35.116+00:00 INFO  http.request requestId=c2a4efcd-3283-4674-bd40-4938a7575632 role=api pod=gateway-866f6b7d45-ww4nv method=POST path=/api/translations status=200 durationMs=283
[pod/gateway-866f6b7d45-ww4nv/gateway] 2026-10-05T23:36:35.137+00:00 INFO  http.request requestId=914f49e5-0788-4c1e-919b-1da72c2b09bd role=api pod=gateway-866f6b7d45-ww4nv method=POST path=/api/translations status=200 durationMs=266
[pod/gateway-866f6b7d45-ww4nv/gateway] 2026-10-05T23:36:35.170+00:00 INFO  http.request requestId=42874d16-acdb-4a30-bdaa-45c11195b3a7 role=api pod=gateway-866f6b7d45-ww4nv method=POST path=/api/translations status=200 durationMs=285
[pod/gateway-866f6b7d45-ww4nv/gateway] 2026-10-05T23:36:35.286+00:00 INFO  http.request requestId=e4c3f73f-7c91-4556-8c89-46f72a032529 role=api pod=gateway-866f6b7d45-ww4nv method=POST path=/api/transcriptions status=200 durationMs=637
[pod/gateway-866f6b7d45-ww4nv/gateway] 2026-10-05T23:36:35.378+00:00 INFO  http.request requestId=2f647c06-f252-45bd-9aa3-6e53c3de290e role=api pod=gateway-866f6b7d45-ww4nv method=POST path=/api/translations status=200 durationMs=337
[pod/gateway-866f6b7d45-ww4nv/gateway] 2026-10-05T23:36:35.392+00:00 INFO  http.request requestId=35afd0d4-66cb-4ee3-b614-138468505ab4 role=api pod=gateway-866f6b7d45-ww4nv method=POST path=/api/transcriptions status=200 durationMs=622
[pod/gateway-866f6b7d45-ww4nv/gateway] 2026-10-05T23:36:35.393+00:00 INFO  http.request requestId=9e030aff-7ce1-49c6-bf8f-af9d9cacacec role=api pod=gateway-866f6b7d45-ww4nv method=POST path=/api/transcriptions status=200 durationMs=699
[pod/gateway-866f6b7d45-ww4nv/gateway] 2026-10-05T23:36:35.413+00:00 INFO  http.request requestId=2d57cc76-0515-43e5-aba0-331d1f546199 role=api pod=gateway-866f6b7d45-ww4nv method=POST path=/api/transcriptions status=200 durationMs=749
[pod/gateway-866f6b7d45-ww4nv/gateway] 2026-10-05T23:36:35.420+00:00 INFO  http.request requestId=24715218-1963-4595-97c5-9490bbcc389a role=api pod=gateway-866f6b7d45-ww4nv method=POST path=/api/transcriptions status=200 durationMs=501
[pod/gateway-866f6b7d45-ww4nv/gateway] 2026-10-05T23:36:35.480+00:00 INFO  http.request requestId=e03909e2-6bf6-4f3b-92ed-6d2463b04136 role=api pod=gateway-866f6b7d45-ww4nv method=POST path=/api/translations status=200 durationMs=343
[pod/gateway-866f6b7d45-ww4nv/gateway] 2026-10-05T23:36:35.562+00:00 INFO  http.request requestId=ea508c0b-79dd-4a8a-b667-84707c0dd4e2 role=api pod=gateway-866f6b7d45-ww4nv method=POST path=/api/transcriptions status=200 durationMs=778
[pod/gateway-866f6b7d45-ww4nv/gateway] 2026-10-05T23:36:35.597+00:00 INFO  http.request requestId=ee2c6592-ce23-4d03-8154-8467b4971fc5 role=api pod=gateway-866f6b7d45-ww4nv method=POST path=/api/transcriptions status=200 durationMs=649
[pod/gateway-866f6b7d45-ww4nv/gateway] 2026-10-05T23:36:35.637+00:00 INFO  http.request requestId=d2d8355f-d64f-4391-8350-c142bc2999a8 role=api pod=gateway-866f6b7d45-ww4nv method=POST path=/api/transcriptions status=200 durationMs=733
[pod/gateway-866f6b7d45-ww4nv/gateway] 2026-10-05T23:36:35.645+00:00 INFO  http.request requestId=65f7c65e-0499-45aa-8eb8-3c32bbb4363e role=api pod=gateway-866f6b7d45-ww4nv method=POST path=/api/translations status=200 durationMs=340
[pod/gateway-866f6b7d45-ww4nv/gateway] 2026-10-05T23:36:35.672+00:00 INFO  http.request requestId=88afa076-234e-4c25-ba4e-c6dc86841f4f role=api pod=gateway-866f6b7d45-ww4nv method=POST path=/api/translations status=200 durationMs=278
[pod/gateway-866f6b7d45-ww4nv/gateway] 2026-10-05T23:36:35.723+00:00 INFO  http.request requestId=4d9192d1-5a16-4197-af6c-801028178eec role=api pod=gateway-866f6b7d45-ww4nv method=POST path=/api/transcriptions status=200 durationMs=609
[pod/gateway-866f6b7d45-ww4nv/gateway] 2026-10-05T23:36:35.731+00:00 INFO  http.request requestId=917b6b7f-d323-49da-ab2b-9e9791090716 role=api pod=gateway-866f6b7d45-ww4nv method=POST path=/api/transcriptions status=200 durationMs=766
[pod/gateway-866f6b7d45-ww4nv/gateway] 2026-10-05T23:36:35.732+00:00 INFO  http.request requestId=bb948116-7024-4354-ae4f-58f27a9d14ce role=api pod=gateway-866f6b7d45-ww4nv method=POST path=/api/translations status=200 durationMs=318
[pod/gateway-866f6b7d45-ww4nv/gateway] 2026-10-05T23:36:35.736+00:00 INFO  http.request requestId=1ccfb89c-1fe7-4b73-be32-cbf26dc74d00 role=api pod=gateway-866f6b7d45-ww4nv method=POST path=/api/transcriptions status=200 durationMs=443
[pod/gateway-866f6b7d45-ww4nv/gateway] 2026-10-05T23:36:35.813+00:00 INFO  http.request requestId=71a52155-640a-40de-b617-00da3663e041 role=api pod=gateway-866f6b7d45-ww4nv method=POST path=/api/transcriptions status=200 durationMs=639
[pod/gateway-866f6b7d45-ww4nv/gateway] 2026-10-05T23:36:35.828+00:00 INFO  http.request requestId=c0bcf019-44e8-4732-98a3-1830120915b9 role=api pod=gateway-866f6b7d45-ww4nv method=POST path=/api/transcriptions status=200 durationMs=414
[pod/gateway-866f6b7d45-ww4nv/gateway] 2026-10-05T23:36:35.867+00:00 INFO  http.request requestId=0fd03786-a154-424c-9176-462e9813b35e role=api pod=gateway-866f6b7d45-ww4nv method=POST path=/api/transcriptions status=200 durationMs=439
[pod/gateway-866f6b7d45-ww4nv/gateway] 2026-10-05T23:36:35.929+00:00 INFO  http.request requestId=125a41bb-afcd-4703-a551-7914961eb2ec role=api pod=gateway-866f6b7d45-ww4nv method=POST path=/api/translations status=200 durationMs=255
[pod/gateway-866f6b7d45-ww4nv/gateway] 2026-10-05T23:36:36.018+00:00 INFO  http.request requestId=c8749613-b6ee-447b-86bb-f4f05304d24c role=api pod=gateway-866f6b7d45-ww4nv method=POST path=/api/translations status=200 durationMs=287
[pod/gateway-866f6b7d45-ww4nv/gateway] 2026-10-05T23:36:36.091+00:00 INFO  http.request requestId=073bde34-87a8-471c-a54d-a258f1aad602 role=api pod=gateway-866f6b7d45-ww4nv method=POST path=/api/transcriptions status=200 durationMs=453
[pod/gateway-866f6b7d45-ww4nv/gateway] 2026-10-05T23:36:36.091+00:00 INFO  http.request requestId=4178fd40-b70a-4892-b8f6-3d5c8eb930e6 role=api pod=gateway-866f6b7d45-ww4nv method=POST path=/api/translations status=200 durationMs=355
[pod/gateway-866f6b7d45-ww4nv/gateway] 2026-10-05T23:36:36.108+00:00 INFO  http.request requestId=23a8876b-9099-46ef-9ac5-7309139439f3 role=api pod=gateway-866f6b7d45-ww4nv method=POST path=/api/translations status=200 durationMs=367
[pod/gateway-866f6b7d45-ww4nv/gateway] 2026-10-05T23:36:36.144+00:00 INFO  http.request requestId=16b82664-1d4b-4e26-8051-9550a6900407 role=api pod=gateway-866f6b7d45-ww4nv method=POST path=/api/transcriptions status=200 durationMs=625
[pod/gateway-866f6b7d45-ww4nv/gateway] 2026-10-05T23:36:36.148+00:00 INFO  http.request requestId=a477b468-4dbc-4e34-b27b-118511ae872c role=api pod=gateway-866f6b7d45-ww4nv method=POST path=/api/translations status=200 durationMs=333
[pod/gateway-866f6b7d45-ww4nv/gateway] 2026-10-05T23:36:36.227+00:00 INFO  http.request requestId=622c87ab-83d7-41f3-b036-9c4bdb06b4c7 role=api pod=gateway-866f6b7d45-ww4nv method=POST path=/api/transcriptions status=200 durationMs=738
[pod/gateway-866f6b7d45-ww4nv/gateway] 2026-10-05T23:36:36.268+00:00 INFO  http.request requestId=097e5794-18b8-4bf1-8b07-c5adc42127ec role=api pod=gateway-866f6b7d45-ww4nv method=POST path=/api/transcriptions status=200 durationMs=525
[pod/gateway-866f6b7d45-ww4nv/gateway] 2026-10-05T23:36:36.291+00:00 INFO  http.request requestId=f169efcf-626a-4f32-8f32-12c1b0e81733 role=api pod=gateway-866f6b7d45-ww4nv method=POST path=/api/translations status=200 durationMs=270
[pod/gateway-866f6b7d45-ww4nv/gateway] 2026-10-05T23:36:36.339+00:00 INFO  http.request requestId=9079fe07-e3b8-44e5-8b2a-5694fd5d7638 role=api pod=gateway-866f6b7d45-ww4nv method=POST path=/api/transcriptions status=200 durationMs=611
[pod/gateway-866f6b7d45-ww4nv/gateway] 2026-10-05T23:36:36.345+00:00 INFO  http.request requestId=6ae71d4e-1bb6-4aed-a2ad-9a82493be637 role=api pod=gateway-866f6b7d45-ww4nv method=POST path=/api/transcriptions status=200 durationMs=781
[pod/gateway-866f6b7d45-ww4nv/gateway] 2026-10-05T23:36:36.346+00:00 INFO  http.request requestId=827f9571-731f-42be-bcbc-53b635637c0b role=api pod=gateway-866f6b7d45-ww4nv method=POST path=/api/translations status=200 durationMs=240
[pod/gateway-866f6b7d45-ww4nv/gateway] 2026-10-05T23:36:36.392+00:00 INFO  http.request requestId=2a3660fe-c1f9-4d59-ac58-2cc56252ef2c role=api pod=gateway-866f6b7d45-ww4nv method=POST path=/api/transcriptions status=200 durationMs=784
[pod/gateway-866f6b7d45-ww4nv/gateway] 2026-10-05T23:36:36.435+00:00 INFO  http.request requestId=31316f4a-5627-48d4-9ac1-7354eaf2a11a role=api pod=gateway-866f6b7d45-ww4nv method=POST path=/api/transcriptions status=200 durationMs=601
[pod/gateway-866f6b7d45-ww4nv/gateway] 2026-10-05T23:36:36.472+00:00 INFO  http.request requestId=bdf1ab05-176b-45cb-936d-833adc1909be role=api pod=gateway-866f6b7d45-ww4nv method=POST path=/api/translations status=200 durationMs=220
[pod/gateway-866f6b7d45-ww4nv/gateway] 2026-10-05T23:36:36.477+00:00 INFO  http.request requestId=566a4888-eea6-4c36-bd18-5424c8265584 role=api pod=gateway-866f6b7d45-ww4nv method=POST path=/api/transcriptions status=200 durationMs=478
[pod/gateway-866f6b7d45-ww4nv/gateway] 2026-10-05T23:36:36.590+00:00 INFO  http.request requestId=f84dd348-0a82-4e82-adaa-d8d578079489 role=api pod=gateway-866f6b7d45-ww4nv method=POST path=/api/transcriptions status=200 durationMs=711
[pod/gateway-866f6b7d45-ww4nv/gateway] 2026-10-05T23:36:36.654+00:00 INFO  http.request requestId=4ff5d2bf-3456-47cd-97db-e485bd4700fb role=api pod=gateway-866f6b7d45-ww4nv method=POST path=/api/transcriptions status=200 durationMs=444
[pod/gateway-866f6b7d45-ww4nv/gateway] 2026-10-05T23:36:36.696+00:00 INFO  http.request requestId=9c6cd70f-10a6-440c-8e0f-258ed4a5925a role=api pod=gateway-866f6b7d45-ww4nv method=POST path=/api/translations status=200 durationMs=350
[pod/gateway-866f6b7d45-ww4nv/gateway] 2026-10-05T23:36:36.728+00:00 INFO  http.request requestId=76fd4cbf-8339-4205-9fda-96dbb1ad0243 role=api pod=gateway-866f6b7d45-ww4nv method=POST path=/api/translations status=200 durationMs=367
[pod/gateway-866f6b7d45-ww4nv/gateway] 2026-10-05T23:36:36.731+00:00 INFO  http.request requestId=47d0dc73-a5d6-4058-9987-884e1b4d34f8 role=api pod=gateway-866f6b7d45-ww4nv method=POST path=/api/translations status=200 durationMs=293
[pod/gateway-866f6b7d45-ww4nv/gateway] 2026-10-05T23:36:36.743+00:00 INFO  http.request requestId=3ec07602-d10f-47d3-a02d-7f4bdb71b450 role=api pod=gateway-866f6b7d45-ww4nv method=POST path=/api/translations status=200 durationMs=341
[pod/gateway-866f6b7d45-ww4nv/gateway] 2026-10-05T23:36:36.744+00:00 INFO  http.request requestId=7f8b8c1e-002d-4db4-9707-3039b019bedd role=api pod=gateway-866f6b7d45-ww4nv method=POST path=/api/translations status=200 durationMs=403
[pod/gateway-866f6b7d45-ww4nv/gateway] 2026-10-05T23:36:36.745+00:00 INFO  http.request requestId=b501dd99-2b0c-4683-91dc-981f47a4fe3b role=api pod=gateway-866f6b7d45-ww4nv method=POST path=/api/transcriptions status=200 durationMs=566
[pod/gateway-866f6b7d45-ww4nv/gateway] 2026-10-05T23:36:36.794+00:00 INFO  http.request requestId=3430c704-920c-4bc7-ba43-cbba3a2f4597 role=api pod=gateway-866f6b7d45-ww4nv method=POST path=/api/transcriptions status=200 durationMs=645
[pod/gateway-866f6b7d45-ww4nv/gateway] 2026-10-05T23:36:36.813+00:00 INFO  http.request requestId=45da33b9-e319-4606-8d18-4b5aac42c484 role=api pod=gateway-866f6b7d45-ww4nv method=POST path=/api/transcriptions status=200 durationMs=542
[pod/gateway-866f6b7d45-ww4nv/gateway] 2026-10-05T23:36:36.909+00:00 INFO  http.request requestId=b3992a93-e16d-4c4c-8f0d-ba283ec7f4df role=api pod=gateway-866f6b7d45-ww4nv method=POST path=/api/translations status=200 durationMs=314
[pod/gateway-866f6b7d45-ww4nv/gateway] 2026-10-05T23:36:36.950+00:00 INFO  http.request requestId=0688749a-6b92-4764-9396-fbb293454c7d role=api pod=gateway-866f6b7d45-ww4nv method=POST path=/api/transcriptions status=200 durationMs=697
[pod/gateway-866f6b7d45-ww4nv/gateway] 2026-10-05T23:36:36.990+00:00 INFO  http.request requestId=29434d73-fdf6-4f23-bbc5-5cf674208209 role=api pod=gateway-866f6b7d45-ww4nv method=POST path=/api/transcriptions status=200 durationMs=631
[pod/gateway-866f6b7d45-ww4nv/gateway] 2026-10-05T23:36:37.036+00:00 INFO  http.request requestId=117090dc-3d06-474e-af79-bde321709a84 role=api pod=gateway-866f6b7d45-ww4nv method=POST path=/api/translations status=200 durationMs=234
[pod/gateway-866f6b7d45-ww4nv/gateway] 2026-10-05T23:36:37.063+00:00 INFO  http.request requestId=cfd7f09e-ed48-4a8f-8fc1-68dcf6a5e12c role=api pod=gateway-866f6b7d45-ww4nv method=POST path=/api/translations status=200 durationMs=318
[pod/gateway-866f6b7d45-ww4nv/gateway] 2026-10-05T23:36:37.113+00:00 INFO  http.request requestId=feffafb2-f6b3-444f-9118-1109e4fc4a81 role=api pod=gateway-866f6b7d45-ww4nv method=POST path=/api/transcriptions status=200 durationMs=410
[pod/gateway-866f6b7d45-ww4nv/gateway] 2026-10-05T23:36:37.127+00:00 INFO  http.request requestId=cc95ff5c-3b2e-4b86-b1b3-1106aae96045 role=api pod=gateway-866f6b7d45-ww4nv method=POST path=/api/transcriptions status=200 durationMs=633
[pod/gateway-866f6b7d45-ww4nv/gateway] 2026-10-05T23:36:37.151+00:00 INFO  http.request requestId=416c9d77-a728-4af3-8401-9dd1a979e470 role=api pod=gateway-866f6b7d45-ww4nv method=POST path=/api/transcriptions status=200 durationMs=671
[pod/gateway-866f6b7d45-ww4nv/gateway] 2026-10-05T23:36:37.191+00:00 INFO  http.request requestId=fad63024-9d71-4e00-9072-381ebf3fab4c role=api pod=gateway-866f6b7d45-ww4nv method=POST path=/api/translations status=200 durationMs=397
[pod/gateway-866f6b7d45-ww4nv/gateway] 2026-10-05T23:36:37.207+00:00 INFO  http.request requestId=959951bd-e5a9-4f4b-b455-0ab4b0877bb4 role=api pod=gateway-866f6b7d45-ww4nv method=POST path=/api/translations status=200 durationMs=216
[pod/gateway-866f6b7d45-ww4nv/gateway] 2026-10-05T23:36:37.254+00:00 INFO  http.request requestId=08f3df58-a9f2-404f-9038-313ebcd6499c role=api pod=gateway-866f6b7d45-ww4nv method=POST path=/api/transcriptions status=200 durationMs=596
[pod/gateway-866f6b7d45-ww4nv/gateway] 2026-10-05T23:36:37.398+00:00 INFO  http.request requestId=6d14ef40-2f06-4dc5-b39c-0354b96eb7de role=api pod=gateway-866f6b7d45-ww4nv method=POST path=/api/transcriptions status=200 durationMs=664
[pod/gateway-866f6b7d45-ww4nv/gateway] 2026-10-05T23:36:37.489+00:00 INFO  http.request requestId=a8431cb4-69d9-450d-b058-76c061d46f7a role=api pod=gateway-866f6b7d45-ww4nv method=POST path=/api/transcriptions status=200 durationMs=740
[pod/gateway-866f6b7d45-ww4nv/gateway] 2026-10-05T23:36:37.528+00:00 INFO  http.request requestId=7af236c9-6b1b-484a-bb6e-ad1d56f094b4 role=api pod=gateway-866f6b7d45-ww4nv method=POST path=/api/translations status=200 durationMs=370
[pod/gateway-866f6b7d45-ww4nv/gateway] 2026-10-05T23:36:37.575+00:00 INFO  http.request requestId=20d262da-d0a3-4c7a-bd51-17d44a741122 role=api pod=gateway-866f6b7d45-ww4nv method=POST path=/api/transcriptions status=200 durationMs=750
[pod/gateway-866f6b7d45-ww4nv/gateway] 2026-10-05T23:36:37.591+00:00 INFO  http.request requestId=370f7366-468f-489e-8110-f005a901a06e role=api pod=gateway-866f6b7d45-ww4nv method=POST path=/api/transcriptions status=200 durationMs=677
[pod/gateway-866f6b7d45-ww4nv/gateway] 2026-10-05T23:36:37.604+00:00 INFO  http.request requestId=a128f6af-8d53-4b1f-83af-578785f0248a role=api pod=gateway-866f6b7d45-ww4nv method=POST path=/api/transcriptions status=200 durationMs=541
[pod/gateway-866f6b7d45-ww4nv/gateway] 2026-10-05T23:36:37.641+00:00 INFO  http.request requestId=e72ab5e3-9811-4e47-8b4b-9a090308bb10 role=api pod=gateway-866f6b7d45-ww4nv method=POST path=/api/translations status=200 durationMs=238
[pod/gateway-866f6b7d45-ww4nv/gateway] 2026-10-05T23:36:37.656+00:00 INFO  http.request requestId=f0f3b282-60da-4b55-adf0-6e557bf8f297 role=api pod=gateway-866f6b7d45-ww4nv method=POST path=/api/transcriptions status=200 durationMs=668
[pod/gateway-866f6b7d45-ww4nv/gateway] 2026-10-05T23:36:37.665+00:00 INFO  http.request requestId=1a24260c-d325-4147-be78-20247bd06225 role=api pod=gateway-866f6b7d45-ww4nv method=POST path=/api/transcriptions status=200 durationMs=615
[pod/gateway-866f6b7d45-ww4nv/gateway] 2026-10-05T23:36:37.682+00:00 INFO  http.request requestId=4b84b1d5-61cd-4b9d-87bc-3cc07c0aca9e role=api pod=gateway-866f6b7d45-ww4nv method=POST path=/api/transcriptions status=200 durationMs=484
[pod/gateway-866f6b7d45-ww4nv/gateway] 2026-10-05T23:36:37.787+00:00 INFO  http.request requestId=6d63f940-de0c-4fff-a968-136b64293b0f role=api pod=gateway-866f6b7d45-ww4nv method=POST path=/api/transcriptions status=200 durationMs=574
[pod/gateway-866f6b7d45-ww4nv/gateway] 2026-10-05T23:36:37.836+00:00 INFO  http.request requestId=2616a7b1-152a-49ab-9efa-a4d6bc214835 role=api pod=gateway-866f6b7d45-ww4nv method=POST path=/api/transcriptions status=200 durationMs=12006
[pod/gateway-866f6b7d45-ww4nv/gateway] 2026-10-05T23:36:37.839+00:00 INFO  http.request requestId=e82ef910-2aac-4ca7-9c62-695711c752b0 role=api pod=gateway-866f6b7d45-ww4nv method=POST path=/api/transcriptions status=200 durationMs=581
[pod/gateway-866f6b7d45-ww4nv/gateway] 2026-10-05T23:36:37.843+00:00 INFO  http.request requestId=0bea59f8-84f3-4361-8866-aa68f402f5db role=api pod=gateway-866f6b7d45-ww4nv method=POST path=/api/transcriptions status=200 durationMs=735
[pod/gateway-866f6b7d45-ww4nv/gateway] 2026-10-05T23:36:37.873+00:00 INFO  http.request requestId=30d6ad44-16a9-4f04-8219-16e50dbbb335 role=api pod=gateway-866f6b7d45-ww4nv method=POST path=/api/translations status=200 durationMs=381
[pod/gateway-866f6b7d45-ww4nv/gateway] 2026-10-05T23:36:37.909+00:00 INFO  http.request requestId=578f6bcc-4509-49b5-8098-698af1e098e3 role=api pod=gateway-866f6b7d45-ww4nv method=POST path=/api/translations status=200 durationMs=227
[pod/gateway-866f6b7d45-ww4nv/gateway] 2026-10-05T23:36:37.911+00:00 INFO  http.request requestId=1eb60ff0-bed5-4d2d-befc-e96dd4d309cd role=api pod=gateway-866f6b7d45-ww4nv method=POST path=/api/transcriptions status=200 durationMs=772
[pod/gateway-866f6b7d45-ww4nv/gateway] 2026-10-05T23:36:37.918+00:00 INFO  http.request requestId=45f78322-031b-4bcc-9b8a-bd6ea8059481 role=api pod=gateway-866f6b7d45-ww4nv method=POST path=/api/transcriptions status=200 durationMs=791
[pod/gateway-866f6b7d45-ww4nv/gateway] 2026-10-05T23:36:37.940+00:00 INFO  http.request requestId=35d2c361-a867-48cc-8509-e11be47b538f role=api pod=gateway-866f6b7d45-ww4nv method=POST path=/api/translations status=200 durationMs=296
[pod/gateway-866f6b7d45-ww4nv/gateway] 2026-10-05T23:36:37.955+00:00 INFO  http.request requestId=4c1fd990-6f8f-4659-8117-b7f9afff071b role=api pod=gateway-866f6b7d45-ww4nv method=POST path=/api/translations status=200 durationMs=358
[pod/gateway-866f6b7d45-ww4nv/gateway] 2026-10-05T23:36:38.025+00:00 INFO  http.request requestId=95e20143-ef06-455c-9828-50d870c8d22a role=api pod=gateway-866f6b7d45-ww4nv method=POST path=/api/translations status=200 durationMs=369
[pod/gateway-866f6b7d45-ww4nv/gateway] 2026-10-05T23:36:38.082+00:00 INFO  http.request requestId=47d1fc11-8dd6-47ac-b8ac-c44c24147c39 role=api pod=gateway-866f6b7d45-ww4nv method=POST path=/api/translations status=200 durationMs=283
[pod/gateway-866f6b7d45-ww4nv/gateway] 2026-10-05T23:36:38.170+00:00 INFO  http.request requestId=076a8e2d-b36d-4473-8fc5-fc5a98721f1f role=api pod=gateway-866f6b7d45-ww4nv method=POST path=/api/translations status=200 durationMs=331
[pod/gateway-866f6b7d45-ww4nv/gateway] 2026-10-05T23:36:38.210+00:00 INFO  http.request requestId=2efbe112-7d27-43e9-9588-c2b208d74b8f role=api pod=gateway-866f6b7d45-ww4nv method=POST path=/api/translations status=200 durationMs=299
[pod/gateway-866f6b7d45-ww4nv/gateway] 2026-10-05T23:36:38.231+00:00 INFO  http.request requestId=d0a795c0-2739-448b-93ad-08ae4f485e60 role=api pod=gateway-866f6b7d45-ww4nv method=POST path=/api/translations status=200 durationMs=273
[pod/gateway-866f6b7d45-ww4nv/gateway] 2026-10-05T23:36:38.320+00:00 INFO  http.request requestId=1a21e0d3-5407-494f-b542-12994c323e9d role=api pod=gateway-866f6b7d45-ww4nv method=POST path=/api/translations status=200 durationMs=387
[pod/gateway-866f6b7d45-ww4nv/gateway] 2026-10-05T23:36:38.377+00:00 INFO  http.request requestId=f40ee2d2-edbe-46c3-86bb-3c9f4cf12654 role=api pod=gateway-866f6b7d45-ww4nv method=POST path=/api/translations status=200 durationMs=295
[pod/gateway-866f6b7d45-ww4nv/gateway] 2026-10-05T23:36:46.840+00:00 INFO  http.request requestId=a7774309-3a57-42c4-ab22-c1563b330b4c role=api pod=gateway-866f6b7d45-ww4nv method=POST path=/api/transcriptions status=200 durationMs=12012
